doc_id,nama_dokumen,jenis,tahun,nomor,bab,nama_bab,bagian,paragraf,pasal,ayat,huruf,angka,tipe,isi,referensi,kata_kunci,entitas
Perdirjen_3_2024,Perdirjen Nomor 3 Tahun 2024,Perdirjen,2024,3,BAB I,Ketentuan Umum,,,1,,,,Definisi,Dalam Peraturan Direktur Jenderal ini yang dimaksud dengan:,Pasal 1,"direktur, jenderal",
Perdirjen_3_2024,Perdirjen Nomor 3 Tahun 2024,Perdirjen,2024,3,BAB I,Ketentuan Umum,,,1,,,1,Ketentuan,"Telekomunikasi adalah setiap pemancaran, pengiriman, dan/atau penerimaan dari hasil informasi dalam bentuk tanda-tanda, isyarat, tulisan, gambar, suara dan bunyi melalui sistem kawat, optik, radio, atau sistem elektromagnetik lainnya.",Pasal 1 angka 1,"tanda, sistem, telekomunikasi, setiap, pemancaran",
Perdirjen_3_2024,Perdirjen Nomor 3 Tahun 2024,Perdirjen,2024,3,BAB I,Ketentuan Umum,,,1,,,2,Ketentuan,"Spektrum Frekuensi Radio adalah gelombang elektromagnetik dengan frekuensi lebih kecil dari 3000 GHz yang merambat di udara dan/atau ruang angkasa yang berfungsi sebagai media pengiriman dan/atau penerimaan informasi untuk keperluan antara lain penyelenggaraan Telekomunikasi, penyelenggaraan Penyiaran, penerbangan, pelayaran, meteorologi, penginderaan jarak jauh, dan astronomi.",Pasal 1 angka 2,"frekuensi, penyelenggaraan, spektrum, radio, gelombang",
Perdirjen_3_2024,Perdirjen Nomor 3 Tahun 2024,Perdirjen,2024,3,BAB I,Ketentuan Umum,,,1,,,3,Ketentuan,Alat Telekomunikasi adalah setiap alat perlengkapan yang digunakan dalam bertelekomunikasi.,Pasal 1 angka 3,"alat, telekomunikasi, setiap, perlengkapan, digunakan",
Perdirjen_3_2024,Perdirjen Nomor 3 Tahun 2024,Perdirjen,2024,3,BAB I,Ketentuan Umum,,,1,,,4,Ketentuan,Perangkat Telekomunikasi adalah sekelompok alat telekomunikasi yang memungkinkan bertelekomunikasi.,Pasal 1 angka 4,"telekomunikasi, perangkat, sekelompok, alat, memungkinkan",
Perdirjen_3_2024,Perdirjen Nomor 3 Tahun 2024,Perdirjen,2024,3,BAB I,Ketentuan Umum,,,1,,,5,Ketentuan,Pita Frekuensi Radio adalah bagian dari spektrum frekuensi radio yang mempunyai lebar tertentu.,Pasal 1 angka 5,"frekuensi, radio, pita, spektrum, mempunyai",
Perdirjen_3_2024,Perdirjen Nomor 3 Tahun 2024,Perdirjen,2024,3,BAB I,Ketentuan Umum,,,1,,,6,Ketentuan,Kanal Frekuensi Radio adalah bagian dari pita frekuensi radio yang ditetapkan untuk suatu stasiun radio.,Pasal 1 angka 6,"radio, frekuensi, kanal, pita, ditetapkan",
Perdirjen_3_2024,Perdirjen Nomor 3 Tahun 2024,Perdirjen,2024,3,BAB I,Ketentuan Umum,,,1,,,7,Definisi,Izin Pita Frekuensi Radio yang selanjutnya disingkat IPFR adalah izin penggunaan spektrum frekuensi radio dalam bentuk pita frekuensi radio berdasarkan persyaratan tertentu.,Pasal 1 angka 7,"frekuensi, radio, izin, pita, selanjutnya",
Perdirjen_3_2024,Perdirjen Nomor 3 Tahun 2024,Perdirjen,2024,3,BAB I,Ketentuan Umum,,,1,,,8,Definisi,"Izin Stasiun Radio yang selanjutnya disingkat ISR adalah izin penggunaan spektrum frekuensi radio dalam bentuk kanal frekuesi radio berdasarkan persyaratan tertentu. Catatan : - UU ITE No 11 Tahun 2008 Pasal 5 ayat 1 ""Informasi Elektronik dan/atau Dokumen Elektronik dan/atau hasil cetaknya merupakan alat bukti hukum yang sah."" - Dokumen ini telah ditandatangani secara elektronik menggunakansertifikat elektronikyang diterbitkanBSrE - 6 -",Pasal 1 angka 8,"radio, elektronik, izin, dokumen, stasiun",
Perdirjen_3_2024,Perdirjen Nomor 3 Tahun 2024,Perdirjen,2024,3,BAB I,Ketentuan Umum,,,1,,,9,Definisi,Sertifikat Alat Telekomunikasi dan/atau Perangkat Telekomunikasi yang selanjutnya disebut Sertifikat adalah dokumen yang menyatakan kesesuaian tipe Alat Telekomunikasi dan/atau Perangkat Telekomunikasi terhadap Standar Teknis yang ditetapkan.,Pasal 1 angka 9,"telekomunikasi, sertifikat, alat, perangkat, selanjutnya",
Perdirjen_3_2024,Perdirjen Nomor 3 Tahun 2024,Perdirjen,2024,3,BAB I,Ketentuan Umum,,,1,,,10,Definisi,"Penerimaan Negara Bukan Pajak yang selanjutnya disingkat PNBP adalah pungutan yang dibayar oleh orang pribadi atau badan dengan memperoleh manfaat langsung maupun tidak langsung atas layanan atau pemanfaatan sumber daya dan hak yang diperoleh negara, berdasarkan peraturan perundang-undangan yang menjadi penerimaan pemerintah pusat di luar penerimaan perpajakan dan hibah dan dikelola dalam mekanisme anggaran pendapatan dan belanja negara.",Pasal 1 angka 10,"penerimaan, negara, langsung, bukan, pajak","Pemerintah Pusat, Badan"
Perdirjen_3_2024,Perdirjen Nomor 3 Tahun 2024,Perdirjen,2024,3,BAB I,Ketentuan Umum,,,1,,,11,Definisi,Pembinaan adalah serangkaian tindakan yang dilakukan oleh instansi/petugas yang mempunyai tanggung jawab di bidang Telekomunikasi kepada masyarakat yang bersifat edukasi dalam rangka upaya mencegah terjadinya pelanggaran penggunaan Spektrum Frekuensi Radio serta Alat Telekomunikasi dan/atau Perangkat Telekomunikasi.,Pasal 1 angka 11,"telekomunikasi, pembinaan, serangkaian, tindakan, instansi","Masyarakat, Instansi"
Perdirjen_3_2024,Perdirjen Nomor 3 Tahun 2024,Perdirjen,2024,3,BAB I,Ketentuan Umum,,,1,,,12,Sanksi,Laporan Informasi adalah informasi tentang suatu peristiwa dari masyarakat atau yang diketahui sendiri oleh Aparatur Sipil Negara untuk dilakukan Wasmatlitrik guna mengetahui apakah peristiwa tersebut merupakan peristiwa pidana atau bukan.,Pasal 1 angka 12,"peristiwa, informasi, laporan, suatu, masyarakat",Masyarakat
Perdirjen_3_2024,Perdirjen Nomor 3 Tahun 2024,Perdirjen,2024,3,BAB I,Ketentuan Umum,,,1,,,13,Definisi,"Pengawasan, Pengamatan, Penelitian, dan/atau Pemeriksaan yang selanjutnya disebut Wasmatlitrik adalah serangkaian kegiatan untuk mencari dan menemukan suatu peristiwa yang diduga sebagai tindak pidana melalui kegiatan sebagaimana diatur dalam peraturan perundang-undangan sesuai dengan lingkup tugas dan wewenangnya.",Pasal 1 angka 13,"kegiatan, pengawasan, pengamatan, penelitian, pemeriksaan",
Perdirjen_3_2024,Perdirjen Nomor 3 Tahun 2024,Perdirjen,2024,3,BAB I,Ketentuan Umum,,,1,,,14,Ketentuan,"Penindakan adalah serangkaian tindakan yang dilakukan oleh tim Penindakan dalam rangka Wasmatlitrik di bidang Telekomunikasi. Catatan : - UU ITE No 11 Tahun 2008 Pasal 5 ayat 1 ""Informasi Elektronik dan/atau Dokumen Elektronik dan/atau hasil cetaknya merupakan alat bukti hukum yang sah."" - Dokumen ini telah ditandatangani secara elektronik menggunakansertifikat elektronikyang diterbitkanBSrE - 7 -",Pasal 1 angka 14,"elektronik, penindakan, dokumen, serangkaian, tindakan",
Perdirjen_3_2024,Perdirjen Nomor 3 Tahun 2024,Perdirjen,2024,3,BAB I,Ketentuan Umum,,,1,,,15,Sanksi,Penggeledahan adalah tindakan PPNS Direktorat Jenderal untuk memasuki rumah tempat tinggal dan/atau tempat tertutup lainnya guna melakukan Pemeriksaan dan/atau penyitaan barang bukti menurut cara-cara yang diatur dalam Kitab Undang-undang Hukum Acara Pidana (KUHAP).,Pasal 1 angka 15,"tempat, cara, penggeledahan, tindakan, ppns",
Perdirjen_3_2024,Perdirjen Nomor 3 Tahun 2024,Perdirjen,2024,3,BAB I,Ketentuan Umum,,,1,,,16,Ketentuan,"Penyitaan adalah serangkaian tindakan PPNS untuk mengambil alih dan/atau menyimpan di bawah penguasaannya benda bergerak atau tidak bergerak, berwujud atau tidak berwujud untuk kepentingan pembuktian dalam Penyidikan, penuntutan dan peradilan.",Pasal 1 angka 16,"bergerak, berwujud, penyitaan, serangkaian, tindakan",
Perdirjen_3_2024,Perdirjen Nomor 3 Tahun 2024,Perdirjen,2024,3,BAB I,Ketentuan Umum,,,1,,,17,Sanksi,Penyegelan adalah suatu tindakan pengamanan terhadap benda atau barang yang digunakan untuk tindak pidana dengan cara disegel.,Pasal 1 angka 17,"penyegelan, suatu, tindakan, pengamanan, benda",
Perdirjen_3_2024,Perdirjen Nomor 3 Tahun 2024,Perdirjen,2024,3,BAB I,Ketentuan Umum,,,1,,,18,Ketentuan,"Barang Hasil Penindakan adalah benda bergerak atau tidak bergerak, berwujud atau tidak berwujud yang dikenakan pengamanan untuk keperluan Pemeriksaan lebih lanjut.",Pasal 1 angka 18,"bergerak, berwujud, barang, hasil, penindakan",
Perdirjen_3_2024,Perdirjen Nomor 3 Tahun 2024,Perdirjen,2024,3,BAB I,Ketentuan Umum,,,1,,,19,Ketentuan,"Barang Bukti adalah benda bergerak atau tidak bergerak, berwujud atau tidak berwujud yang telah dilakukan Penyitaan oleh PPNS Direktorat Jenderal untuk keperluan Pemeriksaan dalam tingkat Penyidikan, penuntutan, dan Pemeriksaan di persidangan.",Pasal 1 angka 19,"bergerak, berwujud, pemeriksaan, barang, bukti",
Perdirjen_3_2024,Perdirjen Nomor 3 Tahun 2024,Perdirjen,2024,3,BAB I,Ketentuan Umum,,,1,,,20,Definisi,Tempat Kejadian Perkara yang selanjutnya disingkat TKP adalah tempat dimana suatu tindak pidana dilakukan atau terjadi dan tempat-tempat lain dimana Tersangka dan/atau korban dan/atau Barang Bukti yang berhubungan dengan tindak pidana tersebut dapat ditemukan.,Pasal 1 angka 20,"tempat, dimana, tindak, pidana, kejadian",
Perdirjen_3_2024,Perdirjen Nomor 3 Tahun 2024,Perdirjen,2024,3,BAB I,Ketentuan Umum,,,1,,,21,Sanksi,"Pemanggilan adalah tindakan untuk menghadirkan saksi dan Tersangka guna didengar keterangannya sehubungan dengan tindak pidana yang terjadi berdasarkan Laporan Kejadian. Catatan : - UU ITE No 11 Tahun 2008 Pasal 5 ayat 1 ""Informasi Elektronik dan/atau Dokumen Elektronik dan/atau hasil cetaknya merupakan alat bukti hukum yang sah."" - Dokumen ini telah ditandatangani secara elektronik menggunakansertifikat elektronikyang diterbitkanBSrE - 8 -",Pasal 1 angka 21,"elektronik, dokumen, pemanggilan, tindakan, menghadirkan",
Perdirjen_3_2024,Perdirjen Nomor 3 Tahun 2024,Perdirjen,2024,3,BAB I,Ketentuan Umum,,,1,,,22,Definisi,"Pemeriksaan adalah kegiatan untuk mendapatkan keterangan, kejelasan, dan keidentikan Tersangka, saksi ahli dan/atau Barang Bukti maupun tentang unsur-unsur tindak pidana yang telah terjadi, sehingga kedudukan atau peranan seseorang maupun Barang Bukti di dalam tindak pidana tersebut menjadi jelas.",Pasal 1 angka 22,"barang, bukti, maupun, unsur, tindak",
Perdirjen_3_2024,Perdirjen Nomor 3 Tahun 2024,Perdirjen,2024,3,BAB I,Ketentuan Umum,,,1,,,23,Definisi,Gelar Perkara adalah kegiatan penyampaian proses Wasmatlitrik dan Penyidikan oleh PPNS Direktorat Jenderal untuk mendapatkan tanggapan/ masukan/koreksi guna menghasilkan rekomendasi untuk menentukan tindak lanjut proses Wasmatlitrik dan Penyidikan.,Pasal 1 angka 23,"proses, wasmatlitrik, penyidikan, gelar, perkara",
Perdirjen_3_2024,Perdirjen Nomor 3 Tahun 2024,Perdirjen,2024,3,BAB I,Ketentuan Umum,,,1,,,24,Definisi,Surat Pemberitahuan Dimulainya Penyidikan yang selanjutnya disingkat SPDP adalah pemberitahuan mengenai dimulainya Penyidikan yang dilakukan oleh PPNS Direktorat Jenderal kepada penuntut umum.,Pasal 1 angka 24,"pemberitahuan, dimulainya, penyidikan, surat, selanjutnya",
Perdirjen_3_2024,Perdirjen Nomor 3 Tahun 2024,Perdirjen,2024,3,BAB I,Ketentuan Umum,,,1,,,25,Sanksi,Penyidikan adalah serangkaian tindakan PPNS Direktorat Jenderal dalam hal dan menurut cara yang diatur dalam undang-undang untuk mencari serta mengumpulkan bukti yang dengan bukti itu membuat terang tentang tindak pidana yang terjadi dan guna menemukan Tersangkanya.,Pasal 1 angka 25,"bukti, penyidikan, serangkaian, tindakan, ppns",
Perdirjen_3_2024,Perdirjen Nomor 3 Tahun 2024,Perdirjen,2024,3,BAB I,Ketentuan Umum,,,1,,,26,Ketentuan,"Administrasi Penyidikan adalah penatausahaan dan segala kelengkapan yang disyaratkan undang-undang dalam proses Penyidikan meliputi pencatatan, pelaporan, pendataan, dan pengarsipan atau dokumentasi untuk menjamin ketertiban, kelancaran, dan keseragaman administrasi baik untuk kepentingan peradilan, operasional maupun pengawasan Penyidikan.",Pasal 1 angka 26,"penyidikan, administrasi, penatausahaan, segala, kelengkapan",
Perdirjen_3_2024,Perdirjen Nomor 3 Tahun 2024,Perdirjen,2024,3,BAB I,Ketentuan Umum,,,1,,,27,Definisi,"Laporan Kejadian adalah laporan tertulis yang dibuat oleh PPNS Direktorat Jenderal tentang adanya suatu peristiwa yang diduga sebagai tindak pidana, baik yang ditemukan sendiri maupun melalui pemberitahuan yang disampaikan oleh seseorang karena hak atau kewajiban berdasarkan undang-undang. Catatan : - UU ITE No 11 Tahun 2008 Pasal 5 ayat 1 ""Informasi Elektronik dan/atau Dokumen Elektronik dan/atau hasil cetaknya merupakan alat bukti hukum yang sah."" - Dokumen ini telah ditandatangani secara elektronik menggunakansertifikat elektronikyang diterbitkanBSrE - 9 -",Pasal 1 angka 27,"elektronik, laporan, dokumen, kejadian, tertulis",
Perdirjen_3_2024,Perdirjen Nomor 3 Tahun 2024,Perdirjen,2024,3,BAB I,Ketentuan Umum,,,1,,,28,Definisi,"Penetapan Tersangka adalah penetapan terhadap seseorang yang diduga melakukan tindak pidana dengan didukung 2 (dua) alat bukti yang sah, ditambah keyakinan penyidik yang secara obyektif dan patut diduga pelaku tindak pidana.",Pasal 1 angka 28,"penetapan, diduga, tindak, pidana, tersangka",
Perdirjen_3_2024,Perdirjen Nomor 3 Tahun 2024,Perdirjen,2024,3,BAB I,Ketentuan Umum,,,1,,,29,Ketentuan,Hari adalah hari kalender.,Pasal 1 angka 29,"hari, kalender",
Perdirjen_3_2024,Perdirjen Nomor 3 Tahun 2024,Perdirjen,2024,3,BAB I,Ketentuan Umum,,,1,,,30,Ketentuan,Keadaan Tertentu adalah keadaan luar biasa yang memerlukan penanganan secara khusus.,Pasal 1 angka 30,"keadaan, tertentu, luar, biasa, memerlukan",
Perdirjen_3_2024,Perdirjen Nomor 3 Tahun 2024,Perdirjen,2024,3,BAB I,Ketentuan Umum,,,1,,,31,Definisi,Orang adalah orang perseorangan atau Badan Hukum.,Pasal 1 angka 31,"orang, perseorangan, badan, hukum","Orang Perseorangan, Badan Hukum"
Perdirjen_3_2024,Perdirjen Nomor 3 Tahun 2024,Perdirjen,2024,3,BAB I,Ketentuan Umum,,,1,,,32,Definisi,"Tersangka adalah setiap Orang yang karena perbuatannya atau keadaannya, berdasarkan bukti permulaan patut diduga sebagai pelaku tindak pidana.",Pasal 1 angka 32,"tersangka, setiap, orang, karena, perbuatannya",
Perdirjen_3_2024,Perdirjen Nomor 3 Tahun 2024,Perdirjen,2024,3,BAB I,Ketentuan Umum,,,1,,,33,Definisi,Pelaku Usaha adalah orang perseorangan atau badan usaha yang melakukan usaha dan/atau kegiatan pada bidang tertentu.,Pasal 1 angka 33,"usaha, pelaku, orang, perseorangan, badan","Orang Perseorangan, Pelaku Usaha, Badan Usaha"
Perdirjen_3_2024,Perdirjen Nomor 3 Tahun 2024,Perdirjen,2024,3,BAB I,Ketentuan Umum,,,1,,,34,Ketentuan,Pejabat Kuasa Pengelola PNBP adalah pejabat yang diberi kuasa untuk melaksanakan sebagian tugas dan fungsi pimpinan instansi pengelola PNBP dalam pengelolaan PNBP yang menjadi tanggungjawabnya dan tugas lain terkait PNBP sesuai dengan ketentuan peraturan perundang-undangan.,Pasal 1 angka 34,"pnbp, pejabat, kuasa, pengelola, tugas",Instansi
Perdirjen_3_2024,Perdirjen Nomor 3 Tahun 2024,Perdirjen,2024,3,BAB I,Ketentuan Umum,,,1,,,35,Definisi,"Penyidik Pegawai Negeri Sipil yang selanjutnya disingkat PPNS adalah Pejabat Pegawai Negeri Sipil di lingkungan Direktorat Jenderal, yang diberi wewenang untuk melakukan Penyidikan tindak pidana berdasarkan undang-undang bidang Telekomunikasi.",Pasal 1 angka 35,"pegawai, negeri, sipil, penyidik, selanjutnya",
Perdirjen_3_2024,Perdirjen Nomor 3 Tahun 2024,Perdirjen,2024,3,BAB I,Ketentuan Umum,,,1,,,36,Definisi,Koordinator PPNS adalah PPNS yang diberi wewenang khusus untuk mengkoordinasikan kegiatan PPNS.,Pasal 1 angka 36,"ppns, koordinator, diberi, wewenang, khusus",
Perdirjen_3_2024,Perdirjen Nomor 3 Tahun 2024,Perdirjen,2024,3,BAB I,Ketentuan Umum,,,1,,,37,Sanksi,Atasan PPNS adalah PPNS yang ditunjuk oleh instansinya dan/atau secara struktural membawahi PPNS yang ditugaskan menangani perkara tindak pidana tertentu yang menjadi kewenangannya.,Pasal 1 angka 37,"ppns, atasan, ditunjuk, instansinya, struktural",
Perdirjen_3_2024,Perdirjen Nomor 3 Tahun 2024,Perdirjen,2024,3,BAB I,Ketentuan Umum,,,1,,,38,Ketentuan,Menteri adalah menteri yang menyelenggarakan urusan pemerintahan di bidang komunikasi dan informatika.,Pasal 1 angka 38,"menteri, menyelenggarakan, urusan, pemerintahan, bidang",Menteri
Perdirjen_3_2024,Perdirjen Nomor 3 Tahun 2024,Perdirjen,2024,3,BAB I,Ketentuan Umum,,,1,,,39,Ketentuan,"Direktur Jenderal adalah Direktur Jederal Sumber Daya dan Perangkat Pos dan Informatika. Catatan : - UU ITE No 11 Tahun 2008 Pasal 5 ayat 1 ""Informasi Elektronik dan/atau Dokumen Elektronik dan/atau hasil cetaknya merupakan alat bukti hukum yang sah."" - Dokumen ini telah ditandatangani secara elektronik menggunakansertifikat elektronikyang diterbitkanBSrE - 10 -",Pasal 1 angka 39,"elektronik, direktur, dokumen, jenderal, jederal",
Perdirjen_3_2024,Perdirjen Nomor 3 Tahun 2024,Perdirjen,2024,3,BAB I,Ketentuan Umum,,,1,,,40,Ketentuan,Kepala UPT adalah Kepala Unit Pelaksana Teknis Bidang Monitor Spektrum Frekuensi Radio.,Pasal 1 angka 40,"kepala, unit, pelaksana, teknis, bidang",
Perdirjen_3_2024,Perdirjen Nomor 3 Tahun 2024,Perdirjen,2024,3,BAB I,Ketentuan Umum,,,1,,,41,Ketentuan,Direktorat Jenderal adalah Direktorat Jenderal Sumber Daya dan Perangkat Pos dan Informatika.,Pasal 1 angka 41,"direktorat, jenderal, sumber, daya, perangkat",
Perdirjen_3_2024,Perdirjen Nomor 3 Tahun 2024,Perdirjen,2024,3,BAB I,Ketentuan Umum,,,1,,,42,Ketentuan,Direktorat adalah Direktorat Pengendalian Sumber Daya dan Perangkat Pos dan Informatika.,Pasal 1 angka 42,"direktorat, pengendalian, sumber, daya, perangkat",
Perdirjen_3_2024,Perdirjen Nomor 3 Tahun 2024,Perdirjen,2024,3,BAB I,Ketentuan Umum,,,1,,,43,Ketentuan,Instansi Terkait adalah instansi di luar Kementerian Komunikasi dan Informatika yang terlibat dalam pelaksanaan Penindakan di bidang Telekomunikasi.,Pasal 1 angka 43,"instansi, terkait, luar, kementerian, komunikasi","Kementerian, Instansi"
Perdirjen_3_2024,Perdirjen Nomor 3 Tahun 2024,Perdirjen,2024,3,BAB I,Ketentuan Umum,,,1,,,44,Definisi,Unit Pelaksana Teknis Bidang Monitor Spektrum Frekuensi Radio yang selanjutnya disebut UPT adalah satuan kerja yang bersifat mandiri di lingkungan Direktorat Jenderal yang berada di bawah dan bertanggung jawab langsung kepada Direktur Jenderal.,Pasal 1 angka 44,"jenderal, unit, pelaksana, teknis, bidang",
Perdirjen_3_2024,Perdirjen Nomor 3 Tahun 2024,Perdirjen,2024,3,BAB I,Ketentuan Umum,,,2,,,,Ketentuan,Ruang lingkup Peraturan Direktur Jenderal ini mencakup:,Pasal 2,"ruang, lingkup, direktur, jenderal, mencakup",
Perdirjen_3_2024,Perdirjen Nomor 3 Tahun 2024,Perdirjen,2024,3,BAB I,Ketentuan Umum,,,2,,a,,Ketentuan,Pembinaan;,Pasal 2 huruf a,pembinaan,
Perdirjen_3_2024,Perdirjen Nomor 3 Tahun 2024,Perdirjen,2024,3,BAB I,Ketentuan Umum,,,2,,b,,Ketentuan,pengawasan;,Pasal 2 huruf b,pengawasan,
Perdirjen_3_2024,Perdirjen Nomor 3 Tahun 2024,Perdirjen,2024,3,BAB I,Ketentuan Umum,,,2,,c,,Sanksi,pengenaan sanksi administratif; dan,Pasal 2 huruf c,"pengenaan, sanksi, administratif",
Perdirjen_3_2024,Perdirjen Nomor 3 Tahun 2024,Perdirjen,2024,3,BAB I,Ketentuan Umum,,,2,,d,,Sanksi,pengenaan sanksi pidana.,Pasal 2 huruf d,"pengenaan, sanksi, pidana",
Perdirjen_3_2024,Perdirjen Nomor 3 Tahun 2024,Perdirjen,2024,3,BAB I,Ketentuan Umum,,,3,1,,,Sanksi,"Pembinaan, pengawasan, dan pengenaan sanksi sebagaimana dimaksud dalam Pasal 2 dilaksanakan berdasarkan prinsip:",Pasal 3 ayat (1),"pembinaan, pengawasan, pengenaan, sanksi, dilaksanakan",
Perdirjen_3_2024,Perdirjen Nomor 3 Tahun 2024,Perdirjen,2024,3,BAB I,Ketentuan Umum,,,3,1,a,,Sanksi,"legalitas yaitu Pembinaan, pengawasan dan pengenaan sanksi dilakukan sesuai dengan ketentuan peraturan perundang-undangan;",Pasal 3 ayat (1) huruf a,"legalitas, yaitu, pembinaan, pengawasan, pengenaan",
Perdirjen_3_2024,Perdirjen Nomor 3 Tahun 2024,Perdirjen,2024,3,BAB I,Ketentuan Umum,,,3,1,b,,Sanksi,"prosedural yaitu Pembinaan, pengawasan dan pengenaan sanksi dilaksanakan sesuai mekanisme dan tata cara yang diatur dalam ketentuan peraturan perundang-undangan;",Pasal 3 ayat (1) huruf b,"prosedural, yaitu, pembinaan, pengawasan, pengenaan",
Perdirjen_3_2024,Perdirjen Nomor 3 Tahun 2024,Perdirjen,2024,3,BAB I,Ketentuan Umum,,,3,1,c,,Sanksi,"transparan yaitu Pembinaan, pengawasan dan pengenaan sanksi dilakukan secara terbuka yang dapat diketahui perkembangan penanganannya oleh masyarakat; Catatan : - UU ITE No 11 Tahun 2008 Pasal 5 ayat 1 ""Informasi Elektronik dan/atau Dokumen Elektronik dan/atau hasil cetaknya merupakan alat bukti hukum yang sah."" - Dokumen ini telah ditandatangani secara elektronik menggunakansertifikat elektronikyang diterbitkanBSrE - 11 -",Pasal 3 ayat (1) huruf c,"elektronik, dokumen, transparan, yaitu, pembinaan",Masyarakat
Perdirjen_3_2024,Perdirjen Nomor 3 Tahun 2024,Perdirjen,2024,3,BAB I,Ketentuan Umum,,,3,1,d,,Sanksi,"akuntabel yaitu Pembinaan, pengawasan dan pengenaan sanksi yang dilakukan dapat dipertanggungjawabkan; dan",Pasal 3 ayat (1) huruf d,"akuntabel, yaitu, pembinaan, pengawasan, pengenaan",
Perdirjen_3_2024,Perdirjen Nomor 3 Tahun 2024,Perdirjen,2024,3,BAB I,Ketentuan Umum,,,3,1,e,,Sanksi,"efektif dan efisien yaitu pembinaan, pengawasan dan pengenaan sanksi dilakukan secara cepat, tepat, murah, dan tuntas.",Pasal 3 ayat (1) huruf e,"efektif, efisien, yaitu, pembinaan, pengawasan",
Perdirjen_3_2024,Perdirjen Nomor 3 Tahun 2024,Perdirjen,2024,3,BAB I,Ketentuan Umum,,,3,2,,,Sanksi,"Pembinaan, pengawasan, dan pengenaan sanksi sebagaimana dimaksud pada ayat (1) dilaksanakan oleh Aparatur Sipil Negara di lingkungan Direktorat Jenderal dengan berlandaskan prinsip:",Pasal 3 ayat (2),"pembinaan, pengawasan, pengenaan, sanksi, dilaksanakan",
Perdirjen_3_2024,Perdirjen Nomor 3 Tahun 2024,Perdirjen,2024,3,BAB I,Ketentuan Umum,,,3,2,a,,Kewajiban,"integritas yaitu memiliki kepribadian yang dilandasi oleh unsur jujur, berani, bijaksana dan bertanggung jawab;",Pasal 3 ayat (2) huruf a,"integritas, yaitu, memiliki, kepribadian, dilandasi",
Perdirjen_3_2024,Perdirjen Nomor 3 Tahun 2024,Perdirjen,2024,3,BAB I,Ketentuan Umum,,,3,2,b,,Ketentuan,"profesional yaitu melaksanakan tugas, fungsi dan wewenang sesuai kompetensi yang dimiliki;",Pasal 3 ayat (2) huruf b,"profesional, yaitu, melaksanakan, tugas, fungsi",
Perdirjen_3_2024,Perdirjen Nomor 3 Tahun 2024,Perdirjen,2024,3,BAB I,Ketentuan Umum,,,3,2,c,,Ketentuan,"proporsional yaitu melaksanakan tugas sesuai dengan fungsi, peran, dan tanggung jawabnya;",Pasal 3 ayat (2) huruf c,"proporsional, yaitu, melaksanakan, tugas, fungsi",
Perdirjen_3_2024,Perdirjen Nomor 3 Tahun 2024,Perdirjen,2024,3,BAB I,Ketentuan Umum,,,3,2,d,,Ketentuan,"kompetensi yaitu memiliki pengetahuan, keahlian, pengalaman, dan keterampilan yang diperlukan dalam melaksankan tugasnya;",Pasal 3 ayat (2) huruf d,"kompetensi, yaitu, memiliki, pengetahuan, keahlian",
Perdirjen_3_2024,Perdirjen Nomor 3 Tahun 2024,Perdirjen,2024,3,BAB I,Ketentuan Umum,,,3,2,e,,Ketentuan,obyektifitas yaitu menjunjung ketidak berpihakan dalam melaksanakan tugasnya berdasarkan prosedur dan proporsional; dan,Pasal 3 ayat (2) huruf e,"obyektifitas, yaitu, menjunjung, ketidak, berpihakan",
Perdirjen_3_2024,Perdirjen Nomor 3 Tahun 2024,Perdirjen,2024,3,BAB I,Ketentuan Umum,,,3,2,f,,Ketentuan,independensi yaitu tidak terpengaruh adanya tekanan atau kepentingan pihak manapun.,Pasal 3 ayat (2) huruf f,"independensi, yaitu, terpengaruh, adanya, tekanan",
Perdirjen_3_2024,Perdirjen Nomor 3 Tahun 2024,Perdirjen,2024,3,BAB I,Ketentuan Umum,,,3,3,,,Ketentuan,Aparatur Sipil Negara sebagaimana dimaksud pada ayat,Pasal 3 ayat (3),"aparatur, sipil, negara",
Perdirjen_3_2024,Perdirjen Nomor 3 Tahun 2024,Perdirjen,2024,3,BAB I,Ketentuan Umum,,,3,2,,,Kewajiban,wajib menandatangani pakta integritas yang tercantum dalam Lampiran I yang merupakan bagian tidak terpisahkan dari Peraturan Direktur Jenderal ini.,Pasal 3 ayat (2),"wajib, menandatangani, pakta, integritas, tercantum",
Perdirjen_3_2024,Perdirjen Nomor 3 Tahun 2024,Perdirjen,2024,3,BAB II,Pembinaan,,,4,1,,,Ketentuan,"Pembinaan sebagaimana dimaksud dalam Pasal 2 huruf a dilaksanakan melalui kegiatan edukasi kepada masyarakat. Catatan : - UU ITE No 11 Tahun 2008 Pasal 5 ayat 1 ""Informasi Elektronik dan/atau Dokumen Elektronik dan/atau hasil cetaknya merupakan alat bukti hukum yang sah."" - Dokumen ini telah ditandatangani secara elektronik menggunakansertifikat elektronikyang diterbitkanBSrE - 12 -",Pasal 4 ayat (1),"elektronik, dokumen, pembinaan, dilaksanakan, melalui",Masyarakat
Perdirjen_3_2024,Perdirjen Nomor 3 Tahun 2024,Perdirjen,2024,3,BAB II,Pembinaan,,,4,2,,,Ketentuan,Kegiatan edukasi sebagaimana dimaksud pada ayat (1) dilakukan agar masyarakat dapat memahami dan mematuhi ketentuan peraturan perundang-undangan di bidang penggunaan Spektrum Frekuensi Radio dan penggunaan Alat Telekomunikasi dan/atau Perangkat Telekomunikasi.,Pasal 4 ayat (2),"penggunaan, telekomunikasi, kegiatan, edukasi, agar",Masyarakat
Perdirjen_3_2024,Perdirjen Nomor 3 Tahun 2024,Perdirjen,2024,3,BAB II,Pembinaan,,,4,3,,,Ketentuan,Kegiatan edukasi sebagaimana dimaksud pada ayat (1) dapat berupa:,Pasal 4 ayat (3),"kegiatan, edukasi, berupa",
Perdirjen_3_2024,Perdirjen Nomor 3 Tahun 2024,Perdirjen,2024,3,BAB II,Pembinaan,,,4,3,a,,Ketentuan,forum diskusi;,Pasal 4 ayat (3) huruf a,"forum, diskusi",
Perdirjen_3_2024,Perdirjen Nomor 3 Tahun 2024,Perdirjen,2024,3,BAB II,Pembinaan,,,4,3,b,,Ketentuan,sosialisasi/workshop;,Pasal 4 ayat (3) huruf b,"sosialisasi, workshop",
Perdirjen_3_2024,Perdirjen Nomor 3 Tahun 2024,Perdirjen,2024,3,BAB II,Pembinaan,,,4,3,c,,Ketentuan,surat edaran;,Pasal 4 ayat (3) huruf c,"surat, edaran",
Perdirjen_3_2024,Perdirjen Nomor 3 Tahun 2024,Perdirjen,2024,3,BAB II,Pembinaan,,,4,3,d,,Ketentuan,iklan layanan kepada masyarakat melalui media elektronik atau media cetak; dan/atau,Pasal 4 ayat (3) huruf d,"media, iklan, layanan, kepada, masyarakat",Masyarakat
Perdirjen_3_2024,Perdirjen Nomor 3 Tahun 2024,Perdirjen,2024,3,BAB II,Pembinaan,,,4,3,e,,Ketentuan,surat pemberitahuan.,Pasal 4 ayat (3) huruf e,"surat, pemberitahuan",
Perdirjen_3_2024,Perdirjen Nomor 3 Tahun 2024,Perdirjen,2024,3,BAB II,Pembinaan,,,4,4,,,Ketentuan,Kegiatan edukasi sebagaimana dimaksud pada ayat (3) dilaksanakan oleh Direktorat Jenderal dan/atau UPT.,Pasal 4 ayat (4),"kegiatan, edukasi, dilaksanakan, direktorat, jenderal",
Perdirjen_3_2024,Perdirjen Nomor 3 Tahun 2024,Perdirjen,2024,3,BAB III,Pengawasan,Bagian Kesatu,,5,,,,Ketentuan,Pengawasan sebagaimana dimaksud dalam Pasal 2 huruf b meliputi:,Pasal 5,"pengawasan, meliputi",
Perdirjen_3_2024,Perdirjen Nomor 3 Tahun 2024,Perdirjen,2024,3,BAB III,Pengawasan,Bagian Kesatu,,5,,a,,Ketentuan,pengawasan penggunaan Spektrum Frekuensi Radio; dan,Pasal 5 huruf a,"pengawasan, penggunaan, spektrum, frekuensi, radio",
Perdirjen_3_2024,Perdirjen Nomor 3 Tahun 2024,Perdirjen,2024,3,BAB III,Pengawasan,Bagian Kesatu,,5,,b,,Ketentuan,pengawasan Alat Telekomunikasi dan/atau Perangkat Telekomunikasi.,Pasal 5 huruf b,"telekomunikasi, pengawasan, alat, perangkat",
Perdirjen_3_2024,Perdirjen Nomor 3 Tahun 2024,Perdirjen,2024,3,BAB III,Pengawasan,Bagian Kesatu,,6,1,,,Ketentuan,Pengawasan sebagaimana dimaksud dalam Pasal 5 dilaksanakan oleh Direktorat Jenderal dengan mempertimbangkan kepatuhan pelaku usaha.,Pasal 6 ayat (1),"pengawasan, dilaksanakan, direktorat, jenderal, mempertimbangkan",Pelaku Usaha
Perdirjen_3_2024,Perdirjen Nomor 3 Tahun 2024,Perdirjen,2024,3,BAB III,Pengawasan,Bagian Kesatu,,6,2,,,Ketentuan,"Untuk melakukan pengawasan sebagaimana dimaksud pada ayat (1) dilakukan perencanaan pengawasan. Catatan : - UU ITE No 11 Tahun 2008 Pasal 5 ayat 1 ""Informasi Elektronik dan/atau Dokumen Elektronik dan/atau hasil cetaknya merupakan alat bukti hukum yang sah."" - Dokumen ini telah ditandatangani secara elektronik menggunakansertifikat elektronikyang diterbitkanBSrE - 13 -",Pasal 6 ayat (2),"elektronik, pengawasan, dokumen, melakukan, perencanaan",
Perdirjen_3_2024,Perdirjen Nomor 3 Tahun 2024,Perdirjen,2024,3,BAB III,Pengawasan,Bagian Kesatu,,6,3,,,Ketentuan,"Perencanaan pengawasan sebagaimana dimaksud pada ayat (2) mencakup penyusunan waktu dalam pelaksanaan pengawasan, anggaran, dan sumber daya manusia pelaksana pengawasan.",Pasal 6 ayat (3),"pengawasan, perencanaan, mencakup, penyusunan, waktu",
Perdirjen_3_2024,Perdirjen Nomor 3 Tahun 2024,Perdirjen,2024,3,BAB III,Pengawasan,Bagian Kesatu,,7,,,,Ketentuan,Pengawasan sebagaimana dimaksud dalam Pasal 5 dilakukan dengan tujuan untuk:,Pasal 7,"pengawasan, tujuan",
Perdirjen_3_2024,Perdirjen Nomor 3 Tahun 2024,Perdirjen,2024,3,BAB III,Pengawasan,Bagian Kesatu,,7,,a,,Kewajiban,memastikan kepatuhan pemenuhan persyaratan dan kewajiban pelaku usaha;,Pasal 7 huruf a,"memastikan, kepatuhan, pemenuhan, persyaratan, kewajiban",Pelaku Usaha
Perdirjen_3_2024,Perdirjen Nomor 3 Tahun 2024,Perdirjen,2024,3,BAB III,Pengawasan,Bagian Kesatu,,7,,b,,Ketentuan,"mengumpulkan data, bukti, dan/atau laporan terjadinya pelanggaran terhadap ketentuan peraturan perundang- undangan; dan",Pasal 7 huruf b,"mengumpulkan, data, bukti, laporan, terjadinya",
Perdirjen_3_2024,Perdirjen Nomor 3 Tahun 2024,Perdirjen,2024,3,BAB III,Pengawasan,Bagian Kesatu,,7,,c,,Sanksi,rujukan pembinaan atau pengenaan sanksi terhadap pelanggaran perizinan berusaha.,Pasal 7 huruf c,"rujukan, pembinaan, pengenaan, sanksi, pelanggaran",
Perdirjen_3_2024,Perdirjen Nomor 3 Tahun 2024,Perdirjen,2024,3,BAB III,Pengawasan,Bagian Kesatu,,8,,,,Ketentuan,Jenis pengawasan terdiri dari:,Pasal 8,"jenis, pengawasan, terdiri",
Perdirjen_3_2024,Perdirjen Nomor 3 Tahun 2024,Perdirjen,2024,3,BAB III,Pengawasan,Bagian Kesatu,,8,,a,,Ketentuan,pengawasan rutin; dan,Pasal 8 huruf a,"pengawasan, rutin",
Perdirjen_3_2024,Perdirjen Nomor 3 Tahun 2024,Perdirjen,2024,3,BAB III,Pengawasan,Bagian Kesatu,,8,,b,,Ketentuan,pengawasan insidental.,Pasal 8 huruf b,"pengawasan, insidental",
Perdirjen_3_2024,Perdirjen Nomor 3 Tahun 2024,Perdirjen,2024,3,BAB III,Pengawasan,Bagian Kesatu,,9,1,,,Ketentuan,Pengawasan rutin sebagaimana dimaksud dalam Pasal 8 huruf a dilakukan secara berkala berdasarkan tingkat risiko kegiatan usaha dan mempertimbangkan tingkat kepatuhan pelaku usaha.,Pasal 9 ayat (1),"tingkat, usaha, pengawasan, rutin, berkala",Pelaku Usaha
Perdirjen_3_2024,Perdirjen Nomor 3 Tahun 2024,Perdirjen,2024,3,BAB III,Pengawasan,Bagian Kesatu,,9,2,,,Ketentuan,Pengawasan insidental sebagaimana dimaksud dalam Pasal 8 huruf b merupakan pengawasan yang dilakukan pada waktu tertentu.,Pasal 9 ayat (2),"pengawasan, insidental, waktu, tertentu",
Perdirjen_3_2024,Perdirjen Nomor 3 Tahun 2024,Perdirjen,2024,3,BAB III,Pengawasan,Bagian Kesatu,,9,3,,,Ketentuan,Pengawasan insidental sebagaimana dimaksud pada ayat,Pasal 9 ayat (3),"pengawasan, insidental",
Perdirjen_3_2024,Perdirjen Nomor 3 Tahun 2024,Perdirjen,2024,3,BAB III,Pengawasan,Bagian Kesatu,,9,2,,,Ketentuan,dilaksanakan berdasarkan:,Pasal 9 ayat (2),dilaksanakan,
Perdirjen_3_2024,Perdirjen Nomor 3 Tahun 2024,Perdirjen,2024,3,BAB III,Pengawasan,Bagian Kesatu,,9,2,a,,Ketentuan,pengaduan dari masyarakat dan/atau pelaku usaha; dan/atau,Pasal 9 ayat (2) huruf a,"pengaduan, masyarakat, pelaku, usaha","Pelaku Usaha, Masyarakat"
Perdirjen_3_2024,Perdirjen Nomor 3 Tahun 2024,Perdirjen,2024,3,BAB III,Pengawasan,Bagian Kesatu,,9,2,b,,Ketentuan,"hasil temuan lapangan Direktorat dan/atau UPT. Catatan : - UU ITE No 11 Tahun 2008 Pasal 5 ayat 1 ""Informasi Elektronik dan/atau Dokumen Elektronik dan/atau hasil cetaknya merupakan alat bukti hukum yang sah."" - Dokumen ini telah ditandatangani secara elektronik menggunakansertifikat elektronikyang diterbitkanBSrE - 14 -",Pasal 9 ayat (2) huruf b,"elektronik, hasil, dokumen, temuan, lapangan",
Perdirjen_3_2024,Perdirjen Nomor 3 Tahun 2024,Perdirjen,2024,3,BAB III,Pengawasan,Bagian Kedua,,10,1,,,Ketentuan,Pengawasan penggunaan Spektrum Frekuensi Radio sebagaimana dimaksud dalam Pasal 5 huruf a meliputi:,Pasal 10 ayat (1),"pengawasan, penggunaan, spektrum, frekuensi, radio",
Perdirjen_3_2024,Perdirjen Nomor 3 Tahun 2024,Perdirjen,2024,3,BAB III,Pengawasan,Bagian Kedua,,10,1,a,,Ketentuan,pengawasan administrasi; dan/atau,Pasal 10 ayat (1) huruf a,"pengawasan, administrasi",
Perdirjen_3_2024,Perdirjen Nomor 3 Tahun 2024,Perdirjen,2024,3,BAB III,Pengawasan,Bagian Kedua,,10,1,b,,Ketentuan,pengawasan teknis.,Pasal 10 ayat (1) huruf b,"pengawasan, teknis",
Perdirjen_3_2024,Perdirjen Nomor 3 Tahun 2024,Perdirjen,2024,3,BAB III,Pengawasan,Bagian Kedua,,10,2,,,Kewajiban,"Pengawasan administrasi sebagaimana dimaksud pada ayat (1) huruf a dilakukan terhadap pemenuhan kewajiban perizinan berusaha penggunaan Spektrum Frekuensi Radio, berupa:",Pasal 10 ayat (2),"pengawasan, administrasi, pemenuhan, kewajiban, perizinan",
Perdirjen_3_2024,Perdirjen Nomor 3 Tahun 2024,Perdirjen,2024,3,BAB III,Pengawasan,Bagian Kedua,,10,2,a,,Kewajiban,pemenuhan kewajiban biaya hak penggunaan Spektrum Frekuensi Radio;,Pasal 10 ayat (2) huruf a,"pemenuhan, kewajiban, biaya, penggunaan, spektrum",
Perdirjen_3_2024,Perdirjen Nomor 3 Tahun 2024,Perdirjen,2024,3,BAB III,Pengawasan,Bagian Kedua,,10,2,b,,Ketentuan,kesesuaian data administrasi perizinan Spektrum Frekuensi Radio;,Pasal 10 ayat (2) huruf b,"kesesuaian, data, administrasi, perizinan, spektrum",
Perdirjen_3_2024,Perdirjen Nomor 3 Tahun 2024,Perdirjen,2024,3,BAB III,Pengawasan,Bagian Kedua,,10,2,c,,Kewajiban,pemenuhan kewajiban pendaftaran base station; dan,Pasal 10 ayat (2) huruf c,"pemenuhan, kewajiban, pendaftaran, base, station",
Perdirjen_3_2024,Perdirjen Nomor 3 Tahun 2024,Perdirjen,2024,3,BAB III,Pengawasan,Bagian Kedua,,10,2,d,,Kewajiban,"pemenuhan kewajiban pendaftaran stasiun bumi, bagi pemegang izin stasiun radio angkasa.",Pasal 10 ayat (2) huruf d,"stasiun, pemenuhan, kewajiban, pendaftaran, bumi",
Perdirjen_3_2024,Perdirjen Nomor 3 Tahun 2024,Perdirjen,2024,3,BAB III,Pengawasan,Bagian Kedua,,10,3,,,Ketentuan,Pengawasan administrasi sebagaimana dimaksud pada ayat (2) dilaksanakan melalui kegiatan:,Pasal 10 ayat (3),"pengawasan, administrasi, dilaksanakan, melalui, kegiatan",
Perdirjen_3_2024,Perdirjen Nomor 3 Tahun 2024,Perdirjen,2024,3,BAB III,Pengawasan,Bagian Kedua,,10,3,a,,Ketentuan,evaluasi data administrasi perizinan penggunaan Spektrum Frekuensi Radio; dan/atau,Pasal 10 ayat (3) huruf a,"evaluasi, data, administrasi, perizinan, penggunaan",
Perdirjen_3_2024,Perdirjen Nomor 3 Tahun 2024,Perdirjen,2024,3,BAB III,Pengawasan,Bagian Kedua,,10,3,b,,Ketentuan,validasi data administrasi perizinan penggunaan Spektrum Frekuensi Radio.,Pasal 10 ayat (3) huruf b,"validasi, data, administrasi, perizinan, penggunaan",
Perdirjen_3_2024,Perdirjen Nomor 3 Tahun 2024,Perdirjen,2024,3,BAB III,Pengawasan,Bagian Kedua,,10,4,,,Ketentuan,Pengawasan teknis sebagaimana dimaksud pada ayat (1) huruf b dilaksanakan melalui kegiatan monitoring Spektrum Frekuensi Radio.,Pasal 10 ayat (4),"pengawasan, teknis, dilaksanakan, melalui, kegiatan",
Perdirjen_3_2024,Perdirjen Nomor 3 Tahun 2024,Perdirjen,2024,3,BAB III,Pengawasan,Bagian Kedua,,10,5,,,Ketentuan,Kegiatan monitoring Spektrum Frekuensi Radio sebagaimana dimaksud pada ayat (4) terdiri dari:,Pasal 10 ayat (5),"kegiatan, monitoring, spektrum, frekuensi, radio",
Perdirjen_3_2024,Perdirjen Nomor 3 Tahun 2024,Perdirjen,2024,3,BAB III,Pengawasan,Bagian Kedua,,10,5,a,,Ketentuan,observasi penggunaan Spektrum Frekuensi Radio;,Pasal 10 ayat (5) huruf a,"observasi, penggunaan, spektrum, frekuensi, radio",
Perdirjen_3_2024,Perdirjen Nomor 3 Tahun 2024,Perdirjen,2024,3,BAB III,Pengawasan,Bagian Kedua,,10,5,b,,Ketentuan,identifikasi dan deteksi penggunaan Spektrum Frekuensi Radio;,Pasal 10 ayat (5) huruf b,"identifikasi, deteksi, penggunaan, spektrum, frekuensi",
Perdirjen_3_2024,Perdirjen Nomor 3 Tahun 2024,Perdirjen,2024,3,BAB III,Pengawasan,Bagian Kedua,,10,5,c,,Ketentuan,pengukuran parameter teknis stasiun radio; dan,Pasal 10 ayat (5) huruf c,"pengukuran, parameter, teknis, stasiun, radio",
Perdirjen_3_2024,Perdirjen Nomor 3 Tahun 2024,Perdirjen,2024,3,BAB III,Pengawasan,Bagian Kedua,,10,5,d,,Ketentuan,"inspeksi stasiun radio. Catatan : - UU ITE No 11 Tahun 2008 Pasal 5 ayat 1 ""Informasi Elektronik dan/atau Dokumen Elektronik dan/atau hasil cetaknya merupakan alat bukti hukum yang sah."" - Dokumen ini telah ditandatangani secara elektronik menggunakansertifikat elektronikyang diterbitkanBSrE - 15 -",Pasal 10 ayat (5) huruf d,"elektronik, dokumen, inspeksi, stasiun, radio",
Perdirjen_3_2024,Perdirjen Nomor 3 Tahun 2024,Perdirjen,2024,3,BAB III,Pengawasan,Bagian Kedua,,10,6,,,Ketentuan,Kegiatan monitoring Spektrum Frekuensi Radio sebagaimana dimaksud pada ayat (5) dilakukan untuk memastikan:,Pasal 10 ayat (6),"kegiatan, monitoring, spektrum, frekuensi, radio",
Perdirjen_3_2024,Perdirjen Nomor 3 Tahun 2024,Perdirjen,2024,3,BAB III,Pengawasan,Bagian Kedua,,10,6,a,,Ketentuan,penggunaan Spektrum Frekuensi Radio sesuai dengan perizinan berusaha atau persetujuan yang diberikan;,Pasal 10 ayat (6) huruf a,"penggunaan, spektrum, frekuensi, radio, perizinan",
Perdirjen_3_2024,Perdirjen Nomor 3 Tahun 2024,Perdirjen,2024,3,BAB III,Pengawasan,Bagian Kedua,,10,6,b,,Ketentuan,penggunaan Spektrum Frekuensi Radio tidak menimbulkan gangguan yang merugikan terhadap pengguna Spektrum Frekuensi Radio lainnya; dan/atau,Pasal 10 ayat (6) huruf b,"spektrum, frekuensi, radio, penggunaan, menimbulkan",
Perdirjen_3_2024,Perdirjen Nomor 3 Tahun 2024,Perdirjen,2024,3,BAB III,Pengawasan,Bagian Kedua,,10,6,c,,Ketentuan,penggunaan sinyal identifikasi atau identitas stasiun radio pada setiap pemancaran Spektrum Frekuensi Radio untuk dinas radio komunikasi tertentu.,Pasal 10 ayat (6) huruf c,"radio, penggunaan, sinyal, identifikasi, identitas",
Perdirjen_3_2024,Perdirjen Nomor 3 Tahun 2024,Perdirjen,2024,3,BAB III,Pengawasan,Bagian Kedua,,10,7,,,Ketentuan,Tata cara pelaksanaan monitoring Spektrum Frekuensi Radio sebagaimana dimaksud pada ayat (5) berdasarkan ketentuan dalam Peraturan Direktur Jenderal Sumber Daya dan Perangkat Pos dan Informatika terkait monitoring dan penanganan gangguan Spektrum Frekuensi Radio.,Pasal 10 ayat (7),"monitoring, spektrum, frekuensi, radio, tata",
Perdirjen_3_2024,Perdirjen Nomor 3 Tahun 2024,Perdirjen,2024,3,BAB III,Pengawasan,Bagian Ketiga,,11,,,,Ketentuan,Pengawasan Alat Telekomunikasi dan/atau Perangkat Telekomunikasi sebagaimana dimaksud dalam Pasal 5 huruf b bertujuan:,Pasal 11,"telekomunikasi, pengawasan, alat, perangkat, bertujuan",
Perdirjen_3_2024,Perdirjen Nomor 3 Tahun 2024,Perdirjen,2024,3,BAB III,Pengawasan,Bagian Ketiga,,11,,a,,Ketentuan,memastikan terpenuhinya standar teknis Alat Telekomunikasi dan/atau Perangkat Telekomunikasi; dan,Pasal 11 huruf a,"telekomunikasi, memastikan, terpenuhinya, standar, teknis",
Perdirjen_3_2024,Perdirjen Nomor 3 Tahun 2024,Perdirjen,2024,3,BAB III,Pengawasan,Bagian Ketiga,,11,,b,,Ketentuan,memastikan kesesuaian sertifikat dan label Alat Telekomunikasi dan/atau Perangkat Telekomunikasi.,Pasal 11 huruf b,"telekomunikasi, memastikan, kesesuaian, sertifikat, label",
Perdirjen_3_2024,Perdirjen Nomor 3 Tahun 2024,Perdirjen,2024,3,BAB III,Pengawasan,Bagian Ketiga,,12,1,,,Ketentuan,"Pengawasan Alat Telekomunikasi dan/atau Perangkat Telekomunikasi sebagaimana dimaksud dalam Pasal 11 meliputi: Catatan : - UU ITE No 11 Tahun 2008 Pasal 5 ayat 1 ""Informasi Elektronik dan/atau Dokumen Elektronik dan/atau hasil cetaknya merupakan alat bukti hukum yang sah."" - Dokumen ini telah ditandatangani secara elektronik menggunakansertifikat elektronikyang diterbitkanBSrE - 16 -",Pasal 12 ayat (1),"elektronik, alat, telekomunikasi, dokumen, pengawasan",
Perdirjen_3_2024,Perdirjen Nomor 3 Tahun 2024,Perdirjen,2024,3,BAB III,Pengawasan,Bagian Ketiga,,12,1,a,,Ketentuan,pengawasan Alat Telekomunikasi dan/atau Perangkat Telekomunikasi di dalam kawasan pabean; dan,Pasal 12 ayat (1) huruf a,"telekomunikasi, pengawasan, alat, perangkat, kawasan",
Perdirjen_3_2024,Perdirjen Nomor 3 Tahun 2024,Perdirjen,2024,3,BAB III,Pengawasan,Bagian Ketiga,,12,1,b,,Ketentuan,pengawasan Alat Telekomunikasi dan/atau Perangkat Telekomunikasi di luar kawasan pabean.,Pasal 12 ayat (1) huruf b,"telekomunikasi, pengawasan, alat, perangkat, luar",
Perdirjen_3_2024,Perdirjen Nomor 3 Tahun 2024,Perdirjen,2024,3,BAB III,Pengawasan,Bagian Ketiga,,12,2,,,Ketentuan,Pengawasan Alat Telekomunikasi dan/atau Perangkat Telekomunikasi di dalam kawasan pabean sebagaimana dimaksud pada ayat (1) huruf a dilaksanakan oleh Menteri yang menyelenggarakan urusan pemerintahan di bidang keuangan sesuai dengan ketentuan peraturan perundang- undangan.,Pasal 12 ayat (2),"telekomunikasi, pengawasan, alat, perangkat, kawasan",Menteri
Perdirjen_3_2024,Perdirjen Nomor 3 Tahun 2024,Perdirjen,2024,3,BAB III,Pengawasan,Bagian Ketiga,,12,3,,,Ketentuan,Pengawasan Alat Telekomunikasi dan/atau Perangkat Telekomunikasi di luar kawasan pabean sebagaimana dimaksud pada ayat (1) huruf b dilaksanakan oleh Direktorat Jenderal.,Pasal 12 ayat (3),"telekomunikasi, pengawasan, alat, perangkat, luar",
Perdirjen_3_2024,Perdirjen Nomor 3 Tahun 2024,Perdirjen,2024,3,BAB III,Pengawasan,Bagian Ketiga,,12,4,,,Ketentuan,Pengawasan sebagaimana dimaksud pada ayat (3) dilaksanakan melalui:,Pasal 12 ayat (4),"pengawasan, dilaksanakan, melalui",
Perdirjen_3_2024,Perdirjen Nomor 3 Tahun 2024,Perdirjen,2024,3,BAB III,Pengawasan,Bagian Ketiga,,12,4,a,,Ketentuan,pengawasan Alat Telekomunikasi dan/atau Perangkat Telekomunikasi berdasarkan data notifikasi dari sistem Indonesia National Single Window; dan/atau,Pasal 12 ayat (4) huruf a,"telekomunikasi, pengawasan, alat, perangkat, data",
Perdirjen_3_2024,Perdirjen Nomor 3 Tahun 2024,Perdirjen,2024,3,BAB III,Pengawasan,Bagian Ketiga,,12,4,b,,Ketentuan,pengawasan Alat Telekomunikasi dan/atau Perangkat Telekomunikasi yang telah diperdagangkan dan/atau digunakan di wilayah Negara Kesatuan Republik Indonesia.,Pasal 12 ayat (4) huruf b,"telekomunikasi, pengawasan, alat, perangkat, diperdagangkan",
Perdirjen_3_2024,Perdirjen Nomor 3 Tahun 2024,Perdirjen,2024,3,BAB III,Pengawasan,Bagian Ketiga,,12,5,,,Ketentuan,"Pengawasan Alat Telekomunikasi dan/atau Perangkat Telekomunikasi yang telah diperdagangkan sebagaimana dimaksud pada ayat (4) huruf b, meliputi perdagangan secara langsung maupun melalui sistem elektronik.",Pasal 12 ayat (5),"telekomunikasi, pengawasan, alat, perangkat, diperdagangkan",
Perdirjen_3_2024,Perdirjen Nomor 3 Tahun 2024,Perdirjen,2024,3,BAB III,Pengawasan,Bagian Ketiga,,13,1,,,Ketentuan,"Pengawasan Alat Telekomunikasi dan/atau Perangkat Telekomunikasi berdasarkan data notifikasi dari sistem Indonesia National Single Window sebagaimana dimaksud dalam Pasal 12 ayat (4) huruf a dilaksanakan oleh Direktorat. Catatan : - UU ITE No 11 Tahun 2008 Pasal 5 ayat 1 ""Informasi Elektronik dan/atau Dokumen Elektronik dan/atau hasil cetaknya merupakan alat bukti hukum yang sah."" - Dokumen ini telah ditandatangani secara elektronik menggunakansertifikat elektronikyang diterbitkanBSrE - 17 -",Pasal 13 ayat (1),"elektronik, alat, telekomunikasi, dokumen, pengawasan",
Perdirjen_3_2024,Perdirjen Nomor 3 Tahun 2024,Perdirjen,2024,3,BAB III,Pengawasan,Bagian Ketiga,,13,2,,,Ketentuan,Pengawasan Alat Telekomunikasi dan/atau Perangkat Telekomunikasi sebagaimana dimaksud pada ayat (1) dilaksanakan melalui:,Pasal 13 ayat (2),"telekomunikasi, pengawasan, alat, perangkat, dilaksanakan",
Perdirjen_3_2024,Perdirjen Nomor 3 Tahun 2024,Perdirjen,2024,3,BAB III,Pengawasan,Bagian Ketiga,,13,2,a,,Ketentuan,identifikasi Alat Telekomunikasi dan/atau Perangkat Telekomunikasi; dan,Pasal 13 ayat (2) huruf a,"telekomunikasi, identifikasi, alat, perangkat",
Perdirjen_3_2024,Perdirjen Nomor 3 Tahun 2024,Perdirjen,2024,3,BAB III,Pengawasan,Bagian Ketiga,,13,2,b,,Ketentuan,klarifikasi Alat Telekomunikasi dan/atau Perangkat Telekomunikasi.,Pasal 13 ayat (2) huruf b,"telekomunikasi, klarifikasi, alat, perangkat",
Perdirjen_3_2024,Perdirjen Nomor 3 Tahun 2024,Perdirjen,2024,3,BAB III,Pengawasan,Bagian Ketiga,,13,3,,,Ketentuan,Identifikasi sebagaimana dimaksud pada ayat (2) huruf a dilaksanakan dengan memeriksa kesesuaian uraian Alat Telekomunikasi dan/atau Perangkat Telekomunikasi dalam data Notifikasi sistem Indonesia National Single Window dengan data sertifikat Alat Telekomunikasi dan/atau Perangkat Telekomunikasi.,Pasal 13 ayat (3),"telekomunikasi, alat, perangkat, data, identifikasi",
Perdirjen_3_2024,Perdirjen Nomor 3 Tahun 2024,Perdirjen,2024,3,BAB III,Pengawasan,Bagian Ketiga,,13,4,,,Ketentuan,"Dalam hal ditemukenali adanya ketidaksesuaian data berdasarkan hasil identifikasi sebagaimana dimaksud pada ayat (3), dilakukan klarifikasi sebagaimana dimaksud pada ayat (2) huruf b dengan memeriksa kebenaran data dan/atau informasi secara langsung dengan pelaku usaha Importasi.",Pasal 13 ayat (4),"data, ditemukenali, adanya, ketidaksesuaian, hasil",Pelaku Usaha
Perdirjen_3_2024,Perdirjen Nomor 3 Tahun 2024,Perdirjen,2024,3,BAB III,Pengawasan,Bagian Ketiga,,13,5,,,Ketentuan,Klarifikasi sebagaimana dimaksud pada ayat (4) dapat dilakukan dengan:,Pasal 13 ayat (5),klarifikasi,
Perdirjen_3_2024,Perdirjen Nomor 3 Tahun 2024,Perdirjen,2024,3,BAB III,Pengawasan,Bagian Ketiga,,13,5,a,,Ketentuan,mengundang pelaku usaha Importasi dan/atau pemilik Alat Telekomunikasi dan/atau Perangkat Telekomunikasi; atau,Pasal 13 ayat (5) huruf a,"telekomunikasi, mengundang, pelaku, usaha, importasi",Pelaku Usaha
Perdirjen_3_2024,Perdirjen Nomor 3 Tahun 2024,Perdirjen,2024,3,BAB III,Pengawasan,Bagian Ketiga,,13,5,b,,Ketentuan,pemeriksaan secara langsung di lokasi.,Pasal 13 ayat (5) huruf b,"pemeriksaan, langsung, lokasi",
Perdirjen_3_2024,Perdirjen Nomor 3 Tahun 2024,Perdirjen,2024,3,BAB III,Pengawasan,Bagian Ketiga,,14,1,,,Ketentuan,Pengawasan Alat Telekomunikasi dan/atau Perangkat Telekomunikasi yang telah diperdagangkan dan/atau digunakan di wilayah Negara Kesatuan Republik Indonesia sebagaimana dimaksud dalam Pasal 12 ayat (4) huruf b dilaksanakan oleh Direktorat dan/atau UPT.,Pasal 14 ayat (1),"telekomunikasi, pengawasan, alat, perangkat, diperdagangkan",
Perdirjen_3_2024,Perdirjen Nomor 3 Tahun 2024,Perdirjen,2024,3,BAB III,Pengawasan,Bagian Ketiga,,14,2,,,Ketentuan,Pengawasan Alat Telekomunikasi dan/atau Perangkat Telekomunikasi sebagaimana dimaksud pada ayat (1) dilaksanakan melalui:,Pasal 14 ayat (2),"telekomunikasi, pengawasan, alat, perangkat, dilaksanakan",
Perdirjen_3_2024,Perdirjen Nomor 3 Tahun 2024,Perdirjen,2024,3,BAB III,Pengawasan,Bagian Ketiga,,14,2,a,,Ketentuan,"identifikasi Alat Telekomunikasi dan/atau Perangkat Telekomunikasi; dan Catatan : - UU ITE No 11 Tahun 2008 Pasal 5 ayat 1 ""Informasi Elektronik dan/atau Dokumen Elektronik dan/atau hasil cetaknya merupakan alat bukti hukum yang sah."" - Dokumen ini telah ditandatangani secara elektronik menggunakansertifikat elektronikyang diterbitkanBSrE - 18 -",Pasal 14 ayat (2) huruf a,"elektronik, alat, telekomunikasi, dokumen, identifikasi",
Perdirjen_3_2024,Perdirjen Nomor 3 Tahun 2024,Perdirjen,2024,3,BAB III,Pengawasan,Bagian Ketiga,,14,2,b,,Ketentuan,klarifikasi Alat Telekomunikasi dan/atau Perangkat Telekomunikasi.,Pasal 14 ayat (2) huruf b,"telekomunikasi, klarifikasi, alat, perangkat",
Perdirjen_3_2024,Perdirjen Nomor 3 Tahun 2024,Perdirjen,2024,3,BAB III,Pengawasan,Bagian Ketiga,,14,3,,,Ketentuan,Identifikasi sebagaimana dimaksud pada ayat (2) huruf a dilaksanakan dengan memeriksa kesesuaian uraian Alat Telekomunikasi dan/atau Perangkat Telekomunikasi dengan data sertifikat Alat Telekomunikasi dan/atau Perangkat Telekomunikasi.,Pasal 14 ayat (3),"telekomunikasi, alat, perangkat, identifikasi, dilaksanakan",
Perdirjen_3_2024,Perdirjen Nomor 3 Tahun 2024,Perdirjen,2024,3,BAB III,Pengawasan,Bagian Ketiga,,14,4,,,Ketentuan,Identifikasi sebagaimana mana dimaksud pada ayat (3) bertujuan untuk menemukenali:,Pasal 14 ayat (4),"identifikasi, mana, bertujuan, menemukenali",
Perdirjen_3_2024,Perdirjen Nomor 3 Tahun 2024,Perdirjen,2024,3,BAB III,Pengawasan,Bagian Ketiga,,14,4,a,,Ketentuan,jenis perangkat;,Pasal 14 ayat (4) huruf a,"jenis, perangkat",
Perdirjen_3_2024,Perdirjen Nomor 3 Tahun 2024,Perdirjen,2024,3,BAB III,Pengawasan,Bagian Ketiga,,14,4,b,,Ketentuan,merk/tipe perangkat; dan,Pasal 14 ayat (4) huruf b,"merk, tipe, perangkat",
Perdirjen_3_2024,Perdirjen Nomor 3 Tahun 2024,Perdirjen,2024,3,BAB III,Pengawasan,Bagian Ketiga,,14,4,c,,Ketentuan,nomor sertifikat.,Pasal 14 ayat (4) huruf c,"nomor, sertifikat",
Perdirjen_3_2024,Perdirjen Nomor 3 Tahun 2024,Perdirjen,2024,3,BAB III,Pengawasan,Bagian Ketiga,,14,5,,,Ketentuan,"Dalam hal ditemukenali adanya ketidaksesuaian data berdasarkan hasil identifikasi sebagaimana dimaksud pada ayat (4), dilakukan klarifikasi sebagaimana dimaksud pada ayat (2) huruf b dengan memeriksa kebenaran data dan/atau informasi secara langsung dengan Pelaku Usaha Alat Telekomunikasi dan/atau Perangkat Telekomunikasi.",Pasal 14 ayat (5),"data, telekomunikasi, ditemukenali, adanya, ketidaksesuaian",Pelaku Usaha
Perdirjen_3_2024,Perdirjen Nomor 3 Tahun 2024,Perdirjen,2024,3,BAB III,Pengawasan,Bagian Ketiga,,14,6,,,Ketentuan,Klarifikasi sebagaimana dimaksud pada ayat (5) dapat dilakukan dengan mengundang Pelaku Usaha Alat Telekomunikasi dan/atau Perangkat Telekomunikasi.,Pasal 14 ayat (6),"telekomunikasi, klarifikasi, mengundang, pelaku, usaha",Pelaku Usaha
Perdirjen_3_2024,Perdirjen Nomor 3 Tahun 2024,Perdirjen,2024,3,BAB III,Pengawasan,Bagian Ketiga,,14,7,,,Ketentuan,Hasil pengawasan Alat Telekomunikasi dan/atau Perangkat Telekomunikasi yang dilaksanakan oleh UPT dilaporkan kepada Direktur secara berkala.,Pasal 14 ayat (7),"telekomunikasi, hasil, pengawasan, alat, perangkat",
Perdirjen_3_2024,Perdirjen Nomor 3 Tahun 2024,Perdirjen,2024,3,BAB IV,Pengenaan Sanksi Administratif,,,15,1,,,Ketentuan,Dalam hal berdasarkan hasil pengawasan sebagaimana dimaksud dalam Pasal 5 ditemukenali pelanggaran terhadap:,Pasal 15 ayat (1),"hasil, pengawasan, ditemukenali, pelanggaran",
Perdirjen_3_2024,Perdirjen Nomor 3 Tahun 2024,Perdirjen,2024,3,BAB IV,Pengenaan Sanksi Administratif,,,15,1,a,,Kewajiban,"kewajiban penggunaan Spektrum Frekuensi Radio; dan/atau Catatan : - UU ITE No 11 Tahun 2008 Pasal 5 ayat 1 ""Informasi Elektronik dan/atau Dokumen Elektronik dan/atau hasil cetaknya merupakan alat bukti hukum yang sah."" - Dokumen ini telah ditandatangani secara elektronik menggunakansertifikat elektronikyang diterbitkanBSrE - 19 -",Pasal 15 ayat (1) huruf a,"elektronik, dokumen, kewajiban, penggunaan, spektrum",
Perdirjen_3_2024,Perdirjen Nomor 3 Tahun 2024,Perdirjen,2024,3,BAB IV,Pengenaan Sanksi Administratif,,,15,1,b,,Sanksi,"kewajiban Sertifikat Alat Telekomunikasi dan/atau Perangkat Telekomunikasi, dapat dikenakan sanksi administratif.",Pasal 15 ayat (1) huruf b,"telekomunikasi, kewajiban, sertifikat, alat, perangkat",
Perdirjen_3_2024,Perdirjen Nomor 3 Tahun 2024,Perdirjen,2024,3,BAB IV,Pengenaan Sanksi Administratif,,,15,2,,,Sanksi,Sanksi administratif pelanggaran terhadap kewajiban penggunaan Spektrum Frekuensi Radio sebagaimana dimaksud pada ayat (1) huruf a berupa:,Pasal 15 ayat (2),"sanksi, administratif, pelanggaran, kewajiban, penggunaan",
Perdirjen_3_2024,Perdirjen Nomor 3 Tahun 2024,Perdirjen,2024,3,BAB IV,Pengenaan Sanksi Administratif,,,15,2,a,,Sanksi,teguran tertulis;,Pasal 15 ayat (2) huruf a,"teguran, tertulis",
Perdirjen_3_2024,Perdirjen Nomor 3 Tahun 2024,Perdirjen,2024,3,BAB IV,Pengenaan Sanksi Administratif,,,15,2,b,,Sanksi,denda administratif;,Pasal 15 ayat (2) huruf b,"denda, administratif",
Perdirjen_3_2024,Perdirjen Nomor 3 Tahun 2024,Perdirjen,2024,3,BAB IV,Pengenaan Sanksi Administratif,,,15,2,c,,Ketentuan,penghentian sementara operasional;,Pasal 15 ayat (2) huruf c,"penghentian, sementara, operasional",
Perdirjen_3_2024,Perdirjen Nomor 3 Tahun 2024,Perdirjen,2024,3,BAB IV,Pengenaan Sanksi Administratif,,,15,2,d,,Ketentuan,pengenaan daya paksa polisional;,Pasal 15 ayat (2) huruf d,"pengenaan, daya, paksa, polisional",
Perdirjen_3_2024,Perdirjen Nomor 3 Tahun 2024,Perdirjen,2024,3,BAB IV,Pengenaan Sanksi Administratif,,,15,2,e,,Ketentuan,penghentian layanan Spektrum Frekuensi Radio;,Pasal 15 ayat (2) huruf e,"penghentian, layanan, spektrum, frekuensi, radio",
Perdirjen_3_2024,Perdirjen Nomor 3 Tahun 2024,Perdirjen,2024,3,BAB IV,Pengenaan Sanksi Administratif,,,15,2,f,,Ketentuan,pencabutan ISR; dan/atau,Pasal 15 ayat (2) huruf f,pencabutan,
Perdirjen_3_2024,Perdirjen Nomor 3 Tahun 2024,Perdirjen,2024,3,BAB IV,Pengenaan Sanksi Administratif,,,15,2,g,,Ketentuan,pencabutan IPFR.,Pasal 15 ayat (2) huruf g,"pencabutan, ipfr",
Perdirjen_3_2024,Perdirjen Nomor 3 Tahun 2024,Perdirjen,2024,3,BAB IV,Pengenaan Sanksi Administratif,,,15,3,,,Sanksi,Denda administratif sebagaimana dimaksud pada ayat (2) huruf b untuk pelanggaran penggunaan Spektrum Frekuensi Radio tanpa ISR yang:,Pasal 15 ayat (3),"denda, administratif, pelanggaran, penggunaan, spektrum",
Perdirjen_3_2024,Perdirjen Nomor 3 Tahun 2024,Perdirjen,2024,3,BAB IV,Pengenaan Sanksi Administratif,,,15,3,a,,Ketentuan,dilakukan oleh pelaku usaha yang sama;,Pasal 15 ayat (3) huruf a,"pelaku, usaha, sama",Pelaku Usaha
Perdirjen_3_2024,Perdirjen Nomor 3 Tahun 2024,Perdirjen,2024,3,BAB IV,Pengenaan Sanksi Administratif,,,15,3,b,,Ketentuan,pada dinas Spektrum Frekuensi Radio yang sama; dan,Pasal 15 ayat (3) huruf b,"dinas, spektrum, frekuensi, radio, sama",
Perdirjen_3_2024,Perdirjen Nomor 3 Tahun 2024,Perdirjen,2024,3,BAB IV,Pengenaan Sanksi Administratif,,,15,3,c,,Sanksi,"telah dikenai denda administratif pada zona yang sama maupun berbeda, dihitung menggunakan indeks pelanggaran berulang sesuai dengan ketentuan peraturan perundang-undangan.",Pasal 15 ayat (3) huruf c,"dikenai, denda, administratif, zona, sama",
Perdirjen_3_2024,Perdirjen Nomor 3 Tahun 2024,Perdirjen,2024,3,BAB IV,Pengenaan Sanksi Administratif,,,15,4,,,Sanksi,Sanksi administratif pelanggaran terhadap kewajiban sertifikat Alat Telekomunikasi dan/atau Perangkat Telekomunikasi sebagaimana dimaksud pada ayat (1) huruf b berupa:,Pasal 15 ayat (4),"telekomunikasi, sanksi, administratif, pelanggaran, kewajiban",
Perdirjen_3_2024,Perdirjen Nomor 3 Tahun 2024,Perdirjen,2024,3,BAB IV,Pengenaan Sanksi Administratif,,,15,4,a,,Sanksi,teguran tertulis;,Pasal 15 ayat (4) huruf a,"teguran, tertulis",
Perdirjen_3_2024,Perdirjen Nomor 3 Tahun 2024,Perdirjen,2024,3,BAB IV,Pengenaan Sanksi Administratif,,,15,4,b,,Sanksi,denda administratif;,Pasal 15 ayat (4) huruf b,"denda, administratif",
Perdirjen_3_2024,Perdirjen Nomor 3 Tahun 2024,Perdirjen,2024,3,BAB IV,Pengenaan Sanksi Administratif,,,15,4,c,,Ketentuan,pengenaan daya paksa polisional;,Pasal 15 ayat (4) huruf c,"pengenaan, daya, paksa, polisional",
Perdirjen_3_2024,Perdirjen Nomor 3 Tahun 2024,Perdirjen,2024,3,BAB IV,Pengenaan Sanksi Administratif,,,15,4,d,,Ketentuan,menarik kembali Alat Telekomunikasi dan/atau Perangkat Telekomunikasi;,Pasal 15 ayat (4) huruf d,"telekomunikasi, menarik, kembali, alat, perangkat",
Perdirjen_3_2024,Perdirjen Nomor 3 Tahun 2024,Perdirjen,2024,3,BAB IV,Pengenaan Sanksi Administratif,,,15,4,e,,Ketentuan,penghentian layanan sertifikat Alat Telekomunikasi dan/atau Perangkat Telekomunikasi; dan/atau,Pasal 15 ayat (4) huruf e,"telekomunikasi, penghentian, layanan, sertifikat, alat",
Perdirjen_3_2024,Perdirjen Nomor 3 Tahun 2024,Perdirjen,2024,3,BAB IV,Pengenaan Sanksi Administratif,,,15,4,f,,Ketentuan,"pencabutan sertifikat Alat Telekomunikasi dan/atau Perangkat Telekomunikasi. Catatan : - UU ITE No 11 Tahun 2008 Pasal 5 ayat 1 ""Informasi Elektronik dan/atau Dokumen Elektronik dan/atau hasil cetaknya merupakan alat bukti hukum yang sah."" - Dokumen ini telah ditandatangani secara elektronik menggunakansertifikat elektronikyang diterbitkanBSrE - 20 -",Pasal 15 ayat (4) huruf f,"elektronik, alat, telekomunikasi, dokumen, pencabutan",
Perdirjen_3_2024,Perdirjen Nomor 3 Tahun 2024,Perdirjen,2024,3,BAB IV,Pengenaan Sanksi Administratif,,,15,5,,,Sanksi,"Selain sanksi administratif sebagaimana dimaksud pada ayat (4), Direktur Pengendalian Sumber Daya dan Perangkat Pos dan Informatika dapat menerbitkan rekomendasi pemblokiran akses kepabeanan kepada Instansi yang berwenang menyelenggarakan urusan di bidang keuangan sesuai dengan ketentuan peraturan perundang-undangan.",Pasal 15 ayat (5),"selain, sanksi, administratif, direktur, pengendalian",Instansi
Perdirjen_3_2024,Perdirjen Nomor 3 Tahun 2024,Perdirjen,2024,3,BAB IV,Pengenaan Sanksi Administratif,,,15,6,,,Sanksi,Tata cara pengenaan sanksi administratif sebagaimana dimaksud pada ayat (1) terhadap setiap jenis pelanggaran penggunaan Spektrum Frekuensi Radio dan/atau Sertifikat Alat Telekomunikasi dan/atau Perangkat Telekomunikasi tercantum dalam Lampiran II yang merupakan bagian tidak terpisahkan dari Peraturan Direktur Jenderal ini.,Pasal 15 ayat (6),"telekomunikasi, tata, cara, pengenaan, sanksi",
Perdirjen_3_2024,Perdirjen Nomor 3 Tahun 2024,Perdirjen,2024,3,BAB V,Pengenaan Sanksi Pidana,Bagian Kesatu,,16,1,,,Sanksi,Setiap orang yang menggunakan Spektrum Frekuensi Radio tanpa dilengkapi izin penggunaan Spektrum Frekuensi Radio dapat dikenai sanksi pidana sesuai dengan ketentuan peraturan perundang-undangan.,Pasal 16 ayat (1),"spektrum, frekuensi, radio, setiap, orang",
Perdirjen_3_2024,Perdirjen Nomor 3 Tahun 2024,Perdirjen,2024,3,BAB V,Pengenaan Sanksi Pidana,Bagian Kesatu,,16,2,,,Sanksi,Sanksi pidana sebagaimana dimaksud pada ayat (1) dikenakan dalam hal jenis pelanggaran yang sama dilakukan paling sedikit 2 (dua) kali oleh orang yang sama.,Pasal 16 ayat (2),"sama, sanksi, pidana, dikenakan, jenis",
Perdirjen_3_2024,Perdirjen Nomor 3 Tahun 2024,Perdirjen,2024,3,BAB V,Pengenaan Sanksi Pidana,Bagian Kesatu,,16,3,,,Sanksi,Pelanggaran sebagaimana dimaksud pada ayat (2) harus telah dikenakan sanksi administratif.,Pasal 16 ayat (3),"pelanggaran, dikenakan, sanksi, administratif",
Perdirjen_3_2024,Perdirjen Nomor 3 Tahun 2024,Perdirjen,2024,3,BAB V,Pengenaan Sanksi Pidana,Bagian Kesatu,,16,4,,,Ketentuan,Jenis pelanggaran yang sama sebagaimana dimaksud pada ayat (2) merupakan pelanggaran penggunaan spektrum frekuensi radio pada:,Pasal 16 ayat (4),"pelanggaran, jenis, sama, penggunaan, spektrum",
Perdirjen_3_2024,Perdirjen Nomor 3 Tahun 2024,Perdirjen,2024,3,BAB V,Pengenaan Sanksi Pidana,Bagian Kesatu,,16,4,a,,Ketentuan,dinas Spektrum Frekuensi Radio yang sama; dan,Pasal 16 ayat (4) huruf a,"dinas, spektrum, frekuensi, radio, sama",
Perdirjen_3_2024,Perdirjen Nomor 3 Tahun 2024,Perdirjen,2024,3,BAB V,Pengenaan Sanksi Pidana,Bagian Kesatu,,16,4,b,,Ketentuan,"zona serta waktu yang sama maupun berbeda. Catatan : - UU ITE No 11 Tahun 2008 Pasal 5 ayat 1 ""Informasi Elektronik dan/atau Dokumen Elektronik dan/atau hasil cetaknya merupakan alat bukti hukum yang sah."" - Dokumen ini telah ditandatangani secara elektronik menggunakansertifikat elektronikyang diterbitkanBSrE - 21 -",Pasal 16 ayat (4) huruf b,"elektronik, dokumen, zona, waktu, sama",
Perdirjen_3_2024,Perdirjen Nomor 3 Tahun 2024,Perdirjen,2024,3,BAB V,Pengenaan Sanksi Pidana,Bagian Kesatu,,16,5,,,Sanksi,"Pengenaan sanksi pidana sebagaimana dimaksud pada ayat (2) berdasarkan hasil evaluasi antara Direktorat Jenderal, UPT, dan instansi terkait.",Pasal 16 ayat (5),"pengenaan, sanksi, pidana, hasil, evaluasi",Instansi
Perdirjen_3_2024,Perdirjen Nomor 3 Tahun 2024,Perdirjen,2024,3,BAB V,Pengenaan Sanksi Pidana,Bagian Kesatu,,16,6,,,Sanksi,"Dikecualikan dari ketentuan sebagaimana dimaksud pada ayat (2) dan ayat (3), sanksi pidana dikenakan terhadap pelanggaran penggunaan Spektrum Frekuensi Radio tanpa dilengkapi izin penggunaan Spektrum Frekuensi Radio secara langsung dalam hal penggunaan Spektrum Frekuensi Radio menyebabkan matinya seseorang.",Pasal 16 ayat (6),"penggunaan, spektrum, frekuensi, radio, dikecualikan",
Perdirjen_3_2024,Perdirjen Nomor 3 Tahun 2024,Perdirjen,2024,3,BAB V,Pengenaan Sanksi Pidana,Bagian Kesatu,,16,7,,,Sanksi,"Dalam hal penggunaan Spektrum Frekuensi Radio menimbulkan gangguan fisik dan elektromagnetik terhadap penyelenggaraan telekomunikasi, dikenai sanksi pidana sesuai dengan ketentuan peraturan perundang- undangan.",Pasal 16 ayat (7),"penggunaan, spektrum, frekuensi, radio, menimbulkan",
Perdirjen_3_2024,Perdirjen Nomor 3 Tahun 2024,Perdirjen,2024,3,BAB V,Pengenaan Sanksi Pidana,Bagian Kesatu,,17,1,,,Sanksi,"Setiap orang yang membuat, merakit, memasukan, memperdagangkan, dan/atau menggunakan Alat Telekomunikasi dan/atau Perangkat Telekomunikasi yang tidak sesuai standar teknis dapat dikenai sanksi pidana sesuai dengan ketentuan peraturan perundang- undangan.",Pasal 17 ayat (1),"telekomunikasi, setiap, orang, membuat, merakit",
Perdirjen_3_2024,Perdirjen Nomor 3 Tahun 2024,Perdirjen,2024,3,BAB V,Pengenaan Sanksi Pidana,Bagian Kesatu,,17,2,,,Sanksi,Sanksi pidana sebagaimana dimaksud pada ayat (1) dikenakan dalam hal jenis pelanggaran yang sama dilakukan paling sedikit 2 (dua) kali oleh orang yang sama.,Pasal 17 ayat (2),"sama, sanksi, pidana, dikenakan, jenis",
Perdirjen_3_2024,Perdirjen Nomor 3 Tahun 2024,Perdirjen,2024,3,BAB V,Pengenaan Sanksi Pidana,Bagian Kesatu,,17,3,,,Sanksi,Pelanggaran sebagaimana dimaksud pada ayat (2) harus telah dikenakan sanksi administratif.,Pasal 17 ayat (3),"pelanggaran, dikenakan, sanksi, administratif",
Perdirjen_3_2024,Perdirjen Nomor 3 Tahun 2024,Perdirjen,2024,3,BAB V,Pengenaan Sanksi Pidana,Bagian Kesatu,,17,4,,,Sanksi,"Pengenaan sanksi pidana sebagaimana dimaksud pada ayat (2) berdasarkan hasil evaluasi antara Direktorat Jenderal, UPT, dan Instansi Terkait.",Pasal 17 ayat (4),"pengenaan, sanksi, pidana, hasil, evaluasi",Instansi
Perdirjen_3_2024,Perdirjen Nomor 3 Tahun 2024,Perdirjen,2024,3,BAB V,Pengenaan Sanksi Pidana,Bagian Kesatu,,18,1,,,Ketentuan,"Pelanggaran yang memenuhi ketentuan sebagaimana dimaksud dalam Pasal 17 dilakukan Penindakan oleh UPT. Catatan : - UU ITE No 11 Tahun 2008 Pasal 5 ayat 1 ""Informasi Elektronik dan/atau Dokumen Elektronik dan/atau hasil cetaknya merupakan alat bukti hukum yang sah."" - Dokumen ini telah ditandatangani secara elektronik menggunakansertifikat elektronikyang diterbitkanBSrE - 22 -",Pasal 18 ayat (1),"elektronik, dokumen, pelanggaran, memenuhi, penindakan",
Perdirjen_3_2024,Perdirjen Nomor 3 Tahun 2024,Perdirjen,2024,3,BAB V,Pengenaan Sanksi Pidana,Bagian Kesatu,,18,2,,,Ketentuan,Dalam hal pelanggaran sebagaimana dimaksud pada ayat,Pasal 18 ayat (2),pelanggaran,
Perdirjen_3_2024,Perdirjen Nomor 3 Tahun 2024,Perdirjen,2024,3,BAB V,Pengenaan Sanksi Pidana,Bagian Kesatu,,18,1,,,Ketentuan,"dilakukan dalam skala nasional atau yang melibatkan 2 (dua) atau lebih wilayah kerja UPT, Penindakan dilaksanakan oleh Direktorat.",Pasal 18 ayat (1),"skala, nasional, melibatkan, lebih, wilayah",
Perdirjen_3_2024,Perdirjen Nomor 3 Tahun 2024,Perdirjen,2024,3,BAB V,Pengenaan Sanksi Pidana,Bagian Kesatu,,18,3,,,Ketentuan,Penindakan sebagaimana dimaksud pada ayat (1) dan ayat,Pasal 18 ayat (3),penindakan,
Perdirjen_3_2024,Perdirjen Nomor 3 Tahun 2024,Perdirjen,2024,3,BAB V,Pengenaan Sanksi Pidana,Bagian Kesatu,,18,2,,,Ketentuan,dilaksanakan melalui tahapan:,Pasal 18 ayat (2),"dilaksanakan, melalui, tahapan",
Perdirjen_3_2024,Perdirjen Nomor 3 Tahun 2024,Perdirjen,2024,3,BAB V,Pengenaan Sanksi Pidana,Bagian Kesatu,,18,2,a,,Ketentuan,perencanaan Penindakan;,Pasal 18 ayat (2) huruf a,"perencanaan, penindakan",
Perdirjen_3_2024,Perdirjen Nomor 3 Tahun 2024,Perdirjen,2024,3,BAB V,Pengenaan Sanksi Pidana,Bagian Kesatu,,18,2,b,,Ketentuan,persiapan Penindakan; dan,Pasal 18 ayat (2) huruf b,"persiapan, penindakan",
Perdirjen_3_2024,Perdirjen Nomor 3 Tahun 2024,Perdirjen,2024,3,BAB V,Pengenaan Sanksi Pidana,Bagian Kesatu,,18,2,c,,Ketentuan,pelaksanaan Penindakan.,Pasal 18 ayat (2) huruf c,"pelaksanaan, penindakan",
Perdirjen_3_2024,Perdirjen Nomor 3 Tahun 2024,Perdirjen,2024,3,BAB V,Pengenaan Sanksi Pidana,Bagian Kedua,,19,1,,,Ketentuan,Perencanaan Penindakan sebagaimana dimaksud dalam Pasal 18 ayat (3) huruf a disusun dengan menentukan:,Pasal 19 ayat (1),"perencanaan, penindakan, disusun, menentukan",
Perdirjen_3_2024,Perdirjen Nomor 3 Tahun 2024,Perdirjen,2024,3,BAB V,Pengenaan Sanksi Pidana,Bagian Kedua,,19,1,a,,Ketentuan,sumber daya yang dilibatkan;,Pasal 19 ayat (1) huruf a,"sumber, daya, dilibatkan",
Perdirjen_3_2024,Perdirjen Nomor 3 Tahun 2024,Perdirjen,2024,3,BAB V,Pengenaan Sanksi Pidana,Bagian Kedua,,19,1,b,,Ketentuan,sasaran Penindakan;,Pasal 19 ayat (1) huruf b,"sasaran, penindakan",
Perdirjen_3_2024,Perdirjen Nomor 3 Tahun 2024,Perdirjen,2024,3,BAB V,Pengenaan Sanksi Pidana,Bagian Kedua,,19,1,c,,Ketentuan,cara bertindak;,Pasal 19 ayat (1) huruf c,"cara, bertindak",
Perdirjen_3_2024,Perdirjen Nomor 3 Tahun 2024,Perdirjen,2024,3,BAB V,Pengenaan Sanksi Pidana,Bagian Kedua,,19,1,d,,Ketentuan,waktu pelaksanaan Penindakan; dan,Pasal 19 ayat (1) huruf d,"waktu, pelaksanaan, penindakan",
Perdirjen_3_2024,Perdirjen Nomor 3 Tahun 2024,Perdirjen,2024,3,BAB V,Pengenaan Sanksi Pidana,Bagian Kedua,,19,1,e,,Ketentuan,pengendalian perencanaan Penindakan.,Pasal 19 ayat (1) huruf e,"pengendalian, perencanaan, penindakan",
Perdirjen_3_2024,Perdirjen Nomor 3 Tahun 2024,Perdirjen,2024,3,BAB V,Pengenaan Sanksi Pidana,Bagian Kedua,,19,2,,,Ketentuan,Perencanaan Penindakan sebagaimana dimaksud pada ayat (1) dilaksanakan oleh:,Pasal 19 ayat (2),"perencanaan, penindakan, dilaksanakan",
Perdirjen_3_2024,Perdirjen Nomor 3 Tahun 2024,Perdirjen,2024,3,BAB V,Pengenaan Sanksi Pidana,Bagian Kedua,,19,2,a,,Ketentuan,"Direktur, dan dilaporkan kepada Direktur Jenderal; atau",Pasal 19 ayat (2) huruf a,"direktur, dilaporkan, kepada, jenderal",
Perdirjen_3_2024,Perdirjen Nomor 3 Tahun 2024,Perdirjen,2024,3,BAB V,Pengenaan Sanksi Pidana,Bagian Kedua,,19,2,b,,Ketentuan,"Kepala UPT, dan dilaporkan kepada Direktur.",Pasal 19 ayat (2) huruf b,"kepala, dilaporkan, kepada, direktur",
Perdirjen_3_2024,Perdirjen Nomor 3 Tahun 2024,Perdirjen,2024,3,BAB V,Pengenaan Sanksi Pidana,Bagian Kedua,,20,1,,,Ketentuan,"Penentuan sumber daya yang dilibatkan sebagaimana dimaksud dalam Pasal 19 ayat (1) huruf a, meliputi:",Pasal 20 ayat (1),"penentuan, sumber, daya, dilibatkan, meliputi",
Perdirjen_3_2024,Perdirjen Nomor 3 Tahun 2024,Perdirjen,2024,3,BAB V,Pengenaan Sanksi Pidana,Bagian Kedua,,20,1,a,,Ketentuan,sumber daya manusia;,Pasal 20 ayat (1) huruf a,"sumber, daya, manusia",
Perdirjen_3_2024,Perdirjen Nomor 3 Tahun 2024,Perdirjen,2024,3,BAB V,Pengenaan Sanksi Pidana,Bagian Kedua,,20,1,b,,Ketentuan,sarana dan prasarana; dan,Pasal 20 ayat (1) huruf b,"sarana, prasarana",
Perdirjen_3_2024,Perdirjen Nomor 3 Tahun 2024,Perdirjen,2024,3,BAB V,Pengenaan Sanksi Pidana,Bagian Kedua,,20,1,c,,Ketentuan,anggaran yang diperlukan.,Pasal 20 ayat (1) huruf c,"anggaran, diperlukan",
Perdirjen_3_2024,Perdirjen Nomor 3 Tahun 2024,Perdirjen,2024,3,BAB V,Pengenaan Sanksi Pidana,Bagian Kedua,,20,2,,,Ketentuan,Sumber daya manusia sebagaimana dimaksud pada ayat,Pasal 20 ayat (2),"sumber, daya, manusia",
Perdirjen_3_2024,Perdirjen Nomor 3 Tahun 2024,Perdirjen,2024,3,BAB V,Pengenaan Sanksi Pidana,Bagian Kedua,,20,1,,,Ketentuan,"huruf a yang terlibat dalam kegiatan Penindakan ditetapkan sebagai tim Penindakan. Catatan : - UU ITE No 11 Tahun 2008 Pasal 5 ayat 1 ""Informasi Elektronik dan/atau Dokumen Elektronik dan/atau hasil cetaknya merupakan alat bukti hukum yang sah."" - Dokumen ini telah ditandatangani secara elektronik menggunakansertifikat elektronikyang diterbitkanBSrE - 23 -",Pasal 20 ayat (1),"elektronik, penindakan, dokumen, terlibat, kegiatan",
Perdirjen_3_2024,Perdirjen Nomor 3 Tahun 2024,Perdirjen,2024,3,BAB V,Pengenaan Sanksi Pidana,Bagian Kedua,,20,3,,,Ketentuan,Tim Penindakan sebagaimana dimaksud pada ayat (2) dibentuk oleh:,Pasal 20 ayat (3),"penindakan, dibentuk",
Perdirjen_3_2024,Perdirjen Nomor 3 Tahun 2024,Perdirjen,2024,3,BAB V,Pengenaan Sanksi Pidana,Bagian Kedua,,20,3,a,,Ketentuan,Direktur atas nama Direktur Jenderal untuk Penindakan skala nasional atau Penindakan yang melibatkan 2 (dua) atau lebih wilayah kerja UPT; dan,Pasal 20 ayat (3) huruf a,"direktur, penindakan, nama, jenderal, skala",
Perdirjen_3_2024,Perdirjen Nomor 3 Tahun 2024,Perdirjen,2024,3,BAB V,Pengenaan Sanksi Pidana,Bagian Kedua,,20,3,b,,Ketentuan,Kepala UPT untuk Penindakan di wilayah kerja UPT.,Pasal 20 ayat (3) huruf b,"kepala, penindakan, wilayah, kerja",
Perdirjen_3_2024,Perdirjen Nomor 3 Tahun 2024,Perdirjen,2024,3,BAB V,Pengenaan Sanksi Pidana,Bagian Kedua,,20,4,,,Ketentuan,Tim Penindakan yang dibentuk oleh Direktur atas nama Direktur Jenderal sebagaimana dimaksud pada ayat (3) huruf a terdiri dari:,Pasal 20 ayat (4),"direktur, penindakan, dibentuk, nama, jenderal",
Perdirjen_3_2024,Perdirjen Nomor 3 Tahun 2024,Perdirjen,2024,3,BAB V,Pengenaan Sanksi Pidana,Bagian Kedua,,20,4,a,,Ketentuan,Aparatur Sipil Negara Direktorat Jenderal dan/atau UPT yang meliputi unsur teknis dan unsur administrasi;,Pasal 20 ayat (4) huruf a,"unsur, aparatur, sipil, negara, direktorat",
Perdirjen_3_2024,Perdirjen Nomor 3 Tahun 2024,Perdirjen,2024,3,BAB V,Pengenaan Sanksi Pidana,Bagian Kedua,,20,4,b,,Ketentuan,PPNS Direktorat Jenderal dan/atau UPT;,Pasal 20 ayat (4) huruf b,"ppns, direktorat, jenderal",
Perdirjen_3_2024,Perdirjen Nomor 3 Tahun 2024,Perdirjen,2024,3,BAB V,Pengenaan Sanksi Pidana,Bagian Kedua,,20,4,c,,Ketentuan,Biro Korwas PPNS; dan/atau,Pasal 20 ayat (4) huruf c,"biro, korwas, ppns",
Perdirjen_3_2024,Perdirjen Nomor 3 Tahun 2024,Perdirjen,2024,3,BAB V,Pengenaan Sanksi Pidana,Bagian Kedua,,20,4,d,,Ketentuan,Instansi Terkait.,Pasal 20 ayat (4) huruf d,"instansi, terkait",Instansi
Perdirjen_3_2024,Perdirjen Nomor 3 Tahun 2024,Perdirjen,2024,3,BAB V,Pengenaan Sanksi Pidana,Bagian Kedua,,20,5,,,Ketentuan,Tim Penindakan yang dibentuk oleh Kepala UPT sebagaimana dimaksud pada ayat (3) huruf b terdiri dari:,Pasal 20 ayat (5),"penindakan, dibentuk, kepala, terdiri",
Perdirjen_3_2024,Perdirjen Nomor 3 Tahun 2024,Perdirjen,2024,3,BAB V,Pengenaan Sanksi Pidana,Bagian Kedua,,20,5,a,,Ketentuan,Aparatur Sipil Negara UPT setempat yang meliputi unsur teknis dan unsur administrasi;,Pasal 20 ayat (5) huruf a,"unsur, aparatur, sipil, negara, setempat",
Perdirjen_3_2024,Perdirjen Nomor 3 Tahun 2024,Perdirjen,2024,3,BAB V,Pengenaan Sanksi Pidana,Bagian Kedua,,20,5,b,,Ketentuan,Korwas PPNS Ditreskrimsus Polda; dan/atau,Pasal 20 ayat (5) huruf b,"korwas, ppns, ditreskrimsus, polda",
Perdirjen_3_2024,Perdirjen Nomor 3 Tahun 2024,Perdirjen,2024,3,BAB V,Pengenaan Sanksi Pidana,Bagian Kedua,,20,5,c,,Ketentuan,Instansi Terkait.,Pasal 20 ayat (5) huruf c,"instansi, terkait",Instansi
Perdirjen_3_2024,Perdirjen Nomor 3 Tahun 2024,Perdirjen,2024,3,BAB V,Pengenaan Sanksi Pidana,Bagian Kedua,,20,6,,,Ketentuan,Unsur teknis sebagaimana dimaksud pada ayat (4) huruf a dan ayat (5) huruf a bertugas memberikan bantuan teknis sesuai keahlian yang dimiliki.,Pasal 20 ayat (6),"teknis, unsur, bertugas, memberikan, bantuan",
Perdirjen_3_2024,Perdirjen Nomor 3 Tahun 2024,Perdirjen,2024,3,BAB V,Pengenaan Sanksi Pidana,Bagian Kedua,,20,7,,,Ketentuan,Unsur administrasi sebagaimana dimaksud pada ayat (4) huruf a dan ayat (5) huruf a bertugas:,Pasal 20 ayat (7),"unsur, administrasi, bertugas",
Perdirjen_3_2024,Perdirjen Nomor 3 Tahun 2024,Perdirjen,2024,3,BAB V,Pengenaan Sanksi Pidana,Bagian Kedua,,20,7,a,,Ketentuan,mempersiapkan administrasi Penindakan; dan,Pasal 20 ayat (7) huruf a,"mempersiapkan, administrasi, penindakan",
Perdirjen_3_2024,Perdirjen Nomor 3 Tahun 2024,Perdirjen,2024,3,BAB V,Pengenaan Sanksi Pidana,Bagian Kedua,,20,7,b,,Ketentuan,membuat laporan hasil pelaksanaan Penindakan.,Pasal 20 ayat (7) huruf b,"membuat, laporan, hasil, pelaksanaan, penindakan",
Perdirjen_3_2024,Perdirjen Nomor 3 Tahun 2024,Perdirjen,2024,3,BAB V,Pengenaan Sanksi Pidana,Bagian Kedua,,20,8,,,Ketentuan,Instansi terkait sebagaimana dimaksud pada ayat (4) huruf c dan ayat (5) huruf c bertugas memberikan dukungan sesuai dengan tugas dan fungsinya.,Pasal 20 ayat (8),"instansi, terkait, bertugas, memberikan, dukungan",Instansi
Perdirjen_3_2024,Perdirjen Nomor 3 Tahun 2024,Perdirjen,2024,3,BAB V,Pengenaan Sanksi Pidana,Bagian Kedua,,21,1,,,Ketentuan,"Sasaran Penindakan sebagaimana dimaksud dalam Pasal Pasal 19 ayat (1) huruf b ditentukan berdasarkan Laporan Informasi. Catatan : - UU ITE No 11 Tahun 2008 Pasal 5 ayat 1 ""Informasi Elektronik dan/atau Dokumen Elektronik dan/atau hasil cetaknya merupakan alat bukti hukum yang sah."" - Dokumen ini telah ditandatangani secara elektronik menggunakansertifikat elektronikyang diterbitkanBSrE - 24 -",Pasal 21 ayat (1),"elektronik, informasi, dokumen, sasaran, penindakan",
Perdirjen_3_2024,Perdirjen Nomor 3 Tahun 2024,Perdirjen,2024,3,BAB V,Pengenaan Sanksi Pidana,Bagian Kedua,,21,2,,,Kewajiban,"Dalam menentukan sasaran Penindakan sebagaimana dimaksud pada ayat (1), tim Penindakan harus menetapkan:",Pasal 21 ayat (2),"penindakan, menentukan, sasaran, menetapkan",
Perdirjen_3_2024,Perdirjen Nomor 3 Tahun 2024,Perdirjen,2024,3,BAB V,Pengenaan Sanksi Pidana,Bagian Kedua,,21,2,a,,Sanksi,data Pelaku Usaha yang diduga melakukan tindak pidana;,Pasal 21 ayat (2) huruf a,"data, pelaku, usaha, diduga, melakukan",Pelaku Usaha
Perdirjen_3_2024,Perdirjen Nomor 3 Tahun 2024,Perdirjen,2024,3,BAB V,Pengenaan Sanksi Pidana,Bagian Kedua,,21,2,b,,Sanksi,jenis tindak pidana yang diduga terjadi; dan,Pasal 21 ayat (2) huruf b,"jenis, tindak, pidana, diduga, terjadi",
Perdirjen_3_2024,Perdirjen Nomor 3 Tahun 2024,Perdirjen,2024,3,BAB V,Pengenaan Sanksi Pidana,Bagian Kedua,,21,2,c,,Kewajiban,bukti-bukti yang harus dikumpulkan saat Wasmatlitrik.,Pasal 21 ayat (2) huruf c,"bukti, dikumpulkan, saat, wasmatlitrik",
Perdirjen_3_2024,Perdirjen Nomor 3 Tahun 2024,Perdirjen,2024,3,BAB V,Pengenaan Sanksi Pidana,Bagian Kedua,,22,1,,,Ketentuan,Cara bertindak sebagaimana dimaksud dalam Pasal 19 ayat (1) huruf c yaitu menentukan prosedur teknis dalam pelaksanaan kegiatan Penindakan penggunaan Spektrum Frekuensi Radio yang:,Pasal 22 ayat (1),"cara, bertindak, yaitu, menentukan, prosedur",
Perdirjen_3_2024,Perdirjen Nomor 3 Tahun 2024,Perdirjen,2024,3,BAB V,Pengenaan Sanksi Pidana,Bagian Kedua,,22,1,a,,Ketentuan,tidak berizin; atau,Pasal 22 ayat (1) huruf a,berizin,
Perdirjen_3_2024,Perdirjen Nomor 3 Tahun 2024,Perdirjen,2024,3,BAB V,Pengenaan Sanksi Pidana,Bagian Kedua,,22,1,b,,Ketentuan,berizin namun menyebabkan gangguan yang merugikan (harmful intereference).,Pasal 22 ayat (1) huruf b,"berizin, namun, menyebabkan, gangguan, merugikan",
Perdirjen_3_2024,Perdirjen Nomor 3 Tahun 2024,Perdirjen,2024,3,BAB V,Pengenaan Sanksi Pidana,Bagian Kedua,,22,2,,,Ketentuan,"Terhadap penggunaan Spektrum Frekuensi Radio yang tidak berizin sebagaimana dimaksud pada ayat (1) huruf a, tim Penindakan melakukan:",Pasal 22 ayat (2),"penggunaan, spektrum, frekuensi, radio, berizin",
Perdirjen_3_2024,Perdirjen Nomor 3 Tahun 2024,Perdirjen,2024,3,BAB V,Pengenaan Sanksi Pidana,Bagian Kedua,,22,2,a,,Ketentuan,penghentian pancaran Spektrum Frekuensi Radio;,Pasal 22 ayat (2) huruf a,"penghentian, pancaran, spektrum, frekuensi, radio",
Perdirjen_3_2024,Perdirjen Nomor 3 Tahun 2024,Perdirjen,2024,3,BAB V,Pengenaan Sanksi Pidana,Bagian Kedua,,22,2,b,,Ketentuan,Penyegelan Alat Telekomunikasi dan/atau Perangkat Telekomunikasi yang digunakan dalam pemancaran;,Pasal 22 ayat (2) huruf b,"telekomunikasi, penyegelan, alat, perangkat, digunakan",
Perdirjen_3_2024,Perdirjen Nomor 3 Tahun 2024,Perdirjen,2024,3,BAB V,Pengenaan Sanksi Pidana,Bagian Kedua,,22,2,c,,Ketentuan,pengamanan Alat Telekomunikasi dan/atau Perangkat Telekomunikasi yang digunakan dalam pemancaran; dan/atau,Pasal 22 ayat (2) huruf c,"telekomunikasi, pengamanan, alat, perangkat, digunakan",
Perdirjen_3_2024,Perdirjen Nomor 3 Tahun 2024,Perdirjen,2024,3,BAB V,Pengenaan Sanksi Pidana,Bagian Kedua,,22,2,d,,Ketentuan,"Penyitaan, dalam hal dipandang perlu.",Pasal 22 ayat (2) huruf d,"penyitaan, dipandang, perlu",
Perdirjen_3_2024,Perdirjen Nomor 3 Tahun 2024,Perdirjen,2024,3,BAB V,Pengenaan Sanksi Pidana,Bagian Kedua,,22,3,,,Ketentuan,Terhadap penggunaan Spektrum Frekuensi Radio yang berizin namun menyebabkan gangguan yang merugikan (harmful interference) sebagaimana dimaksud pada ayat,Pasal 22 ayat (3),"penggunaan, spektrum, frekuensi, radio, berizin",
Perdirjen_3_2024,Perdirjen Nomor 3 Tahun 2024,Perdirjen,2024,3,BAB V,Pengenaan Sanksi Pidana,Bagian Kedua,,22,1,,,Ketentuan,"huruf b, tim Penindakan melakukan penghentian pancaran Spektrum Frekuensi Radio.",Pasal 22 ayat (1),"penindakan, melakukan, penghentian, pancaran, spektrum",
Perdirjen_3_2024,Perdirjen Nomor 3 Tahun 2024,Perdirjen,2024,3,BAB V,Pengenaan Sanksi Pidana,Bagian Kedua,,22,4,,,Ketentuan,Gangguan yang merugikan (harmful interference) sebagaimana dimaksud pada ayat (3) merupakan pancaran dan radiasi yang:,Pasal 22 ayat (4),"gangguan, merugikan, harmful, interference, pancaran",
Perdirjen_3_2024,Perdirjen Nomor 3 Tahun 2024,Perdirjen,2024,3,BAB V,Pengenaan Sanksi Pidana,Bagian Kedua,,22,4,a,,Ketentuan,"membahayakan fungsi komunikasi radio navigasi atau frekuensi keselamatan; dan/atau Catatan : - UU ITE No 11 Tahun 2008 Pasal 5 ayat 1 ""Informasi Elektronik dan/atau Dokumen Elektronik dan/atau hasil cetaknya merupakan alat bukti hukum yang sah."" - Dokumen ini telah ditandatangani secara elektronik menggunakansertifikat elektronikyang diterbitkanBSrE - 25 -",Pasal 22 ayat (4) huruf a,"elektronik, dokumen, membahayakan, fungsi, komunikasi",
Perdirjen_3_2024,Perdirjen Nomor 3 Tahun 2024,Perdirjen,2024,3,BAB V,Pengenaan Sanksi Pidana,Bagian Kedua,,22,4,b,,Ketentuan,"secara siginifikan mengurangi, mengganggu atau secara berulang menyela operasional penggunaan Spektrum Frekuensi Radio dari pemegang izin penggunaan Spektrum Frekuensi Radio lain.",Pasal 22 ayat (4) huruf b,"penggunaan, spektrum, frekuensi, radio, siginifikan",
Perdirjen_3_2024,Perdirjen Nomor 3 Tahun 2024,Perdirjen,2024,3,BAB V,Pengenaan Sanksi Pidana,Bagian Kedua,,23,1,,,Ketentuan,Cara bertindak sebagaimana dimaksud dalam Pasal 19 ayat (1) huruf c yaitu menentukan prosedur teknis dalam pelaksanaan kegiatan Penindakan peredaran atau penggunaan Alat Telekomunikasi dan/atau Perangkat Telekomunikasi yang:,Pasal 23 ayat (1),"telekomunikasi, cara, bertindak, yaitu, menentukan",
Perdirjen_3_2024,Perdirjen Nomor 3 Tahun 2024,Perdirjen,2024,3,BAB V,Pengenaan Sanksi Pidana,Bagian Kedua,,23,1,a,,Ketentuan,tidak memenuhi standar teknis atau tidak bersertifikat; atau,Pasal 23 ayat (1) huruf a,"memenuhi, standar, teknis, bersertifikat",
Perdirjen_3_2024,Perdirjen Nomor 3 Tahun 2024,Perdirjen,2024,3,BAB V,Pengenaan Sanksi Pidana,Bagian Kedua,,23,1,b,,Ketentuan,bersertifikat namun Alat Telekomunikasi dan/atau Perangkat Telekomunikasi tidak sesuai spesifikasi teknis dalam sertifikat.,Pasal 23 ayat (1) huruf b,"telekomunikasi, bersertifikat, namun, alat, perangkat",
Perdirjen_3_2024,Perdirjen Nomor 3 Tahun 2024,Perdirjen,2024,3,BAB V,Pengenaan Sanksi Pidana,Bagian Kedua,,23,2,,,Ketentuan,Terhadap peredaran atau penggunaan Alat Telekomunikasi dan/atau Perangkat Telekomunikasi yang memenuhi ketentuan sebagaimana dimaksud pada ayat,Pasal 23 ayat (2),"telekomunikasi, peredaran, penggunaan, alat, perangkat",
Perdirjen_3_2024,Perdirjen Nomor 3 Tahun 2024,Perdirjen,2024,3,BAB V,Pengenaan Sanksi Pidana,Bagian Kedua,,23,1,,,Ketentuan,", tim Penindakan melakukan:",Pasal 23 ayat (1),"penindakan, melakukan",
Perdirjen_3_2024,Perdirjen Nomor 3 Tahun 2024,Perdirjen,2024,3,BAB V,Pengenaan Sanksi Pidana,Bagian Kedua,,23,1,a,,Ketentuan,Penyegelan Alat Telekomunikasi dan/atau Perangkat Telekomunikasi;,Pasal 23 ayat (1) huruf a,"telekomunikasi, penyegelan, alat, perangkat",
Perdirjen_3_2024,Perdirjen Nomor 3 Tahun 2024,Perdirjen,2024,3,BAB V,Pengenaan Sanksi Pidana,Bagian Kedua,,23,1,b,,Ketentuan,pengamanan Alat Telekomunikasi dan/atau Perangkat Telekomunikasi; dan/atau,Pasal 23 ayat (1) huruf b,"telekomunikasi, pengamanan, alat, perangkat",
Perdirjen_3_2024,Perdirjen Nomor 3 Tahun 2024,Perdirjen,2024,3,BAB V,Pengenaan Sanksi Pidana,Bagian Kedua,,23,1,c,,Ketentuan,"Penyitaan, dalam hal dipandang perlu.",Pasal 23 ayat (1) huruf c,"penyitaan, dipandang, perlu",
Perdirjen_3_2024,Perdirjen Nomor 3 Tahun 2024,Perdirjen,2024,3,BAB V,Pengenaan Sanksi Pidana,Bagian Kedua,,23,3,,,Ketentuan,Alat Telekomunikasi dan/atau Perangkat Telekomunikasi hasil Penindakan oleh Direktorat dapat dititipkan pada kantor UPT setempat.,Pasal 23 ayat (3),"telekomunikasi, alat, perangkat, hasil, penindakan",
Perdirjen_3_2024,Perdirjen Nomor 3 Tahun 2024,Perdirjen,2024,3,BAB V,Pengenaan Sanksi Pidana,Bagian Kedua,,24,1,,,Ketentuan,Waktu pelaksanaan Penindakan sebagaimana dimaksud dalam Pasal 19 ayat (1) huruf d merupakan acuan untuk pencantuman tanggal dalam sasaran Penindakan.,Pasal 24 ayat (1),"penindakan, waktu, pelaksanaan, acuan, pencantuman",
Perdirjen_3_2024,Perdirjen Nomor 3 Tahun 2024,Perdirjen,2024,3,BAB V,Pengenaan Sanksi Pidana,Bagian Kedua,,24,2,,,Ketentuan,"Waktu pelaksanakan Penindakan sebagaimana dimaksud pada ayat (1) bersifat rahasia. Catatan : - UU ITE No 11 Tahun 2008 Pasal 5 ayat 1 ""Informasi Elektronik dan/atau Dokumen Elektronik dan/atau hasil cetaknya merupakan alat bukti hukum yang sah."" - Dokumen ini telah ditandatangani secara elektronik menggunakansertifikat elektronikyang diterbitkanBSrE - 26 -",Pasal 24 ayat (2),"elektronik, dokumen, waktu, pelaksanakan, penindakan",
Perdirjen_3_2024,Perdirjen Nomor 3 Tahun 2024,Perdirjen,2024,3,BAB V,Pengenaan Sanksi Pidana,Bagian Kedua,,25,,,,Ketentuan,Pengendalian perencanaan Penindakan sebagaimana dimaksud dalam Pasal 19 ayat (1) huruf e meliputi:,Pasal 25,"pengendalian, perencanaan, penindakan, meliputi",
Perdirjen_3_2024,Perdirjen Nomor 3 Tahun 2024,Perdirjen,2024,3,BAB V,Pengenaan Sanksi Pidana,Bagian Kedua,,25,,a,,Ketentuan,penyiapan administrasi Penindakan; dan,Pasal 25 huruf a,"penyiapan, administrasi, penindakan",
Perdirjen_3_2024,Perdirjen Nomor 3 Tahun 2024,Perdirjen,2024,3,BAB V,Pengenaan Sanksi Pidana,Bagian Kedua,,25,,b,,Ketentuan,penyiapan buku kontrol Penindakan oleh tim Penindakan yang berisi antara lain:,Pasal 25 huruf b,"penindakan, penyiapan, buku, kontrol, berisi",
Perdirjen_3_2024,Perdirjen Nomor 3 Tahun 2024,Perdirjen,2024,3,BAB V,Pengenaan Sanksi Pidana,Bagian Kedua,,25,,b,1,Ketentuan,jadwal dan materi supervisi dan/atau asistensi;,Pasal 25 huruf b angka 1,"jadwal, materi, supervisi, asistensi",
Perdirjen_3_2024,Perdirjen Nomor 3 Tahun 2024,Perdirjen,2024,3,BAB V,Pengenaan Sanksi Pidana,Bagian Kedua,,25,,b,2,Ketentuan,"jadwal evaluasi kegiatan perencanaan, pengorganisasian dan pelaksanaan Penindakan; dan",Pasal 25 huruf b angka 2,"jadwal, evaluasi, kegiatan, perencanaan, pengorganisasian",
Perdirjen_3_2024,Perdirjen Nomor 3 Tahun 2024,Perdirjen,2024,3,BAB V,Pengenaan Sanksi Pidana,Bagian Kedua,,25,,b,3,Ketentuan,laporan pelaksanaan Penindakan dan data penyelesaian pelanggaran.,Pasal 25 huruf b angka 3,"laporan, pelaksanaan, penindakan, data, penyelesaian",
Perdirjen_3_2024,Perdirjen Nomor 3 Tahun 2024,Perdirjen,2024,3,BAB V,Pengenaan Sanksi Pidana,Bagian Ketiga,,26,1,,,Kewajiban,"Dalam persiapan Penindakan sebagaimana dimaksud dalam Pasal 18 ayat (3) huruf b, harus menyiapkan administrasi pelaksanaan Penindakan, antara lain:",Pasal 26 ayat (1),"penindakan, persiapan, menyiapkan, administrasi, pelaksanaan",
Perdirjen_3_2024,Perdirjen Nomor 3 Tahun 2024,Perdirjen,2024,3,BAB V,Pengenaan Sanksi Pidana,Bagian Ketiga,,26,1,a,,Ketentuan,data sasaran Penindakan;,Pasal 26 ayat (1) huruf a,"data, sasaran, penindakan",
Perdirjen_3_2024,Perdirjen Nomor 3 Tahun 2024,Perdirjen,2024,3,BAB V,Pengenaan Sanksi Pidana,Bagian Ketiga,,26,1,b,,Ketentuan,surat perintah tugas;,Pasal 26 ayat (1) huruf b,"surat, perintah, tugas",
Perdirjen_3_2024,Perdirjen Nomor 3 Tahun 2024,Perdirjen,2024,3,BAB V,Pengenaan Sanksi Pidana,Bagian Ketiga,,26,1,c,,Ketentuan,formulir berita acara; dan,Pasal 26 ayat (1) huruf c,"formulir, berita, acara",
Perdirjen_3_2024,Perdirjen Nomor 3 Tahun 2024,Perdirjen,2024,3,BAB V,Pengenaan Sanksi Pidana,Bagian Ketiga,,26,1,d,,Ketentuan,perlengkapan pendukung.,Pasal 26 ayat (1) huruf d,"perlengkapan, pendukung",
Perdirjen_3_2024,Perdirjen Nomor 3 Tahun 2024,Perdirjen,2024,3,BAB V,Pengenaan Sanksi Pidana,Bagian Ketiga,,26,2,,,Ketentuan,Data sasaran Penindakan sebagaimana dimaksud pada ayat (1) huruf a merupakan informasi lokasi yang diduga sebagai tempat dilakukannya pelanggaran dan/atau Pelaku Usaha yang diduga melakukan pelanggaran.,Pasal 26 ayat (2),"diduga, pelanggaran, data, sasaran, penindakan",Pelaku Usaha
Perdirjen_3_2024,Perdirjen Nomor 3 Tahun 2024,Perdirjen,2024,3,BAB V,Pengenaan Sanksi Pidana,Bagian Ketiga,,26,3,,,Ketentuan,Surat perintah tugas sebagaimana dimaksud pada ayat,Pasal 26 ayat (3),"surat, perintah, tugas",
Perdirjen_3_2024,Perdirjen Nomor 3 Tahun 2024,Perdirjen,2024,3,BAB V,Pengenaan Sanksi Pidana,Bagian Ketiga,,26,1,,,Ketentuan,huruf b ditandatangani oleh:,Pasal 26 ayat (1),ditandatangani,
Perdirjen_3_2024,Perdirjen Nomor 3 Tahun 2024,Perdirjen,2024,3,BAB V,Pengenaan Sanksi Pidana,Bagian Ketiga,,26,1,a,,Ketentuan,Direktur untuk kegiatan Penindakan skala nasional; atau,Pasal 26 ayat (1) huruf a,"direktur, kegiatan, penindakan, skala, nasional",
Perdirjen_3_2024,Perdirjen Nomor 3 Tahun 2024,Perdirjen,2024,3,BAB V,Pengenaan Sanksi Pidana,Bagian Ketiga,,26,1,b,,Ketentuan,"Kepala UPT untuk kegiatan Penindakan dilakukan di wilayah kerja UPT. Catatan : - UU ITE No 11 Tahun 2008 Pasal 5 ayat 1 ""Informasi Elektronik dan/atau Dokumen Elektronik dan/atau hasil cetaknya merupakan alat bukti hukum yang sah."" - Dokumen ini telah ditandatangani secara elektronik menggunakansertifikat elektronikyang diterbitkanBSrE - 27 -",Pasal 26 ayat (1) huruf b,"elektronik, dokumen, kepala, kegiatan, penindakan",
Perdirjen_3_2024,Perdirjen Nomor 3 Tahun 2024,Perdirjen,2024,3,BAB V,Pengenaan Sanksi Pidana,Bagian Ketiga,,26,4,,,Ketentuan,"Perlengkapan pendukung sebagaimana dimaksud pada ayat (1) huruf d, antara lain berupa:",Pasal 26 ayat (4),"perlengkapan, pendukung, berupa",
Perdirjen_3_2024,Perdirjen Nomor 3 Tahun 2024,Perdirjen,2024,3,BAB V,Pengenaan Sanksi Pidana,Bagian Ketiga,,26,4,a,,Ketentuan,label bukti dan pembungkus plastik;,Pasal 26 ayat (4) huruf a,"label, bukti, pembungkus, plastik",
Perdirjen_3_2024,Perdirjen Nomor 3 Tahun 2024,Perdirjen,2024,3,BAB V,Pengenaan Sanksi Pidana,Bagian Ketiga,,26,4,b,,Ketentuan,tang segel dan timah segel; dan,Pasal 26 ayat (4) huruf b,"segel, tang, timah",
Perdirjen_3_2024,Perdirjen Nomor 3 Tahun 2024,Perdirjen,2024,3,BAB V,Pengenaan Sanksi Pidana,Bagian Ketiga,,26,4,c,,Ketentuan,perlengkapan dokumentasi.,Pasal 26 ayat (4) huruf c,"perlengkapan, dokumentasi",
Perdirjen_3_2024,Perdirjen Nomor 3 Tahun 2024,Perdirjen,2024,3,BAB V,Pengenaan Sanksi Pidana,Bagian Ketiga,,26,5,,,Kewajiban,Perlengkapan pendukung sebagaimana dimaksud pada ayat (4) harus dibawa pada saat pelaksanaan penindakan.,Pasal 26 ayat (5),"perlengkapan, pendukung, dibawa, saat, pelaksanaan",
Perdirjen_3_2024,Perdirjen Nomor 3 Tahun 2024,Perdirjen,2024,3,BAB V,Pengenaan Sanksi Pidana,Bagian Keempat,,27,,,,Ketentuan,Pelaksanaan Penindakan sebagaimana dimaksud dalam Pasal 18 ayat (3) huruf c dilakukan untuk memastikan kebenaran hasil Laporan Informasi.,Pasal 27,"pelaksanaan, penindakan, memastikan, kebenaran, hasil",
Perdirjen_3_2024,Perdirjen Nomor 3 Tahun 2024,Perdirjen,2024,3,BAB V,Pengenaan Sanksi Pidana,Bagian Keempat,,28,,,,Kewajiban,"Sebelum melaksanakan Penindakan sebagaimana dimaksud dalam Pasal 27, tim Penindakan wajib melaporkan Persiapan Penindakan sebagaimana dimaksud dalam Pasal 26 ayat (1) kepada Direktur dan/atau Kepala UPT.",Pasal 28,"penindakan, sebelum, melaksanakan, wajib, melaporkan",
Perdirjen_3_2024,Perdirjen Nomor 3 Tahun 2024,Perdirjen,2024,3,BAB V,Pengenaan Sanksi Pidana,Bagian Keempat,,29,1,,,Ketentuan,Pelaksanaan Penindakan sebagaimana dimaksud dalam Pasal 27 dilakukan melalui Wasmatlitrik pada lokasi tempat terjadinya pelanggaran oleh tim Penindakan dengan ketentuan:,Pasal 29 ayat (1),"penindakan, pelaksanaan, melalui, wasmatlitrik, lokasi",
Perdirjen_3_2024,Perdirjen Nomor 3 Tahun 2024,Perdirjen,2024,3,BAB V,Pengenaan Sanksi Pidana,Bagian Keempat,,29,1,a,,Ketentuan,menunjukan surat perintah tugas sebagaimana dimaksud dalam Pasal 26 ayat (1) huruf b sebelum memasuki dan melakukan Wasmatlitrik pada lokasi tempat terjadinya pelanggaran; dan,Pasal 29 ayat (1) huruf a,"menunjukan, surat, perintah, tugas, sebelum",
Perdirjen_3_2024,Perdirjen Nomor 3 Tahun 2024,Perdirjen,2024,3,BAB V,Pengenaan Sanksi Pidana,Bagian Keempat,,29,1,b,,Ketentuan,"disaksikan oleh pemilik, pihak yang menguasai barang, dan/atau pejabat pemerintah di lingkungan setempat terjadinya pelanggaran.",Pasal 29 ayat (1) huruf b,"disaksikan, pemilik, pihak, menguasai, barang",Pemerintah
Perdirjen_3_2024,Perdirjen Nomor 3 Tahun 2024,Perdirjen,2024,3,BAB V,Pengenaan Sanksi Pidana,Bagian Keempat,,29,2,,,Ketentuan,"Dalam melakukan Wasmatlitrik pada lokasi pelanggaran sebagaimana dimaksud pada ayat (1) huruf a, tim Penindakan dapat: Catatan : - UU ITE No 11 Tahun 2008 Pasal 5 ayat 1 ""Informasi Elektronik dan/atau Dokumen Elektronik dan/atau hasil cetaknya merupakan alat bukti hukum yang sah."" - Dokumen ini telah ditandatangani secara elektronik menggunakansertifikat elektronikyang diterbitkanBSrE - 28 -",Pasal 29 ayat (2),"elektronik, dokumen, melakukan, wasmatlitrik, lokasi",
Perdirjen_3_2024,Perdirjen Nomor 3 Tahun 2024,Perdirjen,2024,3,BAB V,Pengenaan Sanksi Pidana,Bagian Keempat,,29,2,a,,Ketentuan,melakukan penghentian pancaran Spektrum Frekuensi Radio;,Pasal 29 ayat (2) huruf a,"melakukan, penghentian, pancaran, spektrum, frekuensi",
Perdirjen_3_2024,Perdirjen Nomor 3 Tahun 2024,Perdirjen,2024,3,BAB V,Pengenaan Sanksi Pidana,Bagian Keempat,,29,2,b,,Ketentuan,melakukan pengamanan Alat Telekomunikasi dan/atau Perangkat Telekomunikasi;,Pasal 29 ayat (2) huruf b,"telekomunikasi, melakukan, pengamanan, alat, perangkat",
Perdirjen_3_2024,Perdirjen Nomor 3 Tahun 2024,Perdirjen,2024,3,BAB V,Pengenaan Sanksi Pidana,Bagian Keempat,,29,2,c,,Ketentuan,melakukan Penyegelan; dan/atau,Pasal 29 ayat (2) huruf c,"melakukan, penyegelan",
Perdirjen_3_2024,Perdirjen Nomor 3 Tahun 2024,Perdirjen,2024,3,BAB V,Pengenaan Sanksi Pidana,Bagian Keempat,,29,2,d,,Ketentuan,meminta data/informasi dari pihak-pihak yang berada di lokasi pelanggaran.,Pasal 29 ayat (2) huruf d,"pihak, meminta, data, informasi, berada",
Perdirjen_3_2024,Perdirjen Nomor 3 Tahun 2024,Perdirjen,2024,3,BAB V,Pengenaan Sanksi Pidana,Bagian Keempat,,29,3,,,Ketentuan,"Dalam melakukan Wasmatlitrik di lokasi pelanggaran sebagaimana dimaksud pada ayat (1) huruf a, PPNS Direktorat Jenderal membuat:",Pasal 29 ayat (3),"melakukan, wasmatlitrik, lokasi, pelanggaran, ppns",
Perdirjen_3_2024,Perdirjen Nomor 3 Tahun 2024,Perdirjen,2024,3,BAB V,Pengenaan Sanksi Pidana,Bagian Keempat,,29,3,a,,Ketentuan,berita acara Pemeriksaan di TKP;,Pasal 29 ayat (3) huruf a,"berita, acara, pemeriksaan",
Perdirjen_3_2024,Perdirjen Nomor 3 Tahun 2024,Perdirjen,2024,3,BAB V,Pengenaan Sanksi Pidana,Bagian Keempat,,29,3,b,,Ketentuan,berita acara pengamanan barang;,Pasal 29 ayat (3) huruf b,"berita, acara, pengamanan, barang",
Perdirjen_3_2024,Perdirjen Nomor 3 Tahun 2024,Perdirjen,2024,3,BAB V,Pengenaan Sanksi Pidana,Bagian Keempat,,29,3,c,,Ketentuan,berita acara Penyegelan;,Pasal 29 ayat (3) huruf c,"berita, acara, penyegelan",
Perdirjen_3_2024,Perdirjen Nomor 3 Tahun 2024,Perdirjen,2024,3,BAB V,Pengenaan Sanksi Pidana,Bagian Keempat,,29,3,d,,Ketentuan,surat tanda penerimaan barang;,Pasal 29 ayat (3) huruf d,"surat, tanda, penerimaan, barang",
Perdirjen_3_2024,Perdirjen Nomor 3 Tahun 2024,Perdirjen,2024,3,BAB V,Pengenaan Sanksi Pidana,Bagian Keempat,,29,3,e,,Ketentuan,berita acara penitipan barang;,Pasal 29 ayat (3) huruf e,"berita, acara, penitipan, barang",
Perdirjen_3_2024,Perdirjen Nomor 3 Tahun 2024,Perdirjen,2024,3,BAB V,Pengenaan Sanksi Pidana,Bagian Keempat,,29,3,f,,Ketentuan,berita acara penolakan tanda tangan berita acara (jika diperlukan); dan/atau,Pasal 29 ayat (3) huruf f,"berita, acara, penolakan, tanda, tangan",
Perdirjen_3_2024,Perdirjen Nomor 3 Tahun 2024,Perdirjen,2024,3,BAB V,Pengenaan Sanksi Pidana,Bagian Keempat,,29,3,g,,Ketentuan,berita acara pengambilan keterangan.,Pasal 29 ayat (3) huruf g,"berita, acara, pengambilan, keterangan",
Perdirjen_3_2024,Perdirjen Nomor 3 Tahun 2024,Perdirjen,2024,3,BAB V,Pengenaan Sanksi Pidana,Bagian Keempat,,30,1,,,Ketentuan,Hasil pelaksanaan Penindakan sebagaimana dimaksud dalam Pasal 29 ayat (1) dilaporkan kepada Direktur dan/atau Kepala UPT dengan format laporan sebagaimana tercantum dalam Lampiran III yang merupakan bagian tidak terpisahkan dari Peraturan Direktur Jenderal ini.,Pasal 30 ayat (1),"direktur, hasil, pelaksanaan, penindakan, dilaporkan",
Perdirjen_3_2024,Perdirjen Nomor 3 Tahun 2024,Perdirjen,2024,3,BAB V,Pengenaan Sanksi Pidana,Bagian Keempat,,30,2,,,Ketentuan,Terhadap hasil pelaksanaan Penindakan sebagaimana dimaksud pada ayat (1) dilaksanakan Gelar Perkara dengan melibatkan Penyidik Polri/Korwas PPNS.,Pasal 30 ayat (2),"hasil, pelaksanaan, penindakan, dilaksanakan, gelar",
Perdirjen_3_2024,Perdirjen Nomor 3 Tahun 2024,Perdirjen,2024,3,BAB V,Pengenaan Sanksi Pidana,Bagian Keempat,,30,2,,,Sanksi,"Hasil Gelar Perkara sebagaimana dimaksud pada ayat (2) merupakan dasar untuk menentukan suatu perbuatan merupakan tindak pidana, pelanggaran administrasi, atau bukan pelanggaran.",Pasal 30 ayat (2),"pelanggaran, hasil, gelar, perkara, dasar",
Perdirjen_3_2024,Perdirjen Nomor 3 Tahun 2024,Perdirjen,2024,3,BAB V,Pengenaan Sanksi Pidana,Bagian Keempat,,30,3,,,Sanksi,"Terhadap pelanggaran yang ditetapkan sebagai tindak pidana, dilakukan tahapan Penyidikan oleh PPNS Direktorat Jenderal. Catatan : - UU ITE No 11 Tahun 2008 Pasal 5 ayat 1 ""Informasi Elektronik dan/atau Dokumen Elektronik dan/atau hasil cetaknya merupakan alat bukti hukum yang sah."" - Dokumen ini telah ditandatangani secara elektronik menggunakansertifikat elektronikyang diterbitkanBSrE - 29 -",Pasal 30 ayat (3),"elektronik, dokumen, pelanggaran, ditetapkan, tindak",
Perdirjen_3_2024,Perdirjen Nomor 3 Tahun 2024,Perdirjen,2024,3,BAB V,Pengenaan Sanksi Pidana,Bagian Keempat,,30,4,,,Sanksi,"Terhadap pelanggaran yang ditetapkan sebagai pelanggaran administrasi, dikenai sanksi administratif sebagaimana dimaksud dalam Pasal 13.",Pasal 30 ayat (4),"pelanggaran, ditetapkan, administrasi, dikenai, sanksi",
Perdirjen_3_2024,Perdirjen Nomor 3 Tahun 2024,Perdirjen,2024,3,BAB V,Pengenaan Sanksi Pidana,Bagian Keempat,,30,5,,,Ketentuan,Hasil Gelar Perkara sebagaimana dimaksud pada ayat (2) dilaporkan kepada Direktur dengan format sebagaimana tercantum dalam Lampiran IV yang merupakan bagian tidak terpisahkan dari Peraturan Direktur Jenderal ini.,Pasal 30 ayat (5),"direktur, hasil, gelar, perkara, dilaporkan",
Perdirjen_3_2024,Perdirjen Nomor 3 Tahun 2024,Perdirjen,2024,3,BAB V,Pengenaan Sanksi Pidana,Bagian Kelima,,31,1,,,Ketentuan,Penyidikan yang dilakukan oleh PPNS Direktorat Jenderal sebagaimana dimaksud dalam Pasal 30 ayat (3) berdasarkan Laporan Kejadian.,Pasal 31 ayat (1),"penyidikan, ppns, direktorat, jenderal, laporan",
Perdirjen_3_2024,Perdirjen Nomor 3 Tahun 2024,Perdirjen,2024,3,BAB V,Pengenaan Sanksi Pidana,Bagian Kelima,,31,2,,,Ketentuan,"Berdasarkan Laporan Kejadian sebagaimana dimaksud pada ayat (1), Atasan PPNS Direktorat Jenderal:",Pasal 31 ayat (2),"laporan, kejadian, atasan, ppns, direktorat",
Perdirjen_3_2024,Perdirjen Nomor 3 Tahun 2024,Perdirjen,2024,3,BAB V,Pengenaan Sanksi Pidana,Bagian Kelima,,31,2,a,,Ketentuan,melaporkan kepada Direktur; dan,Pasal 31 ayat (2) huruf a,"melaporkan, kepada, direktur",
Perdirjen_3_2024,Perdirjen Nomor 3 Tahun 2024,Perdirjen,2024,3,BAB V,Pengenaan Sanksi Pidana,Bagian Kelima,,31,2,b,,Ketentuan,menerbitkan surat perintah Penyidikan dan surat perintah tugas.,Pasal 31 ayat (2) huruf b,"surat, perintah, menerbitkan, penyidikan, tugas",
Perdirjen_3_2024,Perdirjen Nomor 3 Tahun 2024,Perdirjen,2024,3,BAB V,Pengenaan Sanksi Pidana,Bagian Kelima,,31,3,,,Ketentuan,"Sebelum menerbitkan surat perintah Penyidikan sebagaimana dimaksud pada ayat (2) huruf b, PPNS Direktorat Jenderal berkoordinasi dengan Penyidik Polri/Korwas PPNS.",Pasal 31 ayat (3),"ppns, sebelum, menerbitkan, surat, perintah",
Perdirjen_3_2024,Perdirjen Nomor 3 Tahun 2024,Perdirjen,2024,3,BAB V,Pengenaan Sanksi Pidana,Bagian Kelima,,31,4,,,Ketentuan,"Berdasarkan surat perintah Penyidikan sebagaimana dimaksud pada ayat (2) huruf b, PPNS Direktorat Jenderal menerbitkan SPDP yang ditandatangani oleh:",Pasal 31 ayat (4),"surat, perintah, penyidikan, ppns, direktorat",
Perdirjen_3_2024,Perdirjen Nomor 3 Tahun 2024,Perdirjen,2024,3,BAB V,Pengenaan Sanksi Pidana,Bagian Kelima,,31,4,a,,Ketentuan,Atasan PPNS Direktorat Jenderal selaku penyidik; atau,Pasal 31 ayat (4) huruf a,"atasan, ppns, direktorat, jenderal, selaku",
Perdirjen_3_2024,Perdirjen Nomor 3 Tahun 2024,Perdirjen,2024,3,BAB V,Pengenaan Sanksi Pidana,Bagian Kelima,,31,4,b,,Ketentuan,PPNS Direktorat Jenderal diketahui oleh Atasan PPNS Direktorat Jenderal dalam hal Atasan PPNS Direktorat Jenderal bukan penyidik.,Pasal 31 ayat (4) huruf b,"ppns, direktorat, jenderal, atasan, diketahui",
Perdirjen_3_2024,Perdirjen Nomor 3 Tahun 2024,Perdirjen,2024,3,BAB V,Pengenaan Sanksi Pidana,Bagian Kelima,,31,5,,,Ketentuan,"SPDP sebagaimana dimaksud pada ayat (4) diterbitkan bersamaan dengan penerbitan surat perintah Penyidikan. Catatan : - UU ITE No 11 Tahun 2008 Pasal 5 ayat 1 ""Informasi Elektronik dan/atau Dokumen Elektronik dan/atau hasil cetaknya merupakan alat bukti hukum yang sah."" - Dokumen ini telah ditandatangani secara elektronik menggunakansertifikat elektronikyang diterbitkanBSrE - 30 -",Pasal 31 ayat (5),"elektronik, dokumen, spdp, diterbitkan, bersamaan",
Perdirjen_3_2024,Perdirjen Nomor 3 Tahun 2024,Perdirjen,2024,3,BAB V,Pengenaan Sanksi Pidana,Bagian Kelima,,31,6,,,Ketentuan,SPDP sebagaimana dimaksud pada ayat (5) paling sedikit memuat:,Pasal 31 ayat (6),"spdp, paling, sedikit, memuat",
Perdirjen_3_2024,Perdirjen Nomor 3 Tahun 2024,Perdirjen,2024,3,BAB V,Pengenaan Sanksi Pidana,Bagian Kelima,,31,6,a,,Ketentuan,dasar Penyidikan;,Pasal 31 ayat (6) huruf a,"dasar, penyidikan",
Perdirjen_3_2024,Perdirjen Nomor 3 Tahun 2024,Perdirjen,2024,3,BAB V,Pengenaan Sanksi Pidana,Bagian Kelima,,31,6,b,,Ketentuan,waktu dimulainya Penyidikan;,Pasal 31 ayat (6) huruf b,"waktu, dimulainya, penyidikan",
Perdirjen_3_2024,Perdirjen Nomor 3 Tahun 2024,Perdirjen,2024,3,BAB V,Pengenaan Sanksi Pidana,Bagian Kelima,,31,6,c,,Sanksi,"jenis perkara, pasal yang dipersangkakan, dan uraian singkat tindak pidana yang disidik;",Pasal 31 ayat (6) huruf c,"jenis, perkara, dipersangkakan, uraian, singkat",
Perdirjen_3_2024,Perdirjen Nomor 3 Tahun 2024,Perdirjen,2024,3,BAB V,Pengenaan Sanksi Pidana,Bagian Kelima,,31,6,d,,Ketentuan,identitas Tersangka; dan,Pasal 31 ayat (6) huruf d,"identitas, tersangka",
Perdirjen_3_2024,Perdirjen Nomor 3 Tahun 2024,Perdirjen,2024,3,BAB V,Pengenaan Sanksi Pidana,Bagian Kelima,,31,6,e,,Ketentuan,identitas pejabat yang menandatangani SPDP.,Pasal 31 ayat (6) huruf e,"identitas, pejabat, menandatangani, spdp",
Perdirjen_3_2024,Perdirjen Nomor 3 Tahun 2024,Perdirjen,2024,3,BAB V,Pengenaan Sanksi Pidana,Bagian Kelima,,31,7,,,Ketentuan,"Dasar Penyidikan sebagaimana dimaksud pada ayat (6) huruf a menyebutkan dasar kewenangan PPNS berdasarkan KUHAP, nomor Laporan Kejadian, dan nomor surat perintah Penyidikan.",Pasal 31 ayat (7),"dasar, penyidikan, nomor, menyebutkan, kewenangan",
Perdirjen_3_2024,Perdirjen Nomor 3 Tahun 2024,Perdirjen,2024,3,BAB V,Pengenaan Sanksi Pidana,Bagian Kelima,,31,8,,,Ketentuan,"Dalam hal PPNS Direktorat Jenderal belum dapat menetapkan identitas Tersangka, ketentuan sebagaimana dimaksud pada ayat (6) huruf d dapat dikecualikan.",Pasal 31 ayat (8),"ppns, direktorat, jenderal, belum, menetapkan",
Perdirjen_3_2024,Perdirjen Nomor 3 Tahun 2024,Perdirjen,2024,3,BAB V,Pengenaan Sanksi Pidana,Bagian Kelima,,31,9,,,Ketentuan,SPDP sebagaimana dimaksud pada ayat (4) disampaikan kepada Penyidik Polri/Korwas PPNS untuk diteruskan kepada Penuntut Umum paling lambat 1 (satu) hari kerja setelah diterbitkannya SPDP.,Pasal 31 ayat (9),"spdp, kepada, disampaikan, penyidik, polri",
Perdirjen_3_2024,Perdirjen Nomor 3 Tahun 2024,Perdirjen,2024,3,BAB V,Pengenaan Sanksi Pidana,Bagian Kelima,,31,10,,,Ketentuan,SPDP disampaikan kepada Penuntut Umum melalui Penyidik Polri/Korwas PPNS paling lama 7 (tujuh) Hari sejak diterbitkannya surat perintah Penyidikan.,Pasal 31 ayat (10),"spdp, disampaikan, kepada, penuntut, umum",
Perdirjen_3_2024,Perdirjen Nomor 3 Tahun 2024,Perdirjen,2024,3,BAB V,Pengenaan Sanksi Pidana,Bagian Kelima,,31,11,,,Ketentuan,PPNS Direktorat Jenderal menyampaikan SPDP sebagaimana dimaksud pada ayat (4) kepada:,Pasal 31 ayat (11),"ppns, direktorat, jenderal, menyampaikan, spdp",
Perdirjen_3_2024,Perdirjen Nomor 3 Tahun 2024,Perdirjen,2024,3,BAB V,Pengenaan Sanksi Pidana,Bagian Kelima,,31,11,a,,Ketentuan,terlapor; dan/atau,Pasal 31 ayat (11) huruf a,terlapor,
Perdirjen_3_2024,Perdirjen Nomor 3 Tahun 2024,Perdirjen,2024,3,BAB V,Pengenaan Sanksi Pidana,Bagian Kelima,,31,11,b,,Ketentuan,pelapor.,Pasal 31 ayat (11) huruf b,pelapor,
Perdirjen_3_2024,Perdirjen Nomor 3 Tahun 2024,Perdirjen,2024,3,BAB V,Pengenaan Sanksi Pidana,Bagian Kelima,,31,12,,,Ketentuan,"Dalam hal Laporan Kejadian belum mencantumkan identitas terlapor, SPDP sebagaimana dimaksud pada ayat",Pasal 31 ayat (12),"laporan, kejadian, belum, mencantumkan, identitas",
Perdirjen_3_2024,Perdirjen Nomor 3 Tahun 2024,Perdirjen,2024,3,BAB V,Pengenaan Sanksi Pidana,Bagian Kelima,,31,11,,,Ketentuan,"huruf a, disampaikan setelah ada penetapan Tersangka.",Pasal 31 ayat (11),"disampaikan, setelah, penetapan, tersangka",
Perdirjen_3_2024,Perdirjen Nomor 3 Tahun 2024,Perdirjen,2024,3,BAB V,Pengenaan Sanksi Pidana,Bagian Kelima,,31,13,,,Ketentuan,"Dalam hal Tersangka ditetapkan setelah lebih dari 7 (tujuh) Hari diterbitkannya surat perintah Penyidikan, PPNS Direktorat Jenderal mengirimkan surat pemberitahuan penetapan Tersangka ke Penuntut Umum melalui Penyidik Polri/Korwas PPNS dengan melampirkan surat Penetapan Tersangka dan SPDP yang telah diterbitkan sebelumnya. Catatan : - UU ITE No 11 Tahun 2008 Pasal 5 ayat 1 ""Informasi Elektronik dan/atau Dokumen Elektronik dan/atau hasil cetaknya merupakan alat bukti hukum yang sah."" - Dokumen ini telah ditandatangani secara elektronik menggunakansertifikat elektronikyang diterbitkanBSrE - 31 -",Pasal 31 ayat (13),"tersangka, surat, elektronik, ppns, penetapan",
Perdirjen_3_2024,Perdirjen Nomor 3 Tahun 2024,Perdirjen,2024,3,BAB V,Pengenaan Sanksi Pidana,Bagian Kelima,,31,14,,,Kewajiban,PPNS Direktorat Jenderal harus melaporkan perkembangan perkara kepada Penuntut Umum setiap 30 (tiga puluh) Hari sejak diterimanya surat penunjukkan Penuntut Umum (P.16) dengan melampirkan SPDP sampai diserahkannya berkas perkara tahap I.,Pasal 31 ayat (14),"perkara, penuntut, umum, ppns, direktorat",
Perdirjen_3_2024,Perdirjen Nomor 3 Tahun 2024,Perdirjen,2024,3,BAB V,Pengenaan Sanksi Pidana,Bagian Kelima,,31,15,,,Ketentuan,Pemberitahuan perkembangan perkara sebagaimana dimaksud pada ayat (14) menggunakan format sebagaimana tercantum dalam Lampiran V yang merupakan bagian yang tidak terpisahkan dari Peraturan Direktur Jenderal ini.,Pasal 31 ayat (15),"pemberitahuan, perkembangan, perkara, menggunakan, format",
Perdirjen_3_2024,Perdirjen Nomor 3 Tahun 2024,Perdirjen,2024,3,BAB V,Pengenaan Sanksi Pidana,Bagian Kelima,,32,1,,,Kewajiban,"Sebelum melakukan Penyidikan, PPNS Direktorat Jenderal wajib membuat rencana Penyidikan yang diajukan kepada Atasan PPNS secara berjenjang.",Pasal 32 ayat (1),"penyidikan, ppns, sebelum, melakukan, direktorat",
Perdirjen_3_2024,Perdirjen Nomor 3 Tahun 2024,Perdirjen,2024,3,BAB V,Pengenaan Sanksi Pidana,Bagian Kelima,,32,2,,,Ketentuan,Rencana Penyidikan sebagaimana dimaksud pada ayat (1) paling sedikit memuat:,Pasal 32 ayat (2),"rencana, penyidikan, paling, sedikit, memuat",
Perdirjen_3_2024,Perdirjen Nomor 3 Tahun 2024,Perdirjen,2024,3,BAB V,Pengenaan Sanksi Pidana,Bagian Kelima,,32,2,a,,Ketentuan,jumlah dan identitas PPNS Direktorat Jenderal;,Pasal 32 ayat (2) huruf a,"jumlah, identitas, ppns, direktorat, jenderal",
Perdirjen_3_2024,Perdirjen Nomor 3 Tahun 2024,Perdirjen,2024,3,BAB V,Pengenaan Sanksi Pidana,Bagian Kelima,,32,2,b,,Ketentuan,"objek, sasaran, dan target Penyidikan;",Pasal 32 ayat (2) huruf b,"objek, sasaran, target, penyidikan",
Perdirjen_3_2024,Perdirjen Nomor 3 Tahun 2024,Perdirjen,2024,3,BAB V,Pengenaan Sanksi Pidana,Bagian Kelima,,32,2,c,,Ketentuan,kegiatan dan metode yang akan dilakukan dalam Penyidikan;,Pasal 32 ayat (2) huruf c,"kegiatan, metode, penyidikan",
Perdirjen_3_2024,Perdirjen Nomor 3 Tahun 2024,Perdirjen,2024,3,BAB V,Pengenaan Sanksi Pidana,Bagian Kelima,,32,2,d,,Ketentuan,karakteristik dan anatomi perkara yang akan disidik;,Pasal 32 ayat (2) huruf d,"karakteristik, anatomi, perkara, disidik",
Perdirjen_3_2024,Perdirjen Nomor 3 Tahun 2024,Perdirjen,2024,3,BAB V,Pengenaan Sanksi Pidana,Bagian Kelima,,32,2,e,,Ketentuan,waktu yang diperlukan dalam pelaksanaan kegiatan Penyidikan;,Pasal 32 ayat (2) huruf e,"waktu, diperlukan, pelaksanaan, kegiatan, penyidikan",
Perdirjen_3_2024,Perdirjen Nomor 3 Tahun 2024,Perdirjen,2024,3,BAB V,Pengenaan Sanksi Pidana,Bagian Kelima,,32,2,f,,Ketentuan,sarana dan prasarana yang diperlukan dalam pelaksanaan kegiatan Penyidikan;,Pasal 32 ayat (2) huruf f,"sarana, prasarana, diperlukan, pelaksanaan, kegiatan",
Perdirjen_3_2024,Perdirjen Nomor 3 Tahun 2024,Perdirjen,2024,3,BAB V,Pengenaan Sanksi Pidana,Bagian Kelima,,32,2,g,,Ketentuan,kebutuhan anggaran Penyidikan; dan,Pasal 32 ayat (2) huruf g,"kebutuhan, anggaran, penyidikan",
Perdirjen_3_2024,Perdirjen Nomor 3 Tahun 2024,Perdirjen,2024,3,BAB V,Pengenaan Sanksi Pidana,Bagian Kelima,,32,2,h,,Ketentuan,kelengkapan administrasi Penyidikan.,Pasal 32 ayat (2) huruf h,"kelengkapan, administrasi, penyidikan",
Perdirjen_3_2024,Perdirjen Nomor 3 Tahun 2024,Perdirjen,2024,3,BAB V,Pengenaan Sanksi Pidana,Bagian Kelima,,32,3,,,Ketentuan,"Rencana Penyidikan sebagaimana dimaksud pada ayat (2) sesuai format sebagaimana tercantum dalam Lampiran V yang merupakan bagian yang tidak terpisahkan dari Peraturan Direktur Jenderal ini. Catatan : - UU ITE No 11 Tahun 2008 Pasal 5 ayat 1 ""Informasi Elektronik dan/atau Dokumen Elektronik dan/atau hasil cetaknya merupakan alat bukti hukum yang sah."" - Dokumen ini telah ditandatangani secara elektronik menggunakansertifikat elektronikyang diterbitkanBSrE - 32 -",Pasal 32 ayat (3),"elektronik, dokumen, rencana, penyidikan, format",
Perdirjen_3_2024,Perdirjen Nomor 3 Tahun 2024,Perdirjen,2024,3,BAB V,Pengenaan Sanksi Pidana,Bagian Kelima,,33,,,,Ketentuan,"Dalam tahap Penyidikan, PPNS Direktorat Jenderal mempunyai kewenangan untuk melakukan:",Pasal 33,"tahap, penyidikan, ppns, direktorat, jenderal",
Perdirjen_3_2024,Perdirjen Nomor 3 Tahun 2024,Perdirjen,2024,3,BAB V,Pengenaan Sanksi Pidana,Bagian Kelima,,33,,a,,Ketentuan,Pemanggilan;,Pasal 33 huruf a,pemanggilan,
Perdirjen_3_2024,Perdirjen Nomor 3 Tahun 2024,Perdirjen,2024,3,BAB V,Pengenaan Sanksi Pidana,Bagian Kelima,,33,,b,,Ketentuan,Pemeriksaan;,Pasal 33 huruf b,pemeriksaan,
Perdirjen_3_2024,Perdirjen Nomor 3 Tahun 2024,Perdirjen,2024,3,BAB V,Pengenaan Sanksi Pidana,Bagian Kelima,,33,,c,,Ketentuan,Penggeledahan;,Pasal 33 huruf c,penggeledahan,
Perdirjen_3_2024,Perdirjen Nomor 3 Tahun 2024,Perdirjen,2024,3,BAB V,Pengenaan Sanksi Pidana,Bagian Kelima,,33,,d,,Ketentuan,Penyitaan; dan,Pasal 33 huruf d,penyitaan,
Perdirjen_3_2024,Perdirjen Nomor 3 Tahun 2024,Perdirjen,2024,3,BAB V,Pengenaan Sanksi Pidana,Bagian Kelima,,33,,e,,Ketentuan,penghentian Penyidikan.,Pasal 33 huruf e,"penghentian, penyidikan",
Perdirjen_3_2024,Perdirjen Nomor 3 Tahun 2024,Perdirjen,2024,3,BAB V,Pengenaan Sanksi Pidana,Bagian Keenam,,34,,,,Ketentuan,"Pemanggilan oleh PPNS Direktorat Jenderal dilaksanakan sesuai KUHAP dan peraturan perundang-undangan, dengan ketentuan:",Pasal 34,"pemanggilan, ppns, direktorat, jenderal, dilaksanakan",
Perdirjen_3_2024,Perdirjen Nomor 3 Tahun 2024,Perdirjen,2024,3,BAB V,Pengenaan Sanksi Pidana,Bagian Keenam,,34,,a,,Ketentuan,Pemanggilan hanya dilakukan terhadap saksi dan/atau Tersangka;,Pasal 34 huruf a,"pemanggilan, hanya, saksi, tersangka",
Perdirjen_3_2024,Perdirjen Nomor 3 Tahun 2024,Perdirjen,2024,3,BAB V,Pengenaan Sanksi Pidana,Bagian Keenam,,34,,b,,Ketentuan,surat panggilan ditandatangani oleh Atasan PPNS selaku penyidik;,Pasal 34 huruf b,"surat, panggilan, ditandatangani, atasan, ppns",
Perdirjen_3_2024,Perdirjen Nomor 3 Tahun 2024,Perdirjen,2024,3,BAB V,Pengenaan Sanksi Pidana,Bagian Keenam,,34,,c,,Ketentuan,"dalam hal Atasan PPNS bukan penyidik, surat panggilan ditandatangani oleh PPNS Direktorat Jenderal dan diketahui oleh Atasan PPNS;",Pasal 34 huruf c,"ppns, atasan, bukan, penyidik, surat",
Perdirjen_3_2024,Perdirjen Nomor 3 Tahun 2024,Perdirjen,2024,3,BAB V,Pengenaan Sanksi Pidana,Bagian Keenam,,34,,d,,Ketentuan,penyampaian surat panggilan dilakukan oleh petugas yang ditunjuk oleh PPNS Direktorat Jenderal yang bersangkutan dan disertai dengan tanda bukti penerimaan;,Pasal 34 huruf d,"penyampaian, surat, panggilan, petugas, ditunjuk",
Perdirjen_3_2024,Perdirjen Nomor 3 Tahun 2024,Perdirjen,2024,3,BAB V,Pengenaan Sanksi Pidana,Bagian Keenam,,34,,e,,Ketentuan,surat panggilan sudah diterima oleh yang bersangkutan paling lambat 3 (tiga) hari sebelum tanggal kehadiran yang ditentukan;,Pasal 34 huruf e,"surat, panggilan, sudah, diterima, bersangkutan",
Perdirjen_3_2024,Perdirjen Nomor 3 Tahun 2024,Perdirjen,2024,3,BAB V,Pengenaan Sanksi Pidana,Bagian Keenam,,34,,f,,Kewajiban,surat panggilan wajib diberi nomor sesuai ketentuan registrasi instansi PPNS Direktorat Jenderal yang bersangkutan;,Pasal 34 huruf f,"surat, panggilan, wajib, diberi, nomor",Instansi
Perdirjen_3_2024,Perdirjen Nomor 3 Tahun 2024,Perdirjen,2024,3,BAB V,Pengenaan Sanksi Pidana,Bagian Keenam,,34,,g,,Ketentuan,"dalam hal surat panggilan pertama tidak dipenuhi tanpa alasan yang sah, dilakukan panggilan kedua; Catatan : - UU ITE No 11 Tahun 2008 Pasal 5 ayat 1 ""Informasi Elektronik dan/atau Dokumen Elektronik dan/atau hasil cetaknya merupakan alat bukti hukum yang sah."" - Dokumen ini telah ditandatangani secara elektronik menggunakansertifikat elektronikyang diterbitkanBSrE - 33 -",Pasal 34 huruf g,"elektronik, panggilan, dokumen, surat, pertama",
Perdirjen_3_2024,Perdirjen Nomor 3 Tahun 2024,Perdirjen,2024,3,BAB V,Pengenaan Sanksi Pidana,Bagian Keenam,,34,,h,,Ketentuan,surat panggilan sedapat mungkin disampaikan kepada Tersangka dan/atau saksi dan dibuatkan tanda penerimaan surat panggilan;,Pasal 34 huruf h,"surat, panggilan, sedapat, mungkin, disampaikan",
Perdirjen_3_2024,Perdirjen Nomor 3 Tahun 2024,Perdirjen,2024,3,BAB V,Pengenaan Sanksi Pidana,Bagian Keenam,,34,,i,,Ketentuan,"dalam hal surat panggilan sebagaimana dimaksud pada huruf h tidak dapat disampaikan kepada yang bersangkutan, surat panggilan dapat diterima oleh keluarga Tersangka dan/atau saksi, ketua RT/RW atau pejabat kelurahan/desa setempat dan dibuatkan tanda penerimaan surat panggilan;",Pasal 34 huruf i,"surat, panggilan, disampaikan, kepada, bersangkutan",
Perdirjen_3_2024,Perdirjen Nomor 3 Tahun 2024,Perdirjen,2024,3,BAB V,Pengenaan Sanksi Pidana,Bagian Keenam,,34,,j,,Ketentuan,"dalam hal saksi bersedia hadir memberikan keterangan tanpa surat panggilan, surat panggilan dibuat dan ditandatangani oleh PPNS Direktorat Jenderal dan saksi sesaat sebelum Pemeriksaan dilakukan;",Pasal 34 huruf j,"saksi, surat, panggilan, bersedia, hadir",
Perdirjen_3_2024,Perdirjen Nomor 3 Tahun 2024,Perdirjen,2024,3,BAB V,Pengenaan Sanksi Pidana,Bagian Keenam,,34,,k,,Ketentuan,"dalam hal surat panggilan pertama dan kedua tidak dipenuhi tanpa alasan yang sah, PPNS Direktorat Jenderal meminta bantuan secara tertulis kepada Penyidik Polri/Korwas PPNS untuk membawa Tersangka dan/atau saksi, yang dalam pelaksanaannya dilakukan secara bersama-sama serta dibuat berita acara;",Pasal 34 huruf k,"ppns, surat, panggilan, pertama, kedua",
Perdirjen_3_2024,Perdirjen Nomor 3 Tahun 2024,Perdirjen,2024,3,BAB V,Pengenaan Sanksi Pidana,Bagian Keenam,,34,,l,,Ketentuan,surat permintaan bantuan membawa Tersangka dan/atau saksi kepada penyidik Polri/Korwas PPNS dengan melampirkan;,Pasal 34 huruf l,"surat, permintaan, bantuan, membawa, tersangka",
Perdirjen_3_2024,Perdirjen Nomor 3 Tahun 2024,Perdirjen,2024,3,BAB V,Pengenaan Sanksi Pidana,Bagian Keenam,,34,,l,1,Ketentuan,Laporan Kejadian;,Pasal 34 huruf l angka 1,"laporan, kejadian",
Perdirjen_3_2024,Perdirjen Nomor 3 Tahun 2024,Perdirjen,2024,3,BAB V,Pengenaan Sanksi Pidana,Bagian Keenam,,34,,l,2,Ketentuan,laporan kemajuan;,Pasal 34 huruf l angka 2,"laporan, kemajuan",
Perdirjen_3_2024,Perdirjen Nomor 3 Tahun 2024,Perdirjen,2024,3,BAB V,Pengenaan Sanksi Pidana,Bagian Keenam,,34,,l,3,Ketentuan,surat panggilan pertama dan kedua;,Pasal 34 huruf l angka 3,"surat, panggilan, pertama, kedua",
Perdirjen_3_2024,Perdirjen Nomor 3 Tahun 2024,Perdirjen,2024,3,BAB V,Pengenaan Sanksi Pidana,Bagian Keenam,,34,,l,4,Ketentuan,alasan atau pertimbangan perlunya dilakukan perintah membawa.,Pasal 34 huruf l angka 4,"alasan, pertimbangan, perlunya, perintah, membawa",
Perdirjen_3_2024,Perdirjen Nomor 3 Tahun 2024,Perdirjen,2024,3,BAB V,Pengenaan Sanksi Pidana,Bagian Keenam,,34,,m,,Ketentuan,"dalam hal saksi dan/atau Tersangka yang dipanggil berdomisili di luar wilayah kerja PPNS Direktorat Jenderal, pemanggilan dilakukan dengan bantuan PPNS Direktorat Jenderal yang sewilayah hukum dan/atau Penyidik Polri/Korwas PPNS dengan yang dipanggil;",Pasal 34 huruf m,"ppns, dipanggil, direktorat, jenderal, saksi",
Perdirjen_3_2024,Perdirjen Nomor 3 Tahun 2024,Perdirjen,2024,3,BAB V,Pengenaan Sanksi Pidana,Bagian Keenam,,34,,n,,Ketentuan,"untuk pemanggilan terhadap saksi dan/atau Tersangka WNI yang berada di luar negeri dimintakan bantuan kepada perwakilan negara dimana saksi dan/atau Tersangka berada untuk menyampaikan surat panggilan; Catatan : - UU ITE No 11 Tahun 2008 Pasal 5 ayat 1 ""Informasi Elektronik dan/atau Dokumen Elektronik dan/atau hasil cetaknya merupakan alat bukti hukum yang sah."" - Dokumen ini telah ditandatangani secara elektronik menggunakansertifikat elektronikyang diterbitkanBSrE - 34 -",Pasal 34 huruf n,"elektronik, saksi, tersangka, berada, dokumen",
Perdirjen_3_2024,Perdirjen Nomor 3 Tahun 2024,Perdirjen,2024,3,BAB V,Pengenaan Sanksi Pidana,Bagian Keenam,,34,,o,,Ketentuan,"Tersangka yang telah dipanggil untuk Pemeriksaan sampai 2 (dua) kali dan ternyata tidak diketahui keberadaannya dapat dicatat didalam Daftar Pencarian Orang (DPO), melalui surat permohonan pencarian orang oleh PPNS Direktorat Jenderal ke Penyidik Polri/Korwas PPNS;",Pasal 34 huruf o,"pencarian, orang, ppns, tersangka, dipanggil",
Perdirjen_3_2024,Perdirjen Nomor 3 Tahun 2024,Perdirjen,2024,3,BAB V,Pengenaan Sanksi Pidana,Bagian Keenam,,34,,p,,Ketentuan,dalam hal Tersangka yang dicari sudah ditemukan maka PPNS Direktorat Jenderal membuat surat permohonan pencabutan Daftar Pencarian Orang (DPO) kepada Penyidik Polri/Korwas PPNS; dan,Pasal 34 huruf p,"ppns, tersangka, dicari, sudah, ditemukan",
Perdirjen_3_2024,Perdirjen Nomor 3 Tahun 2024,Perdirjen,2024,3,BAB V,Pengenaan Sanksi Pidana,Bagian Keenam,,34,,q,,Ketentuan,Pemanggilan terhadap saksi dan/atau Tersangka Warga Negara Asing (WNA) dilakukan melalui perwakilan negaranya yang ada di Indonesia dan dikoordinasikan dengan Penyidik Polri/Korwas PPNS.,Pasal 34 huruf q,"pemanggilan, saksi, tersangka, warga, negara",Warga Negara
Perdirjen_3_2024,Perdirjen Nomor 3 Tahun 2024,Perdirjen,2024,3,BAB V,Pengenaan Sanksi Pidana,Bagian Keenam,,35,1,,,Ketentuan,"Permintaan bantuan sebagaimana dimaksud dalam Pasal 34 huruf l, dibuat secara tertulis dengan mencantumkan:",Pasal 35 ayat (1),"permintaan, bantuan, dibuat, tertulis, mencantumkan",
Perdirjen_3_2024,Perdirjen Nomor 3 Tahun 2024,Perdirjen,2024,3,BAB V,Pengenaan Sanksi Pidana,Bagian Keenam,,35,1,a,,Ketentuan,identitas Tersangka atau saksi;,Pasal 35 ayat (1) huruf a,"identitas, tersangka, saksi",
Perdirjen_3_2024,Perdirjen Nomor 3 Tahun 2024,Perdirjen,2024,3,BAB V,Pengenaan Sanksi Pidana,Bagian Keenam,,35,1,b,,Ketentuan,domisili Tersangka atau saksi;,Pasal 35 ayat (1) huruf b,"domisili, tersangka, saksi",
Perdirjen_3_2024,Perdirjen Nomor 3 Tahun 2024,Perdirjen,2024,3,BAB V,Pengenaan Sanksi Pidana,Bagian Keenam,,35,1,c,,Ketentuan,pasal yang dilanggar; dan,Pasal 35 ayat (1) huruf c,dilanggar,
Perdirjen_3_2024,Perdirjen Nomor 3 Tahun 2024,Perdirjen,2024,3,BAB V,Pengenaan Sanksi Pidana,Bagian Keenam,,35,1,d,,Ketentuan,alasan atau pertimbangan perlunya dilakukan perintah membawa.,Pasal 35 ayat (1) huruf d,"alasan, pertimbangan, perlunya, perintah, membawa",
Perdirjen_3_2024,Perdirjen Nomor 3 Tahun 2024,Perdirjen,2024,3,BAB V,Pengenaan Sanksi Pidana,Bagian Keenam,,35,2,,,Ketentuan,"Surat permintaan bantuan sebagaimana dimaksud pada ayat (1), disampaikan kepada Penyidik Polri/Korwas PPNS dengan melampirkan;",Pasal 35 ayat (2),"surat, permintaan, bantuan, disampaikan, kepada",
Perdirjen_3_2024,Perdirjen Nomor 3 Tahun 2024,Perdirjen,2024,3,BAB V,Pengenaan Sanksi Pidana,Bagian Keenam,,35,2,a,,Ketentuan,Laporan Kejadian;,Pasal 35 ayat (2) huruf a,"laporan, kejadian",
Perdirjen_3_2024,Perdirjen Nomor 3 Tahun 2024,Perdirjen,2024,3,BAB V,Pengenaan Sanksi Pidana,Bagian Keenam,,35,2,b,,Ketentuan,laporan kemajuan; dan,Pasal 35 ayat (2) huruf b,"laporan, kemajuan",
Perdirjen_3_2024,Perdirjen Nomor 3 Tahun 2024,Perdirjen,2024,3,BAB V,Pengenaan Sanksi Pidana,Bagian Keenam,,35,2,c,,Ketentuan,surat panggilan pertama dan kedua.,Pasal 35 ayat (2) huruf c,"surat, panggilan, pertama, kedua",
Perdirjen_3_2024,Perdirjen Nomor 3 Tahun 2024,Perdirjen,2024,3,BAB V,Pengenaan Sanksi Pidana,Bagian Keenam,,35,3,,,Ketentuan,"Sebelum PPNS Direktorat Jenderal meminta bantuan secara tertulis kepada Penyidik Polri/Korwas PPNS sebagaimana dimaksud pada ayat (1), permintaan dapat didahului secara lisan dengan menyebutkan/menjelaskan kasus dan identitas seseorang yang akan dipanggil dengan status sebagai Tersangka atau saksi. Catatan : - UU ITE No 11 Tahun 2008 Pasal 5 ayat 1 ""Informasi Elektronik dan/atau Dokumen Elektronik dan/atau hasil cetaknya merupakan alat bukti hukum yang sah."" - Dokumen ini telah ditandatangani secara elektronik menggunakansertifikat elektronikyang diterbitkanBSrE - 35 -",Pasal 35 ayat (3),"elektronik, ppns, dokumen, sebelum, direktorat",
Perdirjen_3_2024,Perdirjen Nomor 3 Tahun 2024,Perdirjen,2024,3,BAB V,Pengenaan Sanksi Pidana,Bagian Keenam,,36,,,,Kewajiban,"Dalam hal proses pemanggilan melibatkan lebih dari 1 (satu) UPT terhadap kasus yang sama, maka proses pemanggilan oleh PPNS Direktorat Jenderal wajib dilaporkan dan dikoordinasikan dengan Direktur.",Pasal 36,"proses, pemanggilan, melibatkan, lebih, satu",
Perdirjen_3_2024,Perdirjen Nomor 3 Tahun 2024,Perdirjen,2024,3,BAB V,Pengenaan Sanksi Pidana,Bagian Keenam,,37,1,,,Ketentuan,Terhadap ahli tidak dibuatkan surat panggilan melainkan PPNS Direktorat Jenderal membuat dan menyampaikan surat permohonan keterangan ahli kepada institusi ahli.,Pasal 37 ayat (1),"ahli, surat, dibuatkan, panggilan, melainkan",
Perdirjen_3_2024,Perdirjen Nomor 3 Tahun 2024,Perdirjen,2024,3,BAB V,Pengenaan Sanksi Pidana,Bagian Keenam,,37,2,,,Ketentuan,Surat permohonan ahli sebagaimana dimaksud pada ayat,Pasal 37 ayat (2),"surat, permohonan, ahli",
Perdirjen_3_2024,Perdirjen Nomor 3 Tahun 2024,Perdirjen,2024,3,BAB V,Pengenaan Sanksi Pidana,Bagian Keenam,,37,1,,,Ketentuan,sesuai format sebagaimana tercantum dalam Lampiran V yang merupakan bagian yang tidak terpisahkan dari Peraturan Direktur Jenderal ini.,Pasal 37 ayat (1),"format, tercantum, lampiran, terpisahkan, direktur",
Perdirjen_3_2024,Perdirjen Nomor 3 Tahun 2024,Perdirjen,2024,3,BAB V,Pengenaan Sanksi Pidana,Bagian Ketujuh,,38,1,,,Ketentuan,"Dalam hal mengumpulkan keterangan, PPNS Direktorat Jenderal melakukan Pemeriksaan terhadap:",Pasal 38 ayat (1),"mengumpulkan, keterangan, ppns, direktorat, jenderal",
Perdirjen_3_2024,Perdirjen Nomor 3 Tahun 2024,Perdirjen,2024,3,BAB V,Pengenaan Sanksi Pidana,Bagian Ketujuh,,38,1,a,,Ketentuan,saksi;,Pasal 38 ayat (1) huruf a,saksi,
Perdirjen_3_2024,Perdirjen Nomor 3 Tahun 2024,Perdirjen,2024,3,BAB V,Pengenaan Sanksi Pidana,Bagian Ketujuh,,38,1,b,,Ketentuan,ahli; dan,Pasal 38 ayat (1) huruf b,ahli,
Perdirjen_3_2024,Perdirjen Nomor 3 Tahun 2024,Perdirjen,2024,3,BAB V,Pengenaan Sanksi Pidana,Bagian Ketujuh,,38,1,c,,Ketentuan,Tersangka.,Pasal 38 ayat (1) huruf c,tersangka,
Perdirjen_3_2024,Perdirjen Nomor 3 Tahun 2024,Perdirjen,2024,3,BAB V,Pengenaan Sanksi Pidana,Bagian Ketujuh,,38,2,,,Ketentuan,"Hasil Pemeriksaan terhadap saksi sebagaimana dimaksud pada ayat (1) huruf a, dituangkan dalam berita acara Pemeriksaan saksi.",Pasal 38 ayat (2),"pemeriksaan, saksi, hasil, dituangkan, berita",
Perdirjen_3_2024,Perdirjen Nomor 3 Tahun 2024,Perdirjen,2024,3,BAB V,Pengenaan Sanksi Pidana,Bagian Ketujuh,,38,3,,,Ketentuan,"Terhadap saksi yang diduga cukup alasan untuk tidak dapat hadir dipersidangan dapat dilakukan penyumpahan sebelum pelaksanaan Pemeriksaan dilakukan dan dituangkan dalam berita acara pengambilan sumpah/janji saksi. Catatan : - UU ITE No 11 Tahun 2008 Pasal 5 ayat 1 ""Informasi Elektronik dan/atau Dokumen Elektronik dan/atau hasil cetaknya merupakan alat bukti hukum yang sah."" - Dokumen ini telah ditandatangani secara elektronik menggunakansertifikat elektronikyang diterbitkanBSrE - 36 -",Pasal 38 ayat (3),"elektronik, saksi, dokumen, diduga, cukup",
Perdirjen_3_2024,Perdirjen Nomor 3 Tahun 2024,Perdirjen,2024,3,BAB V,Pengenaan Sanksi Pidana,Bagian Ketujuh,,38,4,,,Ketentuan,"Saksi yang dipanggil 2 (dua) kali namun tidak memenuhi panggilan karena alasan yang patut dan wajar, dapat dilakukan Pemeriksaan ditempat kediaman saksi atau tempat lain yang tidak melanggar kepatuhan (kantor kepolisian terdekat dan kantor instansi pemerintah terdekat), atas persetujuan Atasan PPNS.",Pasal 38 ayat (4),"saksi, kantor, terdekat, dipanggil, kali","Pemerintah, Instansi"
Perdirjen_3_2024,Perdirjen Nomor 3 Tahun 2024,Perdirjen,2024,3,BAB V,Pengenaan Sanksi Pidana,Bagian Ketujuh,,38,5,,,Ketentuan,"Hasil Pemeriksaan terhadap ahli sebagaimana dimaksud pada ayat (1) huruf b, dituangkan dalam berita acara Pemeriksaan ahli.",Pasal 38 ayat (5),"pemeriksaan, ahli, hasil, dituangkan, berita",
Perdirjen_3_2024,Perdirjen Nomor 3 Tahun 2024,Perdirjen,2024,3,BAB V,Pengenaan Sanksi Pidana,Bagian Ketujuh,,38,6,,,Ketentuan,Ahli diperiksa berdasarkan surat permohonan keterangan ahli yang dibuat oleh PPNS Direktorat Jenderal kepada Instansi ahli.,Pasal 38 ayat (6),"ahli, diperiksa, surat, permohonan, keterangan",Instansi
Perdirjen_3_2024,Perdirjen Nomor 3 Tahun 2024,Perdirjen,2024,3,BAB V,Pengenaan Sanksi Pidana,Bagian Ketujuh,,38,7,,,Kewajiban,Sebelum ahli diambil keterangannya wajib mengucapkan sumpah atau janji menurut tata cara agamanya masing- masing dan dituangkan dalam bentuk berita acara pengambilan sumpah/janji ahli.,Pasal 38 ayat (7),"ahli, sumpah, janji, masing, sebelum",
Perdirjen_3_2024,Perdirjen Nomor 3 Tahun 2024,Perdirjen,2024,3,BAB V,Pengenaan Sanksi Pidana,Bagian Ketujuh,,38,8,,,Ketentuan,"Hasil Pemeriksaan terhadap Tersangka sebagaimana dimaksud pada ayat (1) huruf c, dituangkan dalam berita acara Pemeriksaan Tersangka.",Pasal 38 ayat (8),"pemeriksaan, tersangka, hasil, dituangkan, berita",
Perdirjen_3_2024,Perdirjen Nomor 3 Tahun 2024,Perdirjen,2024,3,BAB V,Pengenaan Sanksi Pidana,Bagian Ketujuh,,38,9,,,Sanksi,"Sebelum melakukan Pemeriksaan terhadap saksi, ahli, dan Tersangka, PPNS Direktorat Jenderal wajib membuat daftar pertanyaan yang terkait dengan unsur pidana yang dipersangkakan untuk ditanyakan dalam Pemeriksaan.",Pasal 38 ayat (9),"pemeriksaan, sebelum, melakukan, saksi, ahli",
Perdirjen_3_2024,Perdirjen Nomor 3 Tahun 2024,Perdirjen,2024,3,BAB V,Pengenaan Sanksi Pidana,Bagian Ketujuh,,38,10,,,Ketentuan,"Dalam hal diperlukan Pemeriksaan psikologi guna mendapatkan keterangan dari saksi dan/atau Tersangka, PPNS Direktorat Jenderal mengajukan permintaan bantuan psikolog secara tertulis dengan menguraikan risalah permasalahan kepada Penyidik Polri/Korwas PPNS.",Pasal 38 ayat (10),"ppns, diperlukan, pemeriksaan, psikologi, guna",
Perdirjen_3_2024,Perdirjen Nomor 3 Tahun 2024,Perdirjen,2024,3,BAB V,Pengenaan Sanksi Pidana,Bagian Ketujuh,,39,1,,,Ketentuan,"Dalam hal diperlukan Pemeriksaan Barang Bukti, dapat dilaksanakan melalui bantuan teknis Pemeriksaan:",Pasal 39 ayat (1),"pemeriksaan, diperlukan, barang, bukti, dilaksanakan",
Perdirjen_3_2024,Perdirjen Nomor 3 Tahun 2024,Perdirjen,2024,3,BAB V,Pengenaan Sanksi Pidana,Bagian Ketujuh,,39,1,a,,Ketentuan,laboratorium forensik;,Pasal 39 ayat (1) huruf a,"laboratorium, forensik",
Perdirjen_3_2024,Perdirjen Nomor 3 Tahun 2024,Perdirjen,2024,3,BAB V,Pengenaan Sanksi Pidana,Bagian Ketujuh,,39,1,b,,Ketentuan,digital forensik; dan/atau,Pasal 39 ayat (1) huruf b,"digital, forensik",
Perdirjen_3_2024,Perdirjen Nomor 3 Tahun 2024,Perdirjen,2024,3,BAB V,Pengenaan Sanksi Pidana,Bagian Ketujuh,,39,1,c,,Ketentuan,"Indonesia Automatic Fingerprint System (INAFIS). Catatan : - UU ITE No 11 Tahun 2008 Pasal 5 ayat 1 ""Informasi Elektronik dan/atau Dokumen Elektronik dan/atau hasil cetaknya merupakan alat bukti hukum yang sah."" - Dokumen ini telah ditandatangani secara elektronik menggunakansertifikat elektronikyang diterbitkanBSrE - 37 -",Pasal 39 ayat (1) huruf c,"elektronik, dokumen, indonesia, automatic, fingerprint",
Perdirjen_3_2024,Perdirjen Nomor 3 Tahun 2024,Perdirjen,2024,3,BAB V,Pengenaan Sanksi Pidana,Bagian Ketujuh,,39,2,,,Ketentuan,Dalam hal diperlukan penjelasan mengenai Pemeriksaan Barang Bukti sebagaimana dimaksud dalam ayat (1) dapat dikoordinasikan terlebih dahulu dengan Penyidik Polri/Korwas PPNS.,Pasal 39 ayat (2),"diperlukan, penjelasan, mengenai, pemeriksaan, barang",
Perdirjen_3_2024,Perdirjen Nomor 3 Tahun 2024,Perdirjen,2024,3,BAB V,Pengenaan Sanksi Pidana,Bagian Ketujuh,,39,3,,,Ketentuan,Bantuan teknis Pemeriksaan Barang Bukti sebagaimana dimaksud pada ayat (1) dibuat secara tertulis oleh PPNS Direktorat Jenderal kepada Penyidik Polri/Korwas PPNS.,Pasal 39 ayat (3),"ppns, bantuan, teknis, pemeriksaan, barang",
Perdirjen_3_2024,Perdirjen Nomor 3 Tahun 2024,Perdirjen,2024,3,BAB V,Pengenaan Sanksi Pidana,Bagian Ketujuh,,39,4,,,Ketentuan,"Sebelum permintaan bantuan Pemeriksaan Barang Bukti, PPNS Direktorat Jenderal melakukan rapat atau Gelar Perkara bersama Penyidik Polri/Korwas PPNS.",Pasal 39 ayat (4),"ppns, sebelum, permintaan, bantuan, pemeriksaan",
Perdirjen_3_2024,Perdirjen Nomor 3 Tahun 2024,Perdirjen,2024,3,BAB V,Pengenaan Sanksi Pidana,Bagian Ketujuh,,39,5,,,Ketentuan,Kelengkapan administrasi bantuan teknis Pemeriksaan Barang Bukti melalui laboratorium forensik sebagaimana dimaksud pada ayat (1) huruf a meliputi:,Pasal 39 ayat (5),"kelengkapan, administrasi, bantuan, teknis, pemeriksaan",
Perdirjen_3_2024,Perdirjen Nomor 3 Tahun 2024,Perdirjen,2024,3,BAB V,Pengenaan Sanksi Pidana,Bagian Ketujuh,,39,5,a,,Ketentuan,Laporan Kejadian;,Pasal 39 ayat (5) huruf a,"laporan, kejadian",
Perdirjen_3_2024,Perdirjen Nomor 3 Tahun 2024,Perdirjen,2024,3,BAB V,Pengenaan Sanksi Pidana,Bagian Ketujuh,,39,5,b,,Ketentuan,laporan kemajuan; dan,Pasal 39 ayat (5) huruf b,"laporan, kemajuan",
Perdirjen_3_2024,Perdirjen Nomor 3 Tahun 2024,Perdirjen,2024,3,BAB V,Pengenaan Sanksi Pidana,Bagian Ketujuh,,39,5,c,,Ketentuan,"berita acara Penyitaan, penyisihan, pembungkusan dan Penyegelan Barang Bukti.",Pasal 39 ayat (5) huruf c,"berita, acara, penyitaan, penyisihan, pembungkusan",
Perdirjen_3_2024,Perdirjen Nomor 3 Tahun 2024,Perdirjen,2024,3,BAB V,Pengenaan Sanksi Pidana,Bagian Ketujuh,,39,6,,,Ketentuan,Kelengkapan administrasi bantuan teknis Pemeriksaan Barang Bukti melalui digital forensik sebagaimana dimaksud pada ayat (1) huruf b meliputi:,Pasal 39 ayat (6),"kelengkapan, administrasi, bantuan, teknis, pemeriksaan",
Perdirjen_3_2024,Perdirjen Nomor 3 Tahun 2024,Perdirjen,2024,3,BAB V,Pengenaan Sanksi Pidana,Bagian Ketujuh,,39,6,a,,Ketentuan,Laporan Kejadian;,Pasal 39 ayat (6) huruf a,"laporan, kejadian",
Perdirjen_3_2024,Perdirjen Nomor 3 Tahun 2024,Perdirjen,2024,3,BAB V,Pengenaan Sanksi Pidana,Bagian Ketujuh,,39,6,b,,Ketentuan,laporan kemajuan; dan,Pasal 39 ayat (6) huruf b,"laporan, kemajuan",
Perdirjen_3_2024,Perdirjen Nomor 3 Tahun 2024,Perdirjen,2024,3,BAB V,Pengenaan Sanksi Pidana,Bagian Ketujuh,,39,6,c,,Ketentuan,"berita acara penyitaan, pembungkusan dan penyegelan Barang Bukti.",Pasal 39 ayat (6) huruf c,"berita, acara, penyitaan, pembungkusan, penyegelan",
Perdirjen_3_2024,Perdirjen Nomor 3 Tahun 2024,Perdirjen,2024,3,BAB V,Pengenaan Sanksi Pidana,Bagian Ketujuh,,39,7,,,Ketentuan,Kelengkapan administrasi bantuan teknis Pemeriksaan Barang Bukti melalui Indonesia Automatic Fingerprint System (INAFIS) sebagaimana dimaksud pada ayat (1) huruf c meliputi:,Pasal 39 ayat (7),"kelengkapan, administrasi, bantuan, teknis, pemeriksaan",
Perdirjen_3_2024,Perdirjen Nomor 3 Tahun 2024,Perdirjen,2024,3,BAB V,Pengenaan Sanksi Pidana,Bagian Ketujuh,,39,7,a,,Ketentuan,Laporan Kejadian;,Pasal 39 ayat (7) huruf a,"laporan, kejadian",
Perdirjen_3_2024,Perdirjen Nomor 3 Tahun 2024,Perdirjen,2024,3,BAB V,Pengenaan Sanksi Pidana,Bagian Ketujuh,,39,7,b,,Ketentuan,laporan kemajuan;,Pasal 39 ayat (7) huruf b,"laporan, kemajuan",
Perdirjen_3_2024,Perdirjen Nomor 3 Tahun 2024,Perdirjen,2024,3,BAB V,Pengenaan Sanksi Pidana,Bagian Ketujuh,,39,7,c,,Ketentuan,berita acara Pemeriksaan saksi atau Tersangka; dan/atau,Pasal 39 ayat (7) huruf c,"berita, acara, pemeriksaan, saksi, tersangka",
Perdirjen_3_2024,Perdirjen Nomor 3 Tahun 2024,Perdirjen,2024,3,BAB V,Pengenaan Sanksi Pidana,Bagian Ketujuh,,39,7,d,,Ketentuan,"dalam Pemeriksaan sidik jari disertai dengan Barang Bukti sidik jari laten dan sidik jari pembanding. Catatan : - UU ITE No 11 Tahun 2008 Pasal 5 ayat 1 ""Informasi Elektronik dan/atau Dokumen Elektronik dan/atau hasil cetaknya merupakan alat bukti hukum yang sah."" - Dokumen ini telah ditandatangani secara elektronik menggunakansertifikat elektronikyang diterbitkanBSrE - 38 -",Pasal 39 ayat (7) huruf d,"sidik, jari, elektronik, bukti, dokumen",
Perdirjen_3_2024,Perdirjen Nomor 3 Tahun 2024,Perdirjen,2024,3,BAB V,Pengenaan Sanksi Pidana,Bagian Kedelapan,,40,1,,,Ketentuan,"PPNS Direktorat Jenderal mempunyai kewenangan melakukan Penggeledahan, pelaksanaannya sesuai dengan KUHAP, dengan ketentuan sebagai berikut:",Pasal 40 ayat (1),"ppns, direktorat, jenderal, mempunyai, kewenangan",
Perdirjen_3_2024,Perdirjen Nomor 3 Tahun 2024,Perdirjen,2024,3,BAB V,Pengenaan Sanksi Pidana,Bagian Kedelapan,,40,1,a,,Ketentuan,PPNS Direktorat Jenderal menyampaikan surat permintaan izin khusus Penggeledahan kepada Ketua Pengadilan Negeri setempat;,Pasal 40 ayat (1) huruf a,"ppns, direktorat, jenderal, menyampaikan, surat",
Perdirjen_3_2024,Perdirjen Nomor 3 Tahun 2024,Perdirjen,2024,3,BAB V,Pengenaan Sanksi Pidana,Bagian Kedelapan,,40,1,b,,Ketentuan,"sebelum surat permintaan izin khusus Penggeledahan dikirim kepada Ketua Pengadilan Negeri setempat, PPNS Direktorat Jenderal dapat berkoordinasi kepada Penyidik Polri/Korwas PPNS tentang alasan perlunya dilakukan Penggeledahan;",Pasal 40 ayat (1) huruf b,"penggeledahan, kepada, ppns, sebelum, surat",
Perdirjen_3_2024,Perdirjen Nomor 3 Tahun 2024,Perdirjen,2024,3,BAB V,Pengenaan Sanksi Pidana,Bagian Kedelapan,,40,1,c,,Ketentuan,"surat permintaan izin khusus Penggeledahan sebagaimana dimaksud pada huruf a, ditanda tangani oleh:",Pasal 40 ayat (1) huruf c,"surat, permintaan, izin, khusus, penggeledahan",
Perdirjen_3_2024,Perdirjen Nomor 3 Tahun 2024,Perdirjen,2024,3,BAB V,Pengenaan Sanksi Pidana,Bagian Kedelapan,,40,1,c,1,Ketentuan,Atasan PPNS selaku penyidik; atau,Pasal 40 ayat (1) huruf c angka 1,"atasan, ppns, selaku, penyidik",
Perdirjen_3_2024,Perdirjen Nomor 3 Tahun 2024,Perdirjen,2024,3,BAB V,Pengenaan Sanksi Pidana,Bagian Kedelapan,,40,1,c,2,Ketentuan,"PPNS Direktorat Jenderal, yang diketahui oleh Atasan PPNS, dalam hal Atasan PPNS bukan penyidik.",Pasal 40 ayat (1) huruf c angka 2,"ppns, atasan, direktorat, jenderal, diketahui",
Perdirjen_3_2024,Perdirjen Nomor 3 Tahun 2024,Perdirjen,2024,3,BAB V,Pengenaan Sanksi Pidana,Bagian Kedelapan,,40,1,d,,Ketentuan,"setelah surat penetapan izin khusus Penggeledahan diterbitkan oleh Ketua Pengadilan setempat, PPNS Direktorat Jenderal membuat surat perintah Penggeledahan yang ditandatangani oleh:",Pasal 40 ayat (1) huruf d,"surat, penggeledahan, setelah, penetapan, izin",
Perdirjen_3_2024,Perdirjen Nomor 3 Tahun 2024,Perdirjen,2024,3,BAB V,Pengenaan Sanksi Pidana,Bagian Kedelapan,,40,1,d,1,Ketentuan,Atasan PPNS selaku penyidik; atau,Pasal 40 ayat (1) huruf d angka 1,"atasan, ppns, selaku, penyidik",
Perdirjen_3_2024,Perdirjen Nomor 3 Tahun 2024,Perdirjen,2024,3,BAB V,Pengenaan Sanksi Pidana,Bagian Kedelapan,,40,1,d,2,Ketentuan,"PPNS Direktorat Jenderal, yang diketahui oleh Atasan PPNS, dalam hal Atasan PPNS bukan penyidik.",Pasal 40 ayat (1) huruf d angka 2,"ppns, atasan, direktorat, jenderal, diketahui",
Perdirjen_3_2024,Perdirjen Nomor 3 Tahun 2024,Perdirjen,2024,3,BAB V,Pengenaan Sanksi Pidana,Bagian Kedelapan,,40,1,e,,Ketentuan,"dikecualikan dari ketentuan sebagaimana dimaksud pada huruf a, dalam keadaan yang sangat perlu dan mendesak dilakukan Penggeledahan, PPNS Direktorat Jenderal membuat surat perintah Penggeledahan yang ditanda tangani oleh: Catatan : - UU ITE No 11 Tahun 2008 Pasal 5 ayat 1 ""Informasi Elektronik dan/atau Dokumen Elektronik dan/atau hasil cetaknya merupakan alat bukti hukum yang sah."" - Dokumen ini telah ditandatangani secara elektronik menggunakansertifikat elektronikyang diterbitkanBSrE - 39 -",Pasal 40 ayat (1) huruf e,"elektronik, penggeledahan, dokumen, dikecualikan, keadaan",
Perdirjen_3_2024,Perdirjen Nomor 3 Tahun 2024,Perdirjen,2024,3,BAB V,Pengenaan Sanksi Pidana,Bagian Kedelapan,,40,1,e,1,Ketentuan,Atasan PPNS selaku penyidik; atau,Pasal 40 ayat (1) huruf e angka 1,"atasan, ppns, selaku, penyidik",
Perdirjen_3_2024,Perdirjen Nomor 3 Tahun 2024,Perdirjen,2024,3,BAB V,Pengenaan Sanksi Pidana,Bagian Kedelapan,,40,1,e,2,Ketentuan,"PPNS Direktorat Jenderal, yang diketahui oleh Atasan PPNS, dalam hal Atasan PPNS bukan penyidik.",Pasal 40 ayat (1) huruf e angka 2,"ppns, atasan, direktorat, jenderal, diketahui",
Perdirjen_3_2024,Perdirjen Nomor 3 Tahun 2024,Perdirjen,2024,3,BAB V,Pengenaan Sanksi Pidana,Bagian Kedelapan,,40,1,f,,Ketentuan,"setelah dilakukan Penggeledahan dengan dasar keadaan yang sangat perlu dan mendesak sebagaimana dimaksud pada huruf e, guna memperoleh persetujuan, PPNS Direktorat Jenderal membuat dan mengajukan surat permohonan persetujuan Penggeledahan kepada Ketua Pengadilan Negeri setempat paling lambat 7 (tujuh) hari setelah dilaksanakannya Penggeledahan.",Pasal 40 ayat (1) huruf f,"penggeledahan, setelah, persetujuan, dasar, keadaan",
Perdirjen_3_2024,Perdirjen Nomor 3 Tahun 2024,Perdirjen,2024,3,BAB V,Pengenaan Sanksi Pidana,Bagian Kedelapan,,40,2,,,Ketentuan,Penggeledahan sebagaimana dimaksud dalam ayat (1) dilakukan dengan cara:,Pasal 40 ayat (2),"penggeledahan, cara",
Perdirjen_3_2024,Perdirjen Nomor 3 Tahun 2024,Perdirjen,2024,3,BAB V,Pengenaan Sanksi Pidana,Bagian Kedelapan,,40,2,a,,Ketentuan,menunjukan surat perintah tugas;,Pasal 40 ayat (2) huruf a,"menunjukan, surat, perintah, tugas",
Perdirjen_3_2024,Perdirjen Nomor 3 Tahun 2024,Perdirjen,2024,3,BAB V,Pengenaan Sanksi Pidana,Bagian Kedelapan,,40,2,b,,Ketentuan,menunjukan surat perintah Penggeledahan;,Pasal 40 ayat (2) huruf b,"menunjukan, surat, perintah, penggeledahan",
Perdirjen_3_2024,Perdirjen Nomor 3 Tahun 2024,Perdirjen,2024,3,BAB V,Pengenaan Sanksi Pidana,Bagian Kedelapan,,40,2,c,,Ketentuan,menggeledah tempat atau ruangan yang terdapat Barang Bukti;,Pasal 40 ayat (2) huruf c,"menggeledah, tempat, ruangan, terdapat, barang",
Perdirjen_3_2024,Perdirjen Nomor 3 Tahun 2024,Perdirjen,2024,3,BAB V,Pengenaan Sanksi Pidana,Bagian Kedelapan,,40,2,d,,Sanksi,meneliti dan mengidentifikasi terlebih dahulu barang yang berkaitan dengan tindak pidana;,Pasal 40 ayat (2) huruf d,"meneliti, mengidentifikasi, terlebih, dahulu, barang",
Perdirjen_3_2024,Perdirjen Nomor 3 Tahun 2024,Perdirjen,2024,3,BAB V,Pengenaan Sanksi Pidana,Bagian Kedelapan,,40,2,e,,Ketentuan,mengumpulkan dan memperlihatkan barang-barang hasil Penggeledahan kepada penguasa atau pemilik rumah; dan,Pasal 40 ayat (2) huruf e,"barang, mengumpulkan, memperlihatkan, hasil, penggeledahan",
Perdirjen_3_2024,Perdirjen Nomor 3 Tahun 2024,Perdirjen,2024,3,BAB V,Pengenaan Sanksi Pidana,Bagian Kedelapan,,40,2,f,,Ketentuan,membawa barang hasil Penggeledahan yang ditemukan ditempat Penggeledahan ke kantor PPNS Direktorat Jenderal.,Pasal 40 ayat (2) huruf f,"penggeledahan, membawa, barang, hasil, ditemukan",
Perdirjen_3_2024,Perdirjen Nomor 3 Tahun 2024,Perdirjen,2024,3,BAB V,Pengenaan Sanksi Pidana,Bagian Kedelapan,,41,1,,,Kewajiban,"Pada saat melakukan Penggeledahan rumah atau tempat tertutup lainnya, harus disaksikan 2 (dua) orang saksi apabila Tersangka atau penghuni menyetujuinya.",Pasal 41 ayat (1),"saat, melakukan, penggeledahan, rumah, tempat",
Perdirjen_3_2024,Perdirjen Nomor 3 Tahun 2024,Perdirjen,2024,3,BAB V,Pengenaan Sanksi Pidana,Bagian Kedelapan,,41,2,,,Kewajiban,"Dalam hal Tersangka atau penghuni menolak atau tidak hadir, maka Penggeledahan rumah atau tempat tertutup lainnya harus disaksikan oleh kepala desa atau ketua lingkungan dengan 2 (dua) orang saksi. Catatan : - UU ITE No 11 Tahun 2008 Pasal 5 ayat 1 ""Informasi Elektronik dan/atau Dokumen Elektronik dan/atau hasil cetaknya merupakan alat bukti hukum yang sah."" - Dokumen ini telah ditandatangani secara elektronik menggunakansertifikat elektronikyang diterbitkanBSrE - 40 -",Pasal 41 ayat (2),"elektronik, dokumen, tersangka, penghuni, menolak",
Perdirjen_3_2024,Perdirjen Nomor 3 Tahun 2024,Perdirjen,2024,3,BAB V,Pengenaan Sanksi Pidana,Bagian Kedelapan,,41,3,,,Ketentuan,"Setelah Penggeledahan dilaksanakan, dalam waktu paling lambat 2 (dua) hari PPNS Direktorat Jenderal membuat berita acara Penggeledahan dengan tembusan pemilik atau penghuni rumah yang bersangkutan.",Pasal 41 ayat (3),"penggeledahan, setelah, dilaksanakan, waktu, paling",
Perdirjen_3_2024,Perdirjen Nomor 3 Tahun 2024,Perdirjen,2024,3,BAB V,Pengenaan Sanksi Pidana,Bagian Kesembilan,,42,1,,,Ketentuan,"PPNS Direktorat Jenderal mempunyai kewenangan melakukan Penyitaan, pelaksanaanya sesuai dengan KUHAP, dengan ketentuan sebagai berikut:",Pasal 42 ayat (1),"ppns, direktorat, jenderal, mempunyai, kewenangan",
Perdirjen_3_2024,Perdirjen Nomor 3 Tahun 2024,Perdirjen,2024,3,BAB V,Pengenaan Sanksi Pidana,Bagian Kesembilan,,42,1,a,,Ketentuan,PPNS Direktorat Jenderal menyampaikan surat permintaan izin khusus Penyitaan kepada Ketua Pengadilan Negeri setempat;,Pasal 42 ayat (1) huruf a,"ppns, direktorat, jenderal, menyampaikan, surat",
Perdirjen_3_2024,Perdirjen Nomor 3 Tahun 2024,Perdirjen,2024,3,BAB V,Pengenaan Sanksi Pidana,Bagian Kesembilan,,42,1,b,,Ketentuan,"sebelum surat permintaan izin khusus Penyitaan dikirim kepada Ketua Pengadilan Negeri setempat, PPNS Direktorat Jenderal dapat berkoordinasi kepada Penyidik Polri/Korwas PPNS tentang alasan perlunya dilakukan Penyitaan.",Pasal 42 ayat (1) huruf b,"penyitaan, kepada, ppns, sebelum, surat",
Perdirjen_3_2024,Perdirjen Nomor 3 Tahun 2024,Perdirjen,2024,3,BAB V,Pengenaan Sanksi Pidana,Bagian Kesembilan,,42,1,c,,Ketentuan,"surat permintaan izin khusus Penyitaan sebagaimana dimaksud pada huruf a, ditandatangani oleh:",Pasal 42 ayat (1) huruf c,"surat, permintaan, izin, khusus, penyitaan",
Perdirjen_3_2024,Perdirjen Nomor 3 Tahun 2024,Perdirjen,2024,3,BAB V,Pengenaan Sanksi Pidana,Bagian Kesembilan,,42,1,c,1,Ketentuan,Atasan PPNS selaku penyidik; atau,Pasal 42 ayat (1) huruf c angka 1,"atasan, ppns, selaku, penyidik",
Perdirjen_3_2024,Perdirjen Nomor 3 Tahun 2024,Perdirjen,2024,3,BAB V,Pengenaan Sanksi Pidana,Bagian Kesembilan,,42,1,c,2,Ketentuan,"PPNS Direktorat Jenderal, yang diketahui oleh Atasan PPNS, dalam hal Atasan PPNS bukan penyidik.",Pasal 42 ayat (1) huruf c angka 2,"ppns, atasan, direktorat, jenderal, diketahui",
Perdirjen_3_2024,Perdirjen Nomor 3 Tahun 2024,Perdirjen,2024,3,BAB V,Pengenaan Sanksi Pidana,Bagian Kesembilan,,42,1,d,,Ketentuan,"setelah surat izin khusus Penyitaan dikeluarkan oleh Ketua Pengadilan setempat, PPNS Direktorat Jenderal membuat surat perintah Penyitaan yang ditandatangani oleh:",Pasal 42 ayat (1) huruf d,"surat, penyitaan, setelah, izin, khusus",
Perdirjen_3_2024,Perdirjen Nomor 3 Tahun 2024,Perdirjen,2024,3,BAB V,Pengenaan Sanksi Pidana,Bagian Kesembilan,,42,1,d,1,Ketentuan,Atasan PPNS selaku penyidik; atau,Pasal 42 ayat (1) huruf d angka 1,"atasan, ppns, selaku, penyidik",
Perdirjen_3_2024,Perdirjen Nomor 3 Tahun 2024,Perdirjen,2024,3,BAB V,Pengenaan Sanksi Pidana,Bagian Kesembilan,,42,1,d,2,Ketentuan,"PPNS Direktorat Jenderal, yang diketahui oleh Atasan PPNS, dalam hal Atasan PPNS bukan penyidik. Catatan : - UU ITE No 11 Tahun 2008 Pasal 5 ayat 1 ""Informasi Elektronik dan/atau Dokumen Elektronik dan/atau hasil cetaknya merupakan alat bukti hukum yang sah."" - Dokumen ini telah ditandatangani secara elektronik menggunakansertifikat elektronikyang diterbitkanBSrE - 41 -",Pasal 42 ayat (1) huruf d angka 2,"ppns, elektronik, atasan, dokumen, direktorat",
Perdirjen_3_2024,Perdirjen Nomor 3 Tahun 2024,Perdirjen,2024,3,BAB V,Pengenaan Sanksi Pidana,Bagian Kesembilan,,42,1,e,,Ketentuan,"dikecualikan dari ketentuan sebagaimana dimaksud pada huruf a, dalam keadaan yang sangat perlu dan mendesak dilakukan Penyitaan terhadap benda bergerak atau mudah dipindahkan, PPNS Direktorat Jenderal membuat surat perintah Penyitaan yang ditanda tangani oleh:",Pasal 42 ayat (1) huruf e,"penyitaan, dikecualikan, keadaan, sangat, perlu",
Perdirjen_3_2024,Perdirjen Nomor 3 Tahun 2024,Perdirjen,2024,3,BAB V,Pengenaan Sanksi Pidana,Bagian Kesembilan,,42,1,e,1,Ketentuan,Atasan PPNS selaku penyidik; atau,Pasal 42 ayat (1) huruf e angka 1,"atasan, ppns, selaku, penyidik",
Perdirjen_3_2024,Perdirjen Nomor 3 Tahun 2024,Perdirjen,2024,3,BAB V,Pengenaan Sanksi Pidana,Bagian Kesembilan,,42,1,e,2,Ketentuan,"PPNS Direktorat Jenderal, yang diketahui oleh Atasan PPNS, dalam hal Atasan PPNS bukan penyidik.",Pasal 42 ayat (1) huruf e angka 2,"ppns, atasan, direktorat, jenderal, diketahui",
Perdirjen_3_2024,Perdirjen Nomor 3 Tahun 2024,Perdirjen,2024,3,BAB V,Pengenaan Sanksi Pidana,Bagian Kesembilan,,42,1,f,,Ketentuan,"setelah dilakukan Penyitaan dengan dasar keadaan yang sangat perlu dan mendesak sebagaimana dimaksud pada huruf e, guna memperoleh persetujuan, PPNS Direktorat Jenderal mengajukan surat permohonan persetujuan Penyitaan kepada Ketua Pengadilan Negeri setempat paling lambat 7 (tujuh) hari setelah dilaksanakannya Penyitaan;",Pasal 42 ayat (1) huruf f,"penyitaan, setelah, persetujuan, dasar, keadaan",
Perdirjen_3_2024,Perdirjen Nomor 3 Tahun 2024,Perdirjen,2024,3,BAB V,Pengenaan Sanksi Pidana,Bagian Kesembilan,,42,1,g,,Ketentuan,"setelah Penyitaan dilaksanakan, PPNS Direktorat Jenderal segera membuat:",Pasal 42 ayat (1) huruf g,"setelah, penyitaan, dilaksanakan, ppns, direktorat",
Perdirjen_3_2024,Perdirjen Nomor 3 Tahun 2024,Perdirjen,2024,3,BAB V,Pengenaan Sanksi Pidana,Bagian Kesembilan,,42,1,g,1,Ketentuan,berita acara Penyitaan; dan,Pasal 42 ayat (1) huruf g angka 1,"berita, acara, penyitaan",
Perdirjen_3_2024,Perdirjen Nomor 3 Tahun 2024,Perdirjen,2024,3,BAB V,Pengenaan Sanksi Pidana,Bagian Kesembilan,,42,1,g,2,Ketentuan,"surat tanda penerimaan Barang Bukti, yang ditandatangani oleh pemilik atau penguasa barang, saksi dan PPNS Direktorat Jenderal.",Pasal 42 ayat (1) huruf g angka 2,"barang, surat, tanda, penerimaan, bukti",
Perdirjen_3_2024,Perdirjen Nomor 3 Tahun 2024,Perdirjen,2024,3,BAB V,Pengenaan Sanksi Pidana,Bagian Kesembilan,,42,1,h,,Ketentuan,"salinan Berita acara Penyitaan dan surat tanda penerimaan Barang Bukti sebagaimana dimaksud pada huruf g, disampaikan kepada pemilik atau penguasa barang.",Pasal 42 ayat (1) huruf h,"barang, salinan, berita, acara, penyitaan",
Perdirjen_3_2024,Perdirjen Nomor 3 Tahun 2024,Perdirjen,2024,3,BAB V,Pengenaan Sanksi Pidana,Bagian Kesembilan,,42,2,,,Ketentuan,Penyitaan sebagaimana dimaksud pada ayat (1) dilakukan dengan cara:,Pasal 42 ayat (2),"penyitaan, cara",
Perdirjen_3_2024,Perdirjen Nomor 3 Tahun 2024,Perdirjen,2024,3,BAB V,Pengenaan Sanksi Pidana,Bagian Kesembilan,,42,2,a,,Ketentuan,menunjukan surat perintah tugas;,Pasal 42 ayat (2) huruf a,"menunjukan, surat, perintah, tugas",
Perdirjen_3_2024,Perdirjen Nomor 3 Tahun 2024,Perdirjen,2024,3,BAB V,Pengenaan Sanksi Pidana,Bagian Kesembilan,,42,2,b,,Ketentuan,menunjukan surat perintah Penyitaan;,Pasal 42 ayat (2) huruf b,"menunjukan, surat, perintah, penyitaan",
Perdirjen_3_2024,Perdirjen Nomor 3 Tahun 2024,Perdirjen,2024,3,BAB V,Pengenaan Sanksi Pidana,Bagian Kesembilan,,42,2,c,,Ketentuan,meneliti dan mengidentifikasi terlebih dahulu barang yang akan dilakukan Penyitaan;,Pasal 42 ayat (2) huruf c,"meneliti, mengidentifikasi, terlebih, dahulu, barang",
Perdirjen_3_2024,Perdirjen Nomor 3 Tahun 2024,Perdirjen,2024,3,BAB V,Pengenaan Sanksi Pidana,Bagian Kesembilan,,42,2,d,,Ketentuan,mengumpulkan dan memperlihatkan Barang hasil Penyitaan kepada pemilik atau penguasa barang; dan,Pasal 42 ayat (2) huruf d,"barang, mengumpulkan, memperlihatkan, hasil, penyitaan",
Perdirjen_3_2024,Perdirjen Nomor 3 Tahun 2024,Perdirjen,2024,3,BAB V,Pengenaan Sanksi Pidana,Bagian Kesembilan,,42,2,e,,Ketentuan,membuat berita acara Penyitaan;,Pasal 42 ayat (2) huruf e,"membuat, berita, acara, penyitaan",
Perdirjen_3_2024,Perdirjen Nomor 3 Tahun 2024,Perdirjen,2024,3,BAB V,Pengenaan Sanksi Pidana,Bagian Kesembilan,,42,2,f,,Ketentuan,"membuat surat tanda penerimaan Barang Bukti; Catatan : - UU ITE No 11 Tahun 2008 Pasal 5 ayat 1 ""Informasi Elektronik dan/atau Dokumen Elektronik dan/atau hasil cetaknya merupakan alat bukti hukum yang sah."" - Dokumen ini telah ditandatangani secara elektronik menggunakansertifikat elektronikyang diterbitkanBSrE - 42 -",Pasal 42 ayat (2) huruf f,"elektronik, bukti, dokumen, membuat, surat",
Perdirjen_3_2024,Perdirjen Nomor 3 Tahun 2024,Perdirjen,2024,3,BAB V,Pengenaan Sanksi Pidana,Bagian Kesembilan,,42,2,g,,Ketentuan,membungkus atau menyegel Barang Bukti;,Pasal 42 ayat (2) huruf g,"membungkus, menyegel, barang, bukti",
Perdirjen_3_2024,Perdirjen Nomor 3 Tahun 2024,Perdirjen,2024,3,BAB V,Pengenaan Sanksi Pidana,Bagian Kesembilan,,42,2,h,,Ketentuan,membawa Barang Bukti hasil Penyitaan ke kantor PPNS Direktorat Jenderal;,Pasal 42 ayat (2) huruf h,"membawa, barang, bukti, hasil, penyitaan",
Perdirjen_3_2024,Perdirjen Nomor 3 Tahun 2024,Perdirjen,2024,3,BAB V,Pengenaan Sanksi Pidana,Bagian Kesembilan,,42,2,i,,Ketentuan,"dalam hal Barang Bukti tidak dapat di bawa ke kantor PPNS Direktorat Jenderal, maka Barang Bukti tersebut dapat dititipkan ke pemilik/penguasa barang atau institusi pemerintahan dengan dibuatkan berita acara penitipan barang bukti;",Pasal 42 ayat (2) huruf i,"barang, bukti, bawa, kantor, ppns",
Perdirjen_3_2024,Perdirjen Nomor 3 Tahun 2024,Perdirjen,2024,3,BAB V,Pengenaan Sanksi Pidana,Bagian Kesembilan,,42,2,j,,Ketentuan,"dalam hal barang hasil Penyitaan tidak memungkinkan untuk dibawa ke kantor PPNS Direktorat Jenderal atau memiliki risiko tinggi, dapat dititipkan kepada pemilik barang dengan dibuatkan berita acara penitipan Barang Bukti; dan",Pasal 42 ayat (2) huruf j,"barang, hasil, penyitaan, memungkinkan, dibawa",
Perdirjen_3_2024,Perdirjen Nomor 3 Tahun 2024,Perdirjen,2024,3,BAB V,Pengenaan Sanksi Pidana,Bagian Kesembilan,,42,2,k,,Kewajiban,"pada saat melakukan Penyitaan, harus disaksikan 2 (dua) orang saksi.",Pasal 42 ayat (2) huruf k,"saat, melakukan, penyitaan, disaksikan, orang",
Perdirjen_3_2024,Perdirjen Nomor 3 Tahun 2024,Perdirjen,2024,3,BAB V,Pengenaan Sanksi Pidana,Bagian Kesepuluh,,43,1,,,Ketentuan,Penetapan Tersangka berdasarkan paling sedikit 2 (dua) alat bukti yang didukung Barang Bukti.,Pasal 43 ayat (1),"bukti, penetapan, tersangka, paling, sedikit",
Perdirjen_3_2024,Perdirjen Nomor 3 Tahun 2024,Perdirjen,2024,3,BAB V,Pengenaan Sanksi Pidana,Bagian Kesepuluh,,43,2,,,Ketentuan,"Sebelum dilakukan Penetapan Tersangka, calon Tersangka terlebih dahulu diambil keterangannya sebagai saksi.",Pasal 43 ayat (2),"tersangka, sebelum, penetapan, calon, terlebih",
Perdirjen_3_2024,Perdirjen Nomor 3 Tahun 2024,Perdirjen,2024,3,BAB V,Pengenaan Sanksi Pidana,Bagian Kesepuluh,,43,3,,,Ketentuan,Penetapan Tersangka sebagaimana dimaksud pada ayat,Pasal 43 ayat (3),"penetapan, tersangka",
Perdirjen_3_2024,Perdirjen Nomor 3 Tahun 2024,Perdirjen,2024,3,BAB V,Pengenaan Sanksi Pidana,Bagian Kesepuluh,,43,1,,,Ketentuan,", dilaksanakan melalui mekanisme Gelar Perkara, kecuali tertangkap tangan.",Pasal 43 ayat (1),"dilaksanakan, melalui, mekanisme, gelar, perkara",
Perdirjen_3_2024,Perdirjen Nomor 3 Tahun 2024,Perdirjen,2024,3,BAB V,Pengenaan Sanksi Pidana,Bagian Kesepuluh,,43,4,,,Ketentuan,"Berdasarkan hasil putusan Gelar Perkara sebagaimana dimaksud pada ayat (3), PPNS Direktorat Jenderal menindaklanjuti dengan menerbitkan:",Pasal 43 ayat (4),"hasil, putusan, gelar, perkara, ppns",
Perdirjen_3_2024,Perdirjen Nomor 3 Tahun 2024,Perdirjen,2024,3,BAB V,Pengenaan Sanksi Pidana,Bagian Kesepuluh,,43,4,a,,Ketentuan,surat penetapan Tersangka;,Pasal 43 ayat (4) huruf a,"surat, penetapan, tersangka",
Perdirjen_3_2024,Perdirjen Nomor 3 Tahun 2024,Perdirjen,2024,3,BAB V,Pengenaan Sanksi Pidana,Bagian Kesepuluh,,43,4,b,,Ketentuan,surat pemberitahuan penetapan Tersangka ke Penuntut Umum melalui Penyidik Polri/Korwas PPNS; dan,Pasal 43 ayat (4) huruf b,"surat, pemberitahuan, penetapan, tersangka, penuntut",
Perdirjen_3_2024,Perdirjen Nomor 3 Tahun 2024,Perdirjen,2024,3,BAB V,Pengenaan Sanksi Pidana,Bagian Kesepuluh,,43,4,c,,Ketentuan,"surat permohonan penyampaian surat penetapan Tersangka kepada Penyidik Polri/Korwas PPNS. Catatan : - UU ITE No 11 Tahun 2008 Pasal 5 ayat 1 ""Informasi Elektronik dan/atau Dokumen Elektronik dan/atau hasil cetaknya merupakan alat bukti hukum yang sah."" - Dokumen ini telah ditandatangani secara elektronik menggunakansertifikat elektronikyang diterbitkanBSrE - 43 -",Pasal 43 ayat (4) huruf c,"elektronik, surat, dokumen, permohonan, penyampaian",
Perdirjen_3_2024,Perdirjen Nomor 3 Tahun 2024,Perdirjen,2024,3,BAB V,Pengenaan Sanksi Pidana,Bagian Kesepuluh,,43,5,,,Ketentuan,surat sebagaimana dimaksud pada ayat (4) ditandatangani oleh:,Pasal 43 ayat (5),"surat, ditandatangani",
Perdirjen_3_2024,Perdirjen Nomor 3 Tahun 2024,Perdirjen,2024,3,BAB V,Pengenaan Sanksi Pidana,Bagian Kesepuluh,,43,5,a,,Ketentuan,Atasan PPNS selaku penyidik; atau,Pasal 43 ayat (5) huruf a,"atasan, ppns, selaku, penyidik",
Perdirjen_3_2024,Perdirjen Nomor 3 Tahun 2024,Perdirjen,2024,3,BAB V,Pengenaan Sanksi Pidana,Bagian Kesepuluh,,43,5,b,,Ketentuan,"PPNS Direktorat Jenderal, yang diketahui oleh Atasan PPNS, dalam hal Atasan PPNS bukan penyidik.",Pasal 43 ayat (5) huruf b,"ppns, atasan, direktorat, jenderal, diketahui",
Perdirjen_3_2024,Perdirjen Nomor 3 Tahun 2024,Perdirjen,2024,3,BAB V,Pengenaan Sanksi Pidana,Bagian Kesepuluh,,43,6,,,Kewajiban,Surat penetapan Tersangka sebagaimana dimaksud pada ayat (4) huruf a wajib diserahkan langsung kepada Tersangka oleh PPNS Direktorat Jenderal dengan melampiri salinan SPDP.,Pasal 43 ayat (6),"tersangka, surat, penetapan, wajib, diserahkan",
Perdirjen_3_2024,Perdirjen Nomor 3 Tahun 2024,Perdirjen,2024,3,BAB V,Pengenaan Sanksi Pidana,Bagian Kesepuluh,,43,7,,,Ketentuan,"Dalam hal telah diterbitkan surat penetapan Tersangka, PPNS Direktorat Jenderal memanggil Tersangka untuk diminta keterangannya sebagai Tersangka.",Pasal 43 ayat (7),"tersangka, diterbitkan, surat, penetapan, ppns",
Perdirjen_3_2024,Perdirjen Nomor 3 Tahun 2024,Perdirjen,2024,3,BAB V,Pengenaan Sanksi Pidana,Bagian Kesebelas,,44,1,,,Ketentuan,"Dalam hal diperlukan penangkapan, PPNS Direktorat Jenderal meminta bantuan kepada Penyidik Polri/Korwas PPNS.",Pasal 44 ayat (1),"ppns, diperlukan, penangkapan, direktorat, jenderal",
Perdirjen_3_2024,Perdirjen Nomor 3 Tahun 2024,Perdirjen,2024,3,BAB V,Pengenaan Sanksi Pidana,Bagian Kesebelas,,44,2,,,Ketentuan,Permintaan penangkapan sebagaimana dimaksud pada ayat (1) dilakukan dalam bentuk penyampaian surat tertulis kepada Penyidik Polri/Korwas PPNS.,Pasal 44 ayat (2),"permintaan, penangkapan, bentuk, penyampaian, surat",
Perdirjen_3_2024,Perdirjen Nomor 3 Tahun 2024,Perdirjen,2024,3,BAB V,Pengenaan Sanksi Pidana,Bagian Kesebelas,,44,3,,,Ketentuan,Sebelum PPNS Direktorat Jenderal meminta bantuan secara tertulis kepada Penyidik Polri/Korwas PPNS permintaan dapat dilakukan secara lisan terlebih dahulu yang ditindaklanjuti secara tertulis.,Pasal 44 ayat (3),"ppns, tertulis, sebelum, direktorat, jenderal",
Perdirjen_3_2024,Perdirjen Nomor 3 Tahun 2024,Perdirjen,2024,3,BAB V,Pengenaan Sanksi Pidana,Bagian Kesebelas,,44,4,,,Ketentuan,Surat permintaan bantuan penangkapan Tersangka sebagaimana dimaksud pada ayat (2) memuat:,Pasal 44 ayat (4),"surat, permintaan, bantuan, penangkapan, tersangka",
Perdirjen_3_2024,Perdirjen Nomor 3 Tahun 2024,Perdirjen,2024,3,BAB V,Pengenaan Sanksi Pidana,Bagian Kesebelas,,44,4,a,,Ketentuan,identitas Tersangka;,Pasal 44 ayat (4) huruf a,"identitas, tersangka",
Perdirjen_3_2024,Perdirjen Nomor 3 Tahun 2024,Perdirjen,2024,3,BAB V,Pengenaan Sanksi Pidana,Bagian Kesebelas,,44,4,b,,Ketentuan,uraian singkat kasus;,Pasal 44 ayat (4) huruf b,"uraian, singkat, kasus",
Perdirjen_3_2024,Perdirjen Nomor 3 Tahun 2024,Perdirjen,2024,3,BAB V,Pengenaan Sanksi Pidana,Bagian Kesebelas,,44,4,c,,Ketentuan,pasal yang dilanggar; dan,Pasal 44 ayat (4) huruf c,dilanggar,
Perdirjen_3_2024,Perdirjen Nomor 3 Tahun 2024,Perdirjen,2024,3,BAB V,Pengenaan Sanksi Pidana,Bagian Kesebelas,,44,4,d,,Ketentuan,"pertimbangan perlunya dilakukan penangkapan. Catatan : - UU ITE No 11 Tahun 2008 Pasal 5 ayat 1 ""Informasi Elektronik dan/atau Dokumen Elektronik dan/atau hasil cetaknya merupakan alat bukti hukum yang sah."" - Dokumen ini telah ditandatangani secara elektronik menggunakansertifikat elektronikyang diterbitkanBSrE - 44 -",Pasal 44 ayat (4) huruf d,"elektronik, dokumen, pertimbangan, perlunya, penangkapan",
Perdirjen_3_2024,Perdirjen Nomor 3 Tahun 2024,Perdirjen,2024,3,BAB V,Pengenaan Sanksi Pidana,Bagian Kesebelas,,44,5,,,Kewajiban,Surat permintaan bantuan penangkapan Tersangka sebagaimana dimaksud pada ayat (2) harus dilampiri dengan:,Pasal 44 ayat (5),"surat, permintaan, bantuan, penangkapan, tersangka",
Perdirjen_3_2024,Perdirjen Nomor 3 Tahun 2024,Perdirjen,2024,3,BAB V,Pengenaan Sanksi Pidana,Bagian Kesebelas,,44,5,a,,Ketentuan,Laporan Kejadian;,Pasal 44 ayat (5) huruf a,"laporan, kejadian",
Perdirjen_3_2024,Perdirjen Nomor 3 Tahun 2024,Perdirjen,2024,3,BAB V,Pengenaan Sanksi Pidana,Bagian Kesebelas,,44,5,b,,Ketentuan,surat perintah Penyidikan;,Pasal 44 ayat (5) huruf b,"surat, perintah, penyidikan",
Perdirjen_3_2024,Perdirjen Nomor 3 Tahun 2024,Perdirjen,2024,3,BAB V,Pengenaan Sanksi Pidana,Bagian Kesebelas,,44,5,c,,Ketentuan,SPDP; dan,Pasal 44 ayat (5) huruf c,spdp,
Perdirjen_3_2024,Perdirjen Nomor 3 Tahun 2024,Perdirjen,2024,3,BAB V,Pengenaan Sanksi Pidana,Bagian Kesebelas,,44,5,d,,Ketentuan,laporan kemajuan.,Pasal 44 ayat (5) huruf d,"laporan, kemajuan",
Perdirjen_3_2024,Perdirjen Nomor 3 Tahun 2024,Perdirjen,2024,3,BAB V,Pengenaan Sanksi Pidana,Bagian Kesebelas,,44,6,,,Ketentuan,Surat permintaan bantuan penangkapan sebagaimana dimaksud pada ayat (2) ditandatangani oleh:,Pasal 44 ayat (6),"surat, permintaan, bantuan, penangkapan, ditandatangani",
Perdirjen_3_2024,Perdirjen Nomor 3 Tahun 2024,Perdirjen,2024,3,BAB V,Pengenaan Sanksi Pidana,Bagian Kesebelas,,44,6,a,,Ketentuan,Atasan PPNS selaku penyidik; atau,Pasal 44 ayat (6) huruf a,"atasan, ppns, selaku, penyidik",
Perdirjen_3_2024,Perdirjen Nomor 3 Tahun 2024,Perdirjen,2024,3,BAB V,Pengenaan Sanksi Pidana,Bagian Kesebelas,,44,6,b,,Ketentuan,"PPNS Direktorat Jenderal, yang diketahui oleh Atasan PPNS, dalam hal Atasan PPNS bukan penyidik.",Pasal 44 ayat (6) huruf b,"ppns, atasan, direktorat, jenderal, diketahui",
Perdirjen_3_2024,Perdirjen Nomor 3 Tahun 2024,Perdirjen,2024,3,BAB V,Pengenaan Sanksi Pidana,Bagian Kesebelas,,44,7,,,Ketentuan,Format surat permintaan bantuan penangkapan sebagaimana dimaksud pada ayat (2) tercantum dalam Lampiran V yang merupakan bagian tidak terpisahkan dari Peraturan Direktur Jenderal ini.,Pasal 44 ayat (7),"format, surat, permintaan, bantuan, penangkapan",
Perdirjen_3_2024,Perdirjen Nomor 3 Tahun 2024,Perdirjen,2024,3,BAB V,Pengenaan Sanksi Pidana,Bagian Kesebelas,,44,8,,,Ketentuan,Penyidik Polri/Korwas PPNS atas surat permintaan PPNS Direktorat Jenderal menerbitkan surat perintah penangkapan.,Pasal 44 ayat (8),"ppns, surat, penyidik, polri, korwas",
Perdirjen_3_2024,Perdirjen Nomor 3 Tahun 2024,Perdirjen,2024,3,BAB V,Pengenaan Sanksi Pidana,Bagian Kesebelas,,44,9,,,Kewajiban,"Dalam hal melakukan penangkapan sebagaimana dimaksud pada ayat (8), PPNS Direktorat Jenderal yang diikutsertakan wajib dilengkapi surat perintah tugas.",Pasal 44 ayat (9),"melakukan, penangkapan, ppns, direktorat, jenderal",
Perdirjen_3_2024,Perdirjen Nomor 3 Tahun 2024,Perdirjen,2024,3,BAB V,Pengenaan Sanksi Pidana,Bagian Kesebelas,,44,10,,,Ketentuan,Surat perintah tugas sebagaimana dimaksud pada ayat (9) diterbitkan oleh Atasan Penyidik Polri/Korwas PPNS.,Pasal 44 ayat (10),"surat, perintah, tugas, diterbitkan, atasan",
Perdirjen_3_2024,Perdirjen Nomor 3 Tahun 2024,Perdirjen,2024,3,BAB V,Pengenaan Sanksi Pidana,Bagian Kesebelas,,44,11,,,Ketentuan,"Dalam hal Tersangka yang diduga berada di luar wilayah Indonesia, PPNS Direktorat Jenderal mengajukan surat permohonan kepada Penyidik Polri/Korwas PPNS untuk penerbitan Red Notice.",Pasal 44 ayat (11),"ppns, tersangka, diduga, berada, luar",
Perdirjen_3_2024,Perdirjen Nomor 3 Tahun 2024,Perdirjen,2024,3,BAB V,Pengenaan Sanksi Pidana,Bagian Kesebelas,,45,,,,Ketentuan,"Sebelum dilakukan penangkapan dan/atau penerbitan Red Notice, PPNS Direktorat Jenderal melaksanakan Gelar Perkara bersama dengan Penyidik Polri/Korwas PPNS. Catatan : - UU ITE No 11 Tahun 2008 Pasal 5 ayat 1 ""Informasi Elektronik dan/atau Dokumen Elektronik dan/atau hasil cetaknya merupakan alat bukti hukum yang sah."" - Dokumen ini telah ditandatangani secara elektronik menggunakansertifikat elektronikyang diterbitkanBSrE - 45 -",Pasal 45,"elektronik, ppns, dokumen, sebelum, penangkapan",
Perdirjen_3_2024,Perdirjen Nomor 3 Tahun 2024,Perdirjen,2024,3,BAB V,Pengenaan Sanksi Pidana,Bagian Kesebelas,,46,1,,,Ketentuan,PPNS Direktorat Jenderal menerima penyerahan Tersangka beserta administrasi penangkapan setelah Penyidik Polri/Korwas PPNS berhasil melakukan Penangkapan.,Pasal 46 ayat (1),"ppns, penangkapan, direktorat, jenderal, menerima",
Perdirjen_3_2024,Perdirjen Nomor 3 Tahun 2024,Perdirjen,2024,3,BAB V,Pengenaan Sanksi Pidana,Bagian Kesebelas,,46,2,,,Ketentuan,Penyerahan Tersangka beserta administrasi penangkapan sebagaimana dimaksud pada ayat (1) dituangkan dalam berita acara yang dibuat oleh Penyidik Polri/Korwas PPNS. Bagian Kedua Belas Penahanan,Pasal 46 ayat (2),"penyerahan, tersangka, beserta, administrasi, penangkapan",
Perdirjen_3_2024,Perdirjen Nomor 3 Tahun 2024,Perdirjen,2024,3,BAB V,Pengenaan Sanksi Pidana,Bagian Kesebelas,,47,1,,,Ketentuan,"Dalam hal diperlukan penahanan, PPNS Direktorat Jenderal meminta bantuan kepada Penyidik Polri/Korwas PPNS.",Pasal 47 ayat (1),"ppns, diperlukan, penahanan, direktorat, jenderal",
Perdirjen_3_2024,Perdirjen Nomor 3 Tahun 2024,Perdirjen,2024,3,BAB V,Pengenaan Sanksi Pidana,Bagian Kesebelas,,47,2,,,Ketentuan,Permintaan penahanan sebagaimana dimaksud pada ayat,Pasal 47 ayat (2),"permintaan, penahanan",
Perdirjen_3_2024,Perdirjen Nomor 3 Tahun 2024,Perdirjen,2024,3,BAB V,Pengenaan Sanksi Pidana,Bagian Kesebelas,,47,1,,,Ketentuan,dilakukan dalam bentuk penyampaian surat tertulis kepada Penyidik Polri/Korwas PPNS.,Pasal 47 ayat (1),"bentuk, penyampaian, surat, tertulis, kepada",
Perdirjen_3_2024,Perdirjen Nomor 3 Tahun 2024,Perdirjen,2024,3,BAB V,Pengenaan Sanksi Pidana,Bagian Kesebelas,,47,3,,,Ketentuan,Sebelum PPNS Direktorat Jenderal meminta bantuan secara tertulis kepada Penyidik Polri/Korwas PPNS permintaan dapat dilakukan secara lisan terlebih dahulu yang ditindaklanjuti secara tertulis.,Pasal 47 ayat (3),"ppns, tertulis, sebelum, direktorat, jenderal",
Perdirjen_3_2024,Perdirjen Nomor 3 Tahun 2024,Perdirjen,2024,3,BAB V,Pengenaan Sanksi Pidana,Bagian Kesebelas,,47,4,,,Ketentuan,Surat permintaan bantuan penahanan sebagaimana dimaksud pada ayat (2) memuat:,Pasal 47 ayat (4),"surat, permintaan, bantuan, penahanan, memuat",
Perdirjen_3_2024,Perdirjen Nomor 3 Tahun 2024,Perdirjen,2024,3,BAB V,Pengenaan Sanksi Pidana,Bagian Kesebelas,,47,4,a,,Ketentuan,identitas Tersangka;,Pasal 47 ayat (4) huruf a,"identitas, tersangka",
Perdirjen_3_2024,Perdirjen Nomor 3 Tahun 2024,Perdirjen,2024,3,BAB V,Pengenaan Sanksi Pidana,Bagian Kesebelas,,47,4,b,,Ketentuan,uraian singkat kasus;,Pasal 47 ayat (4) huruf b,"uraian, singkat, kasus",
Perdirjen_3_2024,Perdirjen Nomor 3 Tahun 2024,Perdirjen,2024,3,BAB V,Pengenaan Sanksi Pidana,Bagian Kesebelas,,47,4,c,,Ketentuan,pasal yang dilanggar beserta ancaman hukuman; dan,Pasal 47 ayat (4) huruf c,"dilanggar, beserta, ancaman, hukuman",
Perdirjen_3_2024,Perdirjen Nomor 3 Tahun 2024,Perdirjen,2024,3,BAB V,Pengenaan Sanksi Pidana,Bagian Kesebelas,,47,4,d,,Ketentuan,pertimbangan perlunya dilakukan penahanan.,Pasal 47 ayat (4) huruf d,"pertimbangan, perlunya, penahanan",
Perdirjen_3_2024,Perdirjen Nomor 3 Tahun 2024,Perdirjen,2024,3,BAB V,Pengenaan Sanksi Pidana,Bagian Kesebelas,,47,5,,,Kewajiban,Surat permintaan bantuan penahanan sebagaimana dimaksud pada ayat (2) harus dilampiri:,Pasal 47 ayat (5),"surat, permintaan, bantuan, penahanan, dilampiri",
Perdirjen_3_2024,Perdirjen Nomor 3 Tahun 2024,Perdirjen,2024,3,BAB V,Pengenaan Sanksi Pidana,Bagian Kesebelas,,47,5,a,,Ketentuan,Laporan Kejadian;,Pasal 47 ayat (5) huruf a,"laporan, kejadian",
Perdirjen_3_2024,Perdirjen Nomor 3 Tahun 2024,Perdirjen,2024,3,BAB V,Pengenaan Sanksi Pidana,Bagian Kesebelas,,47,5,b,,Ketentuan,surat perintah penyidikan;,Pasal 47 ayat (5) huruf b,"surat, perintah, penyidikan",
Perdirjen_3_2024,Perdirjen Nomor 3 Tahun 2024,Perdirjen,2024,3,BAB V,Pengenaan Sanksi Pidana,Bagian Kesebelas,,47,5,c,,Ketentuan,SPDP; dan,Pasal 47 ayat (5) huruf c,spdp,
Perdirjen_3_2024,Perdirjen Nomor 3 Tahun 2024,Perdirjen,2024,3,BAB V,Pengenaan Sanksi Pidana,Bagian Kesebelas,,47,5,d,,Ketentuan,"laporan kemajuan. Catatan : - UU ITE No 11 Tahun 2008 Pasal 5 ayat 1 ""Informasi Elektronik dan/atau Dokumen Elektronik dan/atau hasil cetaknya merupakan alat bukti hukum yang sah."" - Dokumen ini telah ditandatangani secara elektronik menggunakansertifikat elektronikyang diterbitkanBSrE - 46 -",Pasal 47 ayat (5) huruf d,"elektronik, dokumen, laporan, kemajuan, catatan",
Perdirjen_3_2024,Perdirjen Nomor 3 Tahun 2024,Perdirjen,2024,3,BAB V,Pengenaan Sanksi Pidana,Bagian Kesebelas,,47,6,,,Ketentuan,Surat permintaan bantuan penahanan sebagaimana dimaksud pada ayat (2) ditandatangani oleh:,Pasal 47 ayat (6),"surat, permintaan, bantuan, penahanan, ditandatangani",
Perdirjen_3_2024,Perdirjen Nomor 3 Tahun 2024,Perdirjen,2024,3,BAB V,Pengenaan Sanksi Pidana,Bagian Kesebelas,,47,6,a,,Ketentuan,Atasan PPNS selaku penyidik; atau,Pasal 47 ayat (6) huruf a,"atasan, ppns, selaku, penyidik",
Perdirjen_3_2024,Perdirjen Nomor 3 Tahun 2024,Perdirjen,2024,3,BAB V,Pengenaan Sanksi Pidana,Bagian Kesebelas,,47,6,b,,Ketentuan,"PPNS Direktorat Jenderal, yang diketahui oleh Atasan PPNS, dalam hal Atasan PPNS bukan penyidik.",Pasal 47 ayat (6) huruf b,"ppns, atasan, direktorat, jenderal, diketahui",
Perdirjen_3_2024,Perdirjen Nomor 3 Tahun 2024,Perdirjen,2024,3,BAB V,Pengenaan Sanksi Pidana,Bagian Kesebelas,,47,7,,,Ketentuan,Format surat permintaan bantuan penahanan sebagaimana dimaksud pada ayat (2) tercantum dalam Lampiran V yang merupakan bagian tidak terpisahkan dari Peraturan Direktur Jenderal ini.,Pasal 47 ayat (7),"format, surat, permintaan, bantuan, penahanan",
Perdirjen_3_2024,Perdirjen Nomor 3 Tahun 2024,Perdirjen,2024,3,BAB V,Pengenaan Sanksi Pidana,Bagian Kesebelas,,47,8,,,Ketentuan,"Penyidik Polri/Korwas PPNS atas surat permintaan PPNS Direktorat Jenderal menerbitkan surat perintah penahanan, berita acara penahanan, surat pemberitahuan penahanan kepada keluarga Tersangka.",Pasal 47 ayat (8),"surat, penahanan, ppns, penyidik, polri",
Perdirjen_3_2024,Perdirjen Nomor 3 Tahun 2024,Perdirjen,2024,3,BAB V,Pengenaan Sanksi Pidana,Bagian Kesebelas,,47,9,,,Ketentuan,Tanggung jawab administrasi terhadap Tersangka yang ditahan berada pada Penyidik Polri/Korwas PPNS yang mengeluarkan surat perintah penahanan.,Pasal 47 ayat (9),"tanggung, jawab, administrasi, tersangka, ditahan",
Perdirjen_3_2024,Perdirjen Nomor 3 Tahun 2024,Perdirjen,2024,3,BAB V,Pengenaan Sanksi Pidana,Bagian Kesebelas,,47,10,,,Ketentuan,Tanggung jawab pemeliharaan dan perawatan Tersangka yang ditahan selama di dalam rutan berada pada Direktorat Jenderal.,Pasal 47 ayat (10),"tanggung, jawab, pemeliharaan, perawatan, tersangka",
Perdirjen_3_2024,Perdirjen Nomor 3 Tahun 2024,Perdirjen,2024,3,BAB V,Pengenaan Sanksi Pidana,Bagian Kesebelas,,48,,,,Ketentuan,"Sebelum dilakukan penahanan, PPNS Direktorat Jenderal melaksanakan Gelar Perkara bersama dengan Penyidik Polri/Korwas PPNS.",Pasal 48,"ppns, sebelum, penahanan, direktorat, jenderal",
Perdirjen_3_2024,Perdirjen Nomor 3 Tahun 2024,Perdirjen,2024,3,BAB V,Pengenaan Sanksi Pidana,Bagian Kesebelas,,49,,,,Ketentuan,PPNS Direktorat Jenderal menerima penyerahan administrasi penahanan dari Penyidik Polri/Korwas PPNS dan dituangkan dalam berita acara yang dibuat oleh Penyidik Polri/Korwas PPNS. Bagian Ketiga Belas Pencegahan,Pasal 49,"ppns, penyidik, polri, korwas, direktorat",
Perdirjen_3_2024,Perdirjen Nomor 3 Tahun 2024,Perdirjen,2024,3,BAB V,Pengenaan Sanksi Pidana,Bagian Kesebelas,,50,1,,,Ketentuan,"Dalam hal Tersangka dikhawatirkan akan melarikan diri ke luar negeri, dapat dikenakan tindakan pencegahan. Catatan : - UU ITE No 11 Tahun 2008 Pasal 5 ayat 1 ""Informasi Elektronik dan/atau Dokumen Elektronik dan/atau hasil cetaknya merupakan alat bukti hukum yang sah."" - Dokumen ini telah ditandatangani secara elektronik menggunakansertifikat elektronikyang diterbitkanBSrE - 47 -",Pasal 50 ayat (1),"elektronik, dokumen, tersangka, dikhawatirkan, melarikan",
Perdirjen_3_2024,Perdirjen Nomor 3 Tahun 2024,Perdirjen,2024,3,BAB V,Pengenaan Sanksi Pidana,Bagian Kesebelas,,50,2,,,Ketentuan,Pencegahan sebagaimana dimaksud pada ayat (1) dilakukan dalam bentuk penyampaian surat tertulis kepada Penyidik Polri/Korwas PPNS.,Pasal 50 ayat (2),"pencegahan, bentuk, penyampaian, surat, tertulis",
Perdirjen_3_2024,Perdirjen Nomor 3 Tahun 2024,Perdirjen,2024,3,BAB V,Pengenaan Sanksi Pidana,Bagian Kesebelas,,50,3,,,Ketentuan,Surat permintaan pencegahan sebagaimana dimaksud pada ayat (2) memuat:,Pasal 50 ayat (3),"surat, permintaan, pencegahan, memuat",
Perdirjen_3_2024,Perdirjen Nomor 3 Tahun 2024,Perdirjen,2024,3,BAB V,Pengenaan Sanksi Pidana,Bagian Kesebelas,,50,3,a,,Ketentuan,nama;,Pasal 50 ayat (3) huruf a,nama,
Perdirjen_3_2024,Perdirjen Nomor 3 Tahun 2024,Perdirjen,2024,3,BAB V,Pengenaan Sanksi Pidana,Bagian Kesebelas,,50,3,b,,Ketentuan,umur;,Pasal 50 ayat (3) huruf b,umur,
Perdirjen_3_2024,Perdirjen Nomor 3 Tahun 2024,Perdirjen,2024,3,BAB V,Pengenaan Sanksi Pidana,Bagian Kesebelas,,50,3,c,,Ketentuan,pekerjaan;,Pasal 50 ayat (3) huruf c,pekerjaan,
Perdirjen_3_2024,Perdirjen Nomor 3 Tahun 2024,Perdirjen,2024,3,BAB V,Pengenaan Sanksi Pidana,Bagian Kesebelas,,50,3,d,,Ketentuan,alamat;,Pasal 50 ayat (3) huruf d,alamat,
Perdirjen_3_2024,Perdirjen Nomor 3 Tahun 2024,Perdirjen,2024,3,BAB V,Pengenaan Sanksi Pidana,Bagian Kesebelas,,50,3,e,,Ketentuan,jenis kelamin;,Pasal 50 ayat (3) huruf e,"jenis, kelamin",
Perdirjen_3_2024,Perdirjen Nomor 3 Tahun 2024,Perdirjen,2024,3,BAB V,Pengenaan Sanksi Pidana,Bagian Kesebelas,,50,3,f,,Ketentuan,nomor paspor; dan,Pasal 50 ayat (3) huruf f,"nomor, paspor",
Perdirjen_3_2024,Perdirjen Nomor 3 Tahun 2024,Perdirjen,2024,3,BAB V,Pengenaan Sanksi Pidana,Bagian Kesebelas,,50,3,g,,Ketentuan,kewarganegaraan.,Pasal 50 ayat (3) huruf g,kewarganegaraan,
Perdirjen_3_2024,Perdirjen Nomor 3 Tahun 2024,Perdirjen,2024,3,BAB V,Pengenaan Sanksi Pidana,Bagian Kesebelas,,50,4,,,Ketentuan,Format surat permintaan pencegahan sebagaimana dimaksud pada ayat (3) tercantum dalam Lampiran V yang merupakan bagian tidak terpisahkan dari Peraturan Direktur Jenderal ini.,Pasal 50 ayat (4),"format, surat, permintaan, pencegahan, tercantum",
Perdirjen_3_2024,Perdirjen Nomor 3 Tahun 2024,Perdirjen,2024,3,BAB V,Pengenaan Sanksi Pidana,Bagian Kesebelas,,50,5,,,Kewajiban,Surat permintaan pencegahan sebagaimana dimaksud pada ayat (2) harus dilampiri dengan:,Pasal 50 ayat (5),"surat, permintaan, pencegahan, dilampiri",
Perdirjen_3_2024,Perdirjen Nomor 3 Tahun 2024,Perdirjen,2024,3,BAB V,Pengenaan Sanksi Pidana,Bagian Kesebelas,,50,5,a,,Ketentuan,Laporan Kejadian;,Pasal 50 ayat (5) huruf a,"laporan, kejadian",
Perdirjen_3_2024,Perdirjen Nomor 3 Tahun 2024,Perdirjen,2024,3,BAB V,Pengenaan Sanksi Pidana,Bagian Kesebelas,,50,5,b,,Ketentuan,surat perintah Penyidikan;,Pasal 50 ayat (5) huruf b,"surat, perintah, penyidikan",
Perdirjen_3_2024,Perdirjen Nomor 3 Tahun 2024,Perdirjen,2024,3,BAB V,Pengenaan Sanksi Pidana,Bagian Kesebelas,,50,5,c,,Ketentuan,SPDP; dan,Pasal 50 ayat (5) huruf c,spdp,
Perdirjen_3_2024,Perdirjen Nomor 3 Tahun 2024,Perdirjen,2024,3,BAB V,Pengenaan Sanksi Pidana,Bagian Kesebelas,,50,5,d,,Ketentuan,laporan kemajuan.,Pasal 50 ayat (5) huruf d,"laporan, kemajuan",
Perdirjen_3_2024,Perdirjen Nomor 3 Tahun 2024,Perdirjen,2024,3,BAB V,Pengenaan Sanksi Pidana,Bagian Kesebelas,,51,,,,Ketentuan,Sebelum dilakukan pencegahan PPNS Direktorat Jenderal melaksanakan Gelar Perkara bersama dengan Penyidik Polri/Korwas PPNS.,Pasal 51,"ppns, sebelum, pencegahan, direktorat, jenderal",
Perdirjen_3_2024,Perdirjen Nomor 3 Tahun 2024,Perdirjen,2024,3,BAB V,Pengenaan Sanksi Pidana,Bagian Kesebelas,,52,,,,Ketentuan,"PPNS Direktorat Jenderal menerima penyerahan administrasi pencegahan dari Penyidik Polri/Korwas PPNS dan dituangkan dalam berita acara yang dibuat oleh Penyidik Polri/Korwas PPNS. Catatan : - UU ITE No 11 Tahun 2008 Pasal 5 ayat 1 ""Informasi Elektronik dan/atau Dokumen Elektronik dan/atau hasil cetaknya merupakan alat bukti hukum yang sah."" - Dokumen ini telah ditandatangani secara elektronik menggunakansertifikat elektronikyang diterbitkanBSrE - 48 - Bagian Keempat Belas Gelar Perkara",Pasal 52,"ppns, elektronik, penyidik, polri, korwas",
Perdirjen_3_2024,Perdirjen Nomor 3 Tahun 2024,Perdirjen,2024,3,BAB V,Pengenaan Sanksi Pidana,Bagian Kesebelas,,53,1,,,Kewajiban,Gelar Perkara wajib dilaksanakan oleh PPNS Direktorat Jenderal untuk:,Pasal 53 ayat (1),"gelar, perkara, wajib, dilaksanakan, ppns",
Perdirjen_3_2024,Perdirjen Nomor 3 Tahun 2024,Perdirjen,2024,3,BAB V,Pengenaan Sanksi Pidana,Bagian Kesebelas,,53,1,a,,Ketentuan,Wasmatlitrik naik ke Penyidikan;,Pasal 53 ayat (1) huruf a,"wasmatlitrik, naik, penyidikan",
Perdirjen_3_2024,Perdirjen Nomor 3 Tahun 2024,Perdirjen,2024,3,BAB V,Pengenaan Sanksi Pidana,Bagian Kesebelas,,53,1,b,,Ketentuan,membawa saksi dan/atau Tersangka;,Pasal 53 ayat (1) huruf b,"membawa, saksi, tersangka",
Perdirjen_3_2024,Perdirjen Nomor 3 Tahun 2024,Perdirjen,2024,3,BAB V,Pengenaan Sanksi Pidana,Bagian Kesebelas,,53,1,c,,Ketentuan,penetapan Tersangka;,Pasal 53 ayat (1) huruf c,"penetapan, tersangka",
Perdirjen_3_2024,Perdirjen Nomor 3 Tahun 2024,Perdirjen,2024,3,BAB V,Pengenaan Sanksi Pidana,Bagian Kesebelas,,53,1,d,,Ketentuan,penghentian Penyidikan:,Pasal 53 ayat (1) huruf d,"penghentian, penyidikan",
Perdirjen_3_2024,Perdirjen Nomor 3 Tahun 2024,Perdirjen,2024,3,BAB V,Pengenaan Sanksi Pidana,Bagian Kesebelas,,53,1,e,,Ketentuan,penangkapan; dan,Pasal 53 ayat (1) huruf e,penangkapan,
Perdirjen_3_2024,Perdirjen Nomor 3 Tahun 2024,Perdirjen,2024,3,BAB V,Pengenaan Sanksi Pidana,Bagian Kesebelas,,53,1,f,,Ketentuan,penahanan.,Pasal 53 ayat (1) huruf f,penahanan,
Perdirjen_3_2024,Perdirjen Nomor 3 Tahun 2024,Perdirjen,2024,3,BAB V,Pengenaan Sanksi Pidana,Bagian Kesebelas,,53,2,,,Ketentuan,Selain untuk keperluan sebagaimana dimaksud pada ayat,Pasal 53 ayat (2),"selain, keperluan",
Perdirjen_3_2024,Perdirjen Nomor 3 Tahun 2024,Perdirjen,2024,3,BAB V,Pengenaan Sanksi Pidana,Bagian Kesebelas,,53,1,,,Ketentuan,", Gelar Perkara dapat dilaksanakan sebelum Penggeledahan dan Penyitaan.",Pasal 53 ayat (1),"gelar, perkara, dilaksanakan, sebelum, penggeledahan",
Perdirjen_3_2024,Perdirjen Nomor 3 Tahun 2024,Perdirjen,2024,3,BAB V,Pengenaan Sanksi Pidana,Bagian Kesebelas,,53,3,,,Kewajiban,Pelaksanaan Gelar Perkara wajib mengundang:,Pasal 53 ayat (3),"pelaksanaan, gelar, perkara, wajib, mengundang",
Perdirjen_3_2024,Perdirjen Nomor 3 Tahun 2024,Perdirjen,2024,3,BAB V,Pengenaan Sanksi Pidana,Bagian Kesebelas,,53,3,a,,Ketentuan,Direktur;,Pasal 53 ayat (3) huruf a,direktur,
Perdirjen_3_2024,Perdirjen Nomor 3 Tahun 2024,Perdirjen,2024,3,BAB V,Pengenaan Sanksi Pidana,Bagian Kesebelas,,53,3,b,,Ketentuan,Koordinator PPNS;,Pasal 53 ayat (3) huruf b,"koordinator, ppns",
Perdirjen_3_2024,Perdirjen Nomor 3 Tahun 2024,Perdirjen,2024,3,BAB V,Pengenaan Sanksi Pidana,Bagian Kesebelas,,53,3,c,,Ketentuan,Koordinator Hukum dan Kerjasama Direktorat Jenderal;,Pasal 53 ayat (3) huruf c,"koordinator, hukum, kerjasama, direktorat, jenderal",
Perdirjen_3_2024,Perdirjen Nomor 3 Tahun 2024,Perdirjen,2024,3,BAB V,Pengenaan Sanksi Pidana,Bagian Kesebelas,,53,3,d,,Ketentuan,Kepala UPT;,Pasal 53 ayat (3) huruf d,kepala,
Perdirjen_3_2024,Perdirjen Nomor 3 Tahun 2024,Perdirjen,2024,3,BAB V,Pengenaan Sanksi Pidana,Bagian Kesebelas,,53,3,e,,Ketentuan,Penyidik Polri/Korwas PPNS; dan,Pasal 53 ayat (3) huruf e,"penyidik, polri, korwas, ppns",
Perdirjen_3_2024,Perdirjen Nomor 3 Tahun 2024,Perdirjen,2024,3,BAB V,Pengenaan Sanksi Pidana,Bagian Kesebelas,,53,3,f,,Ketentuan,PPNS Direktorat Jenderal yang bersangkutan.,Pasal 53 ayat (3) huruf f,"ppns, direktorat, jenderal, bersangkutan",
Perdirjen_3_2024,Perdirjen Nomor 3 Tahun 2024,Perdirjen,2024,3,BAB V,Pengenaan Sanksi Pidana,Bagian Kesebelas,,53,4,,,Kewajiban,"Dalam rangka pelaksanaan Gelar Perkara, PPNS Direktorat Jenderal wajib mempersiapkan:",Pasal 53 ayat (4),"rangka, pelaksanaan, gelar, perkara, ppns",
Perdirjen_3_2024,Perdirjen Nomor 3 Tahun 2024,Perdirjen,2024,3,BAB V,Pengenaan Sanksi Pidana,Bagian Kesebelas,,53,4,a,,Ketentuan,surat undangan Gelar Perkara;,Pasal 53 ayat (4) huruf a,"surat, undangan, gelar, perkara",
Perdirjen_3_2024,Perdirjen Nomor 3 Tahun 2024,Perdirjen,2024,3,BAB V,Pengenaan Sanksi Pidana,Bagian Kesebelas,,53,4,b,,Ketentuan,absensi peserta Gelar Perkara;,Pasal 53 ayat (4) huruf b,"absensi, peserta, gelar, perkara",
Perdirjen_3_2024,Perdirjen Nomor 3 Tahun 2024,Perdirjen,2024,3,BAB V,Pengenaan Sanksi Pidana,Bagian Kesebelas,,53,4,c,,Ketentuan,lembar pendapat peserta Gelar Perkara;,Pasal 53 ayat (4) huruf c,"lembar, pendapat, peserta, gelar, perkara",
Perdirjen_3_2024,Perdirjen Nomor 3 Tahun 2024,Perdirjen,2024,3,BAB V,Pengenaan Sanksi Pidana,Bagian Kesebelas,,53,4,d,,Ketentuan,bahan Gelar Perkara:,Pasal 53 ayat (4) huruf d,"bahan, gelar, perkara",
Perdirjen_3_2024,Perdirjen Nomor 3 Tahun 2024,Perdirjen,2024,3,BAB V,Pengenaan Sanksi Pidana,Bagian Kesebelas,,53,4,d,1,Ketentuan,anatomi crime (diagram alir); dan,Pasal 53 ayat (4) huruf d angka 1,"anatomi, crime, diagram, alir",
Perdirjen_3_2024,Perdirjen Nomor 3 Tahun 2024,Perdirjen,2024,3,BAB V,Pengenaan Sanksi Pidana,Bagian Kesebelas,,53,4,d,2,Ketentuan,matriks 184 KUHAP.,Pasal 53 ayat (4) huruf d angka 2,"matriks, kuhap",
Perdirjen_3_2024,Perdirjen Nomor 3 Tahun 2024,Perdirjen,2024,3,BAB V,Pengenaan Sanksi Pidana,Bagian Kesebelas,,53,4,e,,Ketentuan,"risalah rapat atau notulen Gelar Perkara. Catatan : - UU ITE No 11 Tahun 2008 Pasal 5 ayat 1 ""Informasi Elektronik dan/atau Dokumen Elektronik dan/atau hasil cetaknya merupakan alat bukti hukum yang sah."" - Dokumen ini telah ditandatangani secara elektronik menggunakansertifikat elektronikyang diterbitkanBSrE - 49 - Bagian Kelima Belas Bantuan Hukum",Pasal 53 ayat (4) huruf e,"elektronik, dokumen, hukum, risalah, rapat",
Perdirjen_3_2024,Perdirjen Nomor 3 Tahun 2024,Perdirjen,2024,3,BAB V,Pengenaan Sanksi Pidana,Bagian Kesebelas,,54,1,,,Hak,"Dalam proses Pemeriksaan Tersangka sebagaimana dimaksud dalam Pasal 38 ayat (1) huruf c, Tersangka berhak memilih penasehat hukumnya.",Pasal 54 ayat (1),"tersangka, proses, pemeriksaan, berhak, memilih",
Perdirjen_3_2024,Perdirjen Nomor 3 Tahun 2024,Perdirjen,2024,3,BAB V,Pengenaan Sanksi Pidana,Bagian Kesebelas,,54,2,,,Sanksi,"Apabila Tersangka tidak mampu menyediakan penasehat hukum dan diancam dengan pidana 5 (lima) tahun atau lebih, PPNS Direktorat Jenderal wajib menyediakan penasehat hukum bagi Tersangka.",Pasal 54 ayat (2),"tersangka, menyediakan, penasehat, hukum, mampu",
Perdirjen_3_2024,Perdirjen Nomor 3 Tahun 2024,Perdirjen,2024,3,BAB V,Pengenaan Sanksi Pidana,Bagian Kesebelas,,54,3,,,Ketentuan,"Dalam rangka menyediakan penasehat hukum sebagaimana dimaksud pada ayat (2), PPNS Direktorat Jenderal membuat surat permohonan bantuan hukum kepada Lembaga Bantuan Hukum Pengadilan Negeri setempat untuk mendampingi Tersangka dalam Pemeriksaan. Bagian Keenam Belas Pengelolaan Barang Bukti",Pasal 54 ayat (3),"hukum, bantuan, rangka, menyediakan, penasehat",Lembaga
Perdirjen_3_2024,Perdirjen Nomor 3 Tahun 2024,Perdirjen,2024,3,BAB V,Pengenaan Sanksi Pidana,Bagian Kesebelas,,55,1,,,Ketentuan,"Barang Bukti yang disita, dikelola dengan cara disimpan dalam:",Pasal 55 ayat (1),"barang, bukti, disita, dikelola, cara",
Perdirjen_3_2024,Perdirjen Nomor 3 Tahun 2024,Perdirjen,2024,3,BAB V,Pengenaan Sanksi Pidana,Bagian Kesebelas,,55,1,a,,Ketentuan,Rumah Penyimpanan Barang Sitaan (RUPBASAN); atau,Pasal 55 ayat (1) huruf a,"rumah, penyimpanan, barang, sitaan, rupbasan",
Perdirjen_3_2024,Perdirjen Nomor 3 Tahun 2024,Perdirjen,2024,3,BAB V,Pengenaan Sanksi Pidana,Bagian Kesebelas,,55,1,b,,Ketentuan,ruangan khusus penyimpanan Barang Bukti di Direktorat Jenderal/UPT.,Pasal 55 ayat (1) huruf b,"ruangan, khusus, penyimpanan, barang, bukti",
Perdirjen_3_2024,Perdirjen Nomor 3 Tahun 2024,Perdirjen,2024,3,BAB V,Pengenaan Sanksi Pidana,Bagian Kesebelas,,55,2,,,Ketentuan,"Dalam hal disimpan dalam ruangan khusus penyimpanan Barang Bukti di Direktorat Jenderal/UPT sebagaimana dimaksud pada ayat (1) huruf b, pengelolaan Barang Bukti dilakukan oleh petugas yang ditunjuk oleh Direktur atau Kepala UPT.",Pasal 55 ayat (2),"barang, bukti, disimpan, ruangan, khusus",
Perdirjen_3_2024,Perdirjen Nomor 3 Tahun 2024,Perdirjen,2024,3,BAB V,Pengenaan Sanksi Pidana,Bagian Kesebelas,,55,3,,,Ketentuan,Pengelolaan Barang Bukti sebagaimana dimaksud pada ayat (1) dilakukan dengan:,Pasal 55 ayat (3),"pengelolaan, barang, bukti",
Perdirjen_3_2024,Perdirjen Nomor 3 Tahun 2024,Perdirjen,2024,3,BAB V,Pengenaan Sanksi Pidana,Bagian Kesebelas,,55,3,a,,Ketentuan,mencatat Barang Bukti yang disimpan; dan,Pasal 55 ayat (3) huruf a,"mencatat, barang, bukti, disimpan",
Perdirjen_3_2024,Perdirjen Nomor 3 Tahun 2024,Perdirjen,2024,3,BAB V,Pengenaan Sanksi Pidana,Bagian Kesebelas,,55,3,b,,Ketentuan,"mencatat masuk dan keluarnya Barang Bukti. Catatan : - UU ITE No 11 Tahun 2008 Pasal 5 ayat 1 ""Informasi Elektronik dan/atau Dokumen Elektronik dan/atau hasil cetaknya merupakan alat bukti hukum yang sah."" - Dokumen ini telah ditandatangani secara elektronik menggunakansertifikat elektronikyang diterbitkanBSrE - 50 -",Pasal 55 ayat (3) huruf b,"elektronik, bukti, dokumen, mencatat, masuk",
Perdirjen_3_2024,Perdirjen Nomor 3 Tahun 2024,Perdirjen,2024,3,BAB V,Pengenaan Sanksi Pidana,Bagian Kesebelas,,55,4,,,Ketentuan,Barang Bukti dikeluarkan dari ruang khusus penyimpanan Barang Bukti dalam hal:,Pasal 55 ayat (4),"barang, bukti, dikeluarkan, ruang, khusus",
Perdirjen_3_2024,Perdirjen Nomor 3 Tahun 2024,Perdirjen,2024,3,BAB V,Pengenaan Sanksi Pidana,Bagian Kesebelas,,55,4,a,,Ketentuan,diperlukan untuk Penyidikan;,Pasal 55 ayat (4) huruf a,"diperlukan, penyidikan",
Perdirjen_3_2024,Perdirjen Nomor 3 Tahun 2024,Perdirjen,2024,3,BAB V,Pengenaan Sanksi Pidana,Bagian Kesebelas,,55,4,b,,Ketentuan,pelimpahan Tersangka dan Barang Bukti kepada Penuntut Umum; dan,Pasal 55 ayat (4) huruf b,"pelimpahan, tersangka, barang, bukti, kepada",
Perdirjen_3_2024,Perdirjen Nomor 3 Tahun 2024,Perdirjen,2024,3,BAB V,Pengenaan Sanksi Pidana,Bagian Kesebelas,,55,4,c,,Ketentuan,dikembalikan kepada pemiliknya.,Pasal 55 ayat (4) huruf c,"dikembalikan, kepada, pemiliknya",
Perdirjen_3_2024,Perdirjen Nomor 3 Tahun 2024,Perdirjen,2024,3,BAB V,Pengenaan Sanksi Pidana,Bagian Kesebelas,,55,5,,,Ketentuan,"Pengeluaran Barang Bukti dilakukan berdasarkan permintaan PPNS Direktorat Jenderal yang disetujui oleh Atasan PPNS, dengan mengisi formulir tanda terima masuk dan/atau keluar Barang Bukti dengan melampirkan:",Pasal 55 ayat (5),"barang, bukti, ppns, pengeluaran, permintaan",
Perdirjen_3_2024,Perdirjen Nomor 3 Tahun 2024,Perdirjen,2024,3,BAB V,Pengenaan Sanksi Pidana,Bagian Kesebelas,,55,5,a,,Ketentuan,surat keterangan berkas perkara sudah lengkap (P.21) dari Kejaksaan setempat; dan,Pasal 55 ayat (5) huruf a,"surat, keterangan, berkas, perkara, sudah",
Perdirjen_3_2024,Perdirjen Nomor 3 Tahun 2024,Perdirjen,2024,3,BAB V,Pengenaan Sanksi Pidana,Bagian Kesebelas,,55,5,b,,Ketentuan,surat perintah penghentian Penyidikan.,Pasal 55 ayat (5) huruf b,"surat, perintah, penghentian, penyidikan",
Perdirjen_3_2024,Perdirjen Nomor 3 Tahun 2024,Perdirjen,2024,3,BAB V,Pengenaan Sanksi Pidana,Bagian Kesebelas,,55,6,,,Ketentuan,Formulir tanda terima masuk dan/atau keluar Barang Bukti sebagaimana dimaksud pada ayat (2) tercantum dalam Lampiran VI yang merupakan bagian tidak terpisahkan dari Peraturan Direktur Jenderal ini.,Pasal 55 ayat (6),"formulir, tanda, terima, masuk, keluar",
Perdirjen_3_2024,Perdirjen Nomor 3 Tahun 2024,Perdirjen,2024,3,BAB V,Pengenaan Sanksi Pidana,Bagian Kesebelas,,55,7,,,Larangan,Barang Bukti tidak boleh digunakan oleh siapapun kecuali untuk keperluan Penyidikan. Bagian Ketujuh Belas Pemberkasan,Pasal 55 ayat (7),"barang, bukti, boleh, digunakan, siapapun",
Perdirjen_3_2024,Perdirjen Nomor 3 Tahun 2024,Perdirjen,2024,3,BAB V,Pengenaan Sanksi Pidana,Bagian Kesebelas,,56,1,,,Ketentuan,"Dalam hal penyidikan telah diselesaikan, PPNS Direktorat Jenderal membuat:",Pasal 56 ayat (1),"penyidikan, diselesaikan, ppns, direktorat, jenderal",
Perdirjen_3_2024,Perdirjen Nomor 3 Tahun 2024,Perdirjen,2024,3,BAB V,Pengenaan Sanksi Pidana,Bagian Kesebelas,,56,1,a,,Ketentuan,resume sebagai ikhtisar dan kesimpulan dari hasil Penyidikan yang didapatkan;,Pasal 56 ayat (1) huruf a,"resume, ikhtisar, kesimpulan, hasil, penyidikan",
Perdirjen_3_2024,Perdirjen Nomor 3 Tahun 2024,Perdirjen,2024,3,BAB V,Pengenaan Sanksi Pidana,Bagian Kesebelas,,56,1,b,,Ketentuan,sampul berkas perkara;,Pasal 56 ayat (1) huruf b,"sampul, berkas, perkara",
Perdirjen_3_2024,Perdirjen Nomor 3 Tahun 2024,Perdirjen,2024,3,BAB V,Pengenaan Sanksi Pidana,Bagian Kesebelas,,56,1,c,,Ketentuan,daftar isi.,Pasal 56 ayat (1) huruf c,daftar,
Perdirjen_3_2024,Perdirjen Nomor 3 Tahun 2024,Perdirjen,2024,3,BAB V,Pengenaan Sanksi Pidana,Bagian Kesebelas,,56,1,d,,Ketentuan,daftar saksi;,Pasal 56 ayat (1) huruf d,"daftar, saksi",
Perdirjen_3_2024,Perdirjen Nomor 3 Tahun 2024,Perdirjen,2024,3,BAB V,Pengenaan Sanksi Pidana,Bagian Kesebelas,,56,1,e,,Ketentuan,daftar ahli;,Pasal 56 ayat (1) huruf e,"daftar, ahli",
Perdirjen_3_2024,Perdirjen Nomor 3 Tahun 2024,Perdirjen,2024,3,BAB V,Pengenaan Sanksi Pidana,Bagian Kesebelas,,56,1,f,,Ketentuan,daftar Barang Bukti; dan,Pasal 56 ayat (1) huruf f,"daftar, barang, bukti",
Perdirjen_3_2024,Perdirjen Nomor 3 Tahun 2024,Perdirjen,2024,3,BAB V,Pengenaan Sanksi Pidana,Bagian Kesebelas,,56,1,g,,Ketentuan,"daftar Tersangka. Catatan : - UU ITE No 11 Tahun 2008 Pasal 5 ayat 1 ""Informasi Elektronik dan/atau Dokumen Elektronik dan/atau hasil cetaknya merupakan alat bukti hukum yang sah."" - Dokumen ini telah ditandatangani secara elektronik menggunakansertifikat elektronikyang diterbitkanBSrE - 51 -",Pasal 56 ayat (1) huruf g,"elektronik, dokumen, daftar, tersangka, catatan",
Perdirjen_3_2024,Perdirjen Nomor 3 Tahun 2024,Perdirjen,2024,3,BAB V,Pengenaan Sanksi Pidana,Bagian Kesebelas,,56,2,,,Ketentuan,"Setelah ayat (1) selesai dibuat, dilaksanakan penyusunan Berkas Perkara (BP) yang paling sedikit meliputi:",Pasal 56 ayat (2),"setelah, selesai, dibuat, dilaksanakan, penyusunan",
Perdirjen_3_2024,Perdirjen Nomor 3 Tahun 2024,Perdirjen,2024,3,BAB V,Pengenaan Sanksi Pidana,Bagian Kesebelas,,56,2,a,,Ketentuan,foto Tersangka;,Pasal 56 ayat (2) huruf a,"foto, tersangka",
Perdirjen_3_2024,Perdirjen Nomor 3 Tahun 2024,Perdirjen,2024,3,BAB V,Pengenaan Sanksi Pidana,Bagian Kesebelas,,56,2,b,,Ketentuan,sampul berkas perkara;,Pasal 56 ayat (2) huruf b,"sampul, berkas, perkara",
Perdirjen_3_2024,Perdirjen Nomor 3 Tahun 2024,Perdirjen,2024,3,BAB V,Pengenaan Sanksi Pidana,Bagian Kesebelas,,56,2,c,,Ketentuan,daftar isi berkas perkara;,Pasal 56 ayat (2) huruf c,"daftar, berkas, perkara",
Perdirjen_3_2024,Perdirjen Nomor 3 Tahun 2024,Perdirjen,2024,3,BAB V,Pengenaan Sanksi Pidana,Bagian Kesebelas,,56,2,d,,Ketentuan,resume;,Pasal 56 ayat (2) huruf d,resume,
Perdirjen_3_2024,Perdirjen Nomor 3 Tahun 2024,Perdirjen,2024,3,BAB V,Pengenaan Sanksi Pidana,Bagian Kesebelas,,56,2,e,,Ketentuan,Laporan Kejadian;,Pasal 56 ayat (2) huruf e,"laporan, kejadian",
Perdirjen_3_2024,Perdirjen Nomor 3 Tahun 2024,Perdirjen,2024,3,BAB V,Pengenaan Sanksi Pidana,Bagian Kesebelas,,56,2,f,,Ketentuan,SPDP;,Pasal 56 ayat (2) huruf f,spdp,
Perdirjen_3_2024,Perdirjen Nomor 3 Tahun 2024,Perdirjen,2024,3,BAB V,Pengenaan Sanksi Pidana,Bagian Kesebelas,,56,2,g,,Ketentuan,surat perintah pelaksanaan tugas;,Pasal 56 ayat (2) huruf g,"surat, perintah, pelaksanaan, tugas",
Perdirjen_3_2024,Perdirjen Nomor 3 Tahun 2024,Perdirjen,2024,3,BAB V,Pengenaan Sanksi Pidana,Bagian Kesebelas,,56,2,h,,Ketentuan,surat perintah Penyidikan;,Pasal 56 ayat (2) huruf h,"surat, perintah, penyidikan",
Perdirjen_3_2024,Perdirjen Nomor 3 Tahun 2024,Perdirjen,2024,3,BAB V,Pengenaan Sanksi Pidana,Bagian Kesebelas,,56,2,i,,Ketentuan,surat penggilan saksi;,Pasal 56 ayat (2) huruf i,"surat, penggilan, saksi",
Perdirjen_3_2024,Perdirjen Nomor 3 Tahun 2024,Perdirjen,2024,3,BAB V,Pengenaan Sanksi Pidana,Bagian Kesebelas,,56,2,j,,Ketentuan,surat permintaan keterangan ahli;,Pasal 56 ayat (2) huruf j,"surat, permintaan, keterangan, ahli",
Perdirjen_3_2024,Perdirjen Nomor 3 Tahun 2024,Perdirjen,2024,3,BAB V,Pengenaan Sanksi Pidana,Bagian Kesebelas,,56,2,k,,Ketentuan,surat panggilan Tersangka;,Pasal 56 ayat (2) huruf k,"surat, panggilan, tersangka",
Perdirjen_3_2024,Perdirjen Nomor 3 Tahun 2024,Perdirjen,2024,3,BAB V,Pengenaan Sanksi Pidana,Bagian Kesebelas,,56,2,l,,Ketentuan,berita acara pemeriksaan saksi;,Pasal 56 ayat (2) huruf l,"berita, acara, pemeriksaan, saksi",
Perdirjen_3_2024,Perdirjen Nomor 3 Tahun 2024,Perdirjen,2024,3,BAB V,Pengenaan Sanksi Pidana,Bagian Kesebelas,,56,2,m,,Ketentuan,berita acara pemeriksaan ahli;,Pasal 56 ayat (2) huruf m,"berita, acara, pemeriksaan, ahli",
Perdirjen_3_2024,Perdirjen Nomor 3 Tahun 2024,Perdirjen,2024,3,BAB V,Pengenaan Sanksi Pidana,Bagian Kesebelas,,56,2,n,,Ketentuan,berita acara pemeriksaan Tersangka;,Pasal 56 ayat (2) huruf n,"berita, acara, pemeriksaan, tersangka",
Perdirjen_3_2024,Perdirjen Nomor 3 Tahun 2024,Perdirjen,2024,3,BAB V,Pengenaan Sanksi Pidana,Bagian Kesebelas,,56,2,o,,Ketentuan,berita acara penyumpahan ahli;,Pasal 56 ayat (2) huruf o,"berita, acara, penyumpahan, ahli",
Perdirjen_3_2024,Perdirjen Nomor 3 Tahun 2024,Perdirjen,2024,3,BAB V,Pengenaan Sanksi Pidana,Bagian Kesebelas,,56,2,p,,Ketentuan,surat permohonan izin khusus atau permohonan penetapan Penggeledahan;,Pasal 56 ayat (2) huruf p,"permohonan, surat, izin, khusus, penetapan",
Perdirjen_3_2024,Perdirjen Nomor 3 Tahun 2024,Perdirjen,2024,3,BAB V,Pengenaan Sanksi Pidana,Bagian Kesebelas,,56,2,q,,Ketentuan,surat perintah Penggeledahan;,Pasal 56 ayat (2) huruf q,"surat, perintah, penggeledahan",
Perdirjen_3_2024,Perdirjen Nomor 3 Tahun 2024,Perdirjen,2024,3,BAB V,Pengenaan Sanksi Pidana,Bagian Kesebelas,,56,2,r,,Ketentuan,berita acara Penggeledahan;,Pasal 56 ayat (2) huruf r,"berita, acara, penggeledahan",
Perdirjen_3_2024,Perdirjen Nomor 3 Tahun 2024,Perdirjen,2024,3,BAB V,Pengenaan Sanksi Pidana,Bagian Kesebelas,,56,2,s,,Ketentuan,surat permohonan izin khusus sita atau permohonan penetapan Penyitaan;,Pasal 56 ayat (2) huruf s,"permohonan, surat, izin, khusus, sita",
Perdirjen_3_2024,Perdirjen Nomor 3 Tahun 2024,Perdirjen,2024,3,BAB V,Pengenaan Sanksi Pidana,Bagian Kesebelas,,56,2,t,,Ketentuan,surat perintah Penyitaan;,Pasal 56 ayat (2) huruf t,"surat, perintah, penyitaan",
Perdirjen_3_2024,Perdirjen Nomor 3 Tahun 2024,Perdirjen,2024,3,BAB V,Pengenaan Sanksi Pidana,Bagian Kesebelas,,56,2,u,,Ketentuan,berita acara Penyitaan;,Pasal 56 ayat (2) huruf u,"berita, acara, penyitaan",
Perdirjen_3_2024,Perdirjen Nomor 3 Tahun 2024,Perdirjen,2024,3,BAB V,Pengenaan Sanksi Pidana,Bagian Kesebelas,,56,2,v,,Ketentuan,surat tanda penerimaan Barang Bukti;,Pasal 56 ayat (2) huruf v,"surat, tanda, penerimaan, barang, bukti",
Perdirjen_3_2024,Perdirjen Nomor 3 Tahun 2024,Perdirjen,2024,3,BAB V,Pengenaan Sanksi Pidana,Bagian Kesebelas,,56,2,w,,Ketentuan,berita acara pembungkusan dan/atau Penyegelan Barang Bukti;,Pasal 56 ayat (2) huruf w,"berita, acara, pembungkusan, penyegelan, barang",
Perdirjen_3_2024,Perdirjen Nomor 3 Tahun 2024,Perdirjen,2024,3,BAB V,Pengenaan Sanksi Pidana,Bagian Kesebelas,,56,2,x,,Ketentuan,daftar saksi;,Pasal 56 ayat (2) huruf x,"daftar, saksi",
Perdirjen_3_2024,Perdirjen Nomor 3 Tahun 2024,Perdirjen,2024,3,BAB V,Pengenaan Sanksi Pidana,Bagian Kesebelas,,56,2,y,,Ketentuan,daftar ahli;,Pasal 56 ayat (2) huruf y,"daftar, ahli",
Perdirjen_3_2024,Perdirjen Nomor 3 Tahun 2024,Perdirjen,2024,3,BAB V,Pengenaan Sanksi Pidana,Bagian Kesebelas,,56,2,z,,Ketentuan,daftar Tersangka;,Pasal 56 ayat (2) huruf z,"daftar, tersangka",
Perdirjen_3_2024,Perdirjen Nomor 3 Tahun 2024,Perdirjen,2024,3,BAB V,Pengenaan Sanksi Pidana,Bagian Kesebelas,,56,2,aa,,Ketentuan,daftar Barang Bukti;,Pasal 56 ayat (2) huruf aa,"daftar, barang, bukti",
Perdirjen_3_2024,Perdirjen Nomor 3 Tahun 2024,Perdirjen,2024,3,BAB V,Pengenaan Sanksi Pidana,Bagian Kesebelas,,56,2,bb,,Hak,"salinan surat keputusan PPNS Direktorat Jenderal dari kementerian yang menyelenggarakan urusan pemerintahan di bidang hukum dan hak asasi manusia; Catatan : - UU ITE No 11 Tahun 2008 Pasal 5 ayat 1 ""Informasi Elektronik dan/atau Dokumen Elektronik dan/atau hasil cetaknya merupakan alat bukti hukum yang sah."" - Dokumen ini telah ditandatangani secara elektronik menggunakansertifikat elektronikyang diterbitkanBSrE - 52 -",Pasal 56 ayat (2) huruf bb,"elektronik, hukum, dokumen, salinan, surat",Kementerian
Perdirjen_3_2024,Perdirjen Nomor 3 Tahun 2024,Perdirjen,2024,3,BAB V,Pengenaan Sanksi Pidana,Bagian Kesebelas,,56,2,cc,,Ketentuan,surat kuasa penunjukkan penasehat hukum oleh Tersangka; dan,Pasal 56 ayat (2) huruf cc,"surat, kuasa, penunjukkan, penasehat, hukum",
Perdirjen_3_2024,Perdirjen Nomor 3 Tahun 2024,Perdirjen,2024,3,BAB V,Pengenaan Sanksi Pidana,Bagian Kesebelas,,56,2,dd,,Ketentuan,dokumen lain-lain. Bagian Kedelapan Belas Penyerahan Berkas Perkara,Pasal 56 ayat (2) huruf dd,"dokumen, kedelapan, belas, penyerahan, berkas",
Perdirjen_3_2024,Perdirjen Nomor 3 Tahun 2024,Perdirjen,2024,3,BAB V,Pengenaan Sanksi Pidana,Bagian Kesebelas,,57,1,,,Ketentuan,Penyerahan berkas perkara kepada Penuntut Umum dilakukan oleh PPNS Direktorat Jenderal setelah pemberkasan proses Penyidikan selesai.,Pasal 57 ayat (1),"penyerahan, berkas, perkara, kepada, penuntut",
Perdirjen_3_2024,Perdirjen Nomor 3 Tahun 2024,Perdirjen,2024,3,BAB V,Pengenaan Sanksi Pidana,Bagian Kesebelas,,57,2,,,Ketentuan,Penyerahan berkas perkara sebagaimana dimaksud pada ayat (1) dilaksanakan melalui Penyidik Polri/Korwas PPNS.,Pasal 57 ayat (2),"penyerahan, berkas, perkara, dilaksanakan, melalui",
Perdirjen_3_2024,Perdirjen Nomor 3 Tahun 2024,Perdirjen,2024,3,BAB V,Pengenaan Sanksi Pidana,Bagian Kesebelas,,57,3,,,Ketentuan,"Apabila berkas perkara dikembalikan oleh Penuntut Umum kepada PPNS Direktorat Jenderal dan setelah dilakukan pemenuhan petunjuk Penuntut Umum atas kekurangan materi berkas perkara, berkas perkara diserahkan kembali ke Penuntut Umum melalui Penyidik Polri/Korwas PPNS. Bagian Kesembilan Belas Penyerahan Tersangka dan Barang Bukti",Pasal 57 ayat (3),"berkas, perkara, penuntut, umum, ppns",
Perdirjen_3_2024,Perdirjen Nomor 3 Tahun 2024,Perdirjen,2024,3,BAB V,Pengenaan Sanksi Pidana,Bagian Kesebelas,,58,1,,,Ketentuan,Penyerahan Tersangka dan Barang Bukti dilaksanakan setelah berkas perkara dinyatakan lengkap oleh Penuntut Umum.,Pasal 58 ayat (1),"penyerahan, tersangka, barang, bukti, dilaksanakan",
Perdirjen_3_2024,Perdirjen Nomor 3 Tahun 2024,Perdirjen,2024,3,BAB V,Pengenaan Sanksi Pidana,Bagian Kesebelas,,58,2,,,Ketentuan,"Dalam rangka penyerahan Tersangka dan Barang Bukti sebagaimana dimaksud pada ayat (1), PPNS Direktorat Jenderal membuat surat pengiriman Tersangka dan Barang Bukti ke Penuntut Umum melalui Penyidik Polri/Korwas PPNS.",Pasal 58 ayat (2),"tersangka, barang, bukti, ppns, rangka",
Perdirjen_3_2024,Perdirjen Nomor 3 Tahun 2024,Perdirjen,2024,3,BAB V,Pengenaan Sanksi Pidana,Bagian Kesebelas,,58,3,,,Ketentuan,Surat pengiriman Tersangka dan Barang Bukti sebagaimana dimaksud pada ayat (2) ditandatangani oleh:,Pasal 58 ayat (3),"surat, pengiriman, tersangka, barang, bukti",
Perdirjen_3_2024,Perdirjen Nomor 3 Tahun 2024,Perdirjen,2024,3,BAB V,Pengenaan Sanksi Pidana,Bagian Kesebelas,,58,3,a,,Ketentuan,"Atasan PPNS Direktorat Jenderal selaku penyidik; atau Catatan : - UU ITE No 11 Tahun 2008 Pasal 5 ayat 1 ""Informasi Elektronik dan/atau Dokumen Elektronik dan/atau hasil cetaknya merupakan alat bukti hukum yang sah."" - Dokumen ini telah ditandatangani secara elektronik menggunakansertifikat elektronikyang diterbitkanBSrE - 53 -",Pasal 58 ayat (3) huruf a,"elektronik, dokumen, atasan, ppns, direktorat",
Perdirjen_3_2024,Perdirjen Nomor 3 Tahun 2024,Perdirjen,2024,3,BAB V,Pengenaan Sanksi Pidana,Bagian Kesebelas,,58,3,b,,Ketentuan,PPNS Direktorat Jenderal diketahui oleh Atasan PPNS Direktorat Jenderal dalam hal Atasan PPNS Direktorat Jenderal bukan penyidik.,Pasal 58 ayat (3) huruf b,"ppns, direktorat, jenderal, atasan, diketahui",
Perdirjen_3_2024,Perdirjen Nomor 3 Tahun 2024,Perdirjen,2024,3,BAB V,Pengenaan Sanksi Pidana,Bagian Kesebelas,,58,4,,,Ketentuan,Pelaksanaan penyerahan Tersangka dan Barang Bukti dituangkan dalam berita acara penyerahan Tersangka dan Barang Bukti.,Pasal 58 ayat (4),"penyerahan, tersangka, barang, bukti, pelaksanaan",
Perdirjen_3_2024,Perdirjen Nomor 3 Tahun 2024,Perdirjen,2024,3,BAB V,Pengenaan Sanksi Pidana,Bagian Kesebelas,,58,5,,,Ketentuan,"Apabila Tersangka tidak dilakukan penahanan dalam tahap Penyidikan dan khawatir akan melarikan diri atau tidak kooperatif, untuk kepentingan penyerahan Tersangka dan Barang Bukti kepada Penuntut Umum, terhadap Tersangka dapat dilakukan Penangkapan dan Penahanan. Bagian Kedua Puluh Penghentian Penyidikan",Pasal 58 ayat (5),"tersangka, penahanan, penyidikan, tahap, khawatir",
Perdirjen_3_2024,Perdirjen Nomor 3 Tahun 2024,Perdirjen,2024,3,BAB V,Pengenaan Sanksi Pidana,Bagian Kesebelas,,59,,,,Ketentuan,Penghentian Penyidikan oleh PPNS Direktorat Jenderal dilakukan apabila:,Pasal 59,"penghentian, penyidikan, ppns, direktorat, jenderal",
Perdirjen_3_2024,Perdirjen Nomor 3 Tahun 2024,Perdirjen,2024,3,BAB V,Pengenaan Sanksi Pidana,Bagian Kesebelas,,59,,a,,Ketentuan,tidak terdapat cukup bukti;,Pasal 59 huruf a,"terdapat, cukup, bukti",
Perdirjen_3_2024,Perdirjen Nomor 3 Tahun 2024,Perdirjen,2024,3,BAB V,Pengenaan Sanksi Pidana,Bagian Kesebelas,,59,,b,,Sanksi,peristiwa tersebut bukan merupakan tindak pidana; atau,Pasal 59 huruf b,"peristiwa, tersebut, bukan, tindak, pidana",
Perdirjen_3_2024,Perdirjen Nomor 3 Tahun 2024,Perdirjen,2024,3,BAB V,Pengenaan Sanksi Pidana,Bagian Kesebelas,,59,,c,,Ketentuan,"dihentikan demi hukum, karena:",Pasal 59 huruf c,"dihentikan, demi, hukum, karena",
Perdirjen_3_2024,Perdirjen Nomor 3 Tahun 2024,Perdirjen,2024,3,BAB V,Pengenaan Sanksi Pidana,Bagian Kesebelas,,59,,c,1,Ketentuan,Tersangka meninggal dunia;,Pasal 59 huruf c angka 1,"tersangka, meninggal, dunia",
Perdirjen_3_2024,Perdirjen Nomor 3 Tahun 2024,Perdirjen,2024,3,BAB V,Pengenaan Sanksi Pidana,Bagian Kesebelas,,59,,c,2,Sanksi,tuntutan tindak pidana telah kadaluarsa; dan/atau,Pasal 59 huruf c angka 2,"tuntutan, tindak, pidana, kadaluarsa",
Perdirjen_3_2024,Perdirjen Nomor 3 Tahun 2024,Perdirjen,2024,3,BAB V,Pengenaan Sanksi Pidana,Bagian Kesebelas,,59,,c,3,Sanksi,tindak pidana tersebut telah memperoleh putusan Hakim yang mempunyai kekuatan hukum tetap.,Pasal 59 huruf c angka 3,"tindak, pidana, tersebut, memperoleh, putusan",
Perdirjen_3_2024,Perdirjen Nomor 3 Tahun 2024,Perdirjen,2024,3,BAB V,Pengenaan Sanksi Pidana,Bagian Kesebelas,,60,1,,,Ketentuan,Penghentian Penyidikan sebagaimana dimaksud dalam Pasal 59 dilakukan melalui Gelar Perkara.,Pasal 60 ayat (1),"penghentian, penyidikan, melalui, gelar, perkara",
Perdirjen_3_2024,Perdirjen Nomor 3 Tahun 2024,Perdirjen,2024,3,BAB V,Pengenaan Sanksi Pidana,Bagian Kesebelas,,60,2,,,Ketentuan,"Apabila hasil Gelar Perkara menyimpulkan bahwa syarat penghentian Penyidikan telah terpenuhi, maka diterbitkan surat perintah penghentian Penyidikan dan surat ketetapan penghentian Penyidikan yang ditandatangani oleh:",Pasal 60 ayat (2),"penghentian, penyidikan, surat, hasil, gelar",
Perdirjen_3_2024,Perdirjen Nomor 3 Tahun 2024,Perdirjen,2024,3,BAB V,Pengenaan Sanksi Pidana,Bagian Kesebelas,,60,2,a,,Ketentuan,"Atasan PPNS selaku penyidik; atau Catatan : - UU ITE No 11 Tahun 2008 Pasal 5 ayat 1 ""Informasi Elektronik dan/atau Dokumen Elektronik dan/atau hasil cetaknya merupakan alat bukti hukum yang sah."" - Dokumen ini telah ditandatangani secara elektronik menggunakansertifikat elektronikyang diterbitkanBSrE - 54 -",Pasal 60 ayat (2) huruf a,"elektronik, dokumen, atasan, ppns, selaku",
Perdirjen_3_2024,Perdirjen Nomor 3 Tahun 2024,Perdirjen,2024,3,BAB V,Pengenaan Sanksi Pidana,Bagian Kesebelas,,60,2,b,,Ketentuan,"PPNS Direktorat Jenderal, yang diketahui oleh Atasan PPNS, dalam hal Atasan PPNS bukan penyidik.",Pasal 60 ayat (2) huruf b,"ppns, atasan, direktorat, jenderal, diketahui",
Perdirjen_3_2024,Perdirjen Nomor 3 Tahun 2024,Perdirjen,2024,3,BAB V,Pengenaan Sanksi Pidana,Bagian Kesebelas,,60,3,,,Ketentuan,"Surat perintah penghentian Penyidikan dan surat ketetapan penghentian Penyidikan sebagaimana dimaksud pada huruf b, disampaikan oleh PPNS Direktorat Jenderal kepada:",Pasal 60 ayat (3),"surat, penghentian, penyidikan, perintah, ketetapan",
Perdirjen_3_2024,Perdirjen Nomor 3 Tahun 2024,Perdirjen,2024,3,BAB V,Pengenaan Sanksi Pidana,Bagian Kesebelas,,60,3,a,,Ketentuan,Penuntut Umum melalui Penyidik Polri/Korwas PPNS; dan,Pasal 60 ayat (3) huruf a,"penuntut, umum, melalui, penyidik, polri",
Perdirjen_3_2024,Perdirjen Nomor 3 Tahun 2024,Perdirjen,2024,3,BAB V,Pengenaan Sanksi Pidana,Bagian Kesebelas,,60,3,b,,Ketentuan,Tersangka dan/atau keluarga atau penasehat hukumnya.,Pasal 60 ayat (3) huruf b,"tersangka, keluarga, penasehat, hukumnya",
Perdirjen_3_2024,Perdirjen Nomor 3 Tahun 2024,Perdirjen,2024,3,BAB V,Pengenaan Sanksi Pidana,Bagian Kesebelas,,60,4,,,Ketentuan,"Dalam hal penghentian Penyidikan dinyatakan tidak sah oleh putusan pra-peradilan dan/atau ditemukan adanya bukti baru, PPNS Direktorat Jenderal melaksanakan Gelar Perkara.",Pasal 60 ayat (4),"penghentian, penyidikan, dinyatakan, putusan, peradilan",
Perdirjen_3_2024,Perdirjen Nomor 3 Tahun 2024,Perdirjen,2024,3,BAB V,Pengenaan Sanksi Pidana,Bagian Kesebelas,,60,5,,,Ketentuan,"berdasarkan hasil Gelar Perkara sebagaimana dimaksud pada ayat (4), PPNS Direktorat Jenderal:",Pasal 60 ayat (5),"hasil, gelar, perkara, ppns, direktorat",
Perdirjen_3_2024,Perdirjen Nomor 3 Tahun 2024,Perdirjen,2024,3,BAB V,Pengenaan Sanksi Pidana,Bagian Kesebelas,,60,5,a,,Ketentuan,menerbitkan surat ketetapan pencabutan penghentian Penyidikan;,Pasal 60 ayat (5) huruf a,"menerbitkan, surat, ketetapan, pencabutan, penghentian",
Perdirjen_3_2024,Perdirjen Nomor 3 Tahun 2024,Perdirjen,2024,3,BAB V,Pengenaan Sanksi Pidana,Bagian Kesebelas,,60,5,b,,Ketentuan,membuat surat perintah Penyidikan lanjutan; dan,Pasal 60 ayat (5) huruf b,"membuat, surat, perintah, penyidikan, lanjutan",
Perdirjen_3_2024,Perdirjen Nomor 3 Tahun 2024,Perdirjen,2024,3,BAB V,Pengenaan Sanksi Pidana,Bagian Kesebelas,,60,5,c,,Ketentuan,melanjutkan kembali Penyidikan. Bagian Kedua Puluh Satu Pelimpahan Penyidikan,Pasal 60 ayat (5) huruf c,"penyidikan, melanjutkan, kembali, kedua, puluh",
Perdirjen_3_2024,Perdirjen Nomor 3 Tahun 2024,Perdirjen,2024,3,BAB V,Pengenaan Sanksi Pidana,Bagian Kesebelas,,61,1,,,Ketentuan,Pelimpahan Penyidikan meliputi:,Pasal 61 ayat (1),"pelimpahan, penyidikan, meliputi",
Perdirjen_3_2024,Perdirjen Nomor 3 Tahun 2024,Perdirjen,2024,3,BAB V,Pengenaan Sanksi Pidana,Bagian Kesebelas,,61,1,a,,Ketentuan,dari Penyidik Polri ke PPNS Direktorat Jenderal; atau,Pasal 61 ayat (1) huruf a,"penyidik, polri, ppns, direktorat, jenderal",
Perdirjen_3_2024,Perdirjen Nomor 3 Tahun 2024,Perdirjen,2024,3,BAB V,Pengenaan Sanksi Pidana,Bagian Kesebelas,,61,1,b,,Ketentuan,dari PPNS Direktorat Jenderal ke Penyidik Polri.,Pasal 61 ayat (1) huruf b,"ppns, direktorat, jenderal, penyidik, polri",
Perdirjen_3_2024,Perdirjen Nomor 3 Tahun 2024,Perdirjen,2024,3,BAB V,Pengenaan Sanksi Pidana,Bagian Kesebelas,,61,2,,,Ketentuan,Sebelum dilaksanakan pelimpahan Penyidikan sebagaimana dimaksud pada ayat (1) Penyidik Polri/Korwas PPNS dan PPNS Direktorat Jenderal saling berkoordinasi dan melaksanakan Gelar Perkara.,Pasal 61 ayat (2),"ppns, sebelum, dilaksanakan, pelimpahan, penyidikan",
Perdirjen_3_2024,Perdirjen Nomor 3 Tahun 2024,Perdirjen,2024,3,BAB V,Pengenaan Sanksi Pidana,Bagian Kesebelas,,61,3,,,Ketentuan,Pelimpahan Penyidikan sebagaimana dimaksud pada ayat,Pasal 61 ayat (3),"pelimpahan, penyidikan",
Perdirjen_3_2024,Perdirjen Nomor 3 Tahun 2024,Perdirjen,2024,3,BAB V,Pengenaan Sanksi Pidana,Bagian Kesebelas,,61,1,,,Ketentuan,dilaksanakan dengan surat pelimpahan.,Pasal 61 ayat (1),"dilaksanakan, surat, pelimpahan",
Perdirjen_3_2024,Perdirjen Nomor 3 Tahun 2024,Perdirjen,2024,3,BAB V,Pengenaan Sanksi Pidana,Bagian Kesebelas,,61,4,,,Ketentuan,Pelimpahan Penyidikan sebagaimana dimaksud pada ayat,Pasal 61 ayat (4),"pelimpahan, penyidikan",
Perdirjen_3_2024,Perdirjen Nomor 3 Tahun 2024,Perdirjen,2024,3,BAB V,Pengenaan Sanksi Pidana,Bagian Kesebelas,,61,1,,,Ketentuan,"huruf a, ditindaklanjuti oleh PPNS Direktorat Jenderal dengan: Catatan : - UU ITE No 11 Tahun 2008 Pasal 5 ayat 1 ""Informasi Elektronik dan/atau Dokumen Elektronik dan/atau hasil cetaknya merupakan alat bukti hukum yang sah."" - Dokumen ini telah ditandatangani secara elektronik menggunakansertifikat elektronikyang diterbitkanBSrE - 55 -",Pasal 61 ayat (1),"elektronik, dokumen, ditindaklanjuti, ppns, direktorat",
Perdirjen_3_2024,Perdirjen Nomor 3 Tahun 2024,Perdirjen,2024,3,BAB V,Pengenaan Sanksi Pidana,Bagian Kesebelas,,61,1,a,,Ketentuan,PPNS Direktorat Jenderal menerbitkan Laporan Kejadian;,Pasal 61 ayat (1) huruf a,"ppns, direktorat, jenderal, menerbitkan, laporan",
Perdirjen_3_2024,Perdirjen Nomor 3 Tahun 2024,Perdirjen,2024,3,BAB V,Pengenaan Sanksi Pidana,Bagian Kesebelas,,61,1,b,,Ketentuan,"PPNS Direktorat Jenderal menerbitkan surat perintah Penyidikan dengan dasar rujukan, antara lain:",Pasal 61 ayat (1) huruf b,"ppns, direktorat, jenderal, menerbitkan, surat",
Perdirjen_3_2024,Perdirjen Nomor 3 Tahun 2024,Perdirjen,2024,3,BAB V,Pengenaan Sanksi Pidana,Bagian Kesebelas,,61,1,b,1,Ketentuan,surat perintah Penyidikan yang telah diterbitkan Penyidik Polri; dan,Pasal 61 ayat (1) huruf b angka 1,"surat, perintah, penyidikan, diterbitkan, penyidik",
Perdirjen_3_2024,Perdirjen Nomor 3 Tahun 2024,Perdirjen,2024,3,BAB V,Pengenaan Sanksi Pidana,Bagian Kesebelas,,61,1,b,2,Ketentuan,surat pelimpahan Penyidikan dari Penyidik Polri.,Pasal 61 ayat (1) huruf b angka 2,"surat, pelimpahan, penyidikan, penyidik, polri",
Perdirjen_3_2024,Perdirjen Nomor 3 Tahun 2024,Perdirjen,2024,3,BAB V,Pengenaan Sanksi Pidana,Bagian Kesebelas,,61,1,c,,Ketentuan,PPNS Direktorat Jenderal menerbitkan:,Pasal 61 ayat (1) huruf c,"ppns, direktorat, jenderal, menerbitkan",
Perdirjen_3_2024,Perdirjen Nomor 3 Tahun 2024,Perdirjen,2024,3,BAB V,Pengenaan Sanksi Pidana,Bagian Kesebelas,,61,1,c,1,Ketentuan,SPDP; dan/atau,Pasal 61 ayat (1) huruf c angka 1,spdp,
Perdirjen_3_2024,Perdirjen Nomor 3 Tahun 2024,Perdirjen,2024,3,BAB V,Pengenaan Sanksi Pidana,Bagian Kesebelas,,61,1,c,2,Ketentuan,surat pengantar pemberitahuan ke Penuntut Umum perkara tersebut telah dilimpahkan atau disidik lebih lanjut oleh PPNS Direktorat Jenderal.,Pasal 61 ayat (1) huruf c angka 2,"surat, pengantar, pemberitahuan, penuntut, umum",
Perdirjen_3_2024,Perdirjen Nomor 3 Tahun 2024,Perdirjen,2024,3,BAB V,Pengenaan Sanksi Pidana,Bagian Kesebelas,,61,1,d,,Ketentuan,"SPDP sebagaimana dimaksud pada huruf c angka 1 dengan dasar rujukan, antara lain:",Pasal 61 ayat (1) huruf d,"spdp, dasar, rujukan",
Perdirjen_3_2024,Perdirjen Nomor 3 Tahun 2024,Perdirjen,2024,3,BAB V,Pengenaan Sanksi Pidana,Bagian Kesebelas,,61,1,d,1,Ketentuan,SPDP yang diterbitkan oleh Penyidik Polri; dan,Pasal 61 ayat (1) huruf d angka 1,"spdp, diterbitkan, penyidik, polri",
Perdirjen_3_2024,Perdirjen Nomor 3 Tahun 2024,Perdirjen,2024,3,BAB V,Pengenaan Sanksi Pidana,Bagian Kesebelas,,61,1,d,2,Ketentuan,surat pelimpahan Penyidikan dari Penyidik Polri.,Pasal 61 ayat (1) huruf d angka 2,"surat, pelimpahan, penyidikan, penyidik, polri",
Perdirjen_3_2024,Perdirjen Nomor 3 Tahun 2024,Perdirjen,2024,3,BAB V,Pengenaan Sanksi Pidana,Bagian Kesebelas,,61,1,e,,Ketentuan,"Surat pengantar sebagaimana dimaksud pada huruf c angka 2 dengan dasar rujukan, antara lain:",Pasal 61 ayat (1) huruf e,"surat, pengantar, dasar, rujukan",
Perdirjen_3_2024,Perdirjen Nomor 3 Tahun 2024,Perdirjen,2024,3,BAB V,Pengenaan Sanksi Pidana,Bagian Kesebelas,,61,1,e,1,Ketentuan,laporan polisi;,Pasal 61 ayat (1) huruf e angka 1,"laporan, polisi",
Perdirjen_3_2024,Perdirjen Nomor 3 Tahun 2024,Perdirjen,2024,3,BAB V,Pengenaan Sanksi Pidana,Bagian Kesebelas,,61,1,e,2,Ketentuan,surat perintah Penyidikan yang telah diterbitkan Penyidik Polri;,Pasal 61 ayat (1) huruf e angka 2,"surat, perintah, penyidikan, diterbitkan, penyidik",
Perdirjen_3_2024,Perdirjen Nomor 3 Tahun 2024,Perdirjen,2024,3,BAB V,Pengenaan Sanksi Pidana,Bagian Kesebelas,,61,1,e,3,Ketentuan,SPDP yang diterbitkan Penyidik Polri;,Pasal 61 ayat (1) huruf e angka 3,"spdp, diterbitkan, penyidik, polri",
Perdirjen_3_2024,Perdirjen Nomor 3 Tahun 2024,Perdirjen,2024,3,BAB V,Pengenaan Sanksi Pidana,Bagian Kesebelas,,61,1,e,4,Ketentuan,surat pelimpahan Penyidikan dari Polri;,Pasal 61 ayat (1) huruf e angka 4,"surat, pelimpahan, penyidikan, polri",
Perdirjen_3_2024,Perdirjen Nomor 3 Tahun 2024,Perdirjen,2024,3,BAB V,Pengenaan Sanksi Pidana,Bagian Kesebelas,,61,1,e,5,Ketentuan,Laporan Kejadian PPNS Direktorat Jenderal; dan,Pasal 61 ayat (1) huruf e angka 5,"laporan, kejadian, ppns, direktorat, jenderal",
Perdirjen_3_2024,Perdirjen Nomor 3 Tahun 2024,Perdirjen,2024,3,BAB V,Pengenaan Sanksi Pidana,Bagian Kesebelas,,61,1,e,6,Ketentuan,surat perintah Penyidikan PPNS Direktorat Jenderal.,Pasal 61 ayat (1) huruf e angka 6,"surat, perintah, penyidikan, ppns, direktorat",
Perdirjen_3_2024,Perdirjen Nomor 3 Tahun 2024,Perdirjen,2024,3,BAB V,Pengenaan Sanksi Pidana,Bagian Kesebelas,,61,5,,,Ketentuan,Pelimpahan Penyidikan sebagaimana dimaksud pada ayat,Pasal 61 ayat (5),"pelimpahan, penyidikan",
Perdirjen_3_2024,Perdirjen Nomor 3 Tahun 2024,Perdirjen,2024,3,BAB V,Pengenaan Sanksi Pidana,Bagian Kesebelas,,61,4,,,Ketentuan,dikoordinasikan oleh PPNS Direktorat Jenderal bersama dengan Penyidik Polri/Korwas PPNS kepada Penuntut Umum.,Pasal 61 ayat (4),"ppns, dikoordinasikan, direktorat, jenderal, bersama",
Perdirjen_3_2024,Perdirjen Nomor 3 Tahun 2024,Perdirjen,2024,3,BAB V,Pengenaan Sanksi Pidana,Bagian Kesebelas,,61,6,,,Ketentuan,"Setelah dilakukan koordinasi sebagaimana dimaksud pada ayat (5) PPNS Direktorat Jenderal melanjutkan proses Penyidikan sebagaimana dimaksud dalam Pasal 28. Catatan : - UU ITE No 11 Tahun 2008 Pasal 5 ayat 1 ""Informasi Elektronik dan/atau Dokumen Elektronik dan/atau hasil cetaknya merupakan alat bukti hukum yang sah."" - Dokumen ini telah ditandatangani secara elektronik menggunakansertifikat elektronikyang diterbitkanBSrE - 56 -",Pasal 61 ayat (6),"elektronik, dokumen, setelah, koordinasi, ppns",
Perdirjen_3_2024,Perdirjen Nomor 3 Tahun 2024,Perdirjen,2024,3,BAB V,Pengenaan Sanksi Pidana,Bagian Kesebelas,,61,7,,,Kewajiban,"Pada saat PPNS Direktorat Jenderal melakukan pemberkasan, seluruh administrasi Penyidikan yang telah dibuat oleh Penyidik Polri/Korwas PPNS wajib dimasukkan dalam Berkas Perkara.",Pasal 61 ayat (7),"ppns, saat, direktorat, jenderal, melakukan",
Perdirjen_3_2024,Perdirjen Nomor 3 Tahun 2024,Perdirjen,2024,3,BAB VI,Pelaporan,,,62,1,,,Sanksi,"Pelaksanaan kegiatan Pembinaan, pengawasan, dan pengenaan sanksi wajib dilaporkan secara tertulis kepada Direktur Jenderal.",Pasal 62 ayat (1),"pelaksanaan, kegiatan, pembinaan, pengawasan, pengenaan",
Perdirjen_3_2024,Perdirjen Nomor 3 Tahun 2024,Perdirjen,2024,3,BAB VI,Pelaporan,,,62,2,,,Ketentuan,Pelaporan sebagaimana dimaksud pada ayat (1) di evaluasi setiap semester.,Pasal 62 ayat (2),"pelaporan, evaluasi, setiap, semester",
Perdirjen_3_2024,Perdirjen Nomor 3 Tahun 2024,Perdirjen,2024,3,BAB VI,Pelaporan,,,62,3,,,Ketentuan,Penyampaian laporan dalam jaringan dilaporkan melalui:,Pasal 62 ayat (3),"penyampaian, laporan, jaringan, dilaporkan, melalui",
Perdirjen_3_2024,Perdirjen Nomor 3 Tahun 2024,Perdirjen,2024,3,BAB VI,Pelaporan,,,62,3,a,,Ketentuan,aplikasi milik Direktorat Jenderal meliputi hasil:,Pasal 62 ayat (3) huruf a,"aplikasi, milik, direktorat, jenderal, meliputi",
Perdirjen_3_2024,Perdirjen Nomor 3 Tahun 2024,Perdirjen,2024,3,BAB VI,Pelaporan,,,62,3,a,1,Ketentuan,Pembinaan;,Pasal 62 ayat (3) huruf a angka 1,pembinaan,
Perdirjen_3_2024,Perdirjen Nomor 3 Tahun 2024,Perdirjen,2024,3,BAB VI,Pelaporan,,,62,3,a,2,Ketentuan,pengawasan;,Pasal 62 ayat (3) huruf a angka 2,pengawasan,
Perdirjen_3_2024,Perdirjen Nomor 3 Tahun 2024,Perdirjen,2024,3,BAB VI,Pelaporan,,,62,3,a,3,Sanksi,sanksi administratif; dan/atau,Pasal 62 ayat (3) huruf a angka 3,"sanksi, administratif",
Perdirjen_3_2024,Perdirjen Nomor 3 Tahun 2024,Perdirjen,2024,3,BAB VI,Pelaporan,,,62,3,a,4,Sanksi,sanksi pidana.,Pasal 62 ayat (3) huruf a angka 4,"sanksi, pidana",
Perdirjen_3_2024,Perdirjen Nomor 3 Tahun 2024,Perdirjen,2024,3,BAB VI,Pelaporan,,,62,3,b,,Sanksi,aplikasi e-PPNS milik Badan Reserse Kriminal Kepolisian Negara Republik Indonesia khusus berkaitan dengan sanksi pidana.,Pasal 62 ayat (3) huruf b,"aplikasi, ppns, milik, badan, reserse",Badan
Perdirjen_3_2024,Perdirjen Nomor 3 Tahun 2024,Perdirjen,2024,3,BAB VI,Pelaporan,,,62,4,,,Ketentuan,Format laporan sebagaimana dimaksud pada ayat (1) tercantum dalam Lampiran III yang merupakan bagian tidak terpisahkan dari Peraturan Direktur Jenderal ini.,Pasal 62 ayat (4),"format, laporan, tercantum, lampiran, terpisahkan",
Perdirjen_3_2024,Perdirjen Nomor 3 Tahun 2024,Perdirjen,2024,3,BAB VII,Koordinator Ppns,,,63,1,,,Ketentuan,Dalam pelaksanaan penegakan hukum diperlukan Koordinator PPNS Direktorat Jenderal terdiri dari:,Pasal 63 ayat (1),"pelaksanaan, penegakan, hukum, diperlukan, koordinator",
Perdirjen_3_2024,Perdirjen Nomor 3 Tahun 2024,Perdirjen,2024,3,BAB VII,Koordinator Ppns,,,63,1,a,,Ketentuan,Koordinator PPNS nasional; dan,Pasal 63 ayat (1) huruf a,"koordinator, ppns, nasional",
Perdirjen_3_2024,Perdirjen Nomor 3 Tahun 2024,Perdirjen,2024,3,BAB VII,Koordinator Ppns,,,63,1,b,,Ketentuan,"Koordinator PPNS wilayah UPT. Catatan : - UU ITE No 11 Tahun 2008 Pasal 5 ayat 1 ""Informasi Elektronik dan/atau Dokumen Elektronik dan/atau hasil cetaknya merupakan alat bukti hukum yang sah."" - Dokumen ini telah ditandatangani secara elektronik menggunakansertifikat elektronikyang diterbitkanBSrE - 57 -",Pasal 63 ayat (1) huruf b,"elektronik, dokumen, koordinator, ppns, wilayah",
Perdirjen_3_2024,Perdirjen Nomor 3 Tahun 2024,Perdirjen,2024,3,BAB VII,Koordinator Ppns,,,63,2,,,Ketentuan,"Koordinator PPNS Nasional sebagaimana dimaksud pada ayat (1) huruf a, merupakan PPNS Direktorat Jenderal yang ditunjuk dan ditetapkan oleh Direktur Jenderal untuk menjadi koordinator bagi seluruh PPNS dilingkungan Direktorat Jenderal.",Pasal 63 ayat (2),"ppns, jenderal, koordinator, direktorat, nasional",
Perdirjen_3_2024,Perdirjen Nomor 3 Tahun 2024,Perdirjen,2024,3,BAB VII,Koordinator Ppns,,,63,3,,,Ketentuan,Koordinator PPNS wilayah UPT sebagaimana dimaksud pada ayat (1) huruf b merupakan PPNS Direktorat Jenderal yang ditunjuk dan ditetapkan oleh Direktur untuk menjadi koordinator bagi PPNS di wilayah UPT.,Pasal 63 ayat (3),"ppns, koordinator, wilayah, direktorat, jenderal",
Perdirjen_3_2024,Perdirjen Nomor 3 Tahun 2024,Perdirjen,2024,3,BAB VII,Koordinator Ppns,,,63,4,,,Ketentuan,Koordinator PPNS sebagaimana dimaksud pada ayat (2) dan ayat (3) ditetapkan setiap 3 (tiga) tahun.,Pasal 63 ayat (4),"koordinator, ppns, ditetapkan, setiap, tiga",
Perdirjen_3_2024,Perdirjen Nomor 3 Tahun 2024,Perdirjen,2024,3,BAB VII,Koordinator Ppns,,,63,5,,,Ketentuan,"Apabila Direktur atau Kepala UPT telah menjadi PPNS Direktorat Jenderal, secara otomatis ditetapkan sebagai Koordinator PPNS.",Pasal 63 ayat (5),"ppns, direktur, kepala, menjadi, direktorat",
Perdirjen_3_2024,Perdirjen Nomor 3 Tahun 2024,Perdirjen,2024,3,BAB VII,Koordinator Ppns,,,64,,,,Ketentuan,Koordinator PPNS sebagaimana dimaksud dalam Pasal 63 ayat,Pasal 64,"koordinator, ppns",
Perdirjen_3_2024,Perdirjen Nomor 3 Tahun 2024,Perdirjen,2024,3,BAB VII,Koordinator Ppns,,,64,1,,,Ketentuan,bertugas untuk memastikan setiap tahapan Penyidikan berjalan sesuai dengan ketentuan peraturan perundang- undangan dan melalui upaya sebagai berikut:,Pasal 64 ayat (1),"bertugas, memastikan, setiap, tahapan, penyidikan",
Perdirjen_3_2024,Perdirjen Nomor 3 Tahun 2024,Perdirjen,2024,3,BAB VII,Koordinator Ppns,,,64,1,a,,Ketentuan,tahap persiapan:,Pasal 64 ayat (1) huruf a,"tahap, persiapan",
Perdirjen_3_2024,Perdirjen Nomor 3 Tahun 2024,Perdirjen,2024,3,BAB VII,Koordinator Ppns,,,64,1,a,1,Ketentuan,meneliti kelengkapan Administrasi Penyidikan dan rencana Penyidikan; dan,Pasal 64 ayat (1) huruf a angka 1,"penyidikan, meneliti, kelengkapan, administrasi, rencana",
Perdirjen_3_2024,Perdirjen Nomor 3 Tahun 2024,Perdirjen,2024,3,BAB VII,Koordinator Ppns,,,64,1,a,2,Ketentuan,memberikan petunjuk tentang proses Penyidikan yang akan dilaksanakan.,Pasal 64 ayat (1) huruf a angka 2,"memberikan, petunjuk, proses, penyidikan, dilaksanakan",
Perdirjen_3_2024,Perdirjen Nomor 3 Tahun 2024,Perdirjen,2024,3,BAB VII,Koordinator Ppns,,,64,1,b,,Ketentuan,tahap pelaksanaan:,Pasal 64 ayat (1) huruf b,"tahap, pelaksanaan",
Perdirjen_3_2024,Perdirjen Nomor 3 Tahun 2024,Perdirjen,2024,3,BAB VII,Koordinator Ppns,,,64,1,b,1,Ketentuan,menjamin proses Penyidikan terlaksana secara transparan dan akuntabel sesuai ketentuan peraturan perundang-undangan; dan,Pasal 64 ayat (1) huruf b angka 1,"menjamin, proses, penyidikan, terlaksana, transparan",
Perdirjen_3_2024,Perdirjen Nomor 3 Tahun 2024,Perdirjen,2024,3,BAB VII,Koordinator Ppns,,,64,1,b,2,Ketentuan,"melakukan kegiatan pengawasan Penyidikan melalui: a) pemeriksaan tata naskah administrasi Penyidikan; b) pemeriksaan laporan kemajuan Penyidikan; c) pengelolaan Barang Bukti; dan d) pelaksanaan Gelar Perkara. Catatan : - UU ITE No 11 Tahun 2008 Pasal 5 ayat 1 ""Informasi Elektronik dan/atau Dokumen Elektronik dan/atau hasil cetaknya merupakan alat bukti hukum yang sah."" - Dokumen ini telah ditandatangani secara elektronik menggunakansertifikat elektronikyang diterbitkanBSrE - 58 -",Pasal 64 ayat (1) huruf b angka 2,"penyidikan, elektronik, pemeriksaan, bukti, dokumen",
Perdirjen_3_2024,Perdirjen Nomor 3 Tahun 2024,Perdirjen,2024,3,BAB VII,Koordinator Ppns,,,64,1,c,,Ketentuan,tahap akhir:,Pasal 64 ayat (1) huruf c,"tahap, akhir",
Perdirjen_3_2024,Perdirjen Nomor 3 Tahun 2024,Perdirjen,2024,3,BAB VII,Koordinator Ppns,,,64,1,c,1,Ketentuan,meneliti berkas perkara sebelum diajukan ke Penuntut Umum untuk menghindari terjadinya pengembalian berkas perkara;,Pasal 64 ayat (1) huruf c angka 1,"berkas, perkara, meneliti, sebelum, diajukan",
Perdirjen_3_2024,Perdirjen Nomor 3 Tahun 2024,Perdirjen,2024,3,BAB VII,Koordinator Ppns,,,64,1,c,2,Ketentuan,bersama dengan PPNS Direktorat Jenderal memperbaiki dan melengkapi berkas perkara yang dikembalikan sesuai petunjuk Penuntut Umum;,Pasal 64 ayat (1) huruf c angka 2,"bersama, ppns, direktorat, jenderal, memperbaiki",
Perdirjen_3_2024,Perdirjen Nomor 3 Tahun 2024,Perdirjen,2024,3,BAB VII,Koordinator Ppns,,,64,1,c,3,Ketentuan,"mengikuti perkembangan penyerahan berkas perkara, Tersangka, dan Barang Bukti kepada Penuntut Umum; dan/atau",Pasal 64 ayat (1) huruf c angka 3,"mengikuti, perkembangan, penyerahan, berkas, perkara",
Perdirjen_3_2024,Perdirjen Nomor 3 Tahun 2024,Perdirjen,2024,3,BAB VII,Koordinator Ppns,,,64,1,c,4,Ketentuan,meneliti secara cermat pertimbangan hukum dasar penetapan surat perintah penghentian Penyidikan.,Pasal 64 ayat (1) huruf c angka 4,"meneliti, cermat, pertimbangan, hukum, dasar",
Perdirjen_3_2024,Perdirjen Nomor 3 Tahun 2024,Perdirjen,2024,3,BAB VII,Koordinator Ppns,,,65,,,,Hak,Koordinator PPNS Nasional sebagaimana dimaksud dalam Pasal 63 ayat (1) huruf a berwenang untuk:,Pasal 65,"koordinator, ppns, nasional, berwenang",
Perdirjen_3_2024,Perdirjen Nomor 3 Tahun 2024,Perdirjen,2024,3,BAB VII,Koordinator Ppns,,,65,,a,,Ketentuan,mengkoordinasikan tugas dan wewenang PPNS Direktorat Jenderal dengan Penyidik Polri/Korwas PPNS;,Pasal 65 huruf a,"ppns, mengkoordinasikan, tugas, wewenang, direktorat",
Perdirjen_3_2024,Perdirjen Nomor 3 Tahun 2024,Perdirjen,2024,3,BAB VII,Koordinator Ppns,,,65,,b,,Ketentuan,melakukan evaluasi hasil Penyidikan seluruh UPT setiap tahun; dan,Pasal 65 huruf b,"melakukan, evaluasi, hasil, penyidikan, seluruh",
Perdirjen_3_2024,Perdirjen Nomor 3 Tahun 2024,Perdirjen,2024,3,BAB VII,Koordinator Ppns,,,65,,c,,Ketentuan,menyelenggarakan sidang kode etik apabila terdapat pelanggaran oleh PPNS Direktorat Jenderal dalam melakukan Penyidikan.,Pasal 65 huruf c,"menyelenggarakan, sidang, kode, etik, terdapat",
Perdirjen_3_2024,Perdirjen Nomor 3 Tahun 2024,Perdirjen,2024,3,BAB VII,Koordinator Ppns,,,66,,,,Ketentuan,Dalam pelaksanaan kewenangan sebagaimana dimaksud dalam Pasal 65 Koordinator PPNS Nasional melakukan forum koordinasi teknis paling sedikit 1 (satu) kali dalam satu tahun.,Pasal 66,"satu, pelaksanaan, kewenangan, koordinator, ppns",
Perdirjen_3_2024,Perdirjen Nomor 3 Tahun 2024,Perdirjen,2024,3,BAB VII,Koordinator Ppns,,,67,,,,Hak,Koordinator PPNS wilayah UPT sebagaimana dimaksud dalam Pasal 63 ayat (1) huruf b berwenang untuk:,Pasal 67,"koordinator, ppns, wilayah, berwenang",
Perdirjen_3_2024,Perdirjen Nomor 3 Tahun 2024,Perdirjen,2024,3,BAB VII,Koordinator Ppns,,,67,,a,,Ketentuan,"memberdayakan seluruh pihak yang terlibat dalam kegiatan Penyidikan untuk menjamin terselenggaranya proses Penyidikan secara efektif dan efisien; Catatan : - UU ITE No 11 Tahun 2008 Pasal 5 ayat 1 ""Informasi Elektronik dan/atau Dokumen Elektronik dan/atau hasil cetaknya merupakan alat bukti hukum yang sah."" - Dokumen ini telah ditandatangani secara elektronik menggunakansertifikat elektronikyang diterbitkanBSrE - 59 -",Pasal 67 huruf a,"elektronik, penyidikan, dokumen, memberdayakan, seluruh",
Perdirjen_3_2024,Perdirjen Nomor 3 Tahun 2024,Perdirjen,2024,3,BAB VII,Koordinator Ppns,,,67,,b,,Ketentuan,"melakukan analisa dan evaluasi hasil Penyidikan, mengendalikan jalannya Penyidikan serta memantau kinerja PPNS; dan",Pasal 67 huruf b,"penyidikan, melakukan, analisa, evaluasi, hasil",
Perdirjen_3_2024,Perdirjen Nomor 3 Tahun 2024,Perdirjen,2024,3,BAB VII,Koordinator Ppns,,,67,,c,,Ketentuan,mengawasi pelaksanaan proses Penyidikan yang memenuhi persyaratan formal dan material.,Pasal 67 huruf c,"mengawasi, pelaksanaan, proses, penyidikan, memenuhi",
Perdirjen_3_2024,Perdirjen Nomor 3 Tahun 2024,Perdirjen,2024,3,BAB VII,Koordinator Ppns,,,68,,,,Kewajiban,Koordinator PPNS bertanggung jawab secara manajerial terhadap:,Pasal 68,"koordinator, ppns, bertanggung, jawab, manajerial",
Perdirjen_3_2024,Perdirjen Nomor 3 Tahun 2024,Perdirjen,2024,3,BAB VII,Koordinator Ppns,,,68,,a,,Ketentuan,keselamatan PPNS Direktorat Jenderal dalam pelaksanaan tugas;,Pasal 68 huruf a,"keselamatan, ppns, direktorat, jenderal, pelaksanaan",
Perdirjen_3_2024,Perdirjen Nomor 3 Tahun 2024,Perdirjen,2024,3,BAB VII,Koordinator Ppns,,,68,,b,,Ketentuan,peningkatan pengetahuan dan keterampilan PPNS Direktorat Jenderal;,Pasal 68 huruf b,"peningkatan, pengetahuan, keterampilan, ppns, direktorat",
Perdirjen_3_2024,Perdirjen Nomor 3 Tahun 2024,Perdirjen,2024,3,BAB VII,Koordinator Ppns,,,68,,c,,Sanksi,proses Penyidikan serta penyelesaian penanganan pelanggaran tindak pidana;,Pasal 68 huruf c,"proses, penyidikan, penyelesaian, penanganan, pelanggaran",
Perdirjen_3_2024,Perdirjen Nomor 3 Tahun 2024,Perdirjen,2024,3,BAB VII,Koordinator Ppns,,,68,,d,,Ketentuan,pemecahan masalah dan hambatan yang dihadapi oleh PPNS Direktorat Jenderal dalam pelaksanaan tugas;,Pasal 68 huruf d,"pemecahan, masalah, hambatan, dihadapi, ppns",
Perdirjen_3_2024,Perdirjen Nomor 3 Tahun 2024,Perdirjen,2024,3,BAB VII,Koordinator Ppns,,,68,,e,,Ketentuan,"penyelenggaraan proses Penyidikan secara profesional, prosedural, objektif, transparan, dan akuntabel;",Pasal 68 huruf e,"penyelenggaraan, proses, penyidikan, profesional, prosedural",
Perdirjen_3_2024,Perdirjen Nomor 3 Tahun 2024,Perdirjen,2024,3,BAB VII,Koordinator Ppns,,,68,,f,,Ketentuan,terwujudnya kepastian hukum dalam proses Penyidikan;,Pasal 68 huruf f,"terwujudnya, kepastian, hukum, proses, penyidikan",
Perdirjen_3_2024,Perdirjen Nomor 3 Tahun 2024,Perdirjen,2024,3,BAB VII,Koordinator Ppns,,,68,,g,,Ketentuan,adanya gugatan praperadilan atau upaya hukum lain sebagai akibat dari proses Penyidikan;,Pasal 68 huruf g,"adanya, gugatan, praperadilan, upaya, hukum",
Perdirjen_3_2024,Perdirjen Nomor 3 Tahun 2024,Perdirjen,2024,3,BAB VII,Koordinator Ppns,,,68,,h,,Ketentuan,independensi Penyidikan;,Pasal 68 huruf h,"independensi, penyidikan",
Perdirjen_3_2024,Perdirjen Nomor 3 Tahun 2024,Perdirjen,2024,3,BAB VII,Koordinator Ppns,,,68,,i,,Ketentuan,keluhan masyarakat; dan,Pasal 68 huruf i,"keluhan, masyarakat",Masyarakat
Perdirjen_3_2024,Perdirjen Nomor 3 Tahun 2024,Perdirjen,2024,3,BAB VII,Koordinator Ppns,,,68,,j,,Ketentuan,pemberitaan media massa yang dapat menimbulkan opini yang salah terhadap Penyidikan.,Pasal 68 huruf j,"pemberitaan, media, massa, menimbulkan, opini",
Perdirjen_3_2024,Perdirjen Nomor 3 Tahun 2024,Perdirjen,2024,3,BAB VIII,Pembiayaan,,,69,,,,Ketentuan,Biaya pelaksanaan tugas dan wewenang PPNS Direktorat Jenderal dibebankan pada anggaran Direktorat Jenderal.,Pasal 69,"direktorat, jenderal, biaya, pelaksanaan, tugas",
Perdirjen_3_2024,Perdirjen Nomor 3 Tahun 2024,Perdirjen,2024,3,BAB IX,Kode Etik,,,70,,,,Kewajiban,PPNS Direktorat Jenderal dalam melaksanakan Penegakan Hukum wajib berdasarkan prinsip-prinsip sebagaimana dimaksud dalam Pasal 3.,Pasal 70,"prinsip, ppns, direktorat, jenderal, melaksanakan",
Perdirjen_3_2024,Perdirjen Nomor 3 Tahun 2024,Perdirjen,2024,3,BAB IX,Kode Etik,,,71,1,,,Kewajiban,PPNS Direktorat Jenderal dalam melaksanakan penegakan hukum wajib mematuhi kode etik.,Pasal 71 ayat (1),"ppns, direktorat, jenderal, melaksanakan, penegakan",
Perdirjen_3_2024,Perdirjen Nomor 3 Tahun 2024,Perdirjen,2024,3,BAB IX,Kode Etik,,,71,2,,,Ketentuan,Kode etik sebagaimana dimaksud pada ayat (1) meliputi:,Pasal 71 ayat (2),"kode, etik, meliputi",
Perdirjen_3_2024,Perdirjen Nomor 3 Tahun 2024,Perdirjen,2024,3,BAB IX,Kode Etik,,,71,2,a,,Ketentuan,"mengutamakan kepentingan Negara, Bangsa, dan masyarakat dari pada kepentingan pribadi atau golongan;",Pasal 71 ayat (2) huruf a,"kepentingan, mengutamakan, negara, bangsa, masyarakat",Masyarakat
Perdirjen_3_2024,Perdirjen Nomor 3 Tahun 2024,Perdirjen,2024,3,BAB IX,Kode Etik,,,71,2,b,,Ketentuan,menjunjung tinggi peraturan perundang-undangan yang menjadi pedomannya;,Pasal 71 ayat (2) huruf b,"menjunjung, tinggi, perundang, undangan, menjadi",
Perdirjen_3_2024,Perdirjen Nomor 3 Tahun 2024,Perdirjen,2024,3,BAB IX,Kode Etik,,,71,2,c,,Kewajiban,mendahulukan kewajiban dari pada hak;,Pasal 71 ayat (2) huruf c,"mendahulukan, kewajiban",
Perdirjen_3_2024,Perdirjen Nomor 3 Tahun 2024,Perdirjen,2024,3,BAB IX,Kode Etik,,,71,2,d,,Ketentuan,memperlakukan semua orang sama di muka hukum;,Pasal 71 ayat (2) huruf d,"memperlakukan, semua, orang, sama, muka",
Perdirjen_3_2024,Perdirjen Nomor 3 Tahun 2024,Perdirjen,2024,3,BAB IX,Kode Etik,,,71,2,e,,Ketentuan,menghindari perbuatan tercela atau pemerasan dan/atau memberi janji sesuatu dengan pihak terkait yang sedang berperkara;,Pasal 71 ayat (2) huruf e,"menghindari, perbuatan, tercela, pemerasan, memberi",
Perdirjen_3_2024,Perdirjen Nomor 3 Tahun 2024,Perdirjen,2024,3,BAB IX,Kode Etik,,,71,2,f,,Ketentuan,"tidak mempublikasikan identitas/nama lengkap dari Tersangka dan saksi, kecuali dengan inisial nama;",Pasal 71 ayat (2) huruf f,"nama, mempublikasikan, identitas, lengkap, tersangka",
Perdirjen_3_2024,Perdirjen Nomor 3 Tahun 2024,Perdirjen,2024,3,BAB IX,Kode Etik,,,71,2,g,,Ketentuan,menyatakan hal yang benar;,Pasal 71 ayat (2) huruf g,"menyatakan, benar",
Perdirjen_3_2024,Perdirjen Nomor 3 Tahun 2024,Perdirjen,2024,3,BAB IX,Kode Etik,,,71,2,h,,Ketentuan,bersikap jujur dan tanggung jawab dalam melaksanakan tugas;,Pasal 71 ayat (2) huruf h,"bersikap, jujur, tanggung, jawab, melaksanakan",
Perdirjen_3_2024,Perdirjen Nomor 3 Tahun 2024,Perdirjen,2024,3,BAB IX,Kode Etik,,,71,2,i,,Kewajiban,bertanggung jawab dalam pengamanan dan penyimpanan barang bukti/benda yang berada di dalam penguasaannya karena terkait dengan penyelesaian perkara; dan,Pasal 71 ayat (2) huruf i,"bertanggung, jawab, pengamanan, penyimpanan, barang",
Perdirjen_3_2024,Perdirjen Nomor 3 Tahun 2024,Perdirjen,2024,3,BAB IX,Kode Etik,,,71,2,j,,Ketentuan,"menghormati dan bekerjasama dengan sesama pejabat terkait dalam tahapan Penyidikan, penuntutan, dan peradilan.",Pasal 71 ayat (2) huruf j,"menghormati, bekerjasama, sesama, pejabat, terkait",
Perdirjen_3_2024,Perdirjen Nomor 3 Tahun 2024,Perdirjen,2024,3,BAB IX,Kode Etik,,,72,1,,,Ketentuan,"Pengawasan terhadap pelaksanaan kode etik sebagaimana dimaksud dalam Pasal 71 ayat (1) dilakukan oleh tim yang ditetapkan oleh Direktur Jenderal. Catatan : - UU ITE No 11 Tahun 2008 Pasal 5 ayat 1 ""Informasi Elektronik dan/atau Dokumen Elektronik dan/atau hasil cetaknya merupakan alat bukti hukum yang sah."" - Dokumen ini telah ditandatangani secara elektronik menggunakansertifikat elektronikyang diterbitkanBSrE - 61 -",Pasal 72 ayat (1),"elektronik, dokumen, pengawasan, pelaksanaan, kode",
Perdirjen_3_2024,Perdirjen Nomor 3 Tahun 2024,Perdirjen,2024,3,BAB IX,Kode Etik,,,72,2,,,Ketentuan,Pengawasan terhadap pelaksanaan kode etik sebagaimana dimaksud pada ayat (1) melibatkan antara lain:,Pasal 72 ayat (2),"pengawasan, pelaksanaan, kode, etik, melibatkan",
Perdirjen_3_2024,Perdirjen Nomor 3 Tahun 2024,Perdirjen,2024,3,BAB IX,Kode Etik,,,72,2,a,,Ketentuan,Direktorat;,Pasal 72 ayat (2) huruf a,direktorat,
Perdirjen_3_2024,Perdirjen Nomor 3 Tahun 2024,Perdirjen,2024,3,BAB IX,Kode Etik,,,72,2,b,,Ketentuan,Bagian Umum dan Kepegawaian;,Pasal 72 ayat (2) huruf b,"umum, kepegawaian",
Perdirjen_3_2024,Perdirjen Nomor 3 Tahun 2024,Perdirjen,2024,3,BAB IX,Kode Etik,,,72,2,c,,Ketentuan,Bagian Hukum dan Kerjasama;,Pasal 72 ayat (2) huruf c,"hukum, kerjasama",
Perdirjen_3_2024,Perdirjen Nomor 3 Tahun 2024,Perdirjen,2024,3,BAB IX,Kode Etik,,,72,2,d,,Ketentuan,Kepala UPT; dan/atau,Pasal 72 ayat (2) huruf d,kepala,
Perdirjen_3_2024,Perdirjen Nomor 3 Tahun 2024,Perdirjen,2024,3,BAB IX,Kode Etik,,,72,2,e,,Ketentuan,Koordinator PPNS.,Pasal 72 ayat (2) huruf e,"koordinator, ppns",
Perdirjen_3_2024,Perdirjen Nomor 3 Tahun 2024,Perdirjen,2024,3,BAB IX,Kode Etik,,,73,1,,,Kewajiban,Para pihak yang terlibat dalam Penyidikan wajib menandatangani pakta integritas yang tercantum dalam Lampiran I yang merupakan bagian tidak terpisahkan dari Peraturan Direktur Jenderal ini.,Pasal 73 ayat (1),"para, pihak, terlibat, penyidikan, wajib",
Perdirjen_3_2024,Perdirjen Nomor 3 Tahun 2024,Perdirjen,2024,3,BAB IX,Kode Etik,,,73,2,,,Sanksi,PPNS Direktorat Jenderal yang terbukti melakukan pelanggaran terhadap pakta integritas dan/atau kode etik PPNS dikenakan sanksi sesuai dengan ketentuan peraturan perundang-undangan.,Pasal 73 ayat (2),"ppns, direktorat, jenderal, terbukti, melakukan",
Perdirjen_3_2024,Perdirjen Nomor 3 Tahun 2024,Perdirjen,2024,3,BAB X,Ketentuan Lain-Lain,,,74,,,,Kewajiban,Dalam hal Direktorat lain di lingkungan Kementerian Komunikasi dan Informatika meminta bantuan PPNS Direktorat Jenderal untuk melakukan Penyidikan di bidang selain Telekomunikasi harus menyampaikan surat permohonan kepada Direktur Jenderal.,Pasal 74,"direktorat, jenderal, lingkungan, kementerian, komunikasi",Kementerian
Perdirjen_3_2024,Perdirjen Nomor 3 Tahun 2024,Perdirjen,2024,3,BAB X,Ketentuan Lain-Lain,,,75,1,,,Ketentuan,Dalam kondisi tertentu barang hasil penertiban dapat dilakukan pemusnahan oleh Direktorat Jenderal.,Pasal 75 ayat (1),"kondisi, tertentu, barang, hasil, penertiban",
Perdirjen_3_2024,Perdirjen Nomor 3 Tahun 2024,Perdirjen,2024,3,BAB X,Ketentuan Lain-Lain,,,75,2,,,Ketentuan,Kondisi tertentu sebagaimana dimaksud pada ayat (1) berupa:,Pasal 75 ayat (2),"kondisi, tertentu, berupa",
Perdirjen_3_2024,Perdirjen Nomor 3 Tahun 2024,Perdirjen,2024,3,BAB X,Ketentuan Lain-Lain,,,75,2,a,,Ketentuan,barang membahayakan keselamatan jiwa manusia;,Pasal 75 ayat (2) huruf a,"barang, membahayakan, keselamatan, jiwa, manusia",
Perdirjen_3_2024,Perdirjen Nomor 3 Tahun 2024,Perdirjen,2024,3,BAB X,Ketentuan Lain-Lain,,,75,2,b,,Ketentuan,barang tidak diketahui pemiliknya; dan/atau,Pasal 75 ayat (2) huruf b,"barang, diketahui, pemiliknya",
Perdirjen_3_2024,Perdirjen Nomor 3 Tahun 2024,Perdirjen,2024,3,BAB X,Ketentuan Lain-Lain,,,75,2,c,,Ketentuan,"barang telah diserahkan pemiliknya kepada Direktorat Jenderal untuk dimusnahkan. Catatan : - UU ITE No 11 Tahun 2008 Pasal 5 ayat 1 ""Informasi Elektronik dan/atau Dokumen Elektronik dan/atau hasil cetaknya merupakan alat bukti hukum yang sah."" - Dokumen ini telah ditandatangani secara elektronik menggunakansertifikat elektronikyang diterbitkanBSrE - 62 -",Pasal 75 ayat (2) huruf c,"elektronik, dokumen, barang, diserahkan, pemiliknya",
Perdirjen_3_2024,Perdirjen Nomor 3 Tahun 2024,Perdirjen,2024,3,BAB X,Ketentuan Lain-Lain,,,75,2,d,,Kewajiban,"sampai dengan 6 (enam) bulan setelah dikenakan tindakan penyegelan untuk pelanggaran kewajiban sertifikat Alat Telekomunikasi dan/atau Perangkat Telekomunikasi, pemilik Alat Telekomunikasi dan/atau Perangkat Telekomunikasi tidak dapat menunjukan bukti sertifikat Alat Telekomunikasi dan/atau Perangkat Telekomunikasi;",Pasal 75 ayat (2) huruf d,"telekomunikasi, alat, perangkat, sertifikat, sampai",
Perdirjen_3_2024,Perdirjen Nomor 3 Tahun 2024,Perdirjen,2024,3,BAB X,Ketentuan Lain-Lain,,,75,3,,,Ketentuan,Batas waktu pemusnahan sebagaimana dimaksud pada ayat (1) apabila:,Pasal 75 ayat (3),"batas, waktu, pemusnahan",
Perdirjen_3_2024,Perdirjen Nomor 3 Tahun 2024,Perdirjen,2024,3,BAB X,Ketentuan Lain-Lain,,,75,3,a,,Ketentuan,"pelanggaran penggunaan Spektrum Frekuensi Radio, pemilik Alat Telekomunikasi dan/atau Perangkat Telekomunikasi tidak dapat menunjukan bukti ISR; atau",Pasal 75 ayat (3) huruf a,"telekomunikasi, pelanggaran, penggunaan, spektrum, frekuensi",
Perdirjen_3_2024,Perdirjen Nomor 3 Tahun 2024,Perdirjen,2024,3,BAB X,Ketentuan Lain-Lain,,,75,3,b,,Ketentuan,sampai dengan 30 (tiga puluh) Hari setelah dikenakan tindakan penyegelan.,Pasal 75 ayat (3) huruf b,"sampai, tiga, puluh, hari, setelah",
Perdirjen_3_2024,Perdirjen Nomor 3 Tahun 2024,Perdirjen,2024,3,BAB X,Ketentuan Lain-Lain,,,75,4,,,Ketentuan,Pemusnahan sebagaimana dimaksud pada ayat (1) dilaksanakan dengan memperhatikan:,Pasal 75 ayat (4),"pemusnahan, dilaksanakan, memperhatikan",
Perdirjen_3_2024,Perdirjen Nomor 3 Tahun 2024,Perdirjen,2024,3,BAB X,Ketentuan Lain-Lain,,,75,4,a,,Ketentuan,hasil Gelar Perkara; dan,Pasal 75 ayat (4) huruf a,"hasil, gelar, perkara",
Perdirjen_3_2024,Perdirjen Nomor 3 Tahun 2024,Perdirjen,2024,3,BAB X,Ketentuan Lain-Lain,,,75,4,b,,Ketentuan,surat pernyataan kesediaan dari pemilik/penanggung jawab barang hasil penertiban menyerahkan kepada negara untuk dimusnahkan.,Pasal 75 ayat (4) huruf b,"surat, pernyataan, kesediaan, pemilik, penanggung",
Perdirjen_3_2024,Perdirjen Nomor 3 Tahun 2024,Perdirjen,2024,3,BAB X,Ketentuan Lain-Lain,,,75,5,,,Ketentuan,"Dalam hal tidak terdapat surat pernyataan sebagaimana dimaksud pada ayat (3) huruf b, pemusnahan barang hasil penertiban dapat dilaksanakan dengan ketentuan:",Pasal 75 ayat (5),"terdapat, surat, pernyataan, pemusnahan, barang",
Perdirjen_3_2024,Perdirjen Nomor 3 Tahun 2024,Perdirjen,2024,3,BAB X,Ketentuan Lain-Lain,,,75,5,a,,Hak,"PPNS Direktorat Jenderal dalam waktu paling lama 30 (tiga puluh hari) sejak tanggal pengiriman surat undangan klarifikasi, mengumumkan barang hasil penertiban tersebut di kantor kecamatan atau kelurahan atau desa tempat tinggal terakhir pemilik atau yang berhak atas barang hasil penertiban atau melalui media masa; dan",Pasal 75 ayat (5) huruf a,"barang, hasil, penertiban, ppns, direktorat",
Perdirjen_3_2024,Perdirjen Nomor 3 Tahun 2024,Perdirjen,2024,3,BAB X,Ketentuan Lain-Lain,,,75,5,b,,Ketentuan,"setelah melewati jangka waktu sebagaimana dimaksud pada huruf a PPNS Direktorat Jenderal melaporkan secara tertulis kepada Direktur atau Kepala UPT untuk memperoleh penetapan status barang hasil penertiban. Catatan : - UU ITE No 11 Tahun 2008 Pasal 5 ayat 1 ""Informasi Elektronik dan/atau Dokumen Elektronik dan/atau hasil cetaknya merupakan alat bukti hukum yang sah."" - Dokumen ini telah ditandatangani secara elektronik menggunakansertifikat elektronikyang diterbitkanBSrE - 63 -",Pasal 75 ayat (5) huruf b,"elektronik, hasil, dokumen, setelah, melewati",
Perdirjen_3_2024,Perdirjen Nomor 3 Tahun 2024,Perdirjen,2024,3,BAB XI,Ketentuan Penutup,,,76,,,,Sanksi,"Pada saat Peraturan Direktur Jenderal ini mulai berlaku, Peraturan Direktur Jenderal Sumber Daya dan Perangkat Pos dan Informatika Nomor 7 Tahun 2021 tentang Tata Cara Pembinaan, Pengawasan, dan Pengenaan Sanksi Terhadap Pelanggaran Penggunaan Spektrum Frekuensi Radio dan Alat Telekomunikasi dan/atau Perangkat Telekomunikasi, dicabut dan dinyatakan tidak berlaku.",Pasal 76,"direktur, jenderal, berlaku, perangkat, telekomunikasi",
Perdirjen_3_2024,Perdirjen Nomor 3 Tahun 2024,Perdirjen,2024,3,BAB XI,Ketentuan Penutup,,,77,,,,Sanksi,"Peraturan Direktur Jenderal ini mulai berlaku pada tanggal ditetapkan. Ditetapkan di Jakarta pada tanggal 12 Juni 2024 DIREKTUR JENDERAL SUMBER DAYA DAN PERANGKAT POS DAN INFORMATIKA, KEMENTERIAN KOMUNIKASI DAN INFORMATIKA, ISMAIL Catatan : - UU ITE No 11 Tahun 2008 Pasal 5 ayat 1 ""Informasi Elektronik dan/atau Dokumen Elektronik dan/atau hasil cetaknya merupakan alat bukti hukum yang sah."" - Dokumen ini telah ditandatangani secara elektronik menggunakansertifikat elektronikyang diterbitkanBSrE LAMPIRAN I PERATURAN DIREKTUR JENDERAL SUMBER DAYA DAN PERANGKAT POS DAN INFORMATIKA KEMENTERIAN KOMUNIKASI DAN INFORMATIKA NOMOR 3 TAHUN 2024 TENTANG TATA CARA PEMBINAAN, PENGAWASAN, DAN PENGENAAN SANKSI TERHADAP PELANGGARAN PENGGUNAAN SPEKTRUM FREKUENSI RADIO, DAN ALAT TELEKOMUNIKASI DAN/ATAU PERANGKAT TELEKOMUNIKASI PAKTA INTEGRITAS ASN Saya yang bertanda tangan di bawah ini, Aparatur Sipil Negara (ASN) dalam rangka Kegiatan Pembinaan, Pengawasan dan Pengenaan Sanksi Administatif dan/atau Sanksi Pidana, dengan ini menyatakan bahwa saya:",Pasal 77,"informatika, direktur, jenderal, perangkat, elektronik",Kementerian
Perdirjen_3_2024,Perdirjen Nomor 3 Tahun 2024,Perdirjen,2024,3,BAB XI,Ketentuan Penutup,,,77,,,1,Ketentuan,Tidak akan melakukan praktek KKN;,Pasal 77 angka 1,"melakukan, praktek",
Perdirjen_3_2024,Perdirjen Nomor 3 Tahun 2024,Perdirjen,2024,3,BAB XI,Ketentuan Penutup,,,77,,,2,Hak,Akan melaporkan kepada pihak yang berwajib/berwenang apabila mengetahui ada indikasi KKN di dalam proses kegiatan ini;,Pasal 77 angka 2,"melaporkan, kepada, pihak, berwajib, berwenang",
Perdirjen_3_2024,Perdirjen Nomor 3 Tahun 2024,Perdirjen,2024,3,BAB XI,Ketentuan Penutup,,,77,,,3,Ketentuan,"Dalam proses kegiatan ini, berjanji akan melaksanakan tugas secara bersih, transparan, dan professional dalam arti akan mengerahkan segala kemampuan dan sumber daya secara optimal untuk memberikan hasil kerja terbaik mulai dari penyiapan, pelaksanaan, dan penyelesaian kegiatan ini;",Pasal 77 angka 3,"kegiatan, proses, berjanji, melaksanakan, tugas",
Perdirjen_3_2024,Perdirjen Nomor 3 Tahun 2024,Perdirjen,2024,3,BAB XI,Ketentuan Penutup,,,77,,,4,Sanksi,"Apabila saya melanggar hal-hal yang telah saya nyatakan dalam PAKTA INTEGRITAS ini, saya bersedia dikenakan sanksi administrasi serta dituntut ganti rugi dan pidana sesuai dengan ketentuan peraturan perundang-undangan yang berlaku. ………….., Tanggal/Bulan/Tahun Ttd. (nama) NIP: ……………………………………… Catatan : - UU ITE No 11 Tahun 2008 Pasal 5 ayat 1 ""Informasi Elektronik dan/atau Dokumen Elektronik dan/atau hasil cetaknya merupakan alat bukti hukum yang sah."" - Dokumen ini telah ditandatangani secara elektronik menggunakansertifikat elektronikyang diterbitkanBSrE - 2 - PAKTA INTEGRITAS PPNS Saya yang bertanda tangan di bawah ini, Penyidik Pegawai Negeri Sipil (PPNS) dalam rangka Kegiatan Penindakan ………….. wilayah …….. pada …………………… yang beralamat di ………………………………, dengan ini menyatakan bahwa saya :",Pasal 77 angka 4,"saya, elektronik, pakta, integritas, tahun",
Perdirjen_3_2024,Perdirjen Nomor 3 Tahun 2024,Perdirjen,2024,3,BAB XI,Ketentuan Penutup,,,77,,,1,Ketentuan,Tidak akan melakukan praktek KKN;,Pasal 77 angka 1,"melakukan, praktek",
Perdirjen_3_2024,Perdirjen Nomor 3 Tahun 2024,Perdirjen,2024,3,BAB XI,Ketentuan Penutup,,,77,,,2,Hak,Akan melaporkan kepada pihak yang berwajib/berwenang apabila mengetahui ada indikasi KKN di dalam proses kegiatan ini;,Pasal 77 angka 2,"melaporkan, kepada, pihak, berwajib, berwenang",
Perdirjen_3_2024,Perdirjen Nomor 3 Tahun 2024,Perdirjen,2024,3,BAB XI,Ketentuan Penutup,,,77,,,3,Ketentuan,"Dalam proses kegiatan ini, berjanji akan melaksanakan tugas secara bersih, transparan, dan professional dalam arti akan mengerahkan segala kemampuan dan sumber daya secara optimal untuk memberikan hasil kerja terbaik mulai dari penyiapan, pelaksanaan, dan penyelesaian kegiatan ini;",Pasal 77 angka 3,"kegiatan, proses, berjanji, melaksanakan, tugas",
Perdirjen_3_2024,Perdirjen Nomor 3 Tahun 2024,Perdirjen,2024,3,BAB XI,Ketentuan Penutup,,,77,,,4,Sanksi,"Apabila saya melanggar hal-hal yang telah saya nyatakan dalam PAKTA INTEGRITAS ini, saya bersedia dikenakan sanksi administrasi serta dituntut ganti rugi dan pidana sesuai dengan ketentuan peraturan perundang-undangan yang berlaku. ………….., Tanggal/Bulan/Tahun Ttd. (nama) NIP: ……………………………………… DIREKTUR JENDERAL SUMBER DAYA DAN PERANGKAT POS DAN INFORMATIKA KEMENTERIAN KOMUNIKASI DAN INFORMATIKA, ISMAIL Catatan : - UU ITE No 11 Tahun 2008 Pasal 5 ayat 1 ""Informasi Elektronik dan/atau Dokumen Elektronik dan/atau hasil cetaknya merupakan alat bukti hukum yang sah."" - Dokumen ini telah ditandatangani secara elektronik menggunakansertifikat elektronikyang diterbitkanBSrE LAMPIRAN II PERATURAN DIREKTUR JENDERAL SUMBER DAYA DAN PERANGKAT POS DAN INFORMATIKA KEMENTERIAN KOMUNIKASI DAN INFORMATIKA NOMOR 3 TAHUN 2024 TENTANG TATA CARA PEMBINAAN, PENGAWASAN, DAN PENGENAAN SANKSI TERHADAP PELANGGARAN PENGGUNAAN SPEKTRUM FREKUENSI RADIO, DAN ALAT TELEKOMUNIKASI DAN/ATAU PERANGKAT TELEKOMUNIKASI",Pasal 77 angka 4,"informatika, saya, tahun, perangkat, elektronik",Kementerian
