doc_id,nama_dokumen,jenis,tahun,nomor,bab,nama_bab,bagian,paragraf,pasal,ayat,huruf,angka,tipe,isi,referensi,kata_kunci,entitas
Perdirjen_07_2021,Perdirjen Nomor 07 Tahun 2021,Perdirjen,2021,07,BAB I,Ketentuan Umum,,,1,,,,Definisi,Dalam Peraturan Direktur Jenderal ini yang dimaksud dengan:,Pasal 1,"direktur, jenderal",
Perdirjen_07_2021,Perdirjen Nomor 07 Tahun 2021,Perdirjen,2021,07,BAB I,Ketentuan Umum,,,1,,,1,Ketentuan,"Telekomunikasi adalah setiap pemancaran, pengiriman, dan/atau penerimaan dari setiap informasi dalam bentuk tanda-tanda, isyarat, tulisan, gambar, suara dan bunyi melalui sistem kawat, optik, radio, atau sistem elektromagnetik lainnya.",Pasal 1 angka 1,"setiap, tanda, sistem, telekomunikasi, pemancaran",
Perdirjen_07_2021,Perdirjen Nomor 07 Tahun 2021,Perdirjen,2021,07,BAB I,Ketentuan Umum,,,1,,,2,Ketentuan,"Spektrum Frekuensi Radio adalah gelombang elektromagnetik dengan frekuensi lebih kecil dari 3000 GHz yang merambat di udara dan/atau ruang angkasa yang berfungsi sebagai media pengiriman dan/atau penerimaan informasi untuk keperluan antara lain penyelenggaraan Telekomunikasi, penyelenggaraan Penyiaran, penerbangan, pelayaran, meteorologi, penginderaan jarak jauh, dan astronomi.",Pasal 1 angka 2,"frekuensi, penyelenggaraan, spektrum, radio, gelombang",
Perdirjen_07_2021,Perdirjen Nomor 07 Tahun 2021,Perdirjen,2021,07,BAB I,Ketentuan Umum,,,1,,,3,Ketentuan,Alat Telekomunikasi adalah setiap alat perlengkapan yang digunakan dalam bertelekomunikasi.,Pasal 1 angka 3,"alat, telekomunikasi, setiap, perlengkapan, digunakan",
Perdirjen_07_2021,Perdirjen Nomor 07 Tahun 2021,Perdirjen,2021,07,BAB I,Ketentuan Umum,,,1,,,4,Ketentuan,Perangkat Telekomunikasi adalah sekelompok alat telekomunikasi yang memungkinkan bertelekomunikasi.,Pasal 1 angka 4,"telekomunikasi, perangkat, sekelompok, alat, memungkinkan",
Perdirjen_07_2021,Perdirjen Nomor 07 Tahun 2021,Perdirjen,2021,07,BAB I,Ketentuan Umum,,,1,,,5,Definisi,Pembinaan adalah serangkaian tindakan yang dilakukan oleh instansi/petugas yang mempunyai tanggung jawab di bidang Telekomunikasi kepada masyarakat yang bersifat edukasi dalam rangka upaya mencegah terjadinya pelanggaran penggunaan Spektrum Frekuensi Radio serta Alat Telekomunikasi dan/atau Perangkat Telekomunikasi.,Pasal 1 angka 5,"telekomunikasi, pembinaan, serangkaian, tindakan, instansi","Masyarakat, Instansi"
Perdirjen_07_2021,Perdirjen Nomor 07 Tahun 2021,Perdirjen,2021,07,BAB I,Ketentuan Umum,,,1,,,6,Sanksi,Laporan Informasi adalah informasi tentang suatu peristiwa dari masyarakat atau yang diketahui sendiri oleh Aparatur Sipil Negara untuk dilakukan Wasmatlitrik guna mengetahui apakah peristiwa tersebut merupakan peristiwa pidana atau bukan.,Pasal 1 angka 6,"peristiwa, informasi, laporan, suatu, masyarakat",Masyarakat
Perdirjen_07_2021,Perdirjen Nomor 07 Tahun 2021,Perdirjen,2021,07,BAB I,Ketentuan Umum,,,1,,,7,Definisi,"Pengawasan, Pengamatan, Penelitian, dan/atau Pemeriksaan yang selanjutnya disebut Wasmatlitrik adalah serangkaian kegiatan untuk mencari dan menemukan suatu peristiwa yang diduga sebagai tindak - 5 - pidana melalui kegiatan sebagaimana diatur dalam peraturan perundang-undangan sesuai dengan lingkup tugas dan wewenangnya.",Pasal 1 angka 7,"kegiatan, pengawasan, pengamatan, penelitian, pemeriksaan",
Perdirjen_07_2021,Perdirjen Nomor 07 Tahun 2021,Perdirjen,2021,07,BAB I,Ketentuan Umum,,,1,,,8,Ketentuan,Penindakan adalah serangkaian tindakan yang dilakukan oleh tim Penindakan dalam rangka Wasmatlitrik di bidang Telekomunikasi.,Pasal 1 angka 8,"penindakan, serangkaian, tindakan, rangka, wasmatlitrik",
Perdirjen_07_2021,Perdirjen Nomor 07 Tahun 2021,Perdirjen,2021,07,BAB I,Ketentuan Umum,,,1,,,9,Sanksi,Penggeledahan adalah tindakan PPNS Direktorat Jenderal untuk memasuki rumah tempat tinggal dan/atau tempat tertutup lainnya guna melakukan Pemeriksaan dan/atau penyitaan barang bukti menurut cara-cara yang diatur dalam Kitab Undang-undang Hukum Acara Pidana (KUHAP).,Pasal 1 angka 9,"tempat, cara, penggeledahan, tindakan, ppns",
Perdirjen_07_2021,Perdirjen Nomor 07 Tahun 2021,Perdirjen,2021,07,BAB I,Ketentuan Umum,,,1,,,10,Ketentuan,"Penyitaan adalah serangkaian tindakan PPNS untuk mengambil alih dan/atau menyimpan di bawah penguasaannya benda bergerak atau tidak bergerak, berwujud atau tidak berwujud untuk kepentingan pembuktian dalam Penyidikan, penuntutan dan peradilan.",Pasal 1 angka 10,"bergerak, berwujud, penyitaan, serangkaian, tindakan",
Perdirjen_07_2021,Perdirjen Nomor 07 Tahun 2021,Perdirjen,2021,07,BAB I,Ketentuan Umum,,,1,,,11,Sanksi,Penyegelan adalah suatu tindakan pengamanan terhadap benda atau barang yang digunakan untuk tindak pidana dengan cara disegel.,Pasal 1 angka 11,"penyegelan, suatu, tindakan, pengamanan, benda",
Perdirjen_07_2021,Perdirjen Nomor 07 Tahun 2021,Perdirjen,2021,07,BAB I,Ketentuan Umum,,,1,,,12,Ketentuan,"Barang Hasil Penindakan adalah benda bergerak atau tidak bergerak, berwujud atau tidak berwujud yang dikenakan pengamanan untuk keperluan Pemeriksaan lebih lanjut.",Pasal 1 angka 12,"bergerak, berwujud, barang, hasil, penindakan",
Perdirjen_07_2021,Perdirjen Nomor 07 Tahun 2021,Perdirjen,2021,07,BAB I,Ketentuan Umum,,,1,,,13,Ketentuan,"Barang Bukti adalah benda bergerak atau tidak bergerak, berwujud atau tidak berwujud yang telah dilakukan Penyitaan oleh PPNS Direktorat Jenderal untuk keperluan Pemeriksaan dalam tingkat Penyidikan, penuntutan, dan Pemeriksaan di persidangan.",Pasal 1 angka 13,"bergerak, berwujud, pemeriksaan, barang, bukti",
Perdirjen_07_2021,Perdirjen Nomor 07 Tahun 2021,Perdirjen,2021,07,BAB I,Ketentuan Umum,,,1,,,14,Definisi,Tempat Kejadian Perkara yang selanjutnya disingkat TKP adalah tempat dimana suatu tindak pidana dilakukan atau terjadi dan tempat-tempat lain dimana Tersangka dan/atau korban dan/atau Barang Bukti yang berhubungan dengan tindak pidana tersebut dapat ditemukan.,Pasal 1 angka 14,"tempat, dimana, tindak, pidana, kejadian",
Perdirjen_07_2021,Perdirjen Nomor 07 Tahun 2021,Perdirjen,2021,07,BAB I,Ketentuan Umum,,,1,,,15,Sanksi,Pemanggilan adalah tindakan untuk menghadirkan saksi dan Tersangka guna didengar keterangannya sehubungan - 6 - dengan tindak pidana yang terjadi berdasarkan Laporan Kejadian.,Pasal 1 angka 15,"pemanggilan, tindakan, menghadirkan, saksi, tersangka",
Perdirjen_07_2021,Perdirjen Nomor 07 Tahun 2021,Perdirjen,2021,07,BAB I,Ketentuan Umum,,,1,,,16,Definisi,"Pemeriksaan adalah kegiatan untuk mendapatkan keterangan, kejelasan, dan keidentikan Tersangka, saksi ahli dan/atau Barang Bukti maupun tentang unsur-unsur tindak pidana yang telah terjadi, sehingga kedudukan atau peranan seseorang maupun Barang Bukti di dalam tindak pidana tersebut menjadi jelas.",Pasal 1 angka 16,"barang, bukti, maupun, unsur, tindak",
Perdirjen_07_2021,Perdirjen Nomor 07 Tahun 2021,Perdirjen,2021,07,BAB I,Ketentuan Umum,,,1,,,17,Definisi,Gelar Perkara adalah kegiatan penyampaian proses Wasmatlitrik dan Penyidikan oleh PPNS Direktorat Jenderal untuk mendapatkan tanggapan/ masukan/koreksi guna menghasilkan rekomendasi untuk menentukan tindak lanjut proses Wasmatlitrik dan Penyidikan.,Pasal 1 angka 17,"proses, wasmatlitrik, penyidikan, gelar, perkara",
Perdirjen_07_2021,Perdirjen Nomor 07 Tahun 2021,Perdirjen,2021,07,BAB I,Ketentuan Umum,,,1,,,18,Definisi,Surat Pemberitahuan Dimulainya Penyidikan yang selanjutnya disingkat SPDP adalah pemberitahuan mengenai dimulainya Penyidikan yang dilakukan oleh PPNS Direktorat Jenderal kepada penuntut umum.,Pasal 1 angka 18,"pemberitahuan, dimulainya, penyidikan, surat, selanjutnya",
Perdirjen_07_2021,Perdirjen Nomor 07 Tahun 2021,Perdirjen,2021,07,BAB I,Ketentuan Umum,,,1,,,19,Sanksi,Penyidikan adalah serangkaian tindakan PPNS Direktorat Jenderal dalam hal dan menurut cara yang diatur dalam undang-undang untuk mencari serta mengumpulkan bukti yang dengan bukti itu membuat terang tentang tindak pidana yang terjadi dan guna menemukan Tersangkanya.,Pasal 1 angka 19,"bukti, penyidikan, serangkaian, tindakan, ppns",
Perdirjen_07_2021,Perdirjen Nomor 07 Tahun 2021,Perdirjen,2021,07,BAB I,Ketentuan Umum,,,1,,,20,Ketentuan,"Administrasi Penyidikan adalah penatausahaan dan segala kelengkapan yang disyaratkan undang-undang dalam proses Penyidikan meliputi pencatatan, pelaporan, pendataan, dan pengarsipan atau dokumentasi untuk menjamin ketertiban, kelancaran, dan keseragaman administrasi baik untuk kepentingan peradilan, operasional maupun pengawasan Penyidikan.",Pasal 1 angka 20,"penyidikan, administrasi, penatausahaan, segala, kelengkapan",
Perdirjen_07_2021,Perdirjen Nomor 07 Tahun 2021,Perdirjen,2021,07,BAB I,Ketentuan Umum,,,1,,,21,Definisi,"Laporan Kejadian adalah laporan tertulis yang dibuat oleh PPNS Direktorat Jenderal tentang adanya suatu peristiwa yang diduga sebagai tindak pidana, baik yang ditemukan sendiri maupun melalui pemberitahuan yang disampaikan oleh seseorang karena hak atau kewajiban berdasarkan undang-undang. - 7 -",Pasal 1 angka 21,"laporan, kejadian, tertulis, dibuat, ppns",
Perdirjen_07_2021,Perdirjen Nomor 07 Tahun 2021,Perdirjen,2021,07,BAB I,Ketentuan Umum,,,1,,,22,Definisi,"Penetapan Tersangka adalah penetapan terhadap seseorang yang diduga melakukan tindak pidana dengan didukung 2 (dua) alat bukti yang sah, ditambah keyakinan penyidik yang secara obyektif dan patut diduga pelaku tindak pidana.",Pasal 1 angka 22,"penetapan, diduga, tindak, pidana, tersangka",
Perdirjen_07_2021,Perdirjen Nomor 07 Tahun 2021,Perdirjen,2021,07,BAB I,Ketentuan Umum,,,1,,,23,Ketentuan,Hari adalah hari kalender.,Pasal 1 angka 23,"hari, kalender",
Perdirjen_07_2021,Perdirjen Nomor 07 Tahun 2021,Perdirjen,2021,07,BAB I,Ketentuan Umum,,,1,,,24,Ketentuan,Keadaan Tertentu adalah keadaan luar biasa yang memerlukan penanganan secara khusus.,Pasal 1 angka 24,"keadaan, tertentu, luar, biasa, memerlukan",
Perdirjen_07_2021,Perdirjen Nomor 07 Tahun 2021,Perdirjen,2021,07,BAB I,Ketentuan Umum,,,1,,,25,Definisi,Orang adalah orang perseorangan atau Badan Hukum.,Pasal 1 angka 25,"orang, perseorangan, badan, hukum","Orang Perseorangan, Badan Hukum"
Perdirjen_07_2021,Perdirjen Nomor 07 Tahun 2021,Perdirjen,2021,07,BAB I,Ketentuan Umum,,,1,,,26,Definisi,"Tersangka adalah setiap Orang yang karena perbuatannya atau keadaannya, berdasarkan bukti permulaan patut diduga sebagai pelaku tindak pidana.",Pasal 1 angka 26,"tersangka, setiap, orang, karena, perbuatannya",
Perdirjen_07_2021,Perdirjen Nomor 07 Tahun 2021,Perdirjen,2021,07,BAB I,Ketentuan Umum,,,1,,,27,Definisi,Pelaku Usaha adalah orang perseorangan atau badan usaha yang melakukan usaha dan/atau kegiatan pada bidang tertentu.,Pasal 1 angka 27,"usaha, pelaku, orang, perseorangan, badan","Orang Perseorangan, Pelaku Usaha, Badan Usaha"
Perdirjen_07_2021,Perdirjen Nomor 07 Tahun 2021,Perdirjen,2021,07,BAB I,Ketentuan Umum,,,1,,,28,Definisi,"Penyidik Pegawai Negeri Sipil yang selanjutnya disingkat PPNS adalah Pejabat Pegawai Negeri Sipil di lingkungan Direktorat Jenderal, yang diberi wewenang untuk melakukan Penyidikan tindak pidana berdasarkan undang-undang bidang Telekomunikasi.",Pasal 1 angka 28,"pegawai, negeri, sipil, penyidik, selanjutnya",
Perdirjen_07_2021,Perdirjen Nomor 07 Tahun 2021,Perdirjen,2021,07,BAB I,Ketentuan Umum,,,1,,,29,Definisi,Koordinator PPNS adalah PPNS yang diberi wewenang khusus untuk mengkoordinasikan kegiatan PPNS.,Pasal 1 angka 29,"ppns, koordinator, diberi, wewenang, khusus",
Perdirjen_07_2021,Perdirjen Nomor 07 Tahun 2021,Perdirjen,2021,07,BAB I,Ketentuan Umum,,,1,,,30,Sanksi,Atasan PPNS adalah PPNS yang ditunjuk oleh instansinya dan/atau secara struktural membawahi PPNS yang ditugaskan menangani perkara tindak pidana tertentu yang menjadi kewenangannya.,Pasal 1 angka 30,"ppns, atasan, ditunjuk, instansinya, struktural",
Perdirjen_07_2021,Perdirjen Nomor 07 Tahun 2021,Perdirjen,2021,07,BAB I,Ketentuan Umum,,,1,,,31,Ketentuan,Direktur Jenderal adalah Direktur Jederal Sumber Daya dan Perangkat Pos dan Informatika.,Pasal 1 angka 31,"direktur, jenderal, jederal, sumber, daya",
Perdirjen_07_2021,Perdirjen Nomor 07 Tahun 2021,Perdirjen,2021,07,BAB I,Ketentuan Umum,,,1,,,32,Ketentuan,Direktur adalah Direktur Pengendalian Sumber Daya dan Perangkat Pos dan Informatika.,Pasal 1 angka 32,"direktur, pengendalian, sumber, daya, perangkat",
Perdirjen_07_2021,Perdirjen Nomor 07 Tahun 2021,Perdirjen,2021,07,BAB I,Ketentuan Umum,,,1,,,33,Ketentuan,Kepala UPT adalah Kepala Unit Pelaksana Teknis Bidang Monitor Spektrum Frekuensi Radio.,Pasal 1 angka 33,"kepala, unit, pelaksana, teknis, bidang",
Perdirjen_07_2021,Perdirjen Nomor 07 Tahun 2021,Perdirjen,2021,07,BAB I,Ketentuan Umum,,,1,,,34,Ketentuan,Direktorat Jenderal adalah Direktorat Jenderal Sumber Daya dan Perangkat Pos dan Informatika.,Pasal 1 angka 34,"direktorat, jenderal, sumber, daya, perangkat",
Perdirjen_07_2021,Perdirjen Nomor 07 Tahun 2021,Perdirjen,2021,07,BAB I,Ketentuan Umum,,,1,,,35,Ketentuan,Direktorat adalah Direktorat Pengendalian Sumber Daya dan Perangkat Pos dan Informatika. - 8 -,Pasal 1 angka 35,"direktorat, pengendalian, sumber, daya, perangkat",
Perdirjen_07_2021,Perdirjen Nomor 07 Tahun 2021,Perdirjen,2021,07,BAB I,Ketentuan Umum,,,1,,,36,Ketentuan,Instansi Terkait adalah instansi di luar Kementerian Komunikasi dan Informatika yang terlibat dalam pelaksanaan Penindakan di bidang Telekomunikasi.,Pasal 1 angka 36,"instansi, terkait, luar, kementerian, komunikasi","Kementerian, Instansi"
Perdirjen_07_2021,Perdirjen Nomor 07 Tahun 2021,Perdirjen,2021,07,BAB I,Ketentuan Umum,,,1,,,37,Definisi,Unit Pelaksana Teknis Bidang Monitor Spektrum Frekuensi Radio yang selanjutnya disingkat UPT adalah satuan kerja yang bersifat mandiri di lingkungan Direktorat Jenderal yang berada di bawah dan bertanggung jawab langsung kepada Direktur Jenderal.,Pasal 1 angka 37,"jenderal, unit, pelaksana, teknis, bidang",
Perdirjen_07_2021,Perdirjen Nomor 07 Tahun 2021,Perdirjen,2021,07,BAB I,Ketentuan Umum,,,2,,,,Ketentuan,Ruang lingkup Peraturan Direktur Jenderal ini mencakup:,Pasal 2,"ruang, lingkup, direktur, jenderal, mencakup",
Perdirjen_07_2021,Perdirjen Nomor 07 Tahun 2021,Perdirjen,2021,07,BAB I,Ketentuan Umum,,,2,,a,,Ketentuan,Pembinaan;,Pasal 2 huruf a,pembinaan,
Perdirjen_07_2021,Perdirjen Nomor 07 Tahun 2021,Perdirjen,2021,07,BAB I,Ketentuan Umum,,,2,,b,,Ketentuan,pengawasan;,Pasal 2 huruf b,pengawasan,
Perdirjen_07_2021,Perdirjen Nomor 07 Tahun 2021,Perdirjen,2021,07,BAB I,Ketentuan Umum,,,2,,c,,Sanksi,pengenaan sanksi administratif; dan,Pasal 2 huruf c,"pengenaan, sanksi, administratif",
Perdirjen_07_2021,Perdirjen Nomor 07 Tahun 2021,Perdirjen,2021,07,BAB I,Ketentuan Umum,,,2,,d,,Sanksi,pengenaan sanksi pidana.,Pasal 2 huruf d,"pengenaan, sanksi, pidana",
Perdirjen_07_2021,Perdirjen Nomor 07 Tahun 2021,Perdirjen,2021,07,BAB I,Ketentuan Umum,,,3,1,,,Sanksi,"Pembinaan, pengawasan, dan pengenaan sanksi sebagaimana dimaksud dalam Pasal 2 dilaksanakan berdasarkan prinsip:",Pasal 3 ayat (1),"pembinaan, pengawasan, pengenaan, sanksi, dilaksanakan",
Perdirjen_07_2021,Perdirjen Nomor 07 Tahun 2021,Perdirjen,2021,07,BAB I,Ketentuan Umum,,,3,1,a,,Sanksi,"legalitas yaitu Pembinaan, pengawasan dan pengenaan sanksi dilakukan sesuai dengan ketentuan peraturan perundang-undangan;",Pasal 3 ayat (1) huruf a,"legalitas, yaitu, pembinaan, pengawasan, pengenaan",
Perdirjen_07_2021,Perdirjen Nomor 07 Tahun 2021,Perdirjen,2021,07,BAB I,Ketentuan Umum,,,3,1,b,,Sanksi,"prosedural yaitu Pembinaan, pengawasan dan pengenaan sanksi dilaksanakan sesuai mekanisme dan tata cara yang diatur dalam ketentuan peraturan perundang-undangan;",Pasal 3 ayat (1) huruf b,"prosedural, yaitu, pembinaan, pengawasan, pengenaan",
Perdirjen_07_2021,Perdirjen Nomor 07 Tahun 2021,Perdirjen,2021,07,BAB I,Ketentuan Umum,,,3,1,c,,Sanksi,"transparan yaitu Pembinaan, pengawasan dan pengenaan sanksi dilakukan secara terbuka yang dapat diketahui perkembangan penanganannya oleh masyarakat;",Pasal 3 ayat (1) huruf c,"transparan, yaitu, pembinaan, pengawasan, pengenaan",Masyarakat
Perdirjen_07_2021,Perdirjen Nomor 07 Tahun 2021,Perdirjen,2021,07,BAB I,Ketentuan Umum,,,3,1,d,,Sanksi,"akuntabel yaitu Pembinaan, pengawasan dan pengenaan sanksi yang dilakukan dapat dipertanggungjawabkan; dan",Pasal 3 ayat (1) huruf d,"akuntabel, yaitu, pembinaan, pengawasan, pengenaan",
Perdirjen_07_2021,Perdirjen Nomor 07 Tahun 2021,Perdirjen,2021,07,BAB I,Ketentuan Umum,,,3,1,e,,Sanksi,"efektif dan efisien yaitu pembinaan, pengawasan dan pengenaan sanksi dilakukan secara cepat, tepat, murah, dan tuntas. - 9 -",Pasal 3 ayat (1) huruf e,"efektif, efisien, yaitu, pembinaan, pengawasan",
Perdirjen_07_2021,Perdirjen Nomor 07 Tahun 2021,Perdirjen,2021,07,BAB I,Ketentuan Umum,,,3,2,,,Sanksi,"Pembinaan, pengawasan, dan pengenaan sanksi sebagaimana dimaksud pada ayat (1) dilaksanakan oleh Aparatur Sipil Negara di lingkungan Direktorat Jenderal dengan berlandaskan prinsip:",Pasal 3 ayat (2),"pembinaan, pengawasan, pengenaan, sanksi, dilaksanakan",
Perdirjen_07_2021,Perdirjen Nomor 07 Tahun 2021,Perdirjen,2021,07,BAB I,Ketentuan Umum,,,3,2,a,,Kewajiban,"integritas yaitu memiliki kepribadian yang dilandasi oleh unsur jujur, berani, bijaksana dan bertanggung jawab;",Pasal 3 ayat (2) huruf a,"integritas, yaitu, memiliki, kepribadian, dilandasi",
Perdirjen_07_2021,Perdirjen Nomor 07 Tahun 2021,Perdirjen,2021,07,BAB I,Ketentuan Umum,,,3,2,b,,Ketentuan,"profesional yaitu melaksanakan tugas, fungsi dan wewenang sesuai kompetensi yang dimiliki;",Pasal 3 ayat (2) huruf b,"profesional, yaitu, melaksanakan, tugas, fungsi",
Perdirjen_07_2021,Perdirjen Nomor 07 Tahun 2021,Perdirjen,2021,07,BAB I,Ketentuan Umum,,,3,2,c,,Ketentuan,"proporsional yaitu melaksanakan tugas sesuai dengan fungsi, peran, dan tanggung jawabnya;",Pasal 3 ayat (2) huruf c,"proporsional, yaitu, melaksanakan, tugas, fungsi",
Perdirjen_07_2021,Perdirjen Nomor 07 Tahun 2021,Perdirjen,2021,07,BAB I,Ketentuan Umum,,,3,2,d,,Ketentuan,"kompetensi yaitu memiliki pengetahuan, keahlian, pengalaman, dan keterampilan yang diperlukan dalam melaksankan tugasnya;",Pasal 3 ayat (2) huruf d,"kompetensi, yaitu, memiliki, pengetahuan, keahlian",
Perdirjen_07_2021,Perdirjen Nomor 07 Tahun 2021,Perdirjen,2021,07,BAB I,Ketentuan Umum,,,3,2,e,,Ketentuan,obyektifitas yaitu menjunjung ketidak berpihakan dalam melaksanakan tugasnya berdasarkan prosedur dan proporsional; dan,Pasal 3 ayat (2) huruf e,"obyektifitas, yaitu, menjunjung, ketidak, berpihakan",
Perdirjen_07_2021,Perdirjen Nomor 07 Tahun 2021,Perdirjen,2021,07,BAB I,Ketentuan Umum,,,3,2,f,,Ketentuan,independensi yaitu tidak terpengaruh adanya tekanan atau kepentingan pihak manapun.,Pasal 3 ayat (2) huruf f,"independensi, yaitu, terpengaruh, adanya, tekanan",
Perdirjen_07_2021,Perdirjen Nomor 07 Tahun 2021,Perdirjen,2021,07,BAB II,Pembinaan,,,4,1,,,Ketentuan,Pembinaan sebagaimana dimaksud dalam Pasal 2 huruf a dilaksanakan melalui kegiatan edukasi kepada masyarakat.,Pasal 4 ayat (1),"pembinaan, dilaksanakan, melalui, kegiatan, edukasi",Masyarakat
Perdirjen_07_2021,Perdirjen Nomor 07 Tahun 2021,Perdirjen,2021,07,BAB II,Pembinaan,,,4,2,,,Ketentuan,Kegiatan edukasi sebagaimana dimaksud pada ayat (1) dilakukan agar masyarakat dapat memahami dan mematuhi ketentuan peraturan perundang-undangan di bidang penggunaan Spektrum Frekuensi Radio dan penggunaan Alat Telekomunikasi dan/atau Perangkat Telekomunikasi.,Pasal 4 ayat (2),"penggunaan, telekomunikasi, kegiatan, edukasi, agar",Masyarakat
Perdirjen_07_2021,Perdirjen Nomor 07 Tahun 2021,Perdirjen,2021,07,BAB II,Pembinaan,,,4,3,,,Ketentuan,Kegiatan edukasi sebagaimana dimaksud pada ayat (1) dapat berupa:,Pasal 4 ayat (3),"kegiatan, edukasi, berupa",
Perdirjen_07_2021,Perdirjen Nomor 07 Tahun 2021,Perdirjen,2021,07,BAB II,Pembinaan,,,4,3,a,,Ketentuan,forum diskusi;,Pasal 4 ayat (3) huruf a,"forum, diskusi",
Perdirjen_07_2021,Perdirjen Nomor 07 Tahun 2021,Perdirjen,2021,07,BAB II,Pembinaan,,,4,3,b,,Ketentuan,sosialisasi/workshop; - 10 -,Pasal 4 ayat (3) huruf b,"sosialisasi, workshop",
Perdirjen_07_2021,Perdirjen Nomor 07 Tahun 2021,Perdirjen,2021,07,BAB II,Pembinaan,,,4,3,c,,Ketentuan,surat edaran;,Pasal 4 ayat (3) huruf c,"surat, edaran",
Perdirjen_07_2021,Perdirjen Nomor 07 Tahun 2021,Perdirjen,2021,07,BAB II,Pembinaan,,,4,3,d,,Ketentuan,iklan layanan kepada masyarakat melalui media elektronik atau media cetak; dan/atau,Pasal 4 ayat (3) huruf d,"media, iklan, layanan, kepada, masyarakat",Masyarakat
Perdirjen_07_2021,Perdirjen Nomor 07 Tahun 2021,Perdirjen,2021,07,BAB II,Pembinaan,,,4,3,e,,Ketentuan,surat pemberitahuan.,Pasal 4 ayat (3) huruf e,"surat, pemberitahuan",
Perdirjen_07_2021,Perdirjen Nomor 07 Tahun 2021,Perdirjen,2021,07,BAB II,Pembinaan,,,4,4,,,Ketentuan,Kegiatan edukasi sebagaimana dimaksud pada ayat (3) dilaksanakan oleh Direktorat Jenderal dan/atau UPT.,Pasal 4 ayat (4),"kegiatan, edukasi, dilaksanakan, direktorat, jenderal",
Perdirjen_07_2021,Perdirjen Nomor 07 Tahun 2021,Perdirjen,2021,07,BAB III,Pengawasan,Bagian Kesatu,,5,,,,Ketentuan,Pengawasan sebagaimana dimaksud dalam Pasal 2 huruf b meliputi:,Pasal 5,"pengawasan, meliputi",
Perdirjen_07_2021,Perdirjen Nomor 07 Tahun 2021,Perdirjen,2021,07,BAB III,Pengawasan,Bagian Kesatu,,5,,a,,Ketentuan,pengawasan penggunaan Spektrum Frekuensi Radio; dan,Pasal 5 huruf a,"pengawasan, penggunaan, spektrum, frekuensi, radio",
Perdirjen_07_2021,Perdirjen Nomor 07 Tahun 2021,Perdirjen,2021,07,BAB III,Pengawasan,Bagian Kesatu,,5,,b,,Ketentuan,pengawasan Alat Telekomunikasi dan/atau Perangkat Telekomunikasi.,Pasal 5 huruf b,"telekomunikasi, pengawasan, alat, perangkat",
Perdirjen_07_2021,Perdirjen Nomor 07 Tahun 2021,Perdirjen,2021,07,BAB III,Pengawasan,Bagian Kesatu,,6,1,,,Ketentuan,Pengawasan sebagaimana dimaksud dalam Pasal 5 dilaksanakan oleh Direktorat Jenderal dengan mempertimbangkan kepatuhan pelaku usaha.,Pasal 6 ayat (1),"pengawasan, dilaksanakan, direktorat, jenderal, mempertimbangkan",Pelaku Usaha
Perdirjen_07_2021,Perdirjen Nomor 07 Tahun 2021,Perdirjen,2021,07,BAB III,Pengawasan,Bagian Kesatu,,6,2,,,Ketentuan,Untuk melakukan pengawasan sebagaimana dimaksud pada ayat (1) dilakukan perencanaan pengawasan.,Pasal 6 ayat (2),"pengawasan, melakukan, perencanaan",
Perdirjen_07_2021,Perdirjen Nomor 07 Tahun 2021,Perdirjen,2021,07,BAB III,Pengawasan,Bagian Kesatu,,6,3,,,Ketentuan,"Perencanaan pengawasan sebagaimana dimaksud pada ayat (2) mencakup penyusunan waktu dalam pelaksanaan pengawasan, anggaran, dan sumber daya manusia pelaksana pengawasan.",Pasal 6 ayat (3),"pengawasan, perencanaan, mencakup, penyusunan, waktu",
Perdirjen_07_2021,Perdirjen Nomor 07 Tahun 2021,Perdirjen,2021,07,BAB III,Pengawasan,Bagian Kesatu,,7,,,,Ketentuan,Pengawasan sebagaimana dimaksud dalam Pasal 5 dilakukan dengan tujuan untuk:,Pasal 7,"pengawasan, tujuan",
Perdirjen_07_2021,Perdirjen Nomor 07 Tahun 2021,Perdirjen,2021,07,BAB III,Pengawasan,Bagian Kesatu,,7,,a,,Kewajiban,memastikan kepatuhan pemenuhan persyaratan dan kewajiban pelaku usaha; - 11 -,Pasal 7 huruf a,"memastikan, kepatuhan, pemenuhan, persyaratan, kewajiban",Pelaku Usaha
Perdirjen_07_2021,Perdirjen Nomor 07 Tahun 2021,Perdirjen,2021,07,BAB III,Pengawasan,Bagian Kesatu,,7,,b,,Ketentuan,"mengumpulkan data, bukti, dan/atau laporan terjadinya pelanggaran terhadap ketentuan peraturan perundang- undangan; dan",Pasal 7 huruf b,"mengumpulkan, data, bukti, laporan, terjadinya",
Perdirjen_07_2021,Perdirjen Nomor 07 Tahun 2021,Perdirjen,2021,07,BAB III,Pengawasan,Bagian Kesatu,,7,,c,,Sanksi,rujukan Pembinaan atau pengenaan sanksi terhadap pelanggaran perizinan berusaha.,Pasal 7 huruf c,"rujukan, pembinaan, pengenaan, sanksi, pelanggaran",
Perdirjen_07_2021,Perdirjen Nomor 07 Tahun 2021,Perdirjen,2021,07,BAB III,Pengawasan,Bagian Kesatu,,8,,,,Ketentuan,Jenis pengawasan terdiri dari:,Pasal 8,"jenis, pengawasan, terdiri",
Perdirjen_07_2021,Perdirjen Nomor 07 Tahun 2021,Perdirjen,2021,07,BAB III,Pengawasan,Bagian Kesatu,,8,,a,,Ketentuan,pengawasan rutin; dan,Pasal 8 huruf a,"pengawasan, rutin",
Perdirjen_07_2021,Perdirjen Nomor 07 Tahun 2021,Perdirjen,2021,07,BAB III,Pengawasan,Bagian Kesatu,,8,,b,,Ketentuan,pengawasan insidental.,Pasal 8 huruf b,"pengawasan, insidental",
Perdirjen_07_2021,Perdirjen Nomor 07 Tahun 2021,Perdirjen,2021,07,BAB III,Pengawasan,Bagian Kesatu,,9,1,,,Ketentuan,Pengawasan rutin sebagaimana dimaksud dalam Pasal 8 huruf a dilakukan secara berkala berdasarkan tingkat risiko kegiatan usaha dan mempertimbangkan tingkat kepatuhan pelaku usaha.,Pasal 9 ayat (1),"tingkat, usaha, pengawasan, rutin, berkala",Pelaku Usaha
Perdirjen_07_2021,Perdirjen Nomor 07 Tahun 2021,Perdirjen,2021,07,BAB III,Pengawasan,Bagian Kesatu,,9,2,,,Ketentuan,Pengawasan insidental sebagaimana dimaksud dalam Pasal 8 huruf b merupakan pengawasan yang dilakukan pada waktu tertentu.,Pasal 9 ayat (2),"pengawasan, insidental, waktu, tertentu",
Perdirjen_07_2021,Perdirjen Nomor 07 Tahun 2021,Perdirjen,2021,07,BAB III,Pengawasan,Bagian Kesatu,,9,3,,,Ketentuan,Pengawasan insidental sebagaimana dimaksud pada ayat,Pasal 9 ayat (3),"pengawasan, insidental",
Perdirjen_07_2021,Perdirjen Nomor 07 Tahun 2021,Perdirjen,2021,07,BAB III,Pengawasan,Bagian Kesatu,,9,2,,,Ketentuan,dilaksanakan berdasarkan pengaduan dari masyarakat dan/atau pelaku usaha maupun berdasarkan hasil temuan lapangan Direktorat dan/atau UPT.,Pasal 9 ayat (2),"dilaksanakan, pengaduan, masyarakat, pelaku, usaha","Pelaku Usaha, Masyarakat"
Perdirjen_07_2021,Perdirjen Nomor 07 Tahun 2021,Perdirjen,2021,07,BAB III,Pengawasan,Bagian Kedua,,10,1,,,Ketentuan,Pengawasan penggunaan Spektrum Frekuensi Radio sebagaimana dimaksud dalam Pasal 5 huruf a meliputi:,Pasal 10 ayat (1),"pengawasan, penggunaan, spektrum, frekuensi, radio",
Perdirjen_07_2021,Perdirjen Nomor 07 Tahun 2021,Perdirjen,2021,07,BAB III,Pengawasan,Bagian Kedua,,10,1,a,,Ketentuan,pengawasan administrasi; dan/atau,Pasal 10 ayat (1) huruf a,"pengawasan, administrasi",
Perdirjen_07_2021,Perdirjen Nomor 07 Tahun 2021,Perdirjen,2021,07,BAB III,Pengawasan,Bagian Kedua,,10,1,b,,Ketentuan,pengawasan teknis.,Pasal 10 ayat (1) huruf b,"pengawasan, teknis",
Perdirjen_07_2021,Perdirjen Nomor 07 Tahun 2021,Perdirjen,2021,07,BAB III,Pengawasan,Bagian Kedua,,10,2,,,Kewajiban,"Pengawasan administrasi sebagaimana dimaksud pada ayat (1) huruf a dilakukan terhadap pemenuhan kewajiban perizinan berusaha penggunaan Spektrum Frekuensi Radio, berupa: - 12 -",Pasal 10 ayat (2),"pengawasan, administrasi, pemenuhan, kewajiban, perizinan",
Perdirjen_07_2021,Perdirjen Nomor 07 Tahun 2021,Perdirjen,2021,07,BAB III,Pengawasan,Bagian Kedua,,10,2,a,,Kewajiban,pemenuhan kewajiban biaya hak penggunaan Spektrum Frekuensi Radio;,Pasal 10 ayat (2) huruf a,"pemenuhan, kewajiban, biaya, penggunaan, spektrum",
Perdirjen_07_2021,Perdirjen Nomor 07 Tahun 2021,Perdirjen,2021,07,BAB III,Pengawasan,Bagian Kedua,,10,2,b,,Ketentuan,kesesuaian data administrasi perizinan Spektrum Frekuensi Radio;,Pasal 10 ayat (2) huruf b,"kesesuaian, data, administrasi, perizinan, spektrum",
Perdirjen_07_2021,Perdirjen Nomor 07 Tahun 2021,Perdirjen,2021,07,BAB III,Pengawasan,Bagian Kedua,,10,2,c,,Kewajiban,pemenuhan kewajiban pendaftaran base station; dan,Pasal 10 ayat (2) huruf c,"pemenuhan, kewajiban, pendaftaran, base, station",
Perdirjen_07_2021,Perdirjen Nomor 07 Tahun 2021,Perdirjen,2021,07,BAB III,Pengawasan,Bagian Kedua,,10,2,d,,Kewajiban,"pemenuhan kewajiban pendaftaran stasiun bumi, bagi pemegang izin stasiun radio angkasa.",Pasal 10 ayat (2) huruf d,"stasiun, pemenuhan, kewajiban, pendaftaran, bumi",
Perdirjen_07_2021,Perdirjen Nomor 07 Tahun 2021,Perdirjen,2021,07,BAB III,Pengawasan,Bagian Kedua,,10,3,,,Ketentuan,Pengawasan administrasi sebagaimana dimaksud pada ayat (2) dilaksanakan melalui kegiatan:,Pasal 10 ayat (3),"pengawasan, administrasi, dilaksanakan, melalui, kegiatan",
Perdirjen_07_2021,Perdirjen Nomor 07 Tahun 2021,Perdirjen,2021,07,BAB III,Pengawasan,Bagian Kedua,,10,3,a,,Ketentuan,evaluasi data administrasi perizinan penggunaan Spektrum Frekuensi Radio; dan/atau,Pasal 10 ayat (3) huruf a,"evaluasi, data, administrasi, perizinan, penggunaan",
Perdirjen_07_2021,Perdirjen Nomor 07 Tahun 2021,Perdirjen,2021,07,BAB III,Pengawasan,Bagian Kedua,,10,3,b,,Ketentuan,validasi data administrasi perizinan penggunaan Spektrum Frekuensi Radio.,Pasal 10 ayat (3) huruf b,"validasi, data, administrasi, perizinan, penggunaan",
Perdirjen_07_2021,Perdirjen Nomor 07 Tahun 2021,Perdirjen,2021,07,BAB III,Pengawasan,Bagian Kedua,,10,4,,,Ketentuan,Pengawasan teknis sebagaimana dimaksud pada ayat (1) huruf b dilaksanakan melalui kegiatan monitoring Spektrum Frekuensi Radio.,Pasal 10 ayat (4),"pengawasan, teknis, dilaksanakan, melalui, kegiatan",
Perdirjen_07_2021,Perdirjen Nomor 07 Tahun 2021,Perdirjen,2021,07,BAB III,Pengawasan,Bagian Kedua,,10,5,,,Ketentuan,Kegiatan monitoring Spektrum Frekuensi Radio sebagaimana dimaksud pada ayat (4) terdiri dari:,Pasal 10 ayat (5),"kegiatan, monitoring, spektrum, frekuensi, radio",
Perdirjen_07_2021,Perdirjen Nomor 07 Tahun 2021,Perdirjen,2021,07,BAB III,Pengawasan,Bagian Kedua,,10,5,a,,Ketentuan,observasi penggunaan Spektrum Frekuensi Radio;,Pasal 10 ayat (5) huruf a,"observasi, penggunaan, spektrum, frekuensi, radio",
Perdirjen_07_2021,Perdirjen Nomor 07 Tahun 2021,Perdirjen,2021,07,BAB III,Pengawasan,Bagian Kedua,,10,5,b,,Ketentuan,identifikasi dan deteksi penggunaan Spektrum Frekuensi Radio;,Pasal 10 ayat (5) huruf b,"identifikasi, deteksi, penggunaan, spektrum, frekuensi",
Perdirjen_07_2021,Perdirjen Nomor 07 Tahun 2021,Perdirjen,2021,07,BAB III,Pengawasan,Bagian Kedua,,10,5,c,,Ketentuan,pengukuran parameter teknis stasiun radio; dan,Pasal 10 ayat (5) huruf c,"pengukuran, parameter, teknis, stasiun, radio",
Perdirjen_07_2021,Perdirjen Nomor 07 Tahun 2021,Perdirjen,2021,07,BAB III,Pengawasan,Bagian Kedua,,10,5,d,,Ketentuan,inspeksi stasiun radio.,Pasal 10 ayat (5) huruf d,"inspeksi, stasiun, radio",
Perdirjen_07_2021,Perdirjen Nomor 07 Tahun 2021,Perdirjen,2021,07,BAB III,Pengawasan,Bagian Kedua,,10,6,,,Ketentuan,Kegiatan monitoring Spektrum Frekuensi Radio sebagaimana dimaksud pada ayat (5) dilakukan untuk memastikan:,Pasal 10 ayat (6),"kegiatan, monitoring, spektrum, frekuensi, radio",
Perdirjen_07_2021,Perdirjen Nomor 07 Tahun 2021,Perdirjen,2021,07,BAB III,Pengawasan,Bagian Kedua,,10,6,a,,Ketentuan,penggunaan Spektrum Frekuensi Radio sesuai dengan perizinan berusaha atau persetujuan yang diberikan;,Pasal 10 ayat (6) huruf a,"penggunaan, spektrum, frekuensi, radio, perizinan",
Perdirjen_07_2021,Perdirjen Nomor 07 Tahun 2021,Perdirjen,2021,07,BAB III,Pengawasan,Bagian Kedua,,10,6,b,,Ketentuan,penggunaan Spektrum Frekuensi Radio tidak menimbulkan gangguan yang merugikan terhadap pengguna Spektrum Frekuensi Radio lainnya; dan/atau,Pasal 10 ayat (6) huruf b,"spektrum, frekuensi, radio, penggunaan, menimbulkan",
Perdirjen_07_2021,Perdirjen Nomor 07 Tahun 2021,Perdirjen,2021,07,BAB III,Pengawasan,Bagian Kedua,,10,6,c,,Ketentuan,penggunaan sinyal identifikasi atau identitas stasiun radio pada setiap pemancaran Spektrum Frekuensi Radio untuk dinas radio komunikasi tertentu. - 13 -,Pasal 10 ayat (6) huruf c,"radio, penggunaan, sinyal, identifikasi, identitas",
Perdirjen_07_2021,Perdirjen Nomor 07 Tahun 2021,Perdirjen,2021,07,BAB III,Pengawasan,Bagian Kedua,,10,7,,,Ketentuan,Tata cara pelaksanaan monitoring Spektrum Frekuensi Radio sebagaimana dimaksud pada ayat (5) merujuk pada Peraturan Direktur Jenderal Sumber Daya dan Perangkat Pos dan Informatika terkait monitoring dan penanganan gangguan Spektrum Frekuensi Radio.,Pasal 10 ayat (7),"monitoring, spektrum, frekuensi, radio, tata",
Perdirjen_07_2021,Perdirjen Nomor 07 Tahun 2021,Perdirjen,2021,07,BAB III,Pengawasan,Bagian Ketiga,,11,,,,Ketentuan,Pengawasan terhadap Alat Telekomunikasi dan/atau Perangkat Telekomunikasi sebagaimana dimaksud dalam Pasal 5 huruf b bertujuan:,Pasal 11,"telekomunikasi, pengawasan, alat, perangkat, bertujuan",
Perdirjen_07_2021,Perdirjen Nomor 07 Tahun 2021,Perdirjen,2021,07,BAB III,Pengawasan,Bagian Ketiga,,11,,a,,Ketentuan,memastikan terpenuhinya standar teknis Alat Telekomunikasi dan/atau Perangkat Telekomunikasi; dan,Pasal 11 huruf a,"telekomunikasi, memastikan, terpenuhinya, standar, teknis",
Perdirjen_07_2021,Perdirjen Nomor 07 Tahun 2021,Perdirjen,2021,07,BAB III,Pengawasan,Bagian Ketiga,,11,,b,,Ketentuan,memastikan kesesuaian sertifikat dan label Alat Telekomunikasi dan/atau Perangkat Telekomunikasi.,Pasal 11 huruf b,"telekomunikasi, memastikan, kesesuaian, sertifikat, label",
Perdirjen_07_2021,Perdirjen Nomor 07 Tahun 2021,Perdirjen,2021,07,BAB III,Pengawasan,Bagian Ketiga,,12,1,,,Ketentuan,Pengawasan Alat Telekomunikasi dan/atau Perangkat Telekomunikasi sebagaimana dimaksud dalam Pasal 11 dilaksanakan oleh Direktorat dan/atau UPT.,Pasal 12 ayat (1),"telekomunikasi, pengawasan, alat, perangkat, dilaksanakan",
Perdirjen_07_2021,Perdirjen Nomor 07 Tahun 2021,Perdirjen,2021,07,BAB III,Pengawasan,Bagian Ketiga,,12,2,,,Ketentuan,Pengawasan Alat Telekomunikasi dan/atau Perangkat Telekomunikasi sebagaimana dimaksud pada ayat (1) dilaksanakan melalui:,Pasal 12 ayat (2),"telekomunikasi, pengawasan, alat, perangkat, dilaksanakan",
Perdirjen_07_2021,Perdirjen Nomor 07 Tahun 2021,Perdirjen,2021,07,BAB III,Pengawasan,Bagian Ketiga,,12,2,a,,Ketentuan,identifikasi Alat Telekomunikasi dan/atau Perangkat Telekomunikasi;,Pasal 12 ayat (2) huruf a,"telekomunikasi, identifikasi, alat, perangkat",
Perdirjen_07_2021,Perdirjen Nomor 07 Tahun 2021,Perdirjen,2021,07,BAB III,Pengawasan,Bagian Ketiga,,12,2,b,,Ketentuan,verifikasi Alat Telekomunikasi dan/atau Perangkat Telekomunikasi; dan,Pasal 12 ayat (2) huruf b,"telekomunikasi, verifikasi, alat, perangkat",
Perdirjen_07_2021,Perdirjen Nomor 07 Tahun 2021,Perdirjen,2021,07,BAB III,Pengawasan,Bagian Ketiga,,12,2,c,,Ketentuan,validasi Alat Telekomunikasi dan/atau Perangkat Telekomunikasi.,Pasal 12 ayat (2) huruf c,"telekomunikasi, validasi, alat, perangkat",
Perdirjen_07_2021,Perdirjen Nomor 07 Tahun 2021,Perdirjen,2021,07,BAB III,Pengawasan,Bagian Ketiga,,12,3,,,Ketentuan,Identifikasi sebagaimana mana dimaksud pada ayat (2) huruf a bertujuan untuk menemukenali:,Pasal 12 ayat (3),"identifikasi, mana, bertujuan, menemukenali",
Perdirjen_07_2021,Perdirjen Nomor 07 Tahun 2021,Perdirjen,2021,07,BAB III,Pengawasan,Bagian Ketiga,,12,3,a,,Ketentuan,nama pelaku usaha/pengguna;,Pasal 12 ayat (3) huruf a,"nama, pelaku, usaha, pengguna",Pelaku Usaha
Perdirjen_07_2021,Perdirjen Nomor 07 Tahun 2021,Perdirjen,2021,07,BAB III,Pengawasan,Bagian Ketiga,,12,3,b,,Ketentuan,alamat pelaku usaha/pengguna; - 14 -,Pasal 12 ayat (3) huruf b,"alamat, pelaku, usaha, pengguna",Pelaku Usaha
Perdirjen_07_2021,Perdirjen Nomor 07 Tahun 2021,Perdirjen,2021,07,BAB III,Pengawasan,Bagian Ketiga,,12,3,c,,Ketentuan,jenis perangkat;,Pasal 12 ayat (3) huruf c,"jenis, perangkat",
Perdirjen_07_2021,Perdirjen Nomor 07 Tahun 2021,Perdirjen,2021,07,BAB III,Pengawasan,Bagian Ketiga,,12,3,d,,Ketentuan,merk/tipe perangkat; dan,Pasal 12 ayat (3) huruf d,"merk, tipe, perangkat",
Perdirjen_07_2021,Perdirjen Nomor 07 Tahun 2021,Perdirjen,2021,07,BAB III,Pengawasan,Bagian Ketiga,,12,3,e,,Ketentuan,nomor sertifikat.,Pasal 12 ayat (3) huruf e,"nomor, sertifikat",
Perdirjen_07_2021,Perdirjen Nomor 07 Tahun 2021,Perdirjen,2021,07,BAB III,Pengawasan,Bagian Ketiga,,12,4,,,Ketentuan,Identifikasi sebagaimana dimaksud pada ayat (2) huruf a dilaksanakan:,Pasal 12 ayat (4),"identifikasi, dilaksanakan",
Perdirjen_07_2021,Perdirjen Nomor 07 Tahun 2021,Perdirjen,2021,07,BAB III,Pengawasan,Bagian Ketiga,,12,4,a,,Ketentuan,berdasarkan hasil monitoring; dan/atau,Pasal 12 ayat (4) huruf a,"hasil, monitoring",
Perdirjen_07_2021,Perdirjen Nomor 07 Tahun 2021,Perdirjen,2021,07,BAB III,Pengawasan,Bagian Ketiga,,12,4,b,,Ketentuan,berdasarkan aduan masyarakat/pabrikan.,Pasal 12 ayat (4) huruf b,"aduan, masyarakat, pabrikan",Masyarakat
Perdirjen_07_2021,Perdirjen Nomor 07 Tahun 2021,Perdirjen,2021,07,BAB III,Pengawasan,Bagian Ketiga,,12,5,,,Ketentuan,Identifikasi sebagaimana dimaksud pada ayat (4) dapat dilakukan dengan cara mendatangi lokasi dengan metode sampling.,Pasal 12 ayat (5),"identifikasi, cara, mendatangi, lokasi, metode",
Perdirjen_07_2021,Perdirjen Nomor 07 Tahun 2021,Perdirjen,2021,07,BAB III,Pengawasan,Bagian Ketiga,,12,6,,,Ketentuan,Verifikasi sebagaimana dimaksud pada ayat (2) huruf b bertujuan untuk memeriksa kebenaran data atau informasi yang diperoleh dari hasil identifikasi sebagaimana dimaksud pada ayat (2).,Pasal 12 ayat (6),"verifikasi, bertujuan, memeriksa, kebenaran, data",
Perdirjen_07_2021,Perdirjen Nomor 07 Tahun 2021,Perdirjen,2021,07,BAB III,Pengawasan,Bagian Ketiga,,12,7,,,Ketentuan,Validasi sebagaimana dimaksud pada ayat (2) huruf c bertujuan untuk menguji kebenaran data atau informasi yang telah dilakukan verifikasi sebagaimana dimaksud pada ayat (6) dengan membandingkan data atau informasi yang terdapat dalam database e-Sertifikasi.,Pasal 12 ayat (7),"data, informasi, validasi, bertujuan, menguji",
Perdirjen_07_2021,Perdirjen Nomor 07 Tahun 2021,Perdirjen,2021,07,BAB III,Pengawasan,Bagian Ketiga,,12,8,,,Ketentuan,Hasil pengawasan Alat Telekomunikasi dan/atau Perangkat Telekomunikasi yang dilaksanakan oleh UPT dilaporkan kepada Direktur secara berkala.,Pasal 12 ayat (8),"telekomunikasi, hasil, pengawasan, alat, perangkat",
Perdirjen_07_2021,Perdirjen Nomor 07 Tahun 2021,Perdirjen,2021,07,BAB III,Pengawasan,Bagian Ketiga,,12,9,,,Ketentuan,Diagram alir pelaksanaan pengawasan sebagaimana dimaksud pada ayat (1) dan format laporan pelaksanaan pengawasan Alat Telekomunikasi dan/atau Perangkat Telekomunikasi sebagaimana dimaksud pada ayat (8) tercantum dalam Lampiran I yang merupakan bagian tidak terpisahkan dari Peraturan Direktur Jenderal ini.,Pasal 12 ayat (9),"pelaksanaan, pengawasan, telekomunikasi, diagram, alir",
Perdirjen_07_2021,Perdirjen Nomor 07 Tahun 2021,Perdirjen,2021,07,BAB IV,Pengenaan Sanksi Administratif,,,13,1,,,Ketentuan,Dalam hal berdasarkan hasil pengawasan sebagaimana dimaksud dalam Pasal 5 ditemukenali pelanggaran terhadap: - 15 -,Pasal 13 ayat (1),"hasil, pengawasan, ditemukenali, pelanggaran",
Perdirjen_07_2021,Perdirjen Nomor 07 Tahun 2021,Perdirjen,2021,07,BAB IV,Pengenaan Sanksi Administratif,,,13,1,a,,Kewajiban,kewajiban penggunaan Spektrum Frekuensi Radio; dan/atau,Pasal 13 ayat (1) huruf a,"kewajiban, penggunaan, spektrum, frekuensi, radio",
Perdirjen_07_2021,Perdirjen Nomor 07 Tahun 2021,Perdirjen,2021,07,BAB IV,Pengenaan Sanksi Administratif,,,13,1,b,,Sanksi,"kewajiban sertifikat Alat Telekomunikasi dan/atau Perangkat Telekomunikasi, maka dapat dikenakan sanksi administratif.",Pasal 13 ayat (1) huruf b,"telekomunikasi, kewajiban, sertifikat, alat, perangkat",
Perdirjen_07_2021,Perdirjen Nomor 07 Tahun 2021,Perdirjen,2021,07,BAB IV,Pengenaan Sanksi Administratif,,,13,2,,,Sanksi,Sanksi administratif pelanggaran terhadap kewajiban penggunaan Spektrum Frekuensi Radio sebagaimana dimaksud pada ayat (1) huruf a berupa:,Pasal 13 ayat (2),"sanksi, administratif, pelanggaran, kewajiban, penggunaan",
Perdirjen_07_2021,Perdirjen Nomor 07 Tahun 2021,Perdirjen,2021,07,BAB IV,Pengenaan Sanksi Administratif,,,13,2,a,,Sanksi,teguran tertulis;,Pasal 13 ayat (2) huruf a,"teguran, tertulis",
Perdirjen_07_2021,Perdirjen Nomor 07 Tahun 2021,Perdirjen,2021,07,BAB IV,Pengenaan Sanksi Administratif,,,13,2,b,,Sanksi,denda administratif;,Pasal 13 ayat (2) huruf b,"denda, administratif",
Perdirjen_07_2021,Perdirjen Nomor 07 Tahun 2021,Perdirjen,2021,07,BAB IV,Pengenaan Sanksi Administratif,,,13,2,c,,Ketentuan,penghentian sementara operasional;,Pasal 13 ayat (2) huruf c,"penghentian, sementara, operasional",
Perdirjen_07_2021,Perdirjen Nomor 07 Tahun 2021,Perdirjen,2021,07,BAB IV,Pengenaan Sanksi Administratif,,,13,2,d,,Ketentuan,pengenaan daya paksa polisional;,Pasal 13 ayat (2) huruf d,"pengenaan, daya, paksa, polisional",
Perdirjen_07_2021,Perdirjen Nomor 07 Tahun 2021,Perdirjen,2021,07,BAB IV,Pengenaan Sanksi Administratif,,,13,2,e,,Ketentuan,penghentian layanan Spektrum Frekuensi Radio;,Pasal 13 ayat (2) huruf e,"penghentian, layanan, spektrum, frekuensi, radio",
Perdirjen_07_2021,Perdirjen Nomor 07 Tahun 2021,Perdirjen,2021,07,BAB IV,Pengenaan Sanksi Administratif,,,13,2,f,,Ketentuan,pencabutan izin stasiun radio; dan/atau,Pasal 13 ayat (2) huruf f,"pencabutan, izin, stasiun, radio",
Perdirjen_07_2021,Perdirjen Nomor 07 Tahun 2021,Perdirjen,2021,07,BAB IV,Pengenaan Sanksi Administratif,,,13,2,g,,Ketentuan,pencabutan izin pita frekuensi radio.,Pasal 13 ayat (2) huruf g,"pencabutan, izin, pita, frekuensi, radio",
Perdirjen_07_2021,Perdirjen Nomor 07 Tahun 2021,Perdirjen,2021,07,BAB IV,Pengenaan Sanksi Administratif,,,13,3,,,Sanksi,Sanksi administratif pelanggaran terhadap kewajiban sertifikat Alat Telekomunikasi dan/atau Perangkat Telekomunikasi sebagaimana dimaksud pada ayat (1) huruf b berupa:,Pasal 13 ayat (3),"telekomunikasi, sanksi, administratif, pelanggaran, kewajiban",
Perdirjen_07_2021,Perdirjen Nomor 07 Tahun 2021,Perdirjen,2021,07,BAB IV,Pengenaan Sanksi Administratif,,,13,3,a,,Sanksi,teguran tertulis;,Pasal 13 ayat (3) huruf a,"teguran, tertulis",
Perdirjen_07_2021,Perdirjen Nomor 07 Tahun 2021,Perdirjen,2021,07,BAB IV,Pengenaan Sanksi Administratif,,,13,3,b,,Sanksi,denda administratif;,Pasal 13 ayat (3) huruf b,"denda, administratif",
Perdirjen_07_2021,Perdirjen Nomor 07 Tahun 2021,Perdirjen,2021,07,BAB IV,Pengenaan Sanksi Administratif,,,13,3,c,,Ketentuan,pengenaan daya paksa polisional;,Pasal 13 ayat (3) huruf c,"pengenaan, daya, paksa, polisional",
Perdirjen_07_2021,Perdirjen Nomor 07 Tahun 2021,Perdirjen,2021,07,BAB IV,Pengenaan Sanksi Administratif,,,13,3,d,,Ketentuan,menarik kembali Alat Telekomunikasi dan/atau Perangkat Telekomunikasi;,Pasal 13 ayat (3) huruf d,"telekomunikasi, menarik, kembali, alat, perangkat",
Perdirjen_07_2021,Perdirjen Nomor 07 Tahun 2021,Perdirjen,2021,07,BAB IV,Pengenaan Sanksi Administratif,,,13,3,e,,Ketentuan,penghentian layanan sertifikat; dan/atau,Pasal 13 ayat (3) huruf e,"penghentian, layanan, sertifikat",
Perdirjen_07_2021,Perdirjen Nomor 07 Tahun 2021,Perdirjen,2021,07,BAB IV,Pengenaan Sanksi Administratif,,,13,3,f,,Ketentuan,pencabutan sertifikat.,Pasal 13 ayat (3) huruf f,"pencabutan, sertifikat",
Perdirjen_07_2021,Perdirjen Nomor 07 Tahun 2021,Perdirjen,2021,07,BAB IV,Pengenaan Sanksi Administratif,,,13,4,,,Sanksi,Tata cara pengenaan sanksi administratif sebagaimana dimaksud pada ayat (1) untuk setiap jenis pelanggaran tercantum dalam Lampiran II yang merupakan bagian tidak terpisahkan dari Peraturan Direktur Jenderal ini. - 16 -,Pasal 13 ayat (4),"tata, cara, pengenaan, sanksi, administratif",
Perdirjen_07_2021,Perdirjen Nomor 07 Tahun 2021,Perdirjen,2021,07,BAB V,Pengenaan Sanksi Pidana,Bagian Kesatu,,14,,,,Kewajiban,Pelanggaran kewajiban penggunaan Spektrum Frekuensi Radio dan/atau pelanggaran kewajiban sertifikat Alat Telekomunikasi dan/atau Perangkat Telekomunikasi yang:,Pasal 14,"pelanggaran, kewajiban, telekomunikasi, penggunaan, spektrum",
Perdirjen_07_2021,Perdirjen Nomor 07 Tahun 2021,Perdirjen,2021,07,BAB V,Pengenaan Sanksi Pidana,Bagian Kesatu,,14,,a,,Sanksi,dilakukan oleh pelaku usaha yang sama untuk jenis pelanggaran yang sama pada waktu yang berbeda dan telah dikenai sanksi administratif; dan/atau,Pasal 14 huruf a,"sama, pelaku, usaha, jenis, pelanggaran",Pelaku Usaha
Perdirjen_07_2021,Perdirjen Nomor 07 Tahun 2021,Perdirjen,2021,07,BAB V,Pengenaan Sanksi Pidana,Bagian Kesatu,,14,,b,,Sanksi,"membahayakan keamanan negara, membahayakan keselamatan jiwa manusia, dan/atau mengakibatkan kematian seseorang, dikenai sanksi pidana sesuai dengan ketentuan peraturan perundang-undangan.",Pasal 14 huruf b,"membahayakan, keamanan, negara, keselamatan, jiwa",
Perdirjen_07_2021,Perdirjen Nomor 07 Tahun 2021,Perdirjen,2021,07,BAB V,Pengenaan Sanksi Pidana,Bagian Kesatu,,15,1,,,Ketentuan,Pelanggaran yang memenuhi ketentuan sebagaimana dimaksud dalam Pasal 14 ayat dilakukan Penindakan oleh UPT.,Pasal 15 ayat (1),"pelanggaran, memenuhi, penindakan",
Perdirjen_07_2021,Perdirjen Nomor 07 Tahun 2021,Perdirjen,2021,07,BAB V,Pengenaan Sanksi Pidana,Bagian Kesatu,,15,2,,,Ketentuan,Dalam hal pelanggaran sebagaimana dimaksud pada ayat,Pasal 15 ayat (2),pelanggaran,
Perdirjen_07_2021,Perdirjen Nomor 07 Tahun 2021,Perdirjen,2021,07,BAB V,Pengenaan Sanksi Pidana,Bagian Kesatu,,15,1,,,Ketentuan,"dilakukan dalam skala nasional atau yang melibatkan 2 (dua) atau lebih wilayah kerja UPT, Penindakan dilaksanakan oleh Direktorat.",Pasal 15 ayat (1),"skala, nasional, melibatkan, lebih, wilayah",
Perdirjen_07_2021,Perdirjen Nomor 07 Tahun 2021,Perdirjen,2021,07,BAB V,Pengenaan Sanksi Pidana,Bagian Kesatu,,15,3,,,Ketentuan,Penindakan sebagaimana dimaksud pada ayat (1) dan ayat,Pasal 15 ayat (3),penindakan,
Perdirjen_07_2021,Perdirjen Nomor 07 Tahun 2021,Perdirjen,2021,07,BAB V,Pengenaan Sanksi Pidana,Bagian Kesatu,,15,2,,,Ketentuan,dilaksanakan melalui tahapan:,Pasal 15 ayat (2),"dilaksanakan, melalui, tahapan",
Perdirjen_07_2021,Perdirjen Nomor 07 Tahun 2021,Perdirjen,2021,07,BAB V,Pengenaan Sanksi Pidana,Bagian Kesatu,,15,2,a,,Ketentuan,perencanaan Penindakan;,Pasal 15 ayat (2) huruf a,"perencanaan, penindakan",
Perdirjen_07_2021,Perdirjen Nomor 07 Tahun 2021,Perdirjen,2021,07,BAB V,Pengenaan Sanksi Pidana,Bagian Kesatu,,15,2,b,,Ketentuan,persiapan Penindakan; dan,Pasal 15 ayat (2) huruf b,"persiapan, penindakan",
Perdirjen_07_2021,Perdirjen Nomor 07 Tahun 2021,Perdirjen,2021,07,BAB V,Pengenaan Sanksi Pidana,Bagian Kesatu,,15,2,c,,Ketentuan,pelaksanaan Penindakan. - 17 -,Pasal 15 ayat (2) huruf c,"pelaksanaan, penindakan",
Perdirjen_07_2021,Perdirjen Nomor 07 Tahun 2021,Perdirjen,2021,07,BAB V,Pengenaan Sanksi Pidana,Bagian Kedua,,16,1,,,Ketentuan,Perencanaan Penindakan sebagaimana dimaksud dalam Pasal 15 ayat (3) huruf a disusun dengan menentukan:,Pasal 16 ayat (1),"perencanaan, penindakan, disusun, menentukan",
Perdirjen_07_2021,Perdirjen Nomor 07 Tahun 2021,Perdirjen,2021,07,BAB V,Pengenaan Sanksi Pidana,Bagian Kedua,,16,1,a,,Ketentuan,sumber daya yang dilibatkan;,Pasal 16 ayat (1) huruf a,"sumber, daya, dilibatkan",
Perdirjen_07_2021,Perdirjen Nomor 07 Tahun 2021,Perdirjen,2021,07,BAB V,Pengenaan Sanksi Pidana,Bagian Kedua,,16,1,b,,Ketentuan,sasaran Penindakan;,Pasal 16 ayat (1) huruf b,"sasaran, penindakan",
Perdirjen_07_2021,Perdirjen Nomor 07 Tahun 2021,Perdirjen,2021,07,BAB V,Pengenaan Sanksi Pidana,Bagian Kedua,,16,1,c,,Ketentuan,cara bertindak;,Pasal 16 ayat (1) huruf c,"cara, bertindak",
Perdirjen_07_2021,Perdirjen Nomor 07 Tahun 2021,Perdirjen,2021,07,BAB V,Pengenaan Sanksi Pidana,Bagian Kedua,,16,1,d,,Ketentuan,waktu pelaksanaan Penindakan; dan,Pasal 16 ayat (1) huruf d,"waktu, pelaksanaan, penindakan",
Perdirjen_07_2021,Perdirjen Nomor 07 Tahun 2021,Perdirjen,2021,07,BAB V,Pengenaan Sanksi Pidana,Bagian Kedua,,16,1,e,,Ketentuan,pengendalian perencanaan Penindakan.,Pasal 16 ayat (1) huruf e,"pengendalian, perencanaan, penindakan",
Perdirjen_07_2021,Perdirjen Nomor 07 Tahun 2021,Perdirjen,2021,07,BAB V,Pengenaan Sanksi Pidana,Bagian Kedua,,16,2,,,Ketentuan,Perencanaan Penindakan sebagaimana dimaksud pada ayat (1) dilaksanakan oleh:,Pasal 16 ayat (2),"perencanaan, penindakan, dilaksanakan",
Perdirjen_07_2021,Perdirjen Nomor 07 Tahun 2021,Perdirjen,2021,07,BAB V,Pengenaan Sanksi Pidana,Bagian Kedua,,16,2,a,,Ketentuan,"Direktur, dan dilaporkan kepada Direktur Jenderal; atau",Pasal 16 ayat (2) huruf a,"direktur, dilaporkan, kepada, jenderal",
Perdirjen_07_2021,Perdirjen Nomor 07 Tahun 2021,Perdirjen,2021,07,BAB V,Pengenaan Sanksi Pidana,Bagian Kedua,,16,2,b,,Ketentuan,"Kepala UPT, dan dilaporkan kepada Direktur.",Pasal 16 ayat (2) huruf b,"kepala, dilaporkan, kepada, direktur",
Perdirjen_07_2021,Perdirjen Nomor 07 Tahun 2021,Perdirjen,2021,07,BAB V,Pengenaan Sanksi Pidana,Bagian Kedua,,17,1,,,Ketentuan,"Penentuan sumber daya yang dilibatkan sebagaimana dimaksud dalam Pasal 16 ayat (1) huruf a, meliputi:",Pasal 17 ayat (1),"penentuan, sumber, daya, dilibatkan, meliputi",
Perdirjen_07_2021,Perdirjen Nomor 07 Tahun 2021,Perdirjen,2021,07,BAB V,Pengenaan Sanksi Pidana,Bagian Kedua,,17,1,a,,Ketentuan,sumber daya manusia;,Pasal 17 ayat (1) huruf a,"sumber, daya, manusia",
Perdirjen_07_2021,Perdirjen Nomor 07 Tahun 2021,Perdirjen,2021,07,BAB V,Pengenaan Sanksi Pidana,Bagian Kedua,,17,1,b,,Ketentuan,sarana dan prasarana; dan,Pasal 17 ayat (1) huruf b,"sarana, prasarana",
Perdirjen_07_2021,Perdirjen Nomor 07 Tahun 2021,Perdirjen,2021,07,BAB V,Pengenaan Sanksi Pidana,Bagian Kedua,,17,1,c,,Ketentuan,anggaran yang diperlukan.,Pasal 17 ayat (1) huruf c,"anggaran, diperlukan",
Perdirjen_07_2021,Perdirjen Nomor 07 Tahun 2021,Perdirjen,2021,07,BAB V,Pengenaan Sanksi Pidana,Bagian Kedua,,17,2,,,Ketentuan,Sumber daya manusia sebagaimana dimaksud pada ayat,Pasal 17 ayat (2),"sumber, daya, manusia",
Perdirjen_07_2021,Perdirjen Nomor 07 Tahun 2021,Perdirjen,2021,07,BAB V,Pengenaan Sanksi Pidana,Bagian Kedua,,17,1,,,Ketentuan,huruf a yang terlibat dalam kegiatan Penindakan ditetapkan sebagai tim Penindakan.,Pasal 17 ayat (1),"penindakan, terlibat, kegiatan, ditetapkan",
Perdirjen_07_2021,Perdirjen Nomor 07 Tahun 2021,Perdirjen,2021,07,BAB V,Pengenaan Sanksi Pidana,Bagian Kedua,,17,3,,,Ketentuan,Tim Penindakan sebagaimana dimaksud pada ayat (2) dibentuk oleh:,Pasal 17 ayat (3),"penindakan, dibentuk",
Perdirjen_07_2021,Perdirjen Nomor 07 Tahun 2021,Perdirjen,2021,07,BAB V,Pengenaan Sanksi Pidana,Bagian Kedua,,17,3,a,,Ketentuan,Direktur atas nama Direktur Jenderal untuk Penindakan skala nasional atau Penindakan yang melibatkan 2 (dua) atau lebih wilayah kerja UPT; dan,Pasal 17 ayat (3) huruf a,"direktur, penindakan, nama, jenderal, skala",
Perdirjen_07_2021,Perdirjen Nomor 07 Tahun 2021,Perdirjen,2021,07,BAB V,Pengenaan Sanksi Pidana,Bagian Kedua,,17,3,b,,Ketentuan,Kepala UPT untuk Penindakan di wilayah kerja UPT.,Pasal 17 ayat (3) huruf b,"kepala, penindakan, wilayah, kerja",
Perdirjen_07_2021,Perdirjen Nomor 07 Tahun 2021,Perdirjen,2021,07,BAB V,Pengenaan Sanksi Pidana,Bagian Kedua,,17,4,,,Ketentuan,Tim Penindakan yang dibentuk oleh Direktur atas nama Direktur Jenderal sebagaimana dimaksud pada ayat (3) huruf a terdiri dari:,Pasal 17 ayat (4),"direktur, penindakan, dibentuk, nama, jenderal",
Perdirjen_07_2021,Perdirjen Nomor 07 Tahun 2021,Perdirjen,2021,07,BAB V,Pengenaan Sanksi Pidana,Bagian Kedua,,17,4,a,,Ketentuan,Aparatur Sipil Negara Direktorat Jenderal dan UPT yang meliputi unsur teknis dan unsur administrasi; - 18 -,Pasal 17 ayat (4) huruf a,"unsur, aparatur, sipil, negara, direktorat",
Perdirjen_07_2021,Perdirjen Nomor 07 Tahun 2021,Perdirjen,2021,07,BAB V,Pengenaan Sanksi Pidana,Bagian Kedua,,17,4,b,,Ketentuan,Biro Korwas PPNS; dan/atau,Pasal 17 ayat (4) huruf b,"biro, korwas, ppns",
Perdirjen_07_2021,Perdirjen Nomor 07 Tahun 2021,Perdirjen,2021,07,BAB V,Pengenaan Sanksi Pidana,Bagian Kedua,,17,4,c,,Ketentuan,Instansi Terkait.,Pasal 17 ayat (4) huruf c,"instansi, terkait",Instansi
Perdirjen_07_2021,Perdirjen Nomor 07 Tahun 2021,Perdirjen,2021,07,BAB V,Pengenaan Sanksi Pidana,Bagian Kedua,,17,5,,,Ketentuan,Tim Penindakan yang dibentuk oleh Kepala UPT sebagaimana dimaksud pada ayat (3) huruf b terdiri dari:,Pasal 17 ayat (5),"penindakan, dibentuk, kepala, terdiri",
Perdirjen_07_2021,Perdirjen Nomor 07 Tahun 2021,Perdirjen,2021,07,BAB V,Pengenaan Sanksi Pidana,Bagian Kedua,,17,5,a,,Ketentuan,Aparatur Sipil Negara UPT setempat yang meliputi unsur teknis dan unsur administrasi;,Pasal 17 ayat (5) huruf a,"unsur, aparatur, sipil, negara, setempat",
Perdirjen_07_2021,Perdirjen Nomor 07 Tahun 2021,Perdirjen,2021,07,BAB V,Pengenaan Sanksi Pidana,Bagian Kedua,,17,5,b,,Ketentuan,Korwas PPNS Ditreskrimsus Polda; dan/atau,Pasal 17 ayat (5) huruf b,"korwas, ppns, ditreskrimsus, polda",
Perdirjen_07_2021,Perdirjen Nomor 07 Tahun 2021,Perdirjen,2021,07,BAB V,Pengenaan Sanksi Pidana,Bagian Kedua,,17,5,c,,Ketentuan,Instansi Terkait.,Pasal 17 ayat (5) huruf c,"instansi, terkait",Instansi
Perdirjen_07_2021,Perdirjen Nomor 07 Tahun 2021,Perdirjen,2021,07,BAB V,Pengenaan Sanksi Pidana,Bagian Kedua,,17,6,,,Ketentuan,Unsur teknis sebagaimana dimaksud pada ayat (4) huruf a dan ayat (5) huruf a bertugas memberikan bantuan teknis sesuai keahlian yang dimiliki.,Pasal 17 ayat (6),"teknis, unsur, bertugas, memberikan, bantuan",
Perdirjen_07_2021,Perdirjen Nomor 07 Tahun 2021,Perdirjen,2021,07,BAB V,Pengenaan Sanksi Pidana,Bagian Kedua,,17,7,,,Ketentuan,Unsur administrasi sebagaimana dimaksud pada ayat (4) huruf a dan ayat (5) huruf a bertugas:,Pasal 17 ayat (7),"unsur, administrasi, bertugas",
Perdirjen_07_2021,Perdirjen Nomor 07 Tahun 2021,Perdirjen,2021,07,BAB V,Pengenaan Sanksi Pidana,Bagian Kedua,,17,7,a,,Ketentuan,mempersiapkan administrasi Penindakan; dan,Pasal 17 ayat (7) huruf a,"mempersiapkan, administrasi, penindakan",
Perdirjen_07_2021,Perdirjen Nomor 07 Tahun 2021,Perdirjen,2021,07,BAB V,Pengenaan Sanksi Pidana,Bagian Kedua,,17,7,b,,Ketentuan,membuat laporan hasil pelaksanaan Penindakan.,Pasal 17 ayat (7) huruf b,"membuat, laporan, hasil, pelaksanaan, penindakan",
Perdirjen_07_2021,Perdirjen Nomor 07 Tahun 2021,Perdirjen,2021,07,BAB V,Pengenaan Sanksi Pidana,Bagian Kedua,,17,8,,,Ketentuan,Instansi terkait sebagaimana dimaksud pada ayat (4) huruf c dan ayat (5) huruf c bertugas memberikan dukungan sesuai dengan tugas dan fungsinya.,Pasal 17 ayat (8),"instansi, terkait, bertugas, memberikan, dukungan",Instansi
Perdirjen_07_2021,Perdirjen Nomor 07 Tahun 2021,Perdirjen,2021,07,BAB V,Pengenaan Sanksi Pidana,Bagian Kedua,,18,1,,,Ketentuan,Sasaran Penindakan sebagaimana dimaksud dalam Pasal 16 ayat (1) huruf b ditentukan berdasarkan Laporan Informasi.,Pasal 18 ayat (1),"sasaran, penindakan, ditentukan, laporan, informasi",
Perdirjen_07_2021,Perdirjen Nomor 07 Tahun 2021,Perdirjen,2021,07,BAB V,Pengenaan Sanksi Pidana,Bagian Kedua,,18,2,,,Kewajiban,"Dalam menentukan sasaran Penindakan sebagaimana dimaksud pada ayat (1), tim Penindakan harus menetapkan:",Pasal 18 ayat (2),"penindakan, menentukan, sasaran, menetapkan",
Perdirjen_07_2021,Perdirjen Nomor 07 Tahun 2021,Perdirjen,2021,07,BAB V,Pengenaan Sanksi Pidana,Bagian Kedua,,18,2,a,,Sanksi,data Pelaku Usaha yang diduga melakukan tindak pidana;,Pasal 18 ayat (2) huruf a,"data, pelaku, usaha, diduga, melakukan",Pelaku Usaha
Perdirjen_07_2021,Perdirjen Nomor 07 Tahun 2021,Perdirjen,2021,07,BAB V,Pengenaan Sanksi Pidana,Bagian Kedua,,18,2,b,,Sanksi,jenis tindak pidana yang diduga terjadi; dan,Pasal 18 ayat (2) huruf b,"jenis, tindak, pidana, diduga, terjadi",
Perdirjen_07_2021,Perdirjen Nomor 07 Tahun 2021,Perdirjen,2021,07,BAB V,Pengenaan Sanksi Pidana,Bagian Kedua,,18,2,c,,Kewajiban,bukti-bukti yang harus dikumpulkan saat Wasmatlitrik.,Pasal 18 ayat (2) huruf c,"bukti, dikumpulkan, saat, wasmatlitrik",
Perdirjen_07_2021,Perdirjen Nomor 07 Tahun 2021,Perdirjen,2021,07,BAB V,Pengenaan Sanksi Pidana,Bagian Kedua,,19,1,,,Ketentuan,Cara bertindak sebagaimana dimaksud dalam Pasal 16 ayat (1) huruf c yaitu menentukan prosedur teknis dalam pelaksanaan kegiatan Penindakan penggunaan Spektrum Frekuensi Radio yang: - 19 -,Pasal 19 ayat (1),"cara, bertindak, yaitu, menentukan, prosedur",
Perdirjen_07_2021,Perdirjen Nomor 07 Tahun 2021,Perdirjen,2021,07,BAB V,Pengenaan Sanksi Pidana,Bagian Kedua,,19,1,a,,Ketentuan,tidak berizin; atau,Pasal 19 ayat (1) huruf a,berizin,
Perdirjen_07_2021,Perdirjen Nomor 07 Tahun 2021,Perdirjen,2021,07,BAB V,Pengenaan Sanksi Pidana,Bagian Kedua,,19,1,b,,Ketentuan,berizin namun menyebabkan gangguan yang merugikan (harmful intereference).,Pasal 19 ayat (1) huruf b,"berizin, namun, menyebabkan, gangguan, merugikan",
Perdirjen_07_2021,Perdirjen Nomor 07 Tahun 2021,Perdirjen,2021,07,BAB V,Pengenaan Sanksi Pidana,Bagian Kedua,,19,2,,,Ketentuan,"Terhadap penggunaan Spektrum Frekuensi Radio yang tidak berizin sebagaimana dimaksud pada ayat (1) huruf a, tim Penindakan melakukan:",Pasal 19 ayat (2),"penggunaan, spektrum, frekuensi, radio, berizin",
Perdirjen_07_2021,Perdirjen Nomor 07 Tahun 2021,Perdirjen,2021,07,BAB V,Pengenaan Sanksi Pidana,Bagian Kedua,,19,2,a,,Ketentuan,penghentian pancaran Spektrum Frekuensi Radio;,Pasal 19 ayat (2) huruf a,"penghentian, pancaran, spektrum, frekuensi, radio",
Perdirjen_07_2021,Perdirjen Nomor 07 Tahun 2021,Perdirjen,2021,07,BAB V,Pengenaan Sanksi Pidana,Bagian Kedua,,19,2,b,,Ketentuan,Penyegelan Alat Telekomunikasi dan/atau Perangkat Telekomunikasi yang digunakan dalam pemancaran;,Pasal 19 ayat (2) huruf b,"telekomunikasi, penyegelan, alat, perangkat, digunakan",
Perdirjen_07_2021,Perdirjen Nomor 07 Tahun 2021,Perdirjen,2021,07,BAB V,Pengenaan Sanksi Pidana,Bagian Kedua,,19,2,c,,Ketentuan,pengamanan Alat Telekomunikasi dan/atau Perangkat Telekomunikasi yang digunakan dalam pemancaran; dan/atau,Pasal 19 ayat (2) huruf c,"telekomunikasi, pengamanan, alat, perangkat, digunakan",
Perdirjen_07_2021,Perdirjen Nomor 07 Tahun 2021,Perdirjen,2021,07,BAB V,Pengenaan Sanksi Pidana,Bagian Kedua,,19,2,d,,Ketentuan,"Penyitaan, dalam hal dipandang perlu.",Pasal 19 ayat (2) huruf d,"penyitaan, dipandang, perlu",
Perdirjen_07_2021,Perdirjen Nomor 07 Tahun 2021,Perdirjen,2021,07,BAB V,Pengenaan Sanksi Pidana,Bagian Kedua,,19,3,,,Ketentuan,Terhadap penggunaan Spektrum Frekuensi Radio yang berizin namun menyebabkan gangguan yang merugikan (harmful interference) sebagaimana dimaksud pada ayat,Pasal 19 ayat (3),"penggunaan, spektrum, frekuensi, radio, berizin",
Perdirjen_07_2021,Perdirjen Nomor 07 Tahun 2021,Perdirjen,2021,07,BAB V,Pengenaan Sanksi Pidana,Bagian Kedua,,19,1,,,Ketentuan,"huruf b, tim Penindakan melakukan penghentian pancaran Spektrum Frekuensi Radio.",Pasal 19 ayat (1),"penindakan, melakukan, penghentian, pancaran, spektrum",
Perdirjen_07_2021,Perdirjen Nomor 07 Tahun 2021,Perdirjen,2021,07,BAB V,Pengenaan Sanksi Pidana,Bagian Kedua,,19,4,,,Ketentuan,Gangguan yang merugikan (harmful interference) sebagaimana dimaksud pada ayat (3) merupakan pancaran dan radiasi yang:,Pasal 19 ayat (4),"gangguan, merugikan, harmful, interference, pancaran",
Perdirjen_07_2021,Perdirjen Nomor 07 Tahun 2021,Perdirjen,2021,07,BAB V,Pengenaan Sanksi Pidana,Bagian Kedua,,19,4,a,,Ketentuan,membahayakan fungsi komunikasi radio navigasi atau frekuensi keselamatan; dan/atau,Pasal 19 ayat (4) huruf a,"membahayakan, fungsi, komunikasi, radio, navigasi",
Perdirjen_07_2021,Perdirjen Nomor 07 Tahun 2021,Perdirjen,2021,07,BAB V,Pengenaan Sanksi Pidana,Bagian Kedua,,19,4,b,,Ketentuan,"secara siginifikan mengurangi, mengganggu atau secara berulang menyela operasional penggunaan Spektrum Frekuensi Radio dari pemegang izin penggunaan Spektrum Frekuensi Radio lain.",Pasal 19 ayat (4) huruf b,"penggunaan, spektrum, frekuensi, radio, siginifikan",
Perdirjen_07_2021,Perdirjen Nomor 07 Tahun 2021,Perdirjen,2021,07,BAB V,Pengenaan Sanksi Pidana,Bagian Kedua,,20,1,,,Ketentuan,Cara bertindak sebagaimana dimaksud dalam Pasal 16 ayat (1) huruf c yaitu menentukan prosedur teknis dalam pelaksanaan kegiatan Penindakan peredaran atau penggunaan Alat Telekomunikasi dan/atau Perangkat Telekomunikasi yang:,Pasal 20 ayat (1),"telekomunikasi, cara, bertindak, yaitu, menentukan",
Perdirjen_07_2021,Perdirjen Nomor 07 Tahun 2021,Perdirjen,2021,07,BAB V,Pengenaan Sanksi Pidana,Bagian Kedua,,20,1,a,,Ketentuan,tidak memenuhi standar teknis atau tidak bersertifikat; atau,Pasal 20 ayat (1) huruf a,"memenuhi, standar, teknis, bersertifikat",
Perdirjen_07_2021,Perdirjen Nomor 07 Tahun 2021,Perdirjen,2021,07,BAB V,Pengenaan Sanksi Pidana,Bagian Kedua,,20,1,b,,Ketentuan,bersertifikat namun Alat Telekomunikasi - 20 - dan/atau Perangkat Telekomunikasi tidak sesuai spesifikasi teknis dalam sertifikat.,Pasal 20 ayat (1) huruf b,"telekomunikasi, bersertifikat, namun, alat, perangkat",
Perdirjen_07_2021,Perdirjen Nomor 07 Tahun 2021,Perdirjen,2021,07,BAB V,Pengenaan Sanksi Pidana,Bagian Kedua,,20,2,,,Ketentuan,Terhadap peredaran atau penggunaan Alat Telekomunikasi dan/atau Perangkat Telekomunikasi yang memenuhi ketentuan sebagaimana dimaksud pada ayat,Pasal 20 ayat (2),"telekomunikasi, peredaran, penggunaan, alat, perangkat",
Perdirjen_07_2021,Perdirjen Nomor 07 Tahun 2021,Perdirjen,2021,07,BAB V,Pengenaan Sanksi Pidana,Bagian Kedua,,20,1,,,Ketentuan,", tim Penindakan melakukan:",Pasal 20 ayat (1),"penindakan, melakukan",
Perdirjen_07_2021,Perdirjen Nomor 07 Tahun 2021,Perdirjen,2021,07,BAB V,Pengenaan Sanksi Pidana,Bagian Kedua,,20,1,a,,Ketentuan,Penyegelan Alat Telekomunikasi dan/atau Perangkat Telekomunikasi;,Pasal 20 ayat (1) huruf a,"telekomunikasi, penyegelan, alat, perangkat",
Perdirjen_07_2021,Perdirjen Nomor 07 Tahun 2021,Perdirjen,2021,07,BAB V,Pengenaan Sanksi Pidana,Bagian Kedua,,20,1,b,,Ketentuan,pengamanan Alat Telekomunikasi dan/atau Perangkat Telekomunikasi; dan/atau,Pasal 20 ayat (1) huruf b,"telekomunikasi, pengamanan, alat, perangkat",
Perdirjen_07_2021,Perdirjen Nomor 07 Tahun 2021,Perdirjen,2021,07,BAB V,Pengenaan Sanksi Pidana,Bagian Kedua,,20,1,c,,Ketentuan,"Penyitaan, dalam hal dipandang perlu.",Pasal 20 ayat (1) huruf c,"penyitaan, dipandang, perlu",
Perdirjen_07_2021,Perdirjen Nomor 07 Tahun 2021,Perdirjen,2021,07,BAB V,Pengenaan Sanksi Pidana,Bagian Kedua,,20,3,,,Ketentuan,Alat Telekomunikasi dan/atau Perangkat Telekomunikasi hasil Penindakan oleh Direktorat dapat dititipkan pada kantor UPT setempat.,Pasal 20 ayat (3),"telekomunikasi, alat, perangkat, hasil, penindakan",
Perdirjen_07_2021,Perdirjen Nomor 07 Tahun 2021,Perdirjen,2021,07,BAB V,Pengenaan Sanksi Pidana,Bagian Kedua,,21,1,,,Ketentuan,Waktu pelaksanaan Penindakan sebagaimana dimaksud dalam Pasal 16 ayat (1) huruf d merupakan acuan untuk pencantuman tanggal dalam sasaran Penindakan.,Pasal 21 ayat (1),"penindakan, waktu, pelaksanaan, acuan, pencantuman",
Perdirjen_07_2021,Perdirjen Nomor 07 Tahun 2021,Perdirjen,2021,07,BAB V,Pengenaan Sanksi Pidana,Bagian Kedua,,21,2,,,Ketentuan,Waktu pelaksanakan Penindakan sebagaimana dimaksud pada ayat (1) bersifat rahasia.,Pasal 21 ayat (2),"waktu, pelaksanakan, penindakan, bersifat, rahasia",
Perdirjen_07_2021,Perdirjen Nomor 07 Tahun 2021,Perdirjen,2021,07,BAB V,Pengenaan Sanksi Pidana,Bagian Kedua,,22,,,,Ketentuan,Pengendalian perencanaan Penindakan sebagaimana dimaksud dalam Pasal 16 ayat (1) huruf e meliputi:,Pasal 22,"pengendalian, perencanaan, penindakan, meliputi",
Perdirjen_07_2021,Perdirjen Nomor 07 Tahun 2021,Perdirjen,2021,07,BAB V,Pengenaan Sanksi Pidana,Bagian Kedua,,22,,a,,Ketentuan,penyiapan administrasi Penindakan; dan,Pasal 22 huruf a,"penyiapan, administrasi, penindakan",
Perdirjen_07_2021,Perdirjen Nomor 07 Tahun 2021,Perdirjen,2021,07,BAB V,Pengenaan Sanksi Pidana,Bagian Kedua,,22,,b,,Ketentuan,penyiapan buku kontrol Penindakan oleh tim Penindakan yang berisi antara lain:,Pasal 22 huruf b,"penindakan, penyiapan, buku, kontrol, berisi",
Perdirjen_07_2021,Perdirjen Nomor 07 Tahun 2021,Perdirjen,2021,07,BAB V,Pengenaan Sanksi Pidana,Bagian Kedua,,22,,b,1,Ketentuan,jadwal dan materi supervisi dan/atau asistensi;,Pasal 22 huruf b angka 1,"jadwal, materi, supervisi, asistensi",
Perdirjen_07_2021,Perdirjen Nomor 07 Tahun 2021,Perdirjen,2021,07,BAB V,Pengenaan Sanksi Pidana,Bagian Kedua,,22,,b,2,Ketentuan,"jadwal evaluasi kegiatan perencanaan, pengorganisasian dan pelaksanaan Penindakan; dan",Pasal 22 huruf b angka 2,"jadwal, evaluasi, kegiatan, perencanaan, pengorganisasian",
Perdirjen_07_2021,Perdirjen Nomor 07 Tahun 2021,Perdirjen,2021,07,BAB V,Pengenaan Sanksi Pidana,Bagian Kedua,,22,,b,3,Ketentuan,laporan pelaksanaan Penindakan dan data penyelesaian pelanggaran. - 21 -,Pasal 22 huruf b angka 3,"laporan, pelaksanaan, penindakan, data, penyelesaian",
Perdirjen_07_2021,Perdirjen Nomor 07 Tahun 2021,Perdirjen,2021,07,BAB V,Pengenaan Sanksi Pidana,Bagian Ketiga,,23,1,,,Kewajiban,"Dalam persiapan Penindakan sebagaimana dimaksud dalam Pasal 15 ayat (3) huruf b, harus menyiapkan administrasi pelaksanaan Penindakan, antara lain:",Pasal 23 ayat (1),"penindakan, persiapan, menyiapkan, administrasi, pelaksanaan",
Perdirjen_07_2021,Perdirjen Nomor 07 Tahun 2021,Perdirjen,2021,07,BAB V,Pengenaan Sanksi Pidana,Bagian Ketiga,,23,1,a,,Ketentuan,data sasaran Penindakan;,Pasal 23 ayat (1) huruf a,"data, sasaran, penindakan",
Perdirjen_07_2021,Perdirjen Nomor 07 Tahun 2021,Perdirjen,2021,07,BAB V,Pengenaan Sanksi Pidana,Bagian Ketiga,,23,1,b,,Ketentuan,surat perintah tugas;,Pasal 23 ayat (1) huruf b,"surat, perintah, tugas",
Perdirjen_07_2021,Perdirjen Nomor 07 Tahun 2021,Perdirjen,2021,07,BAB V,Pengenaan Sanksi Pidana,Bagian Ketiga,,23,1,c,,Ketentuan,formulir berita acara; dan,Pasal 23 ayat (1) huruf c,"formulir, berita, acara",
Perdirjen_07_2021,Perdirjen Nomor 07 Tahun 2021,Perdirjen,2021,07,BAB V,Pengenaan Sanksi Pidana,Bagian Ketiga,,23,1,d,,Ketentuan,perlengkapan pendukung.,Pasal 23 ayat (1) huruf d,"perlengkapan, pendukung",
Perdirjen_07_2021,Perdirjen Nomor 07 Tahun 2021,Perdirjen,2021,07,BAB V,Pengenaan Sanksi Pidana,Bagian Ketiga,,23,2,,,Ketentuan,Data sasaran Penindakan sebagaimana dimaksud pada ayat (1) huruf a merupakan informasi lokasi yang diduga sebagai tempat dilakukannya pelanggaran dan/atau Pelaku Usaha yang diduga melakukan pelanggaran.,Pasal 23 ayat (2),"diduga, pelanggaran, data, sasaran, penindakan",Pelaku Usaha
Perdirjen_07_2021,Perdirjen Nomor 07 Tahun 2021,Perdirjen,2021,07,BAB V,Pengenaan Sanksi Pidana,Bagian Ketiga,,23,3,,,Ketentuan,Surat perintah tugas sebagaimana dimaksud pada ayat,Pasal 23 ayat (3),"surat, perintah, tugas",
Perdirjen_07_2021,Perdirjen Nomor 07 Tahun 2021,Perdirjen,2021,07,BAB V,Pengenaan Sanksi Pidana,Bagian Ketiga,,23,1,,,Ketentuan,huruf b ditandatangani oleh:,Pasal 23 ayat (1),ditandatangani,
Perdirjen_07_2021,Perdirjen Nomor 07 Tahun 2021,Perdirjen,2021,07,BAB V,Pengenaan Sanksi Pidana,Bagian Ketiga,,23,1,a,,Ketentuan,Direktur untuk kegiatan Penindakan skala nasional; atau,Pasal 23 ayat (1) huruf a,"direktur, kegiatan, penindakan, skala, nasional",
Perdirjen_07_2021,Perdirjen Nomor 07 Tahun 2021,Perdirjen,2021,07,BAB V,Pengenaan Sanksi Pidana,Bagian Ketiga,,23,1,b,,Ketentuan,Kepala UPT untuk kegiatan Penindakan dilakukan di wilayah kerja UPT.,Pasal 23 ayat (1) huruf b,"kepala, kegiatan, penindakan, wilayah, kerja",
Perdirjen_07_2021,Perdirjen Nomor 07 Tahun 2021,Perdirjen,2021,07,BAB V,Pengenaan Sanksi Pidana,Bagian Ketiga,,23,4,,,Ketentuan,"Perlengkapan pendukung sebagaimana dimaksud pada ayat (1) huruf d, antara lain berupa:",Pasal 23 ayat (4),"perlengkapan, pendukung, berupa",
Perdirjen_07_2021,Perdirjen Nomor 07 Tahun 2021,Perdirjen,2021,07,BAB V,Pengenaan Sanksi Pidana,Bagian Ketiga,,23,4,a,,Ketentuan,label bukti dan pembungkus plastik;,Pasal 23 ayat (4) huruf a,"label, bukti, pembungkus, plastik",
Perdirjen_07_2021,Perdirjen Nomor 07 Tahun 2021,Perdirjen,2021,07,BAB V,Pengenaan Sanksi Pidana,Bagian Ketiga,,23,4,b,,Ketentuan,tang segel dan timah segel; dan,Pasal 23 ayat (4) huruf b,"segel, tang, timah",
Perdirjen_07_2021,Perdirjen Nomor 07 Tahun 2021,Perdirjen,2021,07,BAB V,Pengenaan Sanksi Pidana,Bagian Ketiga,,23,4,c,,Ketentuan,perlengkapan dokumentasi.,Pasal 23 ayat (4) huruf c,"perlengkapan, dokumentasi",
Perdirjen_07_2021,Perdirjen Nomor 07 Tahun 2021,Perdirjen,2021,07,BAB V,Pengenaan Sanksi Pidana,Bagian Ketiga,,23,5,,,Kewajiban,Perlengkapan pendukung sebagaimana dimaksud pada ayat (4) harus dibawa pada saat pelaksanaan penindakan.,Pasal 23 ayat (5),"perlengkapan, pendukung, dibawa, saat, pelaksanaan",
Perdirjen_07_2021,Perdirjen Nomor 07 Tahun 2021,Perdirjen,2021,07,BAB V,Pengenaan Sanksi Pidana,Bagian Keempat,,24,,,,Ketentuan,Pelaksanaan Penindakan sebagaimana dimaksud dalam Pasal 15 ayat (3) huruf c dilakukan untuk memastikan kebenaran hasil Laporan Informasi. - 22 -,Pasal 24,"pelaksanaan, penindakan, memastikan, kebenaran, hasil",
Perdirjen_07_2021,Perdirjen Nomor 07 Tahun 2021,Perdirjen,2021,07,BAB V,Pengenaan Sanksi Pidana,Bagian Keempat,,25,,,,Kewajiban,"Sebelum melaksanakan Penindakan sebagaimana dimaksud dalam Pasal 24, tim Penindakan wajib melaporkan rencana pelaksanaan Penindakan kepada Direktur dan/atau Kepala UPT.",Pasal 25,"penindakan, sebelum, melaksanakan, wajib, melaporkan",
Perdirjen_07_2021,Perdirjen Nomor 07 Tahun 2021,Perdirjen,2021,07,BAB V,Pengenaan Sanksi Pidana,Bagian Keempat,,26,1,,,Ketentuan,Pelaksanaan Penindakan sebagaimana dimaksud dalam Pasal 24 dilakukan melalui Wasmatlitrik pada lokasi tempat terjadinya pelanggaran oleh tim Penindakan dengan ketentuan:,Pasal 26 ayat (1),"penindakan, pelaksanaan, melalui, wasmatlitrik, lokasi",
Perdirjen_07_2021,Perdirjen Nomor 07 Tahun 2021,Perdirjen,2021,07,BAB V,Pengenaan Sanksi Pidana,Bagian Keempat,,26,1,a,,Ketentuan,menunjukan surat perintah tugas sebagaimana dimaksud dalam Pasal 23 ayat (1) huruf b sebelum memasuki dan melakukan Wasmatlitrik pada lokasi tempat terjadinya pelanggaran; dan,Pasal 26 ayat (1) huruf a,"menunjukan, surat, perintah, tugas, sebelum",
Perdirjen_07_2021,Perdirjen Nomor 07 Tahun 2021,Perdirjen,2021,07,BAB V,Pengenaan Sanksi Pidana,Bagian Keempat,,26,1,b,,Ketentuan,"disaksikan oleh pemilik, pihak yang menguasai barang, dan/atau pejabat pemerintah di lingkungan setempat terjadinya pelanggaran.",Pasal 26 ayat (1) huruf b,"disaksikan, pemilik, pihak, menguasai, barang",Pemerintah
Perdirjen_07_2021,Perdirjen Nomor 07 Tahun 2021,Perdirjen,2021,07,BAB V,Pengenaan Sanksi Pidana,Bagian Keempat,,26,2,,,Ketentuan,"Dalam melakukan Wasmatlitrik pada lokasi pelanggaran sebagaimana dimaksud pada ayat (1) huruf a, tim Penindakan dapat:",Pasal 26 ayat (2),"melakukan, wasmatlitrik, lokasi, pelanggaran, penindakan",
Perdirjen_07_2021,Perdirjen Nomor 07 Tahun 2021,Perdirjen,2021,07,BAB V,Pengenaan Sanksi Pidana,Bagian Keempat,,26,2,a,,Ketentuan,melakukan penghentian pancaran Spektrum Frekuensi Radio;,Pasal 26 ayat (2) huruf a,"melakukan, penghentian, pancaran, spektrum, frekuensi",
Perdirjen_07_2021,Perdirjen Nomor 07 Tahun 2021,Perdirjen,2021,07,BAB V,Pengenaan Sanksi Pidana,Bagian Keempat,,26,2,b,,Ketentuan,melakukan pengamanan Alat Telekomunikasi dan/atau Perangkat Telekomunikasi;,Pasal 26 ayat (2) huruf b,"telekomunikasi, melakukan, pengamanan, alat, perangkat",
Perdirjen_07_2021,Perdirjen Nomor 07 Tahun 2021,Perdirjen,2021,07,BAB V,Pengenaan Sanksi Pidana,Bagian Keempat,,26,2,c,,Ketentuan,melakukan Penyegelan; dan/atau,Pasal 26 ayat (2) huruf c,"melakukan, penyegelan",
Perdirjen_07_2021,Perdirjen Nomor 07 Tahun 2021,Perdirjen,2021,07,BAB V,Pengenaan Sanksi Pidana,Bagian Keempat,,26,2,d,,Ketentuan,meminta data/informasi dari pihak-pihak yang berada di lokasi pelanggaran.,Pasal 26 ayat (2) huruf d,"pihak, meminta, data, informasi, berada",
Perdirjen_07_2021,Perdirjen Nomor 07 Tahun 2021,Perdirjen,2021,07,BAB V,Pengenaan Sanksi Pidana,Bagian Keempat,,26,3,,,Ketentuan,"Dalam melakukan Wasmatlitrik di lokasi pelanggaran sebagaimana dimaksud pada ayat (1) huruf a, Aparatur Sipil Negara Direktorat Jenderal dan/atau UPT membuat:",Pasal 26 ayat (3),"melakukan, wasmatlitrik, lokasi, pelanggaran, aparatur",
Perdirjen_07_2021,Perdirjen Nomor 07 Tahun 2021,Perdirjen,2021,07,BAB V,Pengenaan Sanksi Pidana,Bagian Keempat,,26,3,a,,Ketentuan,berita acara Pemeriksaan di TKP;,Pasal 26 ayat (3) huruf a,"berita, acara, pemeriksaan",
Perdirjen_07_2021,Perdirjen Nomor 07 Tahun 2021,Perdirjen,2021,07,BAB V,Pengenaan Sanksi Pidana,Bagian Keempat,,26,3,b,,Ketentuan,berita acara pengamanan barang;,Pasal 26 ayat (3) huruf b,"berita, acara, pengamanan, barang",
Perdirjen_07_2021,Perdirjen Nomor 07 Tahun 2021,Perdirjen,2021,07,BAB V,Pengenaan Sanksi Pidana,Bagian Keempat,,26,3,c,,Ketentuan,berita acara Penyegelan;,Pasal 26 ayat (3) huruf c,"berita, acara, penyegelan",
Perdirjen_07_2021,Perdirjen Nomor 07 Tahun 2021,Perdirjen,2021,07,BAB V,Pengenaan Sanksi Pidana,Bagian Keempat,,26,3,d,,Ketentuan,surat tanda penerimaan barang;,Pasal 26 ayat (3) huruf d,"surat, tanda, penerimaan, barang",
Perdirjen_07_2021,Perdirjen Nomor 07 Tahun 2021,Perdirjen,2021,07,BAB V,Pengenaan Sanksi Pidana,Bagian Keempat,,26,3,e,,Ketentuan,berita acara penitipan barang;,Pasal 26 ayat (3) huruf e,"berita, acara, penitipan, barang",
Perdirjen_07_2021,Perdirjen Nomor 07 Tahun 2021,Perdirjen,2021,07,BAB V,Pengenaan Sanksi Pidana,Bagian Keempat,,26,3,f,,Ketentuan,berita acara penolakan tanda tangan berita acara (jika - 23 - diperlukan); dan/atau,Pasal 26 ayat (3) huruf f,"berita, acara, penolakan, tanda, tangan",
Perdirjen_07_2021,Perdirjen Nomor 07 Tahun 2021,Perdirjen,2021,07,BAB V,Pengenaan Sanksi Pidana,Bagian Keempat,,26,3,g,,Ketentuan,berita acara pengambilan keterangan.,Pasal 26 ayat (3) huruf g,"berita, acara, pengambilan, keterangan",
Perdirjen_07_2021,Perdirjen Nomor 07 Tahun 2021,Perdirjen,2021,07,BAB V,Pengenaan Sanksi Pidana,Bagian Keempat,,27,1,,,Ketentuan,Hasil pelaksanaan Penindakan sebagaimana dimaksud dalam Pasal 26 ayat (1) dilaporkan kepada Direktur dan/atau Kepala UPT dengan format laporan sebagaimana tercantum dalam Lampiran III yang merupakan bagian tidak terpisahkan dari Peraturan Direktur Jenderal ini.,Pasal 27 ayat (1),"direktur, hasil, pelaksanaan, penindakan, dilaporkan",
Perdirjen_07_2021,Perdirjen Nomor 07 Tahun 2021,Perdirjen,2021,07,BAB V,Pengenaan Sanksi Pidana,Bagian Keempat,,27,2,,,Ketentuan,Terhadap hasil pelaksanaan Penindakan sebagaimana dimaksud pada ayat (1) dilaksanakan Gelar Perkara dengan melibatkan Penyidik Polri/Korwas PPNS.,Pasal 27 ayat (2),"hasil, pelaksanaan, penindakan, dilaksanakan, gelar",
Perdirjen_07_2021,Perdirjen Nomor 07 Tahun 2021,Perdirjen,2021,07,BAB V,Pengenaan Sanksi Pidana,Bagian Keempat,,27,3,,,Sanksi,"Hasil Gelar Perkara sebagaimana dimaksud pada ayat (2) merupakan dasar untuk menentukan suatu perbuatan merupakan tindak pidana, pelanggaran administrasi, atau bukan pelanggaran.",Pasal 27 ayat (3),"pelanggaran, hasil, gelar, perkara, dasar",
Perdirjen_07_2021,Perdirjen Nomor 07 Tahun 2021,Perdirjen,2021,07,BAB V,Pengenaan Sanksi Pidana,Bagian Keempat,,27,4,,,Sanksi,"Terhadap pelanggaran yang ditetapkan sebagai tindak pidana, dilakukan tahapan Penyidikan oleh PPNS Direktorat Jenderal.",Pasal 27 ayat (4),"pelanggaran, ditetapkan, tindak, pidana, tahapan",
Perdirjen_07_2021,Perdirjen Nomor 07 Tahun 2021,Perdirjen,2021,07,BAB V,Pengenaan Sanksi Pidana,Bagian Keempat,,27,5,,,Sanksi,"Terhadap pelanggaran yang ditetapkan sebagai pelanggaran administrasi, dikenai sanksi administratif sebagaimana dimaksud dalam Pasal 13.",Pasal 27 ayat (5),"pelanggaran, ditetapkan, administrasi, dikenai, sanksi",
Perdirjen_07_2021,Perdirjen Nomor 07 Tahun 2021,Perdirjen,2021,07,BAB V,Pengenaan Sanksi Pidana,Bagian Keempat,,27,6,,,Ketentuan,Hasil Gelar Perkara sebagaimana dimaksud pada ayat (2) dilaporkan kepada Direktur dengan format sebagaimana tercantum dalam Lampiran IV yang merupakan bagian tidak terpisahkan dari Peraturan Direktur Jenderal ini.,Pasal 27 ayat (6),"direktur, hasil, gelar, perkara, dilaporkan",
Perdirjen_07_2021,Perdirjen Nomor 07 Tahun 2021,Perdirjen,2021,07,BAB V,Pengenaan Sanksi Pidana,Bagian Kelima,,28,1,,,Ketentuan,Penyidikan yang dilakukan oleh PPNS Direktorat Jenderal sebagaimana dimaksud dalam Pasal 27 ayat (4) berdasarkan Laporan Kejadian.,Pasal 28 ayat (1),"penyidikan, ppns, direktorat, jenderal, laporan",
Perdirjen_07_2021,Perdirjen Nomor 07 Tahun 2021,Perdirjen,2021,07,BAB V,Pengenaan Sanksi Pidana,Bagian Kelima,,28,2,,,Ketentuan,"Berdasarkan Laporan Kejadian sebagaimana dimaksud pada ayat (1), Atasan PPNS Direktorat Jenderal: - 24 -",Pasal 28 ayat (2),"laporan, kejadian, atasan, ppns, direktorat",
Perdirjen_07_2021,Perdirjen Nomor 07 Tahun 2021,Perdirjen,2021,07,BAB V,Pengenaan Sanksi Pidana,Bagian Kelima,,28,2,a,,Ketentuan,melaporkan kepada Direktur; dan,Pasal 28 ayat (2) huruf a,"melaporkan, kepada, direktur",
Perdirjen_07_2021,Perdirjen Nomor 07 Tahun 2021,Perdirjen,2021,07,BAB V,Pengenaan Sanksi Pidana,Bagian Kelima,,28,2,b,,Ketentuan,menerbitkan surat perintah Penyidikan dan surat perintah tugas.,Pasal 28 ayat (2) huruf b,"surat, perintah, menerbitkan, penyidikan, tugas",
Perdirjen_07_2021,Perdirjen Nomor 07 Tahun 2021,Perdirjen,2021,07,BAB V,Pengenaan Sanksi Pidana,Bagian Kelima,,28,3,,,Ketentuan,"Sebelum menerbitkan surat perintah Penyidikan sebagaimana dimaksud pada ayat (2) huruf b, PPNS Direktorat Jenderal berkoordinasi dengan Penyidik Polri/Korwas PPNS.",Pasal 28 ayat (3),"ppns, sebelum, menerbitkan, surat, perintah",
Perdirjen_07_2021,Perdirjen Nomor 07 Tahun 2021,Perdirjen,2021,07,BAB V,Pengenaan Sanksi Pidana,Bagian Kelima,,28,4,,,Ketentuan,"Berdasarkan surat perintah Penyidikan sebagaimana dimaksud pada ayat (2) huruf b, PPNS Direktorat Jenderal menerbitkan SPDP yang ditandatangani oleh:",Pasal 28 ayat (4),"surat, perintah, penyidikan, ppns, direktorat",
Perdirjen_07_2021,Perdirjen Nomor 07 Tahun 2021,Perdirjen,2021,07,BAB V,Pengenaan Sanksi Pidana,Bagian Kelima,,28,4,a,,Ketentuan,Atasan PPNS Direktorat Jenderal selaku penyidik; atau,Pasal 28 ayat (4) huruf a,"atasan, ppns, direktorat, jenderal, selaku",
Perdirjen_07_2021,Perdirjen Nomor 07 Tahun 2021,Perdirjen,2021,07,BAB V,Pengenaan Sanksi Pidana,Bagian Kelima,,28,4,b,,Ketentuan,PPNS Direktorat Jenderal diketahui oleh Atasan PPNS Direktorat Jenderal dalam hal Atasan PPNS Direktorat Jenderal bukan penyidik.,Pasal 28 ayat (4) huruf b,"ppns, direktorat, jenderal, atasan, diketahui",
Perdirjen_07_2021,Perdirjen Nomor 07 Tahun 2021,Perdirjen,2021,07,BAB V,Pengenaan Sanksi Pidana,Bagian Kelima,,28,5,,,Ketentuan,SPDP sebagaimana dimaksud pada ayat (4) diterbitkan bersamaan dengan penerbitan surat perintah Penyidikan.,Pasal 28 ayat (5),"spdp, diterbitkan, bersamaan, penerbitan, surat",
Perdirjen_07_2021,Perdirjen Nomor 07 Tahun 2021,Perdirjen,2021,07,BAB V,Pengenaan Sanksi Pidana,Bagian Kelima,,28,6,,,Ketentuan,SPDP sebagaimana dimaksud pada ayat (5) paling sedikit memuat:,Pasal 28 ayat (6),"spdp, paling, sedikit, memuat",
Perdirjen_07_2021,Perdirjen Nomor 07 Tahun 2021,Perdirjen,2021,07,BAB V,Pengenaan Sanksi Pidana,Bagian Kelima,,28,6,a,,Ketentuan,dasar Penyidikan;,Pasal 28 ayat (6) huruf a,"dasar, penyidikan",
Perdirjen_07_2021,Perdirjen Nomor 07 Tahun 2021,Perdirjen,2021,07,BAB V,Pengenaan Sanksi Pidana,Bagian Kelima,,28,6,b,,Ketentuan,waktu dimulainya Penyidikan;,Pasal 28 ayat (6) huruf b,"waktu, dimulainya, penyidikan",
Perdirjen_07_2021,Perdirjen Nomor 07 Tahun 2021,Perdirjen,2021,07,BAB V,Pengenaan Sanksi Pidana,Bagian Kelima,,28,6,c,,Sanksi,"jenis perkara, pasal yang dipersangkakan, dan uraian singkat tindak pidana yang disidik;",Pasal 28 ayat (6) huruf c,"jenis, perkara, dipersangkakan, uraian, singkat",
Perdirjen_07_2021,Perdirjen Nomor 07 Tahun 2021,Perdirjen,2021,07,BAB V,Pengenaan Sanksi Pidana,Bagian Kelima,,28,6,d,,Ketentuan,identitas Tersangka; dan,Pasal 28 ayat (6) huruf d,"identitas, tersangka",
Perdirjen_07_2021,Perdirjen Nomor 07 Tahun 2021,Perdirjen,2021,07,BAB V,Pengenaan Sanksi Pidana,Bagian Kelima,,28,6,e,,Ketentuan,identitas pejabat yang menandatangani SPDP.,Pasal 28 ayat (6) huruf e,"identitas, pejabat, menandatangani, spdp",
Perdirjen_07_2021,Perdirjen Nomor 07 Tahun 2021,Perdirjen,2021,07,BAB V,Pengenaan Sanksi Pidana,Bagian Kelima,,28,7,,,Ketentuan,"Dasar Penyidikan sebagaimana dimaksud pada ayat (6) huruf a menyebutkan dasar kewenangan PPNS berdasarkan KUHAP, nomor Laporan Kejadian, dan nomor surat perintah Penyidikan.",Pasal 28 ayat (7),"dasar, penyidikan, nomor, menyebutkan, kewenangan",
Perdirjen_07_2021,Perdirjen Nomor 07 Tahun 2021,Perdirjen,2021,07,BAB V,Pengenaan Sanksi Pidana,Bagian Kelima,,28,8,,,Ketentuan,"Dalam hal PPNS Direktorat Jenderal belum dapat menetapkan identitas Tersangka, ketentuan sebagaimana dimaksud pada ayat (6) huruf d dapat dikecualikan.",Pasal 28 ayat (8),"ppns, direktorat, jenderal, belum, menetapkan",
Perdirjen_07_2021,Perdirjen Nomor 07 Tahun 2021,Perdirjen,2021,07,BAB V,Pengenaan Sanksi Pidana,Bagian Kelima,,28,9,,,Ketentuan,SPDP sebagaimana dimaksud pada ayat (4) disampaikan kepada Penyidik Polri/Korwas PPNS untuk diteruskan kepada Penuntut Umum paling lambat 1 (satu) hari kerja setelah diterbitkannya SPDP. - 25 -,Pasal 28 ayat (9),"spdp, kepada, disampaikan, penyidik, polri",
Perdirjen_07_2021,Perdirjen Nomor 07 Tahun 2021,Perdirjen,2021,07,BAB V,Pengenaan Sanksi Pidana,Bagian Kelima,,28,10,,,Ketentuan,SPDP disampaikan kepada Penuntut Umum melalui Penyidik Polri/Korwas PPNS paling lama 7 (tujuh) Hari sejak diterbitkannya surat perintah Penyidikan.,Pasal 28 ayat (10),"spdp, disampaikan, kepada, penuntut, umum",
Perdirjen_07_2021,Perdirjen Nomor 07 Tahun 2021,Perdirjen,2021,07,BAB V,Pengenaan Sanksi Pidana,Bagian Kelima,,28,11,,,Ketentuan,PPNS Direktorat Jenderal menyampaikan SPDP sebagaimana dimaksud pada ayat (4) kepada:,Pasal 28 ayat (11),"ppns, direktorat, jenderal, menyampaikan, spdp",
Perdirjen_07_2021,Perdirjen Nomor 07 Tahun 2021,Perdirjen,2021,07,BAB V,Pengenaan Sanksi Pidana,Bagian Kelima,,28,11,a,,Ketentuan,terlapor; dan/atau,Pasal 28 ayat (11) huruf a,terlapor,
Perdirjen_07_2021,Perdirjen Nomor 07 Tahun 2021,Perdirjen,2021,07,BAB V,Pengenaan Sanksi Pidana,Bagian Kelima,,28,11,b,,Ketentuan,pelapor.,Pasal 28 ayat (11) huruf b,pelapor,
Perdirjen_07_2021,Perdirjen Nomor 07 Tahun 2021,Perdirjen,2021,07,BAB V,Pengenaan Sanksi Pidana,Bagian Kelima,,28,12,,,Ketentuan,"Dalam hal Laporan Kejadian belum mencantumkan identitas terlapor, SPDP sebagaimana dimaksud pada ayat",Pasal 28 ayat (12),"laporan, kejadian, belum, mencantumkan, identitas",
Perdirjen_07_2021,Perdirjen Nomor 07 Tahun 2021,Perdirjen,2021,07,BAB V,Pengenaan Sanksi Pidana,Bagian Kelima,,28,11,,,Ketentuan,"huruf a, disampaikan setelah ada penetapan Tersangka.",Pasal 28 ayat (11),"disampaikan, setelah, penetapan, tersangka",
Perdirjen_07_2021,Perdirjen Nomor 07 Tahun 2021,Perdirjen,2021,07,BAB V,Pengenaan Sanksi Pidana,Bagian Kelima,,28,13,,,Ketentuan,"Dalam hal Tersangka ditetapkan setelah lebih dari 7 (tujuh) Hari diterbitkannya surat perintah Penyidikan, PPNS Direktorat Jenderal mengirimkan surat pemberitahuan penetapan Tersangka ke Penuntut Umum melalui Penyidik Polri/Korwas PPNS dengan melampirkan surat Penetapan Tersangka dan SPDP yang telah diterbitkan sebelumnya.",Pasal 28 ayat (13),"tersangka, surat, ppns, penetapan, ditetapkan",
Perdirjen_07_2021,Perdirjen Nomor 07 Tahun 2021,Perdirjen,2021,07,BAB V,Pengenaan Sanksi Pidana,Bagian Kelima,,28,14,,,Kewajiban,PPNS Direktorat Jenderal harus melaporkan perkembangan perkara kepada Penuntut Umum setiap 30 (tiga puluh) Hari sejak diterimanya surat penunjukkan Penuntut Umum (P.16) dengan melampirkan SPDP sampai diserahkannya berkas perkara tahap I.,Pasal 28 ayat (14),"perkara, penuntut, umum, ppns, direktorat",
Perdirjen_07_2021,Perdirjen Nomor 07 Tahun 2021,Perdirjen,2021,07,BAB V,Pengenaan Sanksi Pidana,Bagian Kelima,,28,15,,,Ketentuan,Pemberitahuan perkembangan perkara sebagaimana dimaksud pada ayat (14) menggunakan format sebagaimana tercantum dalam Lampiran V yang merupakan bagian yang tidak terpisahkan dari Peraturan Direktur Jenderal ini.,Pasal 28 ayat (15),"pemberitahuan, perkembangan, perkara, menggunakan, format",
Perdirjen_07_2021,Perdirjen Nomor 07 Tahun 2021,Perdirjen,2021,07,BAB V,Pengenaan Sanksi Pidana,Bagian Kelima,,29,1,,,Kewajiban,"Sebelum melakukan Penyidikan, PPNS Direktorat Jenderal wajib membuat rencana Penyidikan yang diajukan kepada Atasan PPNS secara berjenjang.",Pasal 29 ayat (1),"penyidikan, ppns, sebelum, melakukan, direktorat",
Perdirjen_07_2021,Perdirjen Nomor 07 Tahun 2021,Perdirjen,2021,07,BAB V,Pengenaan Sanksi Pidana,Bagian Kelima,,29,2,,,Ketentuan,Rencana Penyidikan sebagaimana dimaksud pada ayat (1) paling sedikit memuat:,Pasal 29 ayat (2),"rencana, penyidikan, paling, sedikit, memuat",
Perdirjen_07_2021,Perdirjen Nomor 07 Tahun 2021,Perdirjen,2021,07,BAB V,Pengenaan Sanksi Pidana,Bagian Kelima,,29,2,a,,Ketentuan,jumlah dan identitas PPNS Direktorat Jenderal;,Pasal 29 ayat (2) huruf a,"jumlah, identitas, ppns, direktorat, jenderal",
Perdirjen_07_2021,Perdirjen Nomor 07 Tahun 2021,Perdirjen,2021,07,BAB V,Pengenaan Sanksi Pidana,Bagian Kelima,,29,2,b,,Ketentuan,"objek, sasaran, dan target Penyidikan; - 26 -",Pasal 29 ayat (2) huruf b,"objek, sasaran, target, penyidikan",
Perdirjen_07_2021,Perdirjen Nomor 07 Tahun 2021,Perdirjen,2021,07,BAB V,Pengenaan Sanksi Pidana,Bagian Kelima,,29,2,c,,Ketentuan,kegiatan dan metode yang akan dilakukan dalam Penyidikan;,Pasal 29 ayat (2) huruf c,"kegiatan, metode, penyidikan",
Perdirjen_07_2021,Perdirjen Nomor 07 Tahun 2021,Perdirjen,2021,07,BAB V,Pengenaan Sanksi Pidana,Bagian Kelima,,29,2,d,,Ketentuan,karakteristik dan anatomi perkara yang akan disidik;,Pasal 29 ayat (2) huruf d,"karakteristik, anatomi, perkara, disidik",
Perdirjen_07_2021,Perdirjen Nomor 07 Tahun 2021,Perdirjen,2021,07,BAB V,Pengenaan Sanksi Pidana,Bagian Kelima,,29,2,e,,Ketentuan,waktu yang diperlukan dalam pelaksanaan kegiatan Penyidikan;,Pasal 29 ayat (2) huruf e,"waktu, diperlukan, pelaksanaan, kegiatan, penyidikan",
Perdirjen_07_2021,Perdirjen Nomor 07 Tahun 2021,Perdirjen,2021,07,BAB V,Pengenaan Sanksi Pidana,Bagian Kelima,,29,2,f,,Ketentuan,sarana dan prasarana yang diperlukan dalam pelaksanaan kegiatan Penyidikan;,Pasal 29 ayat (2) huruf f,"sarana, prasarana, diperlukan, pelaksanaan, kegiatan",
Perdirjen_07_2021,Perdirjen Nomor 07 Tahun 2021,Perdirjen,2021,07,BAB V,Pengenaan Sanksi Pidana,Bagian Kelima,,29,2,g,,Ketentuan,kebutuhan anggaran Penyidikan; dan,Pasal 29 ayat (2) huruf g,"kebutuhan, anggaran, penyidikan",
Perdirjen_07_2021,Perdirjen Nomor 07 Tahun 2021,Perdirjen,2021,07,BAB V,Pengenaan Sanksi Pidana,Bagian Kelima,,29,2,h,,Ketentuan,kelengkapan administrasi Penyidikan.,Pasal 29 ayat (2) huruf h,"kelengkapan, administrasi, penyidikan",
Perdirjen_07_2021,Perdirjen Nomor 07 Tahun 2021,Perdirjen,2021,07,BAB V,Pengenaan Sanksi Pidana,Bagian Kelima,,29,3,,,Ketentuan,Rencana Penyidikan sebagaimana dimaksud pada ayat (2) sesuai format sebagaimana tercantum dalam Lampiran V yang merupakan bagian yang tidak terpisahkan dari Peraturan Direktur Jenderal ini.,Pasal 29 ayat (3),"rencana, penyidikan, format, tercantum, lampiran",
Perdirjen_07_2021,Perdirjen Nomor 07 Tahun 2021,Perdirjen,2021,07,BAB V,Pengenaan Sanksi Pidana,Bagian Kelima,,30,,,,Ketentuan,"Dalam tahap Penyidikan, PPNS Direktorat Jenderal mempunyai kewenangan untuk melakukan:",Pasal 30,"tahap, penyidikan, ppns, direktorat, jenderal",
Perdirjen_07_2021,Perdirjen Nomor 07 Tahun 2021,Perdirjen,2021,07,BAB V,Pengenaan Sanksi Pidana,Bagian Kelima,,30,,a,,Ketentuan,Pemanggilan;,Pasal 30 huruf a,pemanggilan,
Perdirjen_07_2021,Perdirjen Nomor 07 Tahun 2021,Perdirjen,2021,07,BAB V,Pengenaan Sanksi Pidana,Bagian Kelima,,30,,b,,Ketentuan,Pemeriksaan;,Pasal 30 huruf b,pemeriksaan,
Perdirjen_07_2021,Perdirjen Nomor 07 Tahun 2021,Perdirjen,2021,07,BAB V,Pengenaan Sanksi Pidana,Bagian Kelima,,30,,c,,Ketentuan,Penggeledahan;,Pasal 30 huruf c,penggeledahan,
Perdirjen_07_2021,Perdirjen Nomor 07 Tahun 2021,Perdirjen,2021,07,BAB V,Pengenaan Sanksi Pidana,Bagian Kelima,,30,,d,,Ketentuan,Penyitaan; dan,Pasal 30 huruf d,penyitaan,
Perdirjen_07_2021,Perdirjen Nomor 07 Tahun 2021,Perdirjen,2021,07,BAB V,Pengenaan Sanksi Pidana,Bagian Kelima,,30,,e,,Ketentuan,penghentian Penyidikan.,Pasal 30 huruf e,"penghentian, penyidikan",
Perdirjen_07_2021,Perdirjen Nomor 07 Tahun 2021,Perdirjen,2021,07,BAB V,Pengenaan Sanksi Pidana,Bagian Keenam,,31,,,,Ketentuan,"Pemanggilan oleh PPNS Direktorat Jenderal dilaksanakan sesuai KUHAP dan peraturan perundang-undangan, dengan ketentuan:",Pasal 31,"pemanggilan, ppns, direktorat, jenderal, dilaksanakan",
Perdirjen_07_2021,Perdirjen Nomor 07 Tahun 2021,Perdirjen,2021,07,BAB V,Pengenaan Sanksi Pidana,Bagian Keenam,,31,,a,,Ketentuan,Pemanggilan hanya dilakukan terhadap saksi dan/atau Tersangka;,Pasal 31 huruf a,"pemanggilan, hanya, saksi, tersangka",
Perdirjen_07_2021,Perdirjen Nomor 07 Tahun 2021,Perdirjen,2021,07,BAB V,Pengenaan Sanksi Pidana,Bagian Keenam,,31,,b,,Ketentuan,surat panggilan ditandatangani oleh Atasan PPNS selaku penyidik;,Pasal 31 huruf b,"surat, panggilan, ditandatangani, atasan, ppns",
Perdirjen_07_2021,Perdirjen Nomor 07 Tahun 2021,Perdirjen,2021,07,BAB V,Pengenaan Sanksi Pidana,Bagian Keenam,,31,,c,,Ketentuan,"dalam hal Atasan PPNS bukan penyidik, surat panggilan ditandatangani oleh PPNS Direktorat Jenderal dan diketahui oleh Atasan PPNS; - 27 -",Pasal 31 huruf c,"ppns, atasan, bukan, penyidik, surat",
Perdirjen_07_2021,Perdirjen Nomor 07 Tahun 2021,Perdirjen,2021,07,BAB V,Pengenaan Sanksi Pidana,Bagian Keenam,,31,,d,,Ketentuan,penyampaian surat panggilan dilakukan oleh petugas yang ditunjuk oleh PPNS Direktorat Jenderal yang bersangkutan dan disertai dengan tanda bukti penerimaan;,Pasal 31 huruf d,"penyampaian, surat, panggilan, petugas, ditunjuk",
Perdirjen_07_2021,Perdirjen Nomor 07 Tahun 2021,Perdirjen,2021,07,BAB V,Pengenaan Sanksi Pidana,Bagian Keenam,,31,,e,,Ketentuan,surat panggilan sudah diterima oleh yang bersangkutan paling lambat 3 (tiga) hari sebelum tanggal kehadiran yang ditentukan;,Pasal 31 huruf e,"surat, panggilan, sudah, diterima, bersangkutan",
Perdirjen_07_2021,Perdirjen Nomor 07 Tahun 2021,Perdirjen,2021,07,BAB V,Pengenaan Sanksi Pidana,Bagian Keenam,,31,,f,,Kewajiban,surat panggilan wajib diberi nomor sesuai ketentuan registrasi instansi PPNS Direktorat Jenderal yang bersangkutan;,Pasal 31 huruf f,"surat, panggilan, wajib, diberi, nomor",Instansi
Perdirjen_07_2021,Perdirjen Nomor 07 Tahun 2021,Perdirjen,2021,07,BAB V,Pengenaan Sanksi Pidana,Bagian Keenam,,31,,g,,Ketentuan,"dalam hal surat panggilan pertama tidak dipenuhi tanpa alasan yang sah, dilakukan panggilan kedua;",Pasal 31 huruf g,"panggilan, surat, pertama, dipenuhi, tanpa",
Perdirjen_07_2021,Perdirjen Nomor 07 Tahun 2021,Perdirjen,2021,07,BAB V,Pengenaan Sanksi Pidana,Bagian Keenam,,31,,h,,Ketentuan,surat panggilan sedapat mungkin disampaikan kepada Tersangka dan/atau saksi dan dibuatkan tanda penerimaan surat panggilan;,Pasal 31 huruf h,"surat, panggilan, sedapat, mungkin, disampaikan",
Perdirjen_07_2021,Perdirjen Nomor 07 Tahun 2021,Perdirjen,2021,07,BAB V,Pengenaan Sanksi Pidana,Bagian Keenam,,31,,i,,Ketentuan,"dalam hal surat panggilan sebagaimana dimaksud pada huruf h tidak dapat disampaikan kepada yang bersangkutan, surat panggilan dapat diterima oleh keluarga Tersangka dan/atau saksi, ketua RT/RW atau pejabat kelurahan/desa setempat dan dibuatkan tanda penerimaan surat panggilan;",Pasal 31 huruf i,"surat, panggilan, disampaikan, kepada, bersangkutan",
Perdirjen_07_2021,Perdirjen Nomor 07 Tahun 2021,Perdirjen,2021,07,BAB V,Pengenaan Sanksi Pidana,Bagian Keenam,,31,,j,,Ketentuan,"dalam hal saksi bersedia hadir memberikan keterangan tanpa surat panggilan, surat panggilan dibuat dan ditandatangani oleh PPNS Direktorat Jenderal dan saksi sesaat sebelum Pemeriksaan dilakukan;",Pasal 31 huruf j,"saksi, surat, panggilan, bersedia, hadir",
Perdirjen_07_2021,Perdirjen Nomor 07 Tahun 2021,Perdirjen,2021,07,BAB V,Pengenaan Sanksi Pidana,Bagian Keenam,,31,,k,,Ketentuan,"dalam hal surat panggilan pertama dan kedua tidak dipenuhi tanpa alasan yang sah, PPNS Direktorat Jenderal meminta bantuan secara tertulis kepada Penyidik Polri/Korwas PPNS untuk membawa Tersangka dan/atau saksi, yang dalam pelaksanaannya dilakukan secara bersama-sama serta dibuat berita acara;",Pasal 31 huruf k,"ppns, surat, panggilan, pertama, kedua",
Perdirjen_07_2021,Perdirjen Nomor 07 Tahun 2021,Perdirjen,2021,07,BAB V,Pengenaan Sanksi Pidana,Bagian Keenam,,31,,l,,Ketentuan,surat permintaan bantuan membawa Tersangka dan/atau saksi kepada penyidik Polri/Korwas PPNS dengan melampirkan;,Pasal 31 huruf l,"surat, permintaan, bantuan, membawa, tersangka",
Perdirjen_07_2021,Perdirjen Nomor 07 Tahun 2021,Perdirjen,2021,07,BAB V,Pengenaan Sanksi Pidana,Bagian Keenam,,31,,l,1,Ketentuan,Laporan Kejadian;,Pasal 31 huruf l angka 1,"laporan, kejadian",
Perdirjen_07_2021,Perdirjen Nomor 07 Tahun 2021,Perdirjen,2021,07,BAB V,Pengenaan Sanksi Pidana,Bagian Keenam,,31,,l,2,Ketentuan,laporan kemajuan;,Pasal 31 huruf l angka 2,"laporan, kemajuan",
Perdirjen_07_2021,Perdirjen Nomor 07 Tahun 2021,Perdirjen,2021,07,BAB V,Pengenaan Sanksi Pidana,Bagian Keenam,,31,,l,3,Ketentuan,surat panggilan pertama dan kedua; - 28 -,Pasal 31 huruf l angka 3,"surat, panggilan, pertama, kedua",
Perdirjen_07_2021,Perdirjen Nomor 07 Tahun 2021,Perdirjen,2021,07,BAB V,Pengenaan Sanksi Pidana,Bagian Keenam,,31,,l,4,Ketentuan,alasan atau pertimbangan perlunya dilakukan perintah membawa.,Pasal 31 huruf l angka 4,"alasan, pertimbangan, perlunya, perintah, membawa",
Perdirjen_07_2021,Perdirjen Nomor 07 Tahun 2021,Perdirjen,2021,07,BAB V,Pengenaan Sanksi Pidana,Bagian Keenam,,31,,m,,Ketentuan,"dalam hal saksi dan/atau Tersangka yang dipanggil berdomisili di luar wilayah kerja PPNS Direktorat Jenderal, pemanggilan dilakukan dengan bantuan PPNS Direktorat Jenderal yang sewilayah hukum dan/atau Penyidik Polri/Korwas PPNS dengan yang dipanggil;",Pasal 31 huruf m,"ppns, dipanggil, direktorat, jenderal, saksi",
Perdirjen_07_2021,Perdirjen Nomor 07 Tahun 2021,Perdirjen,2021,07,BAB V,Pengenaan Sanksi Pidana,Bagian Keenam,,31,,n,,Ketentuan,untuk pemanggilan terhadap saksi dan/atau Tersangka WNI yang berada di luar negeri dimintakan bantuan kepada perwakilan negara dimana saksi dan/atau Tersangka berada untuk menyampaikan surat panggilan;,Pasal 31 huruf n,"saksi, tersangka, berada, pemanggilan, luar",
Perdirjen_07_2021,Perdirjen Nomor 07 Tahun 2021,Perdirjen,2021,07,BAB V,Pengenaan Sanksi Pidana,Bagian Keenam,,31,,o,,Ketentuan,"Tersangka yang telah dipanggil untuk Pemeriksaan sampai 2 (dua) kali dan ternyata tidak diketahui keberadaannya dapat dicatat didalam Daftar Pencarian Orang (DPO), melalui surat permohonan pencarian orang oleh PPNS Direktorat Jenderal ke Penyidik Polri/Korwas PPNS;",Pasal 31 huruf o,"pencarian, orang, ppns, tersangka, dipanggil",
Perdirjen_07_2021,Perdirjen Nomor 07 Tahun 2021,Perdirjen,2021,07,BAB V,Pengenaan Sanksi Pidana,Bagian Keenam,,31,,p,,Ketentuan,dalam hal Tersangka yang dicari sudah ditemukan maka PPNS Direktorat Jenderal membuat surat permohonan pencabutan Daftar Pencarian Orang (DPO) kepada Penyidik Polri/Korwas PPNS; dan,Pasal 31 huruf p,"ppns, tersangka, dicari, sudah, ditemukan",
Perdirjen_07_2021,Perdirjen Nomor 07 Tahun 2021,Perdirjen,2021,07,BAB V,Pengenaan Sanksi Pidana,Bagian Keenam,,31,,q,,Ketentuan,Pemanggilan terhadap saksi dan/atau Tersangka Warga Negara Asing (WNA) dilakukan melalui perwakilan negaranya yang ada di Indonesia dan dikoordinasikan dengan Penyidik Polri/Korwas PPNS.,Pasal 31 huruf q,"pemanggilan, saksi, tersangka, warga, negara",Warga Negara
Perdirjen_07_2021,Perdirjen Nomor 07 Tahun 2021,Perdirjen,2021,07,BAB V,Pengenaan Sanksi Pidana,Bagian Keenam,,32,1,,,Ketentuan,"Permintaan bantuan sebagaimana dimaksud dalam Pasal 31 huruf l, dibuat secara tertulis dengan mencantumkan:",Pasal 32 ayat (1),"permintaan, bantuan, dibuat, tertulis, mencantumkan",
Perdirjen_07_2021,Perdirjen Nomor 07 Tahun 2021,Perdirjen,2021,07,BAB V,Pengenaan Sanksi Pidana,Bagian Keenam,,32,1,a,,Ketentuan,identitas Tersangka atau saksi;,Pasal 32 ayat (1) huruf a,"identitas, tersangka, saksi",
Perdirjen_07_2021,Perdirjen Nomor 07 Tahun 2021,Perdirjen,2021,07,BAB V,Pengenaan Sanksi Pidana,Bagian Keenam,,32,1,b,,Ketentuan,domisili Tersangka atau saksi;,Pasal 32 ayat (1) huruf b,"domisili, tersangka, saksi",
Perdirjen_07_2021,Perdirjen Nomor 07 Tahun 2021,Perdirjen,2021,07,BAB V,Pengenaan Sanksi Pidana,Bagian Keenam,,32,1,c,,Ketentuan,pasal yang dilanggar; dan,Pasal 32 ayat (1) huruf c,dilanggar,
Perdirjen_07_2021,Perdirjen Nomor 07 Tahun 2021,Perdirjen,2021,07,BAB V,Pengenaan Sanksi Pidana,Bagian Keenam,,32,1,d,,Ketentuan,alasan atau pertimbangan perlunya dilakukan perintah membawa.,Pasal 32 ayat (1) huruf d,"alasan, pertimbangan, perlunya, perintah, membawa",
Perdirjen_07_2021,Perdirjen Nomor 07 Tahun 2021,Perdirjen,2021,07,BAB V,Pengenaan Sanksi Pidana,Bagian Keenam,,32,2,,,Ketentuan,"Surat permintaan bantuan sebagaimana dimaksud pada ayat (1), disampaikan kepada Penyidik Polri/Korwas PPNS dengan melampirkan; - 29 -",Pasal 32 ayat (2),"surat, permintaan, bantuan, disampaikan, kepada",
Perdirjen_07_2021,Perdirjen Nomor 07 Tahun 2021,Perdirjen,2021,07,BAB V,Pengenaan Sanksi Pidana,Bagian Keenam,,32,2,a,,Ketentuan,Laporan Kejadian;,Pasal 32 ayat (2) huruf a,"laporan, kejadian",
Perdirjen_07_2021,Perdirjen Nomor 07 Tahun 2021,Perdirjen,2021,07,BAB V,Pengenaan Sanksi Pidana,Bagian Keenam,,32,2,b,,Ketentuan,laporan kemajuan; dan,Pasal 32 ayat (2) huruf b,"laporan, kemajuan",
Perdirjen_07_2021,Perdirjen Nomor 07 Tahun 2021,Perdirjen,2021,07,BAB V,Pengenaan Sanksi Pidana,Bagian Keenam,,32,2,c,,Ketentuan,surat panggilan pertama dan kedua.,Pasal 32 ayat (2) huruf c,"surat, panggilan, pertama, kedua",
Perdirjen_07_2021,Perdirjen Nomor 07 Tahun 2021,Perdirjen,2021,07,BAB V,Pengenaan Sanksi Pidana,Bagian Keenam,,32,3,,,Ketentuan,"Sebelum PPNS Direktorat Jenderal meminta bantuan secara tertulis kepada Penyidik Polri/Korwas PPNS sebagaimana dimaksud pada ayat (1), permintaan dapat didahului secara lisan dengan menyebutkan/menjelaskan kasus dan identitas seseorang yang akan dipanggil dengan status sebagai Tersangka atau saksi.",Pasal 32 ayat (3),"ppns, sebelum, direktorat, jenderal, meminta",
Perdirjen_07_2021,Perdirjen Nomor 07 Tahun 2021,Perdirjen,2021,07,BAB V,Pengenaan Sanksi Pidana,Bagian Keenam,,33,,,,Kewajiban,"Dalam hal proses pemanggilan melibatkan lebih dari 1 (satu) UPT terhadap kasus yang sama, maka proses pemanggilan oleh PPNS Direktorat Jenderal wajib dilaporkan dan dikoordinasikan dengan Direktur.",Pasal 33,"proses, pemanggilan, melibatkan, lebih, satu",
Perdirjen_07_2021,Perdirjen Nomor 07 Tahun 2021,Perdirjen,2021,07,BAB V,Pengenaan Sanksi Pidana,Bagian Keenam,,34,1,,,Ketentuan,Terhadap ahli tidak dibuatkan surat panggilan melainkan PPNS Direktorat Jenderal membuat dan menyampaikan surat permohonan keterangan ahli kepada institusi ahli.,Pasal 34 ayat (1),"ahli, surat, dibuatkan, panggilan, melainkan",
Perdirjen_07_2021,Perdirjen Nomor 07 Tahun 2021,Perdirjen,2021,07,BAB V,Pengenaan Sanksi Pidana,Bagian Keenam,,34,2,,,Ketentuan,Surat permohonan ahli sebagaimana dimaksud pada ayat,Pasal 34 ayat (2),"surat, permohonan, ahli",
Perdirjen_07_2021,Perdirjen Nomor 07 Tahun 2021,Perdirjen,2021,07,BAB V,Pengenaan Sanksi Pidana,Bagian Keenam,,34,1,,,Ketentuan,sesuai format sebagaimana tercantum dalam Lampiran V yang merupakan bagian yang tidak terpisahkan dari Peraturan Direktur Jenderal ini.,Pasal 34 ayat (1),"format, tercantum, lampiran, terpisahkan, direktur",
Perdirjen_07_2021,Perdirjen Nomor 07 Tahun 2021,Perdirjen,2021,07,BAB V,Pengenaan Sanksi Pidana,Bagian Ketujuh,,35,1,,,Ketentuan,"Dalam hal mengumpulkan keterangan, PPNS Direktorat Jenderal melakukan Pemeriksaan terhadap:",Pasal 35 ayat (1),"mengumpulkan, keterangan, ppns, direktorat, jenderal",
Perdirjen_07_2021,Perdirjen Nomor 07 Tahun 2021,Perdirjen,2021,07,BAB V,Pengenaan Sanksi Pidana,Bagian Ketujuh,,35,1,a,,Ketentuan,saksi;,Pasal 35 ayat (1) huruf a,saksi,
Perdirjen_07_2021,Perdirjen Nomor 07 Tahun 2021,Perdirjen,2021,07,BAB V,Pengenaan Sanksi Pidana,Bagian Ketujuh,,35,1,b,,Ketentuan,ahli; dan,Pasal 35 ayat (1) huruf b,ahli,
Perdirjen_07_2021,Perdirjen Nomor 07 Tahun 2021,Perdirjen,2021,07,BAB V,Pengenaan Sanksi Pidana,Bagian Ketujuh,,35,1,c,,Ketentuan,Tersangka.,Pasal 35 ayat (1) huruf c,tersangka,
Perdirjen_07_2021,Perdirjen Nomor 07 Tahun 2021,Perdirjen,2021,07,BAB V,Pengenaan Sanksi Pidana,Bagian Ketujuh,,35,2,,,Ketentuan,"Hasil Pemeriksaan terhadap saksi sebagaimana dimaksud pada ayat (1) huruf a, dituangkan dalam berita acara Pemeriksaan saksi. - 30 -",Pasal 35 ayat (2),"pemeriksaan, saksi, hasil, dituangkan, berita",
Perdirjen_07_2021,Perdirjen Nomor 07 Tahun 2021,Perdirjen,2021,07,BAB V,Pengenaan Sanksi Pidana,Bagian Ketujuh,,35,3,,,Ketentuan,Terhadap saksi yang diduga cukup alasan untuk tidak dapat hadir dipersidangan dapat dilakukan penyumpahan sebelum pelaksanaan Pemeriksaan dilakukan dan dituangkan dalam berita acara pengambilan sumpah/janji saksi.,Pasal 35 ayat (3),"saksi, diduga, cukup, alasan, hadir",
Perdirjen_07_2021,Perdirjen Nomor 07 Tahun 2021,Perdirjen,2021,07,BAB V,Pengenaan Sanksi Pidana,Bagian Ketujuh,,35,4,,,Ketentuan,"Saksi yang dipanggil 2 (dua) kali namun tidak memenuhi panggilan karena alasan yang patut dan wajar, dapat dilakukan Pemeriksaan ditempat kediaman saksi atau tempat lain yang tidak melanggar kepatuhan (kantor kepolisian terdekat dan kantor instansi pemerintah terdekat), atas persetujuan Atasan PPNS.",Pasal 35 ayat (4),"saksi, kantor, terdekat, dipanggil, kali","Pemerintah, Instansi"
Perdirjen_07_2021,Perdirjen Nomor 07 Tahun 2021,Perdirjen,2021,07,BAB V,Pengenaan Sanksi Pidana,Bagian Ketujuh,,35,5,,,Ketentuan,"Hasil Pemeriksaan terhadap ahli sebagaimana dimaksud pada ayat (1) huruf b, dituangkan dalam berita acara Pemeriksaan ahli.",Pasal 35 ayat (5),"pemeriksaan, ahli, hasil, dituangkan, berita",
Perdirjen_07_2021,Perdirjen Nomor 07 Tahun 2021,Perdirjen,2021,07,BAB V,Pengenaan Sanksi Pidana,Bagian Ketujuh,,35,6,,,Ketentuan,Ahli diperiksa berdasarkan surat permohonan keterangan ahli yang dibuat oleh PPNS Direktorat Jenderal kepada Instansi ahli.,Pasal 35 ayat (6),"ahli, diperiksa, surat, permohonan, keterangan",Instansi
Perdirjen_07_2021,Perdirjen Nomor 07 Tahun 2021,Perdirjen,2021,07,BAB V,Pengenaan Sanksi Pidana,Bagian Ketujuh,,35,7,,,Kewajiban,Sebelum ahli diambil keterangannya wajib mengucapkan sumpah atau janji menurut tata cara agamanya masing- masing dan dituangkan dalam bentuk berita acara pengambilan sumpah/janji ahli.,Pasal 35 ayat (7),"ahli, sumpah, janji, masing, sebelum",
Perdirjen_07_2021,Perdirjen Nomor 07 Tahun 2021,Perdirjen,2021,07,BAB V,Pengenaan Sanksi Pidana,Bagian Ketujuh,,35,8,,,Ketentuan,"Hasil Pemeriksaan terhadap Tersangka sebagaimana dimaksud pada ayat (1) huruf c, dituangkan dalam berita acara Pemeriksaan Tersangka.",Pasal 35 ayat (8),"pemeriksaan, tersangka, hasil, dituangkan, berita",
Perdirjen_07_2021,Perdirjen Nomor 07 Tahun 2021,Perdirjen,2021,07,BAB V,Pengenaan Sanksi Pidana,Bagian Ketujuh,,35,9,,,Sanksi,"Sebelum melakukan Pemeriksaan terhadap saksi, ahli, dan Tersangka, PPNS Direktorat Jenderal wajib membuat daftar pertanyaan yang terkait dengan unsur pidana yang dipersangkakan untuk ditanyakan dalam Pemeriksaan.",Pasal 35 ayat (9),"pemeriksaan, sebelum, melakukan, saksi, ahli",
Perdirjen_07_2021,Perdirjen Nomor 07 Tahun 2021,Perdirjen,2021,07,BAB V,Pengenaan Sanksi Pidana,Bagian Ketujuh,,35,10,,,Ketentuan,"Dalam hal diperlukan Pemeriksaan psikologi guna mendapatkan keterangan dari saksi dan/atau Tersangka, PPNS Direktorat Jenderal mengajukan permintaan bantuan psikolog secara tertulis dengan menguraikan risalah permasalahan kepada Penyidik Polri/Korwas PPNS. - 31 -",Pasal 35 ayat (10),"ppns, diperlukan, pemeriksaan, psikologi, guna",
Perdirjen_07_2021,Perdirjen Nomor 07 Tahun 2021,Perdirjen,2021,07,BAB V,Pengenaan Sanksi Pidana,Bagian Ketujuh,,36,1,,,Ketentuan,"Dalam hal diperlukan Pemeriksaan Barang Bukti, dapat dilaksanakan melalui bantuan teknis Pemeriksaan:",Pasal 36 ayat (1),"pemeriksaan, diperlukan, barang, bukti, dilaksanakan",
Perdirjen_07_2021,Perdirjen Nomor 07 Tahun 2021,Perdirjen,2021,07,BAB V,Pengenaan Sanksi Pidana,Bagian Ketujuh,,36,1,a,,Ketentuan,laboratorium forensik;,Pasal 36 ayat (1) huruf a,"laboratorium, forensik",
Perdirjen_07_2021,Perdirjen Nomor 07 Tahun 2021,Perdirjen,2021,07,BAB V,Pengenaan Sanksi Pidana,Bagian Ketujuh,,36,1,b,,Ketentuan,digital forensik; dan/atau,Pasal 36 ayat (1) huruf b,"digital, forensik",
Perdirjen_07_2021,Perdirjen Nomor 07 Tahun 2021,Perdirjen,2021,07,BAB V,Pengenaan Sanksi Pidana,Bagian Ketujuh,,36,1,c,,Ketentuan,Indonesia Automatic Fingerprint System (INAFIS).,Pasal 36 ayat (1) huruf c,"indonesia, automatic, fingerprint, system, inafis",
Perdirjen_07_2021,Perdirjen Nomor 07 Tahun 2021,Perdirjen,2021,07,BAB V,Pengenaan Sanksi Pidana,Bagian Ketujuh,,36,2,,,Ketentuan,Dalam hal diperlukan penjelasan mengenai Pemeriksaan Barang Bukti sebagaimana dimaksud dalam ayat (1) dapat dikoordinasikan terlebih dahulu dengan Penyidik Polri/Korwas PPNS.,Pasal 36 ayat (2),"diperlukan, penjelasan, mengenai, pemeriksaan, barang",
Perdirjen_07_2021,Perdirjen Nomor 07 Tahun 2021,Perdirjen,2021,07,BAB V,Pengenaan Sanksi Pidana,Bagian Ketujuh,,36,3,,,Ketentuan,Bantuan teknis Pemeriksaan Barang Bukti sebagaimana dimaksud pada ayat (1) dibuat secara tertulis oleh PPNS Direktorat Jenderal kepada Penyidik Polri/Korwas PPNS.,Pasal 36 ayat (3),"ppns, bantuan, teknis, pemeriksaan, barang",
Perdirjen_07_2021,Perdirjen Nomor 07 Tahun 2021,Perdirjen,2021,07,BAB V,Pengenaan Sanksi Pidana,Bagian Ketujuh,,36,4,,,Ketentuan,"Sebelum permintaan bantuan Pemeriksaan Barang Bukti, PPNS Direktorat Jenderal melakukan rapat atau Gelar Perkara bersama Penyidik Polri/Korwas PPNS.",Pasal 36 ayat (4),"ppns, sebelum, permintaan, bantuan, pemeriksaan",
Perdirjen_07_2021,Perdirjen Nomor 07 Tahun 2021,Perdirjen,2021,07,BAB V,Pengenaan Sanksi Pidana,Bagian Ketujuh,,36,5,,,Ketentuan,Kelengkapan administrasi bantuan teknis Pemeriksaan Barang Bukti melalui laboratorium forensik sebagaimana dimaksud pada ayat (1) huruf a meliputi:,Pasal 36 ayat (5),"kelengkapan, administrasi, bantuan, teknis, pemeriksaan",
Perdirjen_07_2021,Perdirjen Nomor 07 Tahun 2021,Perdirjen,2021,07,BAB V,Pengenaan Sanksi Pidana,Bagian Ketujuh,,36,5,a,,Ketentuan,Laporan Kejadian;,Pasal 36 ayat (5) huruf a,"laporan, kejadian",
Perdirjen_07_2021,Perdirjen Nomor 07 Tahun 2021,Perdirjen,2021,07,BAB V,Pengenaan Sanksi Pidana,Bagian Ketujuh,,36,5,b,,Ketentuan,laporan kemajuan; dan,Pasal 36 ayat (5) huruf b,"laporan, kemajuan",
Perdirjen_07_2021,Perdirjen Nomor 07 Tahun 2021,Perdirjen,2021,07,BAB V,Pengenaan Sanksi Pidana,Bagian Ketujuh,,36,5,c,,Ketentuan,"berita acara Penyitaan, penyisihan, pembungkusan dan Penyegelan Barang Bukti.",Pasal 36 ayat (5) huruf c,"berita, acara, penyitaan, penyisihan, pembungkusan",
Perdirjen_07_2021,Perdirjen Nomor 07 Tahun 2021,Perdirjen,2021,07,BAB V,Pengenaan Sanksi Pidana,Bagian Ketujuh,,36,6,,,Ketentuan,Kelengkapan administrasi bantuan teknis Pemeriksaan Barang Bukti melalui digital forensik sebagaimana dimaksud pada ayat (1) huruf b meliputi:,Pasal 36 ayat (6),"kelengkapan, administrasi, bantuan, teknis, pemeriksaan",
Perdirjen_07_2021,Perdirjen Nomor 07 Tahun 2021,Perdirjen,2021,07,BAB V,Pengenaan Sanksi Pidana,Bagian Ketujuh,,36,6,a,,Ketentuan,Laporan Kejadian;,Pasal 36 ayat (6) huruf a,"laporan, kejadian",
Perdirjen_07_2021,Perdirjen Nomor 07 Tahun 2021,Perdirjen,2021,07,BAB V,Pengenaan Sanksi Pidana,Bagian Ketujuh,,36,6,b,,Ketentuan,laporan kemajuan; dan,Pasal 36 ayat (6) huruf b,"laporan, kemajuan",
Perdirjen_07_2021,Perdirjen Nomor 07 Tahun 2021,Perdirjen,2021,07,BAB V,Pengenaan Sanksi Pidana,Bagian Ketujuh,,36,6,c,,Ketentuan,"berita acara penyitaan, pembungkusan dan penyegelan Barang Bukti.",Pasal 36 ayat (6) huruf c,"berita, acara, penyitaan, pembungkusan, penyegelan",
Perdirjen_07_2021,Perdirjen Nomor 07 Tahun 2021,Perdirjen,2021,07,BAB V,Pengenaan Sanksi Pidana,Bagian Ketujuh,,36,7,,,Ketentuan,Kelengkapan administrasi bantuan teknis Pemeriksaan Barang Bukti melalui Indonesia Automatic Fingerprint System (INAFIS) sebagaimana dimaksud pada ayat (1) huruf c meliputi:,Pasal 36 ayat (7),"kelengkapan, administrasi, bantuan, teknis, pemeriksaan",
Perdirjen_07_2021,Perdirjen Nomor 07 Tahun 2021,Perdirjen,2021,07,BAB V,Pengenaan Sanksi Pidana,Bagian Ketujuh,,36,7,a,,Ketentuan,Laporan Kejadian;,Pasal 36 ayat (7) huruf a,"laporan, kejadian",
Perdirjen_07_2021,Perdirjen Nomor 07 Tahun 2021,Perdirjen,2021,07,BAB V,Pengenaan Sanksi Pidana,Bagian Ketujuh,,36,7,b,,Ketentuan,laporan kemajuan; - 32 -,Pasal 36 ayat (7) huruf b,"laporan, kemajuan",
Perdirjen_07_2021,Perdirjen Nomor 07 Tahun 2021,Perdirjen,2021,07,BAB V,Pengenaan Sanksi Pidana,Bagian Ketujuh,,36,7,c,,Ketentuan,berita acara Pemeriksaan saksi atau Tersangka; dan/atau,Pasal 36 ayat (7) huruf c,"berita, acara, pemeriksaan, saksi, tersangka",
Perdirjen_07_2021,Perdirjen Nomor 07 Tahun 2021,Perdirjen,2021,07,BAB V,Pengenaan Sanksi Pidana,Bagian Ketujuh,,36,7,d,,Ketentuan,dalam Pemeriksaan sidik jari disertai dengan Barang Bukti sidik jari laten dan sidik jari pembanding.,Pasal 36 ayat (7) huruf d,"sidik, jari, pemeriksaan, disertai, barang",
Perdirjen_07_2021,Perdirjen Nomor 07 Tahun 2021,Perdirjen,2021,07,BAB V,Pengenaan Sanksi Pidana,Bagian Kedelapan,,37,1,,,Ketentuan,"PPNS Direktorat Jenderal mempunyai kewenangan melakukan Penggeledahan, pelaksanaannya sesuai dengan KUHAP, dengan ketentuan sebagai berikut:",Pasal 37 ayat (1),"ppns, direktorat, jenderal, mempunyai, kewenangan",
Perdirjen_07_2021,Perdirjen Nomor 07 Tahun 2021,Perdirjen,2021,07,BAB V,Pengenaan Sanksi Pidana,Bagian Kedelapan,,37,1,a,,Ketentuan,PPNS Direktorat Jenderal menyampaikan surat permintaan izin khusus Penggeledahan kepada Ketua Pengadilan Negeri setempat;,Pasal 37 ayat (1) huruf a,"ppns, direktorat, jenderal, menyampaikan, surat",
Perdirjen_07_2021,Perdirjen Nomor 07 Tahun 2021,Perdirjen,2021,07,BAB V,Pengenaan Sanksi Pidana,Bagian Kedelapan,,37,1,b,,Ketentuan,"sebelum surat permintaan izin khusus Penggeledahan dikirim kepada Ketua Pengadilan Negeri setempat, PPNS Direktorat Jenderal dapat berkoordinasi kepada Penyidik Polri/Korwas PPNS tentang alasan perlunya dilakukan Penggeledahan;",Pasal 37 ayat (1) huruf b,"penggeledahan, kepada, ppns, sebelum, surat",
Perdirjen_07_2021,Perdirjen Nomor 07 Tahun 2021,Perdirjen,2021,07,BAB V,Pengenaan Sanksi Pidana,Bagian Kedelapan,,37,1,c,,Ketentuan,"surat permintaan izin khusus Penggeledahan sebagaimana dimaksud pada huruf a, ditanda tangani oleh:",Pasal 37 ayat (1) huruf c,"surat, permintaan, izin, khusus, penggeledahan",
Perdirjen_07_2021,Perdirjen Nomor 07 Tahun 2021,Perdirjen,2021,07,BAB V,Pengenaan Sanksi Pidana,Bagian Kedelapan,,37,1,c,1,Ketentuan,Atasan PPNS selaku penyidik; atau,Pasal 37 ayat (1) huruf c angka 1,"atasan, ppns, selaku, penyidik",
Perdirjen_07_2021,Perdirjen Nomor 07 Tahun 2021,Perdirjen,2021,07,BAB V,Pengenaan Sanksi Pidana,Bagian Kedelapan,,37,1,c,2,Ketentuan,"PPNS Direktorat Jenderal, yang diketahui oleh Atasan PPNS, dalam hal Atasan PPNS bukan penyidik.",Pasal 37 ayat (1) huruf c angka 2,"ppns, atasan, direktorat, jenderal, diketahui",
Perdirjen_07_2021,Perdirjen Nomor 07 Tahun 2021,Perdirjen,2021,07,BAB V,Pengenaan Sanksi Pidana,Bagian Kedelapan,,37,1,d,,Ketentuan,"setelah surat penetapan izin khusus Penggeledahan diterbitkan oleh Ketua Pengadilan setempat, PPNS Direktorat Jenderal membuat surat perintah Penggeledahan yang ditandatangani oleh:",Pasal 37 ayat (1) huruf d,"surat, penggeledahan, setelah, penetapan, izin",
Perdirjen_07_2021,Perdirjen Nomor 07 Tahun 2021,Perdirjen,2021,07,BAB V,Pengenaan Sanksi Pidana,Bagian Kedelapan,,37,1,d,1,Ketentuan,Atasan PPNS selaku penyidik; atau,Pasal 37 ayat (1) huruf d angka 1,"atasan, ppns, selaku, penyidik",
Perdirjen_07_2021,Perdirjen Nomor 07 Tahun 2021,Perdirjen,2021,07,BAB V,Pengenaan Sanksi Pidana,Bagian Kedelapan,,37,1,d,2,Ketentuan,"PPNS Direktorat Jenderal, yang diketahui oleh Atasan PPNS, dalam hal Atasan PPNS bukan penyidik.",Pasal 37 ayat (1) huruf d angka 2,"ppns, atasan, direktorat, jenderal, diketahui",
Perdirjen_07_2021,Perdirjen Nomor 07 Tahun 2021,Perdirjen,2021,07,BAB V,Pengenaan Sanksi Pidana,Bagian Kedelapan,,37,1,e,,Ketentuan,"dikecualikan dari ketentuan sebagaimana dimaksud pada huruf a, dalam keadaan yang sangat perlu dan - 33 - mendesak dilakukan Penggeledahan, PPNS Direktorat Jenderal membuat surat perintah Penggeledahan yang ditanda tangani oleh:",Pasal 37 ayat (1) huruf e,"penggeledahan, dikecualikan, keadaan, sangat, perlu",
Perdirjen_07_2021,Perdirjen Nomor 07 Tahun 2021,Perdirjen,2021,07,BAB V,Pengenaan Sanksi Pidana,Bagian Kedelapan,,37,1,e,1,Ketentuan,Atasan PPNS selaku penyidik; atau,Pasal 37 ayat (1) huruf e angka 1,"atasan, ppns, selaku, penyidik",
Perdirjen_07_2021,Perdirjen Nomor 07 Tahun 2021,Perdirjen,2021,07,BAB V,Pengenaan Sanksi Pidana,Bagian Kedelapan,,37,1,e,2,Ketentuan,"PPNS Direktorat Jenderal, yang diketahui oleh Atasan PPNS, dalam hal Atasan PPNS bukan penyidik.",Pasal 37 ayat (1) huruf e angka 2,"ppns, atasan, direktorat, jenderal, diketahui",
Perdirjen_07_2021,Perdirjen Nomor 07 Tahun 2021,Perdirjen,2021,07,BAB V,Pengenaan Sanksi Pidana,Bagian Kedelapan,,37,1,f,,Ketentuan,"setelah dilakukan Penggeledahan dengan dasar keadaan yang sangat perlu dan mendesak sebagaimana dimaksud pada huruf e, guna memperoleh persetujuan, PPNS Direktorat Jenderal membuat dan mengajukan surat permohonan persetujuan Penggeledahan kepada Ketua Pengadilan Negeri setempat paling lambat 7 (tujuh) hari setelah dilaksanakannya Penggeledahan.",Pasal 37 ayat (1) huruf f,"penggeledahan, setelah, persetujuan, dasar, keadaan",
Perdirjen_07_2021,Perdirjen Nomor 07 Tahun 2021,Perdirjen,2021,07,BAB V,Pengenaan Sanksi Pidana,Bagian Kedelapan,,37,2,,,Ketentuan,Penggeledahan sebagaimana dimaksud dalam ayat (1) dilakukan dengan cara:,Pasal 37 ayat (2),"penggeledahan, cara",
Perdirjen_07_2021,Perdirjen Nomor 07 Tahun 2021,Perdirjen,2021,07,BAB V,Pengenaan Sanksi Pidana,Bagian Kedelapan,,37,2,a,,Ketentuan,menunjukan surat perintah tugas;,Pasal 37 ayat (2) huruf a,"menunjukan, surat, perintah, tugas",
Perdirjen_07_2021,Perdirjen Nomor 07 Tahun 2021,Perdirjen,2021,07,BAB V,Pengenaan Sanksi Pidana,Bagian Kedelapan,,37,2,b,,Ketentuan,menunjukan surat perintah Penggeledahan;,Pasal 37 ayat (2) huruf b,"menunjukan, surat, perintah, penggeledahan",
Perdirjen_07_2021,Perdirjen Nomor 07 Tahun 2021,Perdirjen,2021,07,BAB V,Pengenaan Sanksi Pidana,Bagian Kedelapan,,37,2,c,,Ketentuan,menggeledah tempat atau ruangan yang terdapat Barang Bukti;,Pasal 37 ayat (2) huruf c,"menggeledah, tempat, ruangan, terdapat, barang",
Perdirjen_07_2021,Perdirjen Nomor 07 Tahun 2021,Perdirjen,2021,07,BAB V,Pengenaan Sanksi Pidana,Bagian Kedelapan,,37,2,d,,Sanksi,meneliti dan mengidentifikasi terlebih dahulu barang yang berkaitan dengan tindak pidana;,Pasal 37 ayat (2) huruf d,"meneliti, mengidentifikasi, terlebih, dahulu, barang",
Perdirjen_07_2021,Perdirjen Nomor 07 Tahun 2021,Perdirjen,2021,07,BAB V,Pengenaan Sanksi Pidana,Bagian Kedelapan,,37,2,e,,Ketentuan,mengumpulkan dan memperlihatkan barang-barang hasil Penggeledahan kepada penguasa atau pemilik rumah; dan,Pasal 37 ayat (2) huruf e,"barang, mengumpulkan, memperlihatkan, hasil, penggeledahan",
Perdirjen_07_2021,Perdirjen Nomor 07 Tahun 2021,Perdirjen,2021,07,BAB V,Pengenaan Sanksi Pidana,Bagian Kedelapan,,37,2,f,,Ketentuan,membawa barang hasil Penggeledahan yang ditemukan ditempat Penggeledahan ke kantor PPNS Direktorat Jenderal.,Pasal 37 ayat (2) huruf f,"penggeledahan, membawa, barang, hasil, ditemukan",
Perdirjen_07_2021,Perdirjen Nomor 07 Tahun 2021,Perdirjen,2021,07,BAB V,Pengenaan Sanksi Pidana,Bagian Kedelapan,,38,1,,,Kewajiban,"Pada saat melakukan Penggeledahan rumah atau tempat tertutup lainnya, harus disaksikan 2 (dua) orang saksi apabila Tersangka atau penghuni menyetujuinya.",Pasal 38 ayat (1),"saat, melakukan, penggeledahan, rumah, tempat",
Perdirjen_07_2021,Perdirjen Nomor 07 Tahun 2021,Perdirjen,2021,07,BAB V,Pengenaan Sanksi Pidana,Bagian Kedelapan,,38,2,,,Kewajiban,"Dalam hal Tersangka atau penghuni menolak atau tidak hadir, maka Penggeledahan rumah atau tempat tertutup - 34 - lainnya harus disaksikan oleh kepala desa atau ketua lingkungan dengan 2 (dua) orang saksi.",Pasal 38 ayat (2),"tersangka, penghuni, menolak, hadir, penggeledahan",
Perdirjen_07_2021,Perdirjen Nomor 07 Tahun 2021,Perdirjen,2021,07,BAB V,Pengenaan Sanksi Pidana,Bagian Kedelapan,,38,3,,,Ketentuan,"Setelah Penggeledahan dilaksanakan, dalam waktu paling lambat 2 (dua) hari PPNS Direktorat Jenderal membuat berita acara Penggeledahan dengan tembusan pemilik atau penghuni rumah yang bersangkutan.",Pasal 38 ayat (3),"penggeledahan, setelah, dilaksanakan, waktu, paling",
Perdirjen_07_2021,Perdirjen Nomor 07 Tahun 2021,Perdirjen,2021,07,BAB V,Pengenaan Sanksi Pidana,Bagian Kesembilan,,39,1,,,Ketentuan,"PPNS Direktorat Jenderal mempunyai kewenangan melakukan Penyitaan, pelaksanaanya sesuai dengan KUHAP, dengan ketentuan sebagai berikut:",Pasal 39 ayat (1),"ppns, direktorat, jenderal, mempunyai, kewenangan",
Perdirjen_07_2021,Perdirjen Nomor 07 Tahun 2021,Perdirjen,2021,07,BAB V,Pengenaan Sanksi Pidana,Bagian Kesembilan,,39,1,a,,Ketentuan,PPNS Direktorat Jenderal menyampaikan surat permintaan izin khusus Penyitaan kepada Ketua Pengadilan Negeri setempat;,Pasal 39 ayat (1) huruf a,"ppns, direktorat, jenderal, menyampaikan, surat",
Perdirjen_07_2021,Perdirjen Nomor 07 Tahun 2021,Perdirjen,2021,07,BAB V,Pengenaan Sanksi Pidana,Bagian Kesembilan,,39,1,b,,Ketentuan,"sebelum surat permintaan izin khusus Penyitaan dikirim kepada Ketua Pengadilan Negeri setempat, PPNS Direktorat Jenderal dapat berkoordinasi kepada Penyidik Polri/Korwas PPNS tentang alasan perlunya dilakukan Penyitaan.",Pasal 39 ayat (1) huruf b,"penyitaan, kepada, ppns, sebelum, surat",
Perdirjen_07_2021,Perdirjen Nomor 07 Tahun 2021,Perdirjen,2021,07,BAB V,Pengenaan Sanksi Pidana,Bagian Kesembilan,,39,1,c,,Ketentuan,"surat permintaan izin khusus Penyitaan sebagaimana dimaksud pada huruf a, ditandatangani oleh:",Pasal 39 ayat (1) huruf c,"surat, permintaan, izin, khusus, penyitaan",
Perdirjen_07_2021,Perdirjen Nomor 07 Tahun 2021,Perdirjen,2021,07,BAB V,Pengenaan Sanksi Pidana,Bagian Kesembilan,,39,1,c,1,Ketentuan,Atasan PPNS selaku penyidik; atau,Pasal 39 ayat (1) huruf c angka 1,"atasan, ppns, selaku, penyidik",
Perdirjen_07_2021,Perdirjen Nomor 07 Tahun 2021,Perdirjen,2021,07,BAB V,Pengenaan Sanksi Pidana,Bagian Kesembilan,,39,1,c,2,Ketentuan,"PPNS Direktorat Jenderal, yang diketahui oleh Atasan PPNS, dalam hal Atasan PPNS bukan penyidik.",Pasal 39 ayat (1) huruf c angka 2,"ppns, atasan, direktorat, jenderal, diketahui",
Perdirjen_07_2021,Perdirjen Nomor 07 Tahun 2021,Perdirjen,2021,07,BAB V,Pengenaan Sanksi Pidana,Bagian Kesembilan,,39,1,d,,Ketentuan,"setelah surat izin khusus Penyitaan dikeluarkan oleh Ketua Pengadilan setempat, PPNS Direktorat Jenderal membuat surat perintah Penyitaan yang ditandatangani oleh:",Pasal 39 ayat (1) huruf d,"surat, penyitaan, setelah, izin, khusus",
Perdirjen_07_2021,Perdirjen Nomor 07 Tahun 2021,Perdirjen,2021,07,BAB V,Pengenaan Sanksi Pidana,Bagian Kesembilan,,39,1,d,1,Ketentuan,Atasan PPNS selaku penyidik; atau,Pasal 39 ayat (1) huruf d angka 1,"atasan, ppns, selaku, penyidik",
Perdirjen_07_2021,Perdirjen Nomor 07 Tahun 2021,Perdirjen,2021,07,BAB V,Pengenaan Sanksi Pidana,Bagian Kesembilan,,39,1,d,2,Ketentuan,"PPNS Direktorat Jenderal, yang diketahui oleh Atasan PPNS, dalam hal Atasan PPNS bukan penyidik. - 35 -",Pasal 39 ayat (1) huruf d angka 2,"ppns, atasan, direktorat, jenderal, diketahui",
Perdirjen_07_2021,Perdirjen Nomor 07 Tahun 2021,Perdirjen,2021,07,BAB V,Pengenaan Sanksi Pidana,Bagian Kesembilan,,39,1,e,,Ketentuan,"dikecualikan dari ketentuan sebagaimana dimaksud pada huruf a, dalam keadaan yang sangat perlu dan mendesak dilakukan Penyitaan terhadap benda bergerak atau mudah dipindahkan, PPNS Direktorat Jenderal membuat surat perintah Penyitaan yang ditanda tangani oleh:",Pasal 39 ayat (1) huruf e,"penyitaan, dikecualikan, keadaan, sangat, perlu",
Perdirjen_07_2021,Perdirjen Nomor 07 Tahun 2021,Perdirjen,2021,07,BAB V,Pengenaan Sanksi Pidana,Bagian Kesembilan,,39,1,e,1,Ketentuan,Atasan PPNS selaku penyidik; atau,Pasal 39 ayat (1) huruf e angka 1,"atasan, ppns, selaku, penyidik",
Perdirjen_07_2021,Perdirjen Nomor 07 Tahun 2021,Perdirjen,2021,07,BAB V,Pengenaan Sanksi Pidana,Bagian Kesembilan,,39,1,e,2,Ketentuan,"PPNS Direktorat Jenderal, yang diketahui oleh Atasan PPNS, dalam hal Atasan PPNS bukan penyidik.",Pasal 39 ayat (1) huruf e angka 2,"ppns, atasan, direktorat, jenderal, diketahui",
Perdirjen_07_2021,Perdirjen Nomor 07 Tahun 2021,Perdirjen,2021,07,BAB V,Pengenaan Sanksi Pidana,Bagian Kesembilan,,39,1,f,,Ketentuan,"setelah dilakukan Penyitaan dengan dasar keadaan yang sangat perlu dan mendesak sebagaimana dimaksud pada huruf e, guna memperoleh persetujuan, PPNS Direktorat Jenderal mengajukan surat permohonan persetujuan Penyitaan kepada Ketua Pengadilan Negeri setempat paling lambat 7 (tujuh) hari setelah dilaksanakannya Penyitaan;",Pasal 39 ayat (1) huruf f,"penyitaan, setelah, persetujuan, dasar, keadaan",
Perdirjen_07_2021,Perdirjen Nomor 07 Tahun 2021,Perdirjen,2021,07,BAB V,Pengenaan Sanksi Pidana,Bagian Kesembilan,,39,1,g,,Ketentuan,"setelah Penyitaan dilaksanakan, PPNS Direktorat Jenderal segera membuat:",Pasal 39 ayat (1) huruf g,"setelah, penyitaan, dilaksanakan, ppns, direktorat",
Perdirjen_07_2021,Perdirjen Nomor 07 Tahun 2021,Perdirjen,2021,07,BAB V,Pengenaan Sanksi Pidana,Bagian Kesembilan,,39,1,g,1,Ketentuan,berita acara Penyitaan; dan,Pasal 39 ayat (1) huruf g angka 1,"berita, acara, penyitaan",
Perdirjen_07_2021,Perdirjen Nomor 07 Tahun 2021,Perdirjen,2021,07,BAB V,Pengenaan Sanksi Pidana,Bagian Kesembilan,,39,1,g,2,Ketentuan,"surat tanda penerimaan Barang Bukti, yang ditandatangani oleh pemilik atau penguasa barang, saksi dan PPNS Direktorat Jenderal.",Pasal 39 ayat (1) huruf g angka 2,"barang, surat, tanda, penerimaan, bukti",
Perdirjen_07_2021,Perdirjen Nomor 07 Tahun 2021,Perdirjen,2021,07,BAB V,Pengenaan Sanksi Pidana,Bagian Kesembilan,,39,1,h,,Ketentuan,"salinan Berita acara Penyitaan dan surat tanda penerimaan Barang Bukti sebagaimana dimaksud pada huruf g, disampaikan kepada pemilik atau penguasa barang.",Pasal 39 ayat (1) huruf h,"barang, salinan, berita, acara, penyitaan",
Perdirjen_07_2021,Perdirjen Nomor 07 Tahun 2021,Perdirjen,2021,07,BAB V,Pengenaan Sanksi Pidana,Bagian Kesembilan,,39,2,,,Ketentuan,Penyitaan sebagaimana dimaksud pada ayat (1) dilakukan dengan cara:,Pasal 39 ayat (2),"penyitaan, cara",
Perdirjen_07_2021,Perdirjen Nomor 07 Tahun 2021,Perdirjen,2021,07,BAB V,Pengenaan Sanksi Pidana,Bagian Kesembilan,,39,2,a,,Ketentuan,menunjukan surat perintah tugas;,Pasal 39 ayat (2) huruf a,"menunjukan, surat, perintah, tugas",
Perdirjen_07_2021,Perdirjen Nomor 07 Tahun 2021,Perdirjen,2021,07,BAB V,Pengenaan Sanksi Pidana,Bagian Kesembilan,,39,2,b,,Ketentuan,menunjukan surat perintah Penyitaan;,Pasal 39 ayat (2) huruf b,"menunjukan, surat, perintah, penyitaan",
Perdirjen_07_2021,Perdirjen Nomor 07 Tahun 2021,Perdirjen,2021,07,BAB V,Pengenaan Sanksi Pidana,Bagian Kesembilan,,39,2,c,,Ketentuan,meneliti dan mengidentifikasi terlebih dahulu barang yang akan dilakukan Penyitaan;,Pasal 39 ayat (2) huruf c,"meneliti, mengidentifikasi, terlebih, dahulu, barang",
Perdirjen_07_2021,Perdirjen Nomor 07 Tahun 2021,Perdirjen,2021,07,BAB V,Pengenaan Sanksi Pidana,Bagian Kesembilan,,39,2,d,,Ketentuan,mengumpulkan dan memperlihatkan Barang hasil Penyitaan kepada pemilik atau penguasa barang; dan,Pasal 39 ayat (2) huruf d,"barang, mengumpulkan, memperlihatkan, hasil, penyitaan",
Perdirjen_07_2021,Perdirjen Nomor 07 Tahun 2021,Perdirjen,2021,07,BAB V,Pengenaan Sanksi Pidana,Bagian Kesembilan,,39,2,e,,Ketentuan,membuat berita acara Penyitaan;,Pasal 39 ayat (2) huruf e,"membuat, berita, acara, penyitaan",
Perdirjen_07_2021,Perdirjen Nomor 07 Tahun 2021,Perdirjen,2021,07,BAB V,Pengenaan Sanksi Pidana,Bagian Kesembilan,,39,2,f,,Ketentuan,membuat surat tanda penerimaan Barang Bukti; - 36 -,Pasal 39 ayat (2) huruf f,"membuat, surat, tanda, penerimaan, barang",
Perdirjen_07_2021,Perdirjen Nomor 07 Tahun 2021,Perdirjen,2021,07,BAB V,Pengenaan Sanksi Pidana,Bagian Kesembilan,,39,2,g,,Ketentuan,membungkus atau menyegel Barang Bukti;,Pasal 39 ayat (2) huruf g,"membungkus, menyegel, barang, bukti",
Perdirjen_07_2021,Perdirjen Nomor 07 Tahun 2021,Perdirjen,2021,07,BAB V,Pengenaan Sanksi Pidana,Bagian Kesembilan,,39,2,h,,Ketentuan,membawa Barang Bukti hasil Penyitaan ke kantor PPNS Direktorat Jenderal;,Pasal 39 ayat (2) huruf h,"membawa, barang, bukti, hasil, penyitaan",
Perdirjen_07_2021,Perdirjen Nomor 07 Tahun 2021,Perdirjen,2021,07,BAB V,Pengenaan Sanksi Pidana,Bagian Kesembilan,,39,2,i,,Ketentuan,"dalam hal Barang Bukti tidak dapat di bawa ke kantor PPNS Direktorat Jenderal, maka Barang Bukti tersebut dapat dititipkan ke pemilik/penguasa barang atau institusi pemerintahan dengan dibuatkan berita acara penitipan barang bukti;",Pasal 39 ayat (2) huruf i,"barang, bukti, bawa, kantor, ppns",
Perdirjen_07_2021,Perdirjen Nomor 07 Tahun 2021,Perdirjen,2021,07,BAB V,Pengenaan Sanksi Pidana,Bagian Kesembilan,,39,2,j,,Ketentuan,"dalam hal barang hasil Penyitaan tidak memungkinkan untuk dibawa ke kantor PPNS Direktorat Jenderal atau memiliki risiko tinggi, dapat dititipkan kepada pemilik barang dengan dibuatkan berita acara penitipan Barang Bukti; dan",Pasal 39 ayat (2) huruf j,"barang, hasil, penyitaan, memungkinkan, dibawa",
Perdirjen_07_2021,Perdirjen Nomor 07 Tahun 2021,Perdirjen,2021,07,BAB V,Pengenaan Sanksi Pidana,Bagian Kesembilan,,39,2,k,,Kewajiban,"pada saat melakukan Penyitaan, harus disaksikan 2 (dua) orang saksi.",Pasal 39 ayat (2) huruf k,"saat, melakukan, penyitaan, disaksikan, orang",
Perdirjen_07_2021,Perdirjen Nomor 07 Tahun 2021,Perdirjen,2021,07,BAB V,Pengenaan Sanksi Pidana,Bagian Kesepuluh,,40,1,,,Ketentuan,Penetapan Tersangka berdasarkan paling sedikit 2 (dua) alat bukti yang didukung Barang Bukti.,Pasal 40 ayat (1),"bukti, penetapan, tersangka, paling, sedikit",
Perdirjen_07_2021,Perdirjen Nomor 07 Tahun 2021,Perdirjen,2021,07,BAB V,Pengenaan Sanksi Pidana,Bagian Kesepuluh,,40,2,,,Ketentuan,"Sebelum dilakukan Penetapan Tersangka, calon Tersangka terlebih dahulu diambil keterangannya sebagai saksi.",Pasal 40 ayat (2),"tersangka, sebelum, penetapan, calon, terlebih",
Perdirjen_07_2021,Perdirjen Nomor 07 Tahun 2021,Perdirjen,2021,07,BAB V,Pengenaan Sanksi Pidana,Bagian Kesepuluh,,40,3,,,Ketentuan,Penetapan Tersangka sebagaimana dimaksud pada ayat,Pasal 40 ayat (3),"penetapan, tersangka",
Perdirjen_07_2021,Perdirjen Nomor 07 Tahun 2021,Perdirjen,2021,07,BAB V,Pengenaan Sanksi Pidana,Bagian Kesepuluh,,40,1,,,Ketentuan,", dilaksanakan melalui mekanisme Gelar Perkara, kecuali tertangkap tangan.",Pasal 40 ayat (1),"dilaksanakan, melalui, mekanisme, gelar, perkara",
Perdirjen_07_2021,Perdirjen Nomor 07 Tahun 2021,Perdirjen,2021,07,BAB V,Pengenaan Sanksi Pidana,Bagian Kesepuluh,,40,4,,,Ketentuan,"Berdasarkan hasil putusan Gelar Perkara sebagaimana dimaksud pada ayat (3), PPNS Direktorat Jenderal menindaklanjuti dengan menerbitkan:",Pasal 40 ayat (4),"hasil, putusan, gelar, perkara, ppns",
Perdirjen_07_2021,Perdirjen Nomor 07 Tahun 2021,Perdirjen,2021,07,BAB V,Pengenaan Sanksi Pidana,Bagian Kesepuluh,,40,4,a,,Ketentuan,surat penetapan Tersangka;,Pasal 40 ayat (4) huruf a,"surat, penetapan, tersangka",
Perdirjen_07_2021,Perdirjen Nomor 07 Tahun 2021,Perdirjen,2021,07,BAB V,Pengenaan Sanksi Pidana,Bagian Kesepuluh,,40,4,b,,Ketentuan,surat pemberitahuan penetapan Tersangka ke Penuntut Umum melalui Penyidik Polri/Korwas PPNS; dan,Pasal 40 ayat (4) huruf b,"surat, pemberitahuan, penetapan, tersangka, penuntut",
Perdirjen_07_2021,Perdirjen Nomor 07 Tahun 2021,Perdirjen,2021,07,BAB V,Pengenaan Sanksi Pidana,Bagian Kesepuluh,,40,4,c,,Ketentuan,surat permohonan penyampaian surat penetapan Tersangka kepada Penyidik Polri/Korwas PPNS. - 37 -,Pasal 40 ayat (4) huruf c,"surat, permohonan, penyampaian, penetapan, tersangka",
Perdirjen_07_2021,Perdirjen Nomor 07 Tahun 2021,Perdirjen,2021,07,BAB V,Pengenaan Sanksi Pidana,Bagian Kesepuluh,,40,5,,,Ketentuan,surat sebagaimana dimaksud pada ayat (4) ditandatangani oleh:,Pasal 40 ayat (5),"surat, ditandatangani",
Perdirjen_07_2021,Perdirjen Nomor 07 Tahun 2021,Perdirjen,2021,07,BAB V,Pengenaan Sanksi Pidana,Bagian Kesepuluh,,40,5,a,,Ketentuan,Atasan PPNS selaku penyidik; atau,Pasal 40 ayat (5) huruf a,"atasan, ppns, selaku, penyidik",
Perdirjen_07_2021,Perdirjen Nomor 07 Tahun 2021,Perdirjen,2021,07,BAB V,Pengenaan Sanksi Pidana,Bagian Kesepuluh,,40,5,b,,Ketentuan,"PPNS Direktorat Jenderal, yang diketahui oleh Atasan PPNS, dalam hal Atasan PPNS bukan penyidik.",Pasal 40 ayat (5) huruf b,"ppns, atasan, direktorat, jenderal, diketahui",
Perdirjen_07_2021,Perdirjen Nomor 07 Tahun 2021,Perdirjen,2021,07,BAB V,Pengenaan Sanksi Pidana,Bagian Kesepuluh,,40,6,,,Kewajiban,Surat penetapan Tersangka sebagaimana dimaksud pada ayat (4) huruf a wajib diserahkan langsung kepada Tersangka oleh PPNS Direktorat Jenderal dengan dilampiri salinan SPDP.,Pasal 40 ayat (6),"tersangka, surat, penetapan, wajib, diserahkan",
Perdirjen_07_2021,Perdirjen Nomor 07 Tahun 2021,Perdirjen,2021,07,BAB V,Pengenaan Sanksi Pidana,Bagian Kesepuluh,,40,7,,,Ketentuan,"Dalam hal telah diterbitkan surat penetapan Tersangka, PPNS Direktorat Jenderal memanggil Tersangka untuk diminta keterangannya sebagai Tersangka.",Pasal 40 ayat (7),"tersangka, diterbitkan, surat, penetapan, ppns",
Perdirjen_07_2021,Perdirjen Nomor 07 Tahun 2021,Perdirjen,2021,07,BAB V,Pengenaan Sanksi Pidana,Bagian Kesebelas,,41,1,,,Ketentuan,"Dalam hal diperlukan penangkapan, PPNS Direktorat Jenderal meminta bantuan kepada Penyidik Polri/Korwas PPNS.",Pasal 41 ayat (1),"ppns, diperlukan, penangkapan, direktorat, jenderal",
Perdirjen_07_2021,Perdirjen Nomor 07 Tahun 2021,Perdirjen,2021,07,BAB V,Pengenaan Sanksi Pidana,Bagian Kesebelas,,41,2,,,Ketentuan,Permintaan penangkapan sebagaimana dimaksud pada ayat (1) dilakukan dalam bentuk penyampaian surat tertulis kepada Penyidik Polri/Korwas PPNS.,Pasal 41 ayat (2),"permintaan, penangkapan, bentuk, penyampaian, surat",
Perdirjen_07_2021,Perdirjen Nomor 07 Tahun 2021,Perdirjen,2021,07,BAB V,Pengenaan Sanksi Pidana,Bagian Kesebelas,,41,3,,,Ketentuan,Sebelum PPNS Direktorat Jenderal meminta bantuan secara tertulis kepada Penyidik Polri/Korwas PPNS permintaan dapat dilakukan secara lisan terlebih dahulu yang ditindaklanjuti secara tertulis.,Pasal 41 ayat (3),"ppns, tertulis, sebelum, direktorat, jenderal",
Perdirjen_07_2021,Perdirjen Nomor 07 Tahun 2021,Perdirjen,2021,07,BAB V,Pengenaan Sanksi Pidana,Bagian Kesebelas,,41,4,,,Ketentuan,Surat permintaan bantuan penangkapan Tersangka sebagaimana dimaksud pada ayat (2) memuat:,Pasal 41 ayat (4),"surat, permintaan, bantuan, penangkapan, tersangka",
Perdirjen_07_2021,Perdirjen Nomor 07 Tahun 2021,Perdirjen,2021,07,BAB V,Pengenaan Sanksi Pidana,Bagian Kesebelas,,41,4,a,,Ketentuan,identitas Tersangka;,Pasal 41 ayat (4) huruf a,"identitas, tersangka",
Perdirjen_07_2021,Perdirjen Nomor 07 Tahun 2021,Perdirjen,2021,07,BAB V,Pengenaan Sanksi Pidana,Bagian Kesebelas,,41,4,b,,Ketentuan,uraian singkat kasus;,Pasal 41 ayat (4) huruf b,"uraian, singkat, kasus",
Perdirjen_07_2021,Perdirjen Nomor 07 Tahun 2021,Perdirjen,2021,07,BAB V,Pengenaan Sanksi Pidana,Bagian Kesebelas,,41,4,c,,Ketentuan,pasal yang dilanggar; dan,Pasal 41 ayat (4) huruf c,dilanggar,
Perdirjen_07_2021,Perdirjen Nomor 07 Tahun 2021,Perdirjen,2021,07,BAB V,Pengenaan Sanksi Pidana,Bagian Kesebelas,,41,4,d,,Ketentuan,pertimbangan perlunya dilakukan penangkapan.,Pasal 41 ayat (4) huruf d,"pertimbangan, perlunya, penangkapan",
Perdirjen_07_2021,Perdirjen Nomor 07 Tahun 2021,Perdirjen,2021,07,BAB V,Pengenaan Sanksi Pidana,Bagian Kesebelas,,41,5,,,Kewajiban,Surat permintaan bantuan penangkapan Tersangka sebagaimana dimaksud pada ayat (2) harus dilampiri:,Pasal 41 ayat (5),"surat, permintaan, bantuan, penangkapan, tersangka",
Perdirjen_07_2021,Perdirjen Nomor 07 Tahun 2021,Perdirjen,2021,07,BAB V,Pengenaan Sanksi Pidana,Bagian Kesebelas,,41,5,a,,Ketentuan,Laporan Kejadian;,Pasal 41 ayat (5) huruf a,"laporan, kejadian",
Perdirjen_07_2021,Perdirjen Nomor 07 Tahun 2021,Perdirjen,2021,07,BAB V,Pengenaan Sanksi Pidana,Bagian Kesebelas,,41,5,b,,Ketentuan,surat perintah Penyidikan; - 38 -,Pasal 41 ayat (5) huruf b,"surat, perintah, penyidikan",
Perdirjen_07_2021,Perdirjen Nomor 07 Tahun 2021,Perdirjen,2021,07,BAB V,Pengenaan Sanksi Pidana,Bagian Kesebelas,,41,5,c,,Ketentuan,SPDP; dan,Pasal 41 ayat (5) huruf c,spdp,
Perdirjen_07_2021,Perdirjen Nomor 07 Tahun 2021,Perdirjen,2021,07,BAB V,Pengenaan Sanksi Pidana,Bagian Kesebelas,,41,5,d,,Ketentuan,laporan kemajuan.,Pasal 41 ayat (5) huruf d,"laporan, kemajuan",
Perdirjen_07_2021,Perdirjen Nomor 07 Tahun 2021,Perdirjen,2021,07,BAB V,Pengenaan Sanksi Pidana,Bagian Kesebelas,,41,6,,,Ketentuan,Surat permintaan bantuan penangkapan sebagaimana dimaksud pada ayat (2) ditandatangani oleh:,Pasal 41 ayat (6),"surat, permintaan, bantuan, penangkapan, ditandatangani",
Perdirjen_07_2021,Perdirjen Nomor 07 Tahun 2021,Perdirjen,2021,07,BAB V,Pengenaan Sanksi Pidana,Bagian Kesebelas,,41,6,a,,Ketentuan,Atasan PPNS selaku penyidik; atau,Pasal 41 ayat (6) huruf a,"atasan, ppns, selaku, penyidik",
Perdirjen_07_2021,Perdirjen Nomor 07 Tahun 2021,Perdirjen,2021,07,BAB V,Pengenaan Sanksi Pidana,Bagian Kesebelas,,41,6,b,,Ketentuan,"PPNS Direktorat Jenderal, yang diketahui oleh Atasan PPNS, dalam hal Atasan PPNS bukan penyidik.",Pasal 41 ayat (6) huruf b,"ppns, atasan, direktorat, jenderal, diketahui",
Perdirjen_07_2021,Perdirjen Nomor 07 Tahun 2021,Perdirjen,2021,07,BAB V,Pengenaan Sanksi Pidana,Bagian Kesebelas,,41,7,,,Ketentuan,Format surat permintaan bantuan penangkapan sebagaimana dimaksud pada ayat (2) tercantum dalam Lampiran V yang merupakan bagian tidak terpisahkan dari Peraturan Direktur Jenderal ini.,Pasal 41 ayat (7),"format, surat, permintaan, bantuan, penangkapan",
Perdirjen_07_2021,Perdirjen Nomor 07 Tahun 2021,Perdirjen,2021,07,BAB V,Pengenaan Sanksi Pidana,Bagian Kesebelas,,41,8,,,Ketentuan,Penyidik Polri/Korwas PPNS atas surat permintaan PPNS Direktorat Jenderal menerbitkan surat perintah penangkapan.,Pasal 41 ayat (8),"ppns, surat, penyidik, polri, korwas",
Perdirjen_07_2021,Perdirjen Nomor 07 Tahun 2021,Perdirjen,2021,07,BAB V,Pengenaan Sanksi Pidana,Bagian Kesebelas,,41,9,,,Kewajiban,"Dalam hal melakukan penangkapan sebagaimana dimaksud pada ayat (8), PPNS Direktorat Jenderal yang diikutsertakan wajib dilengkapi surat perintah tugas.",Pasal 41 ayat (9),"melakukan, penangkapan, ppns, direktorat, jenderal",
Perdirjen_07_2021,Perdirjen Nomor 07 Tahun 2021,Perdirjen,2021,07,BAB V,Pengenaan Sanksi Pidana,Bagian Kesebelas,,41,10,,,Ketentuan,Surat perintah tugas sebagaimana dimaksud pada ayat (9) diterbitkan oleh Atasan Penyidik Polri/Korwas PPNS.,Pasal 41 ayat (10),"surat, perintah, tugas, diterbitkan, atasan",
Perdirjen_07_2021,Perdirjen Nomor 07 Tahun 2021,Perdirjen,2021,07,BAB V,Pengenaan Sanksi Pidana,Bagian Kesebelas,,41,11,,,Ketentuan,"Dalam hal Tersangka yang diduga berada di luar wilayah Indonesia, PPNS Direktorat Jenderal mengajukan surat permohonan kepada Penyidik Polri/Korwas PPNS untuk penerbitan Red Notice.",Pasal 41 ayat (11),"ppns, tersangka, diduga, berada, luar",
Perdirjen_07_2021,Perdirjen Nomor 07 Tahun 2021,Perdirjen,2021,07,BAB V,Pengenaan Sanksi Pidana,Bagian Kesebelas,,42,,,,Ketentuan,"Sebelum dilakukan penangkapan dan/atau penerbitan Red Notice, PPNS Direktorat Jenderal melaksanakan Gelar Perkara bersama dengan Penyidik Polri/Korwas PPNS.",Pasal 42,"ppns, sebelum, penangkapan, penerbitan, notice",
Perdirjen_07_2021,Perdirjen Nomor 07 Tahun 2021,Perdirjen,2021,07,BAB V,Pengenaan Sanksi Pidana,Bagian Kesebelas,,43,1,,,Ketentuan,PPNS Direktorat Jenderal menerima penyerahan Tersangka beserta administrasi penangkapan setelah Penyidik Polri/Korwas PPNS berhasil melakukan Penangkapan.,Pasal 43 ayat (1),"ppns, penangkapan, direktorat, jenderal, menerima",
Perdirjen_07_2021,Perdirjen Nomor 07 Tahun 2021,Perdirjen,2021,07,BAB V,Pengenaan Sanksi Pidana,Bagian Kesebelas,,43,2,,,Ketentuan,Penyerahan Tersangka beserta administrasi penangkapan sebagaimana dimaksud pada ayat (1) dituangkan dalam berita acara yang dibuat oleh Penyidik Polri/Korwas PPNS. - 39 - Bagian Kedua Belas Penahanan,Pasal 43 ayat (2),"penyerahan, tersangka, beserta, administrasi, penangkapan",
Perdirjen_07_2021,Perdirjen Nomor 07 Tahun 2021,Perdirjen,2021,07,BAB V,Pengenaan Sanksi Pidana,Bagian Kesebelas,,44,1,,,Ketentuan,"Dalam hal diperlukan penahanan, PPNS Direktorat Jenderal meminta bantuan kepada Penyidik Polri/Korwas PPNS.",Pasal 44 ayat (1),"ppns, diperlukan, penahanan, direktorat, jenderal",
Perdirjen_07_2021,Perdirjen Nomor 07 Tahun 2021,Perdirjen,2021,07,BAB V,Pengenaan Sanksi Pidana,Bagian Kesebelas,,44,2,,,Ketentuan,Permintaan penahanan sebagaimana dimaksud pada ayat,Pasal 44 ayat (2),"permintaan, penahanan",
Perdirjen_07_2021,Perdirjen Nomor 07 Tahun 2021,Perdirjen,2021,07,BAB V,Pengenaan Sanksi Pidana,Bagian Kesebelas,,44,1,,,Ketentuan,dilakukan dalam bentuk penyampaian surat tertulis kepada Penyidik Polri/Korwas PPNS.,Pasal 44 ayat (1),"bentuk, penyampaian, surat, tertulis, kepada",
Perdirjen_07_2021,Perdirjen Nomor 07 Tahun 2021,Perdirjen,2021,07,BAB V,Pengenaan Sanksi Pidana,Bagian Kesebelas,,44,3,,,Ketentuan,Sebelum PPNS Direktorat Jenderal meminta bantuan secara tertulis kepada Penyidik Polri/Korwas PPNS permintaan dapat dilakukan secara lisan terlebih dahulu yang ditindaklanjuti secara tertulis.,Pasal 44 ayat (3),"ppns, tertulis, sebelum, direktorat, jenderal",
Perdirjen_07_2021,Perdirjen Nomor 07 Tahun 2021,Perdirjen,2021,07,BAB V,Pengenaan Sanksi Pidana,Bagian Kesebelas,,44,4,,,Ketentuan,Surat permintaan bantuan penahanan sebagaimana dimaksud pada ayat (2) memuat:,Pasal 44 ayat (4),"surat, permintaan, bantuan, penahanan, memuat",
Perdirjen_07_2021,Perdirjen Nomor 07 Tahun 2021,Perdirjen,2021,07,BAB V,Pengenaan Sanksi Pidana,Bagian Kesebelas,,44,4,a,,Ketentuan,identitas Tersangka;,Pasal 44 ayat (4) huruf a,"identitas, tersangka",
Perdirjen_07_2021,Perdirjen Nomor 07 Tahun 2021,Perdirjen,2021,07,BAB V,Pengenaan Sanksi Pidana,Bagian Kesebelas,,44,4,b,,Ketentuan,uraian singkat kasus;,Pasal 44 ayat (4) huruf b,"uraian, singkat, kasus",
Perdirjen_07_2021,Perdirjen Nomor 07 Tahun 2021,Perdirjen,2021,07,BAB V,Pengenaan Sanksi Pidana,Bagian Kesebelas,,44,4,c,,Ketentuan,pasal yang dilanggar beserta ancaman hukuman; dan,Pasal 44 ayat (4) huruf c,"dilanggar, beserta, ancaman, hukuman",
Perdirjen_07_2021,Perdirjen Nomor 07 Tahun 2021,Perdirjen,2021,07,BAB V,Pengenaan Sanksi Pidana,Bagian Kesebelas,,44,4,d,,Ketentuan,pertimbangan perlunya dilakukan penahanan.,Pasal 44 ayat (4) huruf d,"pertimbangan, perlunya, penahanan",
Perdirjen_07_2021,Perdirjen Nomor 07 Tahun 2021,Perdirjen,2021,07,BAB V,Pengenaan Sanksi Pidana,Bagian Kesebelas,,44,5,,,Kewajiban,Surat permintaan bantuan penahanan sebagaimana dimaksud pada ayat (2) harus dilampiri:,Pasal 44 ayat (5),"surat, permintaan, bantuan, penahanan, dilampiri",
Perdirjen_07_2021,Perdirjen Nomor 07 Tahun 2021,Perdirjen,2021,07,BAB V,Pengenaan Sanksi Pidana,Bagian Kesebelas,,44,5,a,,Ketentuan,Laporan Kejadian;,Pasal 44 ayat (5) huruf a,"laporan, kejadian",
Perdirjen_07_2021,Perdirjen Nomor 07 Tahun 2021,Perdirjen,2021,07,BAB V,Pengenaan Sanksi Pidana,Bagian Kesebelas,,44,5,b,,Ketentuan,surat perintah penyidikan;,Pasal 44 ayat (5) huruf b,"surat, perintah, penyidikan",
Perdirjen_07_2021,Perdirjen Nomor 07 Tahun 2021,Perdirjen,2021,07,BAB V,Pengenaan Sanksi Pidana,Bagian Kesebelas,,44,5,c,,Ketentuan,SPDP; dan,Pasal 44 ayat (5) huruf c,spdp,
Perdirjen_07_2021,Perdirjen Nomor 07 Tahun 2021,Perdirjen,2021,07,BAB V,Pengenaan Sanksi Pidana,Bagian Kesebelas,,44,5,d,,Ketentuan,laporan kemajuan.,Pasal 44 ayat (5) huruf d,"laporan, kemajuan",
Perdirjen_07_2021,Perdirjen Nomor 07 Tahun 2021,Perdirjen,2021,07,BAB V,Pengenaan Sanksi Pidana,Bagian Kesebelas,,44,6,,,Ketentuan,Surat permintaan bantuan penahanan sebagaimana dimaksud pada ayat (2) ditandatangani oleh:,Pasal 44 ayat (6),"surat, permintaan, bantuan, penahanan, ditandatangani",
Perdirjen_07_2021,Perdirjen Nomor 07 Tahun 2021,Perdirjen,2021,07,BAB V,Pengenaan Sanksi Pidana,Bagian Kesebelas,,44,6,a,,Ketentuan,Atasan PPNS selaku penyidik; atau,Pasal 44 ayat (6) huruf a,"atasan, ppns, selaku, penyidik",
Perdirjen_07_2021,Perdirjen Nomor 07 Tahun 2021,Perdirjen,2021,07,BAB V,Pengenaan Sanksi Pidana,Bagian Kesebelas,,44,6,b,,Ketentuan,"PPNS Direktorat Jenderal, yang diketahui oleh Atasan PPNS, dalam hal Atasan PPNS bukan penyidik.",Pasal 44 ayat (6) huruf b,"ppns, atasan, direktorat, jenderal, diketahui",
Perdirjen_07_2021,Perdirjen Nomor 07 Tahun 2021,Perdirjen,2021,07,BAB V,Pengenaan Sanksi Pidana,Bagian Kesebelas,,44,7,,,Ketentuan,Format surat permintaan bantuan penahanan sebagaimana dimaksud pada ayat (2) tercantum dalam Lampiran V yang merupakan bagian tidak terpisahkan dari Peraturan Direktur Jenderal ini.,Pasal 44 ayat (7),"format, surat, permintaan, bantuan, penahanan",
Perdirjen_07_2021,Perdirjen Nomor 07 Tahun 2021,Perdirjen,2021,07,BAB V,Pengenaan Sanksi Pidana,Bagian Kesebelas,,44,8,,,Ketentuan,"Penyidik Polri/Korwas PPNS atas surat permintaan PPNS Direktorat Jenderal menerbitkan surat perintah - 40 - penahanan, berita acara penahanan, surat pemberitahuan penahanan kepada keluarga Tersangka.",Pasal 44 ayat (8),"surat, penahanan, ppns, penyidik, polri",
Perdirjen_07_2021,Perdirjen Nomor 07 Tahun 2021,Perdirjen,2021,07,BAB V,Pengenaan Sanksi Pidana,Bagian Kesebelas,,44,9,,,Ketentuan,Tanggung jawab administrasi terhadap Tersangka yang ditahan berada pada Penyidik Polri/Korwas PPNS yang mengeluarkan surat perintah penahanan.,Pasal 44 ayat (9),"tanggung, jawab, administrasi, tersangka, ditahan",
Perdirjen_07_2021,Perdirjen Nomor 07 Tahun 2021,Perdirjen,2021,07,BAB V,Pengenaan Sanksi Pidana,Bagian Kesebelas,,44,10,,,Ketentuan,Tanggung jawab pemeliharaan dan perawatan Tersangka yang ditahan selama di dalam rutan berada pada Direktorat Jenderal.,Pasal 44 ayat (10),"tanggung, jawab, pemeliharaan, perawatan, tersangka",
Perdirjen_07_2021,Perdirjen Nomor 07 Tahun 2021,Perdirjen,2021,07,BAB V,Pengenaan Sanksi Pidana,Bagian Kesebelas,,45,,,,Ketentuan,"Sebelum dilakukan penahanan, PPNS Direktorat Jenderal melaksanakan Gelar Perkara bersama dengan Penyidik Polri/Korwas PPNS.",Pasal 45,"ppns, sebelum, penahanan, direktorat, jenderal",
Perdirjen_07_2021,Perdirjen Nomor 07 Tahun 2021,Perdirjen,2021,07,BAB V,Pengenaan Sanksi Pidana,Bagian Kesebelas,,46,,,,Ketentuan,PPNS Direktorat Jenderal menerima penyerahan administrasi penahanan dari Penyidik Polri/Korwas PPNS dan dituangkan dalam berita acara yang dibuat oleh Penyidik Polri/Korwas PPNS. Bagian Ketiga Belas Pencegahan,Pasal 46,"ppns, penyidik, polri, korwas, direktorat",
Perdirjen_07_2021,Perdirjen Nomor 07 Tahun 2021,Perdirjen,2021,07,BAB V,Pengenaan Sanksi Pidana,Bagian Kesebelas,,47,1,,,Ketentuan,"Dalam hal Tersangka dikhawatirkan akan melarikan diri ke luar negeri, dapat dikenakan tindakan pencegahan.",Pasal 47 ayat (1),"tersangka, dikhawatirkan, melarikan, diri, luar",
Perdirjen_07_2021,Perdirjen Nomor 07 Tahun 2021,Perdirjen,2021,07,BAB V,Pengenaan Sanksi Pidana,Bagian Kesebelas,,47,2,,,Ketentuan,Pencegahan sebagaimana dimaksud pada ayat (1) dilakukan dalam bentuk penyampaian surat tertulis kepada Penyidik Polri/Korwas PPNS.,Pasal 47 ayat (2),"pencegahan, bentuk, penyampaian, surat, tertulis",
Perdirjen_07_2021,Perdirjen Nomor 07 Tahun 2021,Perdirjen,2021,07,BAB V,Pengenaan Sanksi Pidana,Bagian Kesebelas,,47,3,,,Ketentuan,Surat permintaan pencegahan sebagaimana dimaksud pada ayat (2) memuat:,Pasal 47 ayat (3),"surat, permintaan, pencegahan, memuat",
Perdirjen_07_2021,Perdirjen Nomor 07 Tahun 2021,Perdirjen,2021,07,BAB V,Pengenaan Sanksi Pidana,Bagian Kesebelas,,47,3,a,,Ketentuan,nama;,Pasal 47 ayat (3) huruf a,nama,
Perdirjen_07_2021,Perdirjen Nomor 07 Tahun 2021,Perdirjen,2021,07,BAB V,Pengenaan Sanksi Pidana,Bagian Kesebelas,,47,3,b,,Ketentuan,umur;,Pasal 47 ayat (3) huruf b,umur,
Perdirjen_07_2021,Perdirjen Nomor 07 Tahun 2021,Perdirjen,2021,07,BAB V,Pengenaan Sanksi Pidana,Bagian Kesebelas,,47,3,c,,Ketentuan,pekerjaan;,Pasal 47 ayat (3) huruf c,pekerjaan,
Perdirjen_07_2021,Perdirjen Nomor 07 Tahun 2021,Perdirjen,2021,07,BAB V,Pengenaan Sanksi Pidana,Bagian Kesebelas,,47,3,d,,Ketentuan,alamat;,Pasal 47 ayat (3) huruf d,alamat,
Perdirjen_07_2021,Perdirjen Nomor 07 Tahun 2021,Perdirjen,2021,07,BAB V,Pengenaan Sanksi Pidana,Bagian Kesebelas,,47,3,e,,Ketentuan,jenis kelamin;,Pasal 47 ayat (3) huruf e,"jenis, kelamin",
Perdirjen_07_2021,Perdirjen Nomor 07 Tahun 2021,Perdirjen,2021,07,BAB V,Pengenaan Sanksi Pidana,Bagian Kesebelas,,47,3,f,,Ketentuan,nomor paspor; dan - 41 -,Pasal 47 ayat (3) huruf f,"nomor, paspor",
Perdirjen_07_2021,Perdirjen Nomor 07 Tahun 2021,Perdirjen,2021,07,BAB V,Pengenaan Sanksi Pidana,Bagian Kesebelas,,47,3,g,,Ketentuan,kewarganegaraan.,Pasal 47 ayat (3) huruf g,kewarganegaraan,
Perdirjen_07_2021,Perdirjen Nomor 07 Tahun 2021,Perdirjen,2021,07,BAB V,Pengenaan Sanksi Pidana,Bagian Kesebelas,,47,4,,,Ketentuan,Format surat permintaan pencegahan sebagaimana dimaksud pada ayat (3) tercantum dalam Lampiran V yang merupakan bagian tidak terpisahkan dari Peraturan Direktur Jenderal ini.,Pasal 47 ayat (4),"format, surat, permintaan, pencegahan, tercantum",
Perdirjen_07_2021,Perdirjen Nomor 07 Tahun 2021,Perdirjen,2021,07,BAB V,Pengenaan Sanksi Pidana,Bagian Kesebelas,,47,5,,,Kewajiban,Surat permintaan pencegahan sebagaimana dimaksud pada ayat (2) harus dilampiri:,Pasal 47 ayat (5),"surat, permintaan, pencegahan, dilampiri",
Perdirjen_07_2021,Perdirjen Nomor 07 Tahun 2021,Perdirjen,2021,07,BAB V,Pengenaan Sanksi Pidana,Bagian Kesebelas,,47,5,a,,Ketentuan,Laporan Kejadian;,Pasal 47 ayat (5) huruf a,"laporan, kejadian",
Perdirjen_07_2021,Perdirjen Nomor 07 Tahun 2021,Perdirjen,2021,07,BAB V,Pengenaan Sanksi Pidana,Bagian Kesebelas,,47,5,b,,Ketentuan,surat perintah Penyidikan;,Pasal 47 ayat (5) huruf b,"surat, perintah, penyidikan",
Perdirjen_07_2021,Perdirjen Nomor 07 Tahun 2021,Perdirjen,2021,07,BAB V,Pengenaan Sanksi Pidana,Bagian Kesebelas,,47,5,c,,Ketentuan,SPDP; dan,Pasal 47 ayat (5) huruf c,spdp,
Perdirjen_07_2021,Perdirjen Nomor 07 Tahun 2021,Perdirjen,2021,07,BAB V,Pengenaan Sanksi Pidana,Bagian Kesebelas,,47,5,d,,Ketentuan,laporan kemajuan.,Pasal 47 ayat (5) huruf d,"laporan, kemajuan",
Perdirjen_07_2021,Perdirjen Nomor 07 Tahun 2021,Perdirjen,2021,07,BAB V,Pengenaan Sanksi Pidana,Bagian Kesebelas,,48,,,,Ketentuan,Sebelum dilakukan pencegahan PPNS Direktorat Jenderal melaksanakan Gelar Perkara bersama dengan Penyidik Polri/Korwas PPNS.,Pasal 48,"ppns, sebelum, pencegahan, direktorat, jenderal",
Perdirjen_07_2021,Perdirjen Nomor 07 Tahun 2021,Perdirjen,2021,07,BAB V,Pengenaan Sanksi Pidana,Bagian Kesebelas,,49,,,,Ketentuan,PPNS Direktorat Jenderal menerima penyerahan administrasi pencegahan dari Penyidik Polri/Korwas PPNS dan dituangkan dalam berita acara yang dibuat oleh Penyidik Polri/Korwas PPNS. Bagian Keempat Belas Gelar Perkara,Pasal 49,"ppns, penyidik, polri, korwas, direktorat",
Perdirjen_07_2021,Perdirjen Nomor 07 Tahun 2021,Perdirjen,2021,07,BAB V,Pengenaan Sanksi Pidana,Bagian Kesebelas,,50,1,,,Kewajiban,Gelar Perkara wajib dilaksanakan oleh PPNS Direktorat Jenderal untuk:,Pasal 50 ayat (1),"gelar, perkara, wajib, dilaksanakan, ppns",
Perdirjen_07_2021,Perdirjen Nomor 07 Tahun 2021,Perdirjen,2021,07,BAB V,Pengenaan Sanksi Pidana,Bagian Kesebelas,,50,1,a,,Ketentuan,Wasmatlitrik naik ke Penyidikan;,Pasal 50 ayat (1) huruf a,"wasmatlitrik, naik, penyidikan",
Perdirjen_07_2021,Perdirjen Nomor 07 Tahun 2021,Perdirjen,2021,07,BAB V,Pengenaan Sanksi Pidana,Bagian Kesebelas,,50,1,b,,Ketentuan,membawa saksi dan/atau Tersangka;,Pasal 50 ayat (1) huruf b,"membawa, saksi, tersangka",
Perdirjen_07_2021,Perdirjen Nomor 07 Tahun 2021,Perdirjen,2021,07,BAB V,Pengenaan Sanksi Pidana,Bagian Kesebelas,,50,1,c,,Ketentuan,penetapan Tersangka;,Pasal 50 ayat (1) huruf c,"penetapan, tersangka",
Perdirjen_07_2021,Perdirjen Nomor 07 Tahun 2021,Perdirjen,2021,07,BAB V,Pengenaan Sanksi Pidana,Bagian Kesebelas,,50,1,d,,Ketentuan,penghentian Penyidikan:,Pasal 50 ayat (1) huruf d,"penghentian, penyidikan",
Perdirjen_07_2021,Perdirjen Nomor 07 Tahun 2021,Perdirjen,2021,07,BAB V,Pengenaan Sanksi Pidana,Bagian Kesebelas,,50,1,e,,Ketentuan,penangkapan; dan,Pasal 50 ayat (1) huruf e,penangkapan,
Perdirjen_07_2021,Perdirjen Nomor 07 Tahun 2021,Perdirjen,2021,07,BAB V,Pengenaan Sanksi Pidana,Bagian Kesebelas,,50,1,f,,Ketentuan,penahanan. - 42 -,Pasal 50 ayat (1) huruf f,penahanan,
Perdirjen_07_2021,Perdirjen Nomor 07 Tahun 2021,Perdirjen,2021,07,BAB V,Pengenaan Sanksi Pidana,Bagian Kesebelas,,50,2,,,Ketentuan,Selain untuk keperluan sebagaimana dimaksud pada ayat,Pasal 50 ayat (2),"selain, keperluan",
Perdirjen_07_2021,Perdirjen Nomor 07 Tahun 2021,Perdirjen,2021,07,BAB V,Pengenaan Sanksi Pidana,Bagian Kesebelas,,50,1,,,Ketentuan,", Gelar Perkara dapat dilaksanakan sebelum Penggeledahan dan Penyitaan.",Pasal 50 ayat (1),"gelar, perkara, dilaksanakan, sebelum, penggeledahan",
Perdirjen_07_2021,Perdirjen Nomor 07 Tahun 2021,Perdirjen,2021,07,BAB V,Pengenaan Sanksi Pidana,Bagian Kesebelas,,50,3,,,Kewajiban,Pelaksanaan Gelar Perkara wajib mengundang:,Pasal 50 ayat (3),"pelaksanaan, gelar, perkara, wajib, mengundang",
Perdirjen_07_2021,Perdirjen Nomor 07 Tahun 2021,Perdirjen,2021,07,BAB V,Pengenaan Sanksi Pidana,Bagian Kesebelas,,50,3,a,,Ketentuan,Direktur;,Pasal 50 ayat (3) huruf a,direktur,
Perdirjen_07_2021,Perdirjen Nomor 07 Tahun 2021,Perdirjen,2021,07,BAB V,Pengenaan Sanksi Pidana,Bagian Kesebelas,,50,3,b,,Ketentuan,Koordinator PPNS;,Pasal 50 ayat (3) huruf b,"koordinator, ppns",
Perdirjen_07_2021,Perdirjen Nomor 07 Tahun 2021,Perdirjen,2021,07,BAB V,Pengenaan Sanksi Pidana,Bagian Kesebelas,,50,3,c,,Ketentuan,Koordinator Hukum dan Kerjasama Direktorat Jenderal;,Pasal 50 ayat (3) huruf c,"koordinator, hukum, kerjasama, direktorat, jenderal",
Perdirjen_07_2021,Perdirjen Nomor 07 Tahun 2021,Perdirjen,2021,07,BAB V,Pengenaan Sanksi Pidana,Bagian Kesebelas,,50,3,d,,Ketentuan,Kepala UPT;,Pasal 50 ayat (3) huruf d,kepala,
Perdirjen_07_2021,Perdirjen Nomor 07 Tahun 2021,Perdirjen,2021,07,BAB V,Pengenaan Sanksi Pidana,Bagian Kesebelas,,50,3,e,,Ketentuan,Penyidik Polri/Korwas PPNS; dan,Pasal 50 ayat (3) huruf e,"penyidik, polri, korwas, ppns",
Perdirjen_07_2021,Perdirjen Nomor 07 Tahun 2021,Perdirjen,2021,07,BAB V,Pengenaan Sanksi Pidana,Bagian Kesebelas,,50,3,f,,Ketentuan,PPNS Direktorat Jenderal yang bersangkutan.,Pasal 50 ayat (3) huruf f,"ppns, direktorat, jenderal, bersangkutan",
Perdirjen_07_2021,Perdirjen Nomor 07 Tahun 2021,Perdirjen,2021,07,BAB V,Pengenaan Sanksi Pidana,Bagian Kesebelas,,50,4,,,Kewajiban,"Dalam rangka pelaksanaan Gelar Perkara, PPNS Direktorat Jenderal wajib mempersiapkan:",Pasal 50 ayat (4),"rangka, pelaksanaan, gelar, perkara, ppns",
Perdirjen_07_2021,Perdirjen Nomor 07 Tahun 2021,Perdirjen,2021,07,BAB V,Pengenaan Sanksi Pidana,Bagian Kesebelas,,50,4,a,,Ketentuan,surat undangan Gelar Perkara;,Pasal 50 ayat (4) huruf a,"surat, undangan, gelar, perkara",
Perdirjen_07_2021,Perdirjen Nomor 07 Tahun 2021,Perdirjen,2021,07,BAB V,Pengenaan Sanksi Pidana,Bagian Kesebelas,,50,4,b,,Ketentuan,absensi peserta Gelar Perkara;,Pasal 50 ayat (4) huruf b,"absensi, peserta, gelar, perkara",
Perdirjen_07_2021,Perdirjen Nomor 07 Tahun 2021,Perdirjen,2021,07,BAB V,Pengenaan Sanksi Pidana,Bagian Kesebelas,,50,4,c,,Ketentuan,lembar pendapat peserta Gelar Perkara;,Pasal 50 ayat (4) huruf c,"lembar, pendapat, peserta, gelar, perkara",
Perdirjen_07_2021,Perdirjen Nomor 07 Tahun 2021,Perdirjen,2021,07,BAB V,Pengenaan Sanksi Pidana,Bagian Kesebelas,,50,4,d,,Ketentuan,bahan Gelar Perkara:,Pasal 50 ayat (4) huruf d,"bahan, gelar, perkara",
Perdirjen_07_2021,Perdirjen Nomor 07 Tahun 2021,Perdirjen,2021,07,BAB V,Pengenaan Sanksi Pidana,Bagian Kesebelas,,50,4,d,1,Ketentuan,anatomi crime (diagram alir); dan,Pasal 50 ayat (4) huruf d angka 1,"anatomi, crime, diagram, alir",
Perdirjen_07_2021,Perdirjen Nomor 07 Tahun 2021,Perdirjen,2021,07,BAB V,Pengenaan Sanksi Pidana,Bagian Kesebelas,,50,4,d,2,Ketentuan,matriks 184 KUHAP.,Pasal 50 ayat (4) huruf d angka 2,"matriks, kuhap",
Perdirjen_07_2021,Perdirjen Nomor 07 Tahun 2021,Perdirjen,2021,07,BAB V,Pengenaan Sanksi Pidana,Bagian Kesebelas,,50,4,e,,Ketentuan,risalah rapat atau notulen Gelar Perkara. Bagian Kelima Belas Bantuan Hukum,Pasal 50 ayat (4) huruf e,"risalah, rapat, notulen, gelar, perkara",
Perdirjen_07_2021,Perdirjen Nomor 07 Tahun 2021,Perdirjen,2021,07,BAB V,Pengenaan Sanksi Pidana,Bagian Kesebelas,,51,1,,,Hak,"Dalam proses Pemeriksaan Tersangka sebagaimana dimaksud dalam pasal 35 ayat (1) huruf c, Tersangka berhak memilih penasehat hukumnya.",Pasal 51 ayat (1),"tersangka, proses, pemeriksaan, berhak, memilih",
Perdirjen_07_2021,Perdirjen Nomor 07 Tahun 2021,Perdirjen,2021,07,BAB V,Pengenaan Sanksi Pidana,Bagian Kesebelas,,51,2,,,Sanksi,"Apabila Tersangka tidak mampu menyediakan penasehat hukum dan diancam dengan pidana 5 (lima) tahun atau lebih, PPNS Direktorat Jenderal wajib menyediakan penasehat hukum bagi Tersangka.",Pasal 51 ayat (2),"tersangka, menyediakan, penasehat, hukum, mampu",
Perdirjen_07_2021,Perdirjen Nomor 07 Tahun 2021,Perdirjen,2021,07,BAB V,Pengenaan Sanksi Pidana,Bagian Kesebelas,,51,3,,,Ketentuan,"Dalam rangka menyediakan penasehat hukum sebagaimana dimaksud pada ayat (2), PPNS Direktorat Jenderal membuat surat permohonan bantuan hukum kepada Lembaga Bantuan Hukum Pengadilan Negeri - 43 - setempat untuk mendampingi Tersangka dalam Pemeriksaan. Bagian Keenam Belas Pengelolaan Barang Bukti",Pasal 51 ayat (3),"hukum, bantuan, rangka, menyediakan, penasehat",Lembaga
Perdirjen_07_2021,Perdirjen Nomor 07 Tahun 2021,Perdirjen,2021,07,BAB V,Pengenaan Sanksi Pidana,Bagian Kesebelas,,52,1,,,Ketentuan,"Barang Bukti yang disita, dikelola dengan cara disimpan dalam:",Pasal 52 ayat (1),"barang, bukti, disita, dikelola, cara",
Perdirjen_07_2021,Perdirjen Nomor 07 Tahun 2021,Perdirjen,2021,07,BAB V,Pengenaan Sanksi Pidana,Bagian Kesebelas,,52,1,a,,Ketentuan,Rumah Penyimpanan Barang Sitaan (RUPBASAN); atau,Pasal 52 ayat (1) huruf a,"rumah, penyimpanan, barang, sitaan, rupbasan",
Perdirjen_07_2021,Perdirjen Nomor 07 Tahun 2021,Perdirjen,2021,07,BAB V,Pengenaan Sanksi Pidana,Bagian Kesebelas,,52,1,b,,Ketentuan,ruangan khusus penyimpanan Barang Bukti di Direktorat Jenderal/UPT.,Pasal 52 ayat (1) huruf b,"ruangan, khusus, penyimpanan, barang, bukti",
Perdirjen_07_2021,Perdirjen Nomor 07 Tahun 2021,Perdirjen,2021,07,BAB V,Pengenaan Sanksi Pidana,Bagian Kesebelas,,52,2,,,Ketentuan,"Dalam hal disimpan dalam ruangan khusus penyimpanan Barang Bukti di Direktorat Jenderal/UPT sebagaimana dimaksud pada ayat (1) huruf b, pengelolaan Barang Bukti dilakukan oleh petugas yang ditunjuk oleh Direktur atau Kepala UPT.",Pasal 52 ayat (2),"barang, bukti, disimpan, ruangan, khusus",
Perdirjen_07_2021,Perdirjen Nomor 07 Tahun 2021,Perdirjen,2021,07,BAB V,Pengenaan Sanksi Pidana,Bagian Kesebelas,,52,3,,,Ketentuan,Pengelolaan Barang Bukti sebagaimana dimaksud pada ayat (1) dilakukan dengan:,Pasal 52 ayat (3),"pengelolaan, barang, bukti",
Perdirjen_07_2021,Perdirjen Nomor 07 Tahun 2021,Perdirjen,2021,07,BAB V,Pengenaan Sanksi Pidana,Bagian Kesebelas,,52,3,a,,Ketentuan,mencatat Barang Bukti yang disimpan; dan,Pasal 52 ayat (3) huruf a,"mencatat, barang, bukti, disimpan",
Perdirjen_07_2021,Perdirjen Nomor 07 Tahun 2021,Perdirjen,2021,07,BAB V,Pengenaan Sanksi Pidana,Bagian Kesebelas,,52,3,b,,Ketentuan,mencatat masuk dan keluarnya Barang Bukti.,Pasal 52 ayat (3) huruf b,"mencatat, masuk, keluarnya, barang, bukti",
Perdirjen_07_2021,Perdirjen Nomor 07 Tahun 2021,Perdirjen,2021,07,BAB V,Pengenaan Sanksi Pidana,Bagian Kesebelas,,52,4,,,Ketentuan,Barang Bukti dikeluarkan dari ruang khusus penyimpanan Barang Bukti dalam hal:,Pasal 52 ayat (4),"barang, bukti, dikeluarkan, ruang, khusus",
Perdirjen_07_2021,Perdirjen Nomor 07 Tahun 2021,Perdirjen,2021,07,BAB V,Pengenaan Sanksi Pidana,Bagian Kesebelas,,52,4,a,,Ketentuan,diperlukan untuk Penyidikan;,Pasal 52 ayat (4) huruf a,"diperlukan, penyidikan",
Perdirjen_07_2021,Perdirjen Nomor 07 Tahun 2021,Perdirjen,2021,07,BAB V,Pengenaan Sanksi Pidana,Bagian Kesebelas,,52,4,b,,Ketentuan,pelimpahan Tersangka dan Barang Bukti kepada Penuntut Umum; dan,Pasal 52 ayat (4) huruf b,"pelimpahan, tersangka, barang, bukti, kepada",
Perdirjen_07_2021,Perdirjen Nomor 07 Tahun 2021,Perdirjen,2021,07,BAB V,Pengenaan Sanksi Pidana,Bagian Kesebelas,,52,4,c,,Ketentuan,dikembalikan kepada pemiliknya.,Pasal 52 ayat (4) huruf c,"dikembalikan, kepada, pemiliknya",
Perdirjen_07_2021,Perdirjen Nomor 07 Tahun 2021,Perdirjen,2021,07,BAB V,Pengenaan Sanksi Pidana,Bagian Kesebelas,,52,5,,,Ketentuan,"Pengeluaran Barang Bukti dilakukan berdasarkan permintaan PPNS Direktorat Jenderal yang disetujui oleh Atasan PPNS, dengan mengisi formulir tanda terima masuk dan/atau keluar Barang Bukti dengan melampirkan:",Pasal 52 ayat (5),"barang, bukti, ppns, pengeluaran, permintaan",
Perdirjen_07_2021,Perdirjen Nomor 07 Tahun 2021,Perdirjen,2021,07,BAB V,Pengenaan Sanksi Pidana,Bagian Kesebelas,,52,5,a,,Ketentuan,surat keterangan berkas perkara sudah lengkap (P.21) dari Kejaksaan setempat; dan,Pasal 52 ayat (5) huruf a,"surat, keterangan, berkas, perkara, sudah",
Perdirjen_07_2021,Perdirjen Nomor 07 Tahun 2021,Perdirjen,2021,07,BAB V,Pengenaan Sanksi Pidana,Bagian Kesebelas,,52,5,b,,Ketentuan,surat perintah penghentian Penyidikan. - 44 -,Pasal 52 ayat (5) huruf b,"surat, perintah, penghentian, penyidikan",
Perdirjen_07_2021,Perdirjen Nomor 07 Tahun 2021,Perdirjen,2021,07,BAB V,Pengenaan Sanksi Pidana,Bagian Kesebelas,,52,6,,,Ketentuan,Formulir tanda terima masuk dan/atau keluar Barang Bukti sebagaimana dimaksud pada ayat (2) tercantum dalam Lampiran VI yang merupakan bagian tidak terpisahkan dari Peraturan Direktur Jenderal ini.,Pasal 52 ayat (6),"formulir, tanda, terima, masuk, keluar",
Perdirjen_07_2021,Perdirjen Nomor 07 Tahun 2021,Perdirjen,2021,07,BAB V,Pengenaan Sanksi Pidana,Bagian Kesebelas,,52,7,,,Larangan,Barang Bukti tidak boleh digunakan oleh siapapun kecuali untuk keperluan Penyidikan. Bagian Ketujuh Belas Pemberkasan,Pasal 52 ayat (7),"barang, bukti, boleh, digunakan, siapapun",
Perdirjen_07_2021,Perdirjen Nomor 07 Tahun 2021,Perdirjen,2021,07,BAB V,Pengenaan Sanksi Pidana,Bagian Kesebelas,,53,1,,,Ketentuan,"Dalam hal penyidikan telah diselesaikan, PPNS Direktorat Jenderal membuat:",Pasal 53 ayat (1),"penyidikan, diselesaikan, ppns, direktorat, jenderal",
Perdirjen_07_2021,Perdirjen Nomor 07 Tahun 2021,Perdirjen,2021,07,BAB V,Pengenaan Sanksi Pidana,Bagian Kesebelas,,53,1,a,,Ketentuan,resume sebagai ikhtisar dan kesimpulan dari hasil Penyidikan yang didapatkan;,Pasal 53 ayat (1) huruf a,"resume, ikhtisar, kesimpulan, hasil, penyidikan",
Perdirjen_07_2021,Perdirjen Nomor 07 Tahun 2021,Perdirjen,2021,07,BAB V,Pengenaan Sanksi Pidana,Bagian Kesebelas,,53,1,b,,Ketentuan,sampul berkas perkara;,Pasal 53 ayat (1) huruf b,"sampul, berkas, perkara",
Perdirjen_07_2021,Perdirjen Nomor 07 Tahun 2021,Perdirjen,2021,07,BAB V,Pengenaan Sanksi Pidana,Bagian Kesebelas,,53,1,c,,Ketentuan,daftar isi.,Pasal 53 ayat (1) huruf c,daftar,
Perdirjen_07_2021,Perdirjen Nomor 07 Tahun 2021,Perdirjen,2021,07,BAB V,Pengenaan Sanksi Pidana,Bagian Kesebelas,,53,1,d,,Ketentuan,daftar saksi;,Pasal 53 ayat (1) huruf d,"daftar, saksi",
Perdirjen_07_2021,Perdirjen Nomor 07 Tahun 2021,Perdirjen,2021,07,BAB V,Pengenaan Sanksi Pidana,Bagian Kesebelas,,53,1,e,,Ketentuan,daftar ahli;,Pasal 53 ayat (1) huruf e,"daftar, ahli",
Perdirjen_07_2021,Perdirjen Nomor 07 Tahun 2021,Perdirjen,2021,07,BAB V,Pengenaan Sanksi Pidana,Bagian Kesebelas,,53,1,f,,Ketentuan,daftar Barang Bukti; dan,Pasal 53 ayat (1) huruf f,"daftar, barang, bukti",
Perdirjen_07_2021,Perdirjen Nomor 07 Tahun 2021,Perdirjen,2021,07,BAB V,Pengenaan Sanksi Pidana,Bagian Kesebelas,,53,1,g,,Ketentuan,daftar Tersangka.,Pasal 53 ayat (1) huruf g,"daftar, tersangka",
Perdirjen_07_2021,Perdirjen Nomor 07 Tahun 2021,Perdirjen,2021,07,BAB V,Pengenaan Sanksi Pidana,Bagian Kesebelas,,53,2,,,Ketentuan,"Setelah ayat (1) selesai dibuat, dilaksanakan penyusunan Berkas Perkara (BP) yang paling sedikit meliputi:",Pasal 53 ayat (2),"setelah, selesai, dibuat, dilaksanakan, penyusunan",
Perdirjen_07_2021,Perdirjen Nomor 07 Tahun 2021,Perdirjen,2021,07,BAB V,Pengenaan Sanksi Pidana,Bagian Kesebelas,,53,2,a,,Ketentuan,foto Tersangka;,Pasal 53 ayat (2) huruf a,"foto, tersangka",
Perdirjen_07_2021,Perdirjen Nomor 07 Tahun 2021,Perdirjen,2021,07,BAB V,Pengenaan Sanksi Pidana,Bagian Kesebelas,,53,2,b,,Ketentuan,sampul berkas perkara;,Pasal 53 ayat (2) huruf b,"sampul, berkas, perkara",
Perdirjen_07_2021,Perdirjen Nomor 07 Tahun 2021,Perdirjen,2021,07,BAB V,Pengenaan Sanksi Pidana,Bagian Kesebelas,,53,2,c,,Ketentuan,daftar isi berkas perkara;,Pasal 53 ayat (2) huruf c,"daftar, berkas, perkara",
Perdirjen_07_2021,Perdirjen Nomor 07 Tahun 2021,Perdirjen,2021,07,BAB V,Pengenaan Sanksi Pidana,Bagian Kesebelas,,53,2,d,,Ketentuan,resume;,Pasal 53 ayat (2) huruf d,resume,
Perdirjen_07_2021,Perdirjen Nomor 07 Tahun 2021,Perdirjen,2021,07,BAB V,Pengenaan Sanksi Pidana,Bagian Kesebelas,,53,2,e,,Ketentuan,Laporan Kejadian;,Pasal 53 ayat (2) huruf e,"laporan, kejadian",
Perdirjen_07_2021,Perdirjen Nomor 07 Tahun 2021,Perdirjen,2021,07,BAB V,Pengenaan Sanksi Pidana,Bagian Kesebelas,,53,2,f,,Ketentuan,SPDP;,Pasal 53 ayat (2) huruf f,spdp,
Perdirjen_07_2021,Perdirjen Nomor 07 Tahun 2021,Perdirjen,2021,07,BAB V,Pengenaan Sanksi Pidana,Bagian Kesebelas,,53,2,g,,Ketentuan,surat perintah pelaksanaan tugas;,Pasal 53 ayat (2) huruf g,"surat, perintah, pelaksanaan, tugas",
Perdirjen_07_2021,Perdirjen Nomor 07 Tahun 2021,Perdirjen,2021,07,BAB V,Pengenaan Sanksi Pidana,Bagian Kesebelas,,53,2,h,,Ketentuan,surat perintah Penyidikan;,Pasal 53 ayat (2) huruf h,"surat, perintah, penyidikan",
Perdirjen_07_2021,Perdirjen Nomor 07 Tahun 2021,Perdirjen,2021,07,BAB V,Pengenaan Sanksi Pidana,Bagian Kesebelas,,53,2,i,,Ketentuan,surat penggilan saksi;,Pasal 53 ayat (2) huruf i,"surat, penggilan, saksi",
Perdirjen_07_2021,Perdirjen Nomor 07 Tahun 2021,Perdirjen,2021,07,BAB V,Pengenaan Sanksi Pidana,Bagian Kesebelas,,53,2,j,,Ketentuan,surat permintaan keterangan ahli;,Pasal 53 ayat (2) huruf j,"surat, permintaan, keterangan, ahli",
Perdirjen_07_2021,Perdirjen Nomor 07 Tahun 2021,Perdirjen,2021,07,BAB V,Pengenaan Sanksi Pidana,Bagian Kesebelas,,53,2,k,,Ketentuan,surat panggilan Tersangka;,Pasal 53 ayat (2) huruf k,"surat, panggilan, tersangka",
Perdirjen_07_2021,Perdirjen Nomor 07 Tahun 2021,Perdirjen,2021,07,BAB V,Pengenaan Sanksi Pidana,Bagian Kesebelas,,53,2,l,,Ketentuan,berita acara pemeriksaan saksi;,Pasal 53 ayat (2) huruf l,"berita, acara, pemeriksaan, saksi",
Perdirjen_07_2021,Perdirjen Nomor 07 Tahun 2021,Perdirjen,2021,07,BAB V,Pengenaan Sanksi Pidana,Bagian Kesebelas,,53,2,m,,Ketentuan,berita acara pemeriksaan ahli;,Pasal 53 ayat (2) huruf m,"berita, acara, pemeriksaan, ahli",
Perdirjen_07_2021,Perdirjen Nomor 07 Tahun 2021,Perdirjen,2021,07,BAB V,Pengenaan Sanksi Pidana,Bagian Kesebelas,,53,2,n,,Ketentuan,berita acara pemeriksaan Tersangka; - 45 -,Pasal 53 ayat (2) huruf n,"berita, acara, pemeriksaan, tersangka",
Perdirjen_07_2021,Perdirjen Nomor 07 Tahun 2021,Perdirjen,2021,07,BAB V,Pengenaan Sanksi Pidana,Bagian Kesebelas,,53,2,o,,Ketentuan,berita acara penyumpahan ahli;,Pasal 53 ayat (2) huruf o,"berita, acara, penyumpahan, ahli",
Perdirjen_07_2021,Perdirjen Nomor 07 Tahun 2021,Perdirjen,2021,07,BAB V,Pengenaan Sanksi Pidana,Bagian Kesebelas,,53,2,p,,Ketentuan,surat permohonan izin khusus atau permohonan penetapan Penggeledahan;,Pasal 53 ayat (2) huruf p,"permohonan, surat, izin, khusus, penetapan",
Perdirjen_07_2021,Perdirjen Nomor 07 Tahun 2021,Perdirjen,2021,07,BAB V,Pengenaan Sanksi Pidana,Bagian Kesebelas,,53,2,q,,Ketentuan,surat perintah Penggeledahan;,Pasal 53 ayat (2) huruf q,"surat, perintah, penggeledahan",
Perdirjen_07_2021,Perdirjen Nomor 07 Tahun 2021,Perdirjen,2021,07,BAB V,Pengenaan Sanksi Pidana,Bagian Kesebelas,,53,2,r,,Ketentuan,berita acara Penggeledahan;,Pasal 53 ayat (2) huruf r,"berita, acara, penggeledahan",
Perdirjen_07_2021,Perdirjen Nomor 07 Tahun 2021,Perdirjen,2021,07,BAB V,Pengenaan Sanksi Pidana,Bagian Kesebelas,,53,2,s,,Ketentuan,surat permohonan izin khusus sita atau permohonan penetapan Penyitaan;,Pasal 53 ayat (2) huruf s,"permohonan, surat, izin, khusus, sita",
Perdirjen_07_2021,Perdirjen Nomor 07 Tahun 2021,Perdirjen,2021,07,BAB V,Pengenaan Sanksi Pidana,Bagian Kesebelas,,53,2,t,,Ketentuan,surat perintah Penyitaan;,Pasal 53 ayat (2) huruf t,"surat, perintah, penyitaan",
Perdirjen_07_2021,Perdirjen Nomor 07 Tahun 2021,Perdirjen,2021,07,BAB V,Pengenaan Sanksi Pidana,Bagian Kesebelas,,53,2,u,,Ketentuan,berita acara Penyitaan;,Pasal 53 ayat (2) huruf u,"berita, acara, penyitaan",
Perdirjen_07_2021,Perdirjen Nomor 07 Tahun 2021,Perdirjen,2021,07,BAB V,Pengenaan Sanksi Pidana,Bagian Kesebelas,,53,2,v,,Ketentuan,surat tanda penerimaan Barang Bukti;,Pasal 53 ayat (2) huruf v,"surat, tanda, penerimaan, barang, bukti",
Perdirjen_07_2021,Perdirjen Nomor 07 Tahun 2021,Perdirjen,2021,07,BAB V,Pengenaan Sanksi Pidana,Bagian Kesebelas,,53,2,w,,Ketentuan,berita acara pembungkusan dan/atau Penyegelan Barang Bukti;,Pasal 53 ayat (2) huruf w,"berita, acara, pembungkusan, penyegelan, barang",
Perdirjen_07_2021,Perdirjen Nomor 07 Tahun 2021,Perdirjen,2021,07,BAB V,Pengenaan Sanksi Pidana,Bagian Kesebelas,,53,2,x,,Ketentuan,daftar saksi;,Pasal 53 ayat (2) huruf x,"daftar, saksi",
Perdirjen_07_2021,Perdirjen Nomor 07 Tahun 2021,Perdirjen,2021,07,BAB V,Pengenaan Sanksi Pidana,Bagian Kesebelas,,53,2,y,,Ketentuan,daftar ahli;,Pasal 53 ayat (2) huruf y,"daftar, ahli",
Perdirjen_07_2021,Perdirjen Nomor 07 Tahun 2021,Perdirjen,2021,07,BAB V,Pengenaan Sanksi Pidana,Bagian Kesebelas,,53,2,z,,Ketentuan,daftar Tersangka;,Pasal 53 ayat (2) huruf z,"daftar, tersangka",
Perdirjen_07_2021,Perdirjen Nomor 07 Tahun 2021,Perdirjen,2021,07,BAB V,Pengenaan Sanksi Pidana,Bagian Kesebelas,,53,2,aa,,Ketentuan,daftar Barang Bukti;,Pasal 53 ayat (2) huruf aa,"daftar, barang, bukti",
Perdirjen_07_2021,Perdirjen Nomor 07 Tahun 2021,Perdirjen,2021,07,BAB V,Pengenaan Sanksi Pidana,Bagian Kesebelas,,53,2,bb,,Hak,salinan surat keputusan PPNS Direktorat Jenderal dari kementerian yang menyelenggarakan urusan pemerintahan di bidang hukum dan hak asasi manusia;,Pasal 53 ayat (2) huruf bb,"salinan, surat, keputusan, ppns, direktorat",Kementerian
Perdirjen_07_2021,Perdirjen Nomor 07 Tahun 2021,Perdirjen,2021,07,BAB V,Pengenaan Sanksi Pidana,Bagian Kesebelas,,53,2,cc,,Ketentuan,surat kuasa penunjukkan penasehat hukum oleh Tersangka; dan,Pasal 53 ayat (2) huruf cc,"surat, kuasa, penunjukkan, penasehat, hukum",
Perdirjen_07_2021,Perdirjen Nomor 07 Tahun 2021,Perdirjen,2021,07,BAB V,Pengenaan Sanksi Pidana,Bagian Kesebelas,,53,2,dd,,Ketentuan,dokumen lain-lain. Bagian Kedelapan Belas Penyerahan Berkas Perkara,Pasal 53 ayat (2) huruf dd,"dokumen, kedelapan, belas, penyerahan, berkas",
Perdirjen_07_2021,Perdirjen Nomor 07 Tahun 2021,Perdirjen,2021,07,BAB V,Pengenaan Sanksi Pidana,Bagian Kesebelas,,54,1,,,Ketentuan,Penyerahan berkas perkara kepada Penuntut Umum dilakukan oleh PPNS Direktorat Jenderal setelah pemberkasan proses Penyidikan selesai.,Pasal 54 ayat (1),"penyerahan, berkas, perkara, kepada, penuntut",
Perdirjen_07_2021,Perdirjen Nomor 07 Tahun 2021,Perdirjen,2021,07,BAB V,Pengenaan Sanksi Pidana,Bagian Kesebelas,,54,2,,,Ketentuan,Penyerahan berkas perkara sebagaimana dimaksud pada ayat (1) dilaksanakan melalui Penyidik Polri/Korwas PPNS.,Pasal 54 ayat (2),"penyerahan, berkas, perkara, dilaksanakan, melalui",
Perdirjen_07_2021,Perdirjen Nomor 07 Tahun 2021,Perdirjen,2021,07,BAB V,Pengenaan Sanksi Pidana,Bagian Kesebelas,,54,3,,,Ketentuan,"Apabila berkas perkara dikembalikan oleh Penuntut Umum kepada PPNS Direktorat Jenderal dan setelah dilakukan pemenuhan petunjuk Penuntut Umum atas kekurangan materi berkas perkara, berkas perkara - 46 - diserahkan kembali ke Penuntut Umum melalui Penyidik Polri/Korwas PPNS. Bagian Kesembilan Belas Penyerahan Tersangka dan Barang Bukti",Pasal 54 ayat (3),"berkas, perkara, penuntut, umum, ppns",
Perdirjen_07_2021,Perdirjen Nomor 07 Tahun 2021,Perdirjen,2021,07,BAB V,Pengenaan Sanksi Pidana,Bagian Kesebelas,,55,1,,,Ketentuan,Penyerahan Tersangka dan Barang Bukti dilaksanakan setelah berkas perkara dinyatakan lengkap oleh Penuntut Umum.,Pasal 55 ayat (1),"penyerahan, tersangka, barang, bukti, dilaksanakan",
Perdirjen_07_2021,Perdirjen Nomor 07 Tahun 2021,Perdirjen,2021,07,BAB V,Pengenaan Sanksi Pidana,Bagian Kesebelas,,55,2,,,Ketentuan,"Dalam rangka penyerahan Tersangka dan Barang Bukti sebagaimana dimaksud pada ayat (1), PPNS Direktorat Jenderal membuat surat pengiriman Tersangka dan Barang Bukti ke Penuntut Umum melalui Penyidik Polri/Korwas PPNS.",Pasal 55 ayat (2),"tersangka, barang, bukti, ppns, rangka",
Perdirjen_07_2021,Perdirjen Nomor 07 Tahun 2021,Perdirjen,2021,07,BAB V,Pengenaan Sanksi Pidana,Bagian Kesebelas,,55,3,,,Ketentuan,Surat pengiriman Tersangka dan Barang Bukti sebagaimana dimaksud pada ayat (2) ditandatangani oleh:,Pasal 55 ayat (3),"surat, pengiriman, tersangka, barang, bukti",
Perdirjen_07_2021,Perdirjen Nomor 07 Tahun 2021,Perdirjen,2021,07,BAB V,Pengenaan Sanksi Pidana,Bagian Kesebelas,,55,3,a,,Ketentuan,Atasan PPNS Direktorat Jenderal selaku penyidik; atau,Pasal 55 ayat (3) huruf a,"atasan, ppns, direktorat, jenderal, selaku",
Perdirjen_07_2021,Perdirjen Nomor 07 Tahun 2021,Perdirjen,2021,07,BAB V,Pengenaan Sanksi Pidana,Bagian Kesebelas,,55,3,b,,Ketentuan,PPNS Direktorat Jenderal diketahui oleh Atasan PPNS Direktorat Jenderal dalam hal Atasan PPNS Direktorat Jenderal bukan penyidik.,Pasal 55 ayat (3) huruf b,"ppns, direktorat, jenderal, atasan, diketahui",
Perdirjen_07_2021,Perdirjen Nomor 07 Tahun 2021,Perdirjen,2021,07,BAB V,Pengenaan Sanksi Pidana,Bagian Kesebelas,,55,4,,,Ketentuan,Pelaksanaan penyerahan Tersangka dan Barang Bukti dituangkan dalam berita acara penyerahan Tersangka dan Barang Bukti.,Pasal 55 ayat (4),"penyerahan, tersangka, barang, bukti, pelaksanaan",
Perdirjen_07_2021,Perdirjen Nomor 07 Tahun 2021,Perdirjen,2021,07,BAB V,Pengenaan Sanksi Pidana,Bagian Kesebelas,,55,5,,,Ketentuan,"Apabila Tersangka tidak dilakukan penahanan dalam tahap Penyidikan dan khawatir akan melarikan diri atau tidak kooperatif, untuk kepentingan penyerahan Tersangka dan Barang Bukti kepada Penuntut Umum, terhadap Tersangka dapat dilakukan Penangkapan dan Penahanan. - 47 - Bagian Kedua Puluh Penghentian Penyidikan",Pasal 55 ayat (5),"tersangka, penahanan, penyidikan, tahap, khawatir",
Perdirjen_07_2021,Perdirjen Nomor 07 Tahun 2021,Perdirjen,2021,07,BAB V,Pengenaan Sanksi Pidana,Bagian Kesebelas,,56,,,,Ketentuan,Penghentian Penyidikan oleh PPNS Direktorat Jenderal dilakukan apabila:,Pasal 56,"penghentian, penyidikan, ppns, direktorat, jenderal",
Perdirjen_07_2021,Perdirjen Nomor 07 Tahun 2021,Perdirjen,2021,07,BAB V,Pengenaan Sanksi Pidana,Bagian Kesebelas,,56,,a,,Ketentuan,tidak terdapat cukup bukti;,Pasal 56 huruf a,"terdapat, cukup, bukti",
Perdirjen_07_2021,Perdirjen Nomor 07 Tahun 2021,Perdirjen,2021,07,BAB V,Pengenaan Sanksi Pidana,Bagian Kesebelas,,56,,b,,Sanksi,peristiwa tersebut bukan merupakan tindak pidana; atau,Pasal 56 huruf b,"peristiwa, tersebut, bukan, tindak, pidana",
Perdirjen_07_2021,Perdirjen Nomor 07 Tahun 2021,Perdirjen,2021,07,BAB V,Pengenaan Sanksi Pidana,Bagian Kesebelas,,56,,c,,Ketentuan,"dihentikan demi hukum, karena:",Pasal 56 huruf c,"dihentikan, demi, hukum, karena",
Perdirjen_07_2021,Perdirjen Nomor 07 Tahun 2021,Perdirjen,2021,07,BAB V,Pengenaan Sanksi Pidana,Bagian Kesebelas,,56,,c,1,Ketentuan,Tersangka meninggal dunia;,Pasal 56 huruf c angka 1,"tersangka, meninggal, dunia",
Perdirjen_07_2021,Perdirjen Nomor 07 Tahun 2021,Perdirjen,2021,07,BAB V,Pengenaan Sanksi Pidana,Bagian Kesebelas,,56,,c,2,Sanksi,tuntutan tindak pidana telah kadaluarsa; dan/atau,Pasal 56 huruf c angka 2,"tuntutan, tindak, pidana, kadaluarsa",
Perdirjen_07_2021,Perdirjen Nomor 07 Tahun 2021,Perdirjen,2021,07,BAB V,Pengenaan Sanksi Pidana,Bagian Kesebelas,,56,,c,3,Sanksi,tindak pidana tersebut telah memperoleh putusan Hakim yang mempunyai kekuatan hukum tetap.,Pasal 56 huruf c angka 3,"tindak, pidana, tersebut, memperoleh, putusan",
Perdirjen_07_2021,Perdirjen Nomor 07 Tahun 2021,Perdirjen,2021,07,BAB V,Pengenaan Sanksi Pidana,Bagian Kesebelas,,57,1,,,Ketentuan,Penghentian Penyidikan sebagaimana dimaksud dalam Pasal 56 dilakukan melalui Gelar Perkara.,Pasal 57 ayat (1),"penghentian, penyidikan, melalui, gelar, perkara",
Perdirjen_07_2021,Perdirjen Nomor 07 Tahun 2021,Perdirjen,2021,07,BAB V,Pengenaan Sanksi Pidana,Bagian Kesebelas,,57,2,,,Ketentuan,"Apabila hasil Gelar Perkara menyimpulkan bahwa syarat penghentian Penyidikan telah terpenuhi, maka diterbitkan surat perintah penghentian Penyidikan dan surat ketetapan penghentian Penyidikan yang ditandatangani oleh:",Pasal 57 ayat (2),"penghentian, penyidikan, surat, hasil, gelar",
Perdirjen_07_2021,Perdirjen Nomor 07 Tahun 2021,Perdirjen,2021,07,BAB V,Pengenaan Sanksi Pidana,Bagian Kesebelas,,57,2,a,,Ketentuan,Atasan PPNS selaku penyidik; atau,Pasal 57 ayat (2) huruf a,"atasan, ppns, selaku, penyidik",
Perdirjen_07_2021,Perdirjen Nomor 07 Tahun 2021,Perdirjen,2021,07,BAB V,Pengenaan Sanksi Pidana,Bagian Kesebelas,,57,2,b,,Ketentuan,"PPNS Direktorat Jenderal, yang diketahui oleh Atasan PPNS, dalam hal Atasan PPNS bukan penyidik.",Pasal 57 ayat (2) huruf b,"ppns, atasan, direktorat, jenderal, diketahui",
Perdirjen_07_2021,Perdirjen Nomor 07 Tahun 2021,Perdirjen,2021,07,BAB V,Pengenaan Sanksi Pidana,Bagian Kesebelas,,57,3,,,Ketentuan,"Surat perintah penghentian Penyidikan dan surat ketetapan penghentian Penyidikan sebagaimana dimaksud pada huruf b, disampaikan oleh PPNS Direktorat Jenderal kepada:",Pasal 57 ayat (3),"surat, penghentian, penyidikan, perintah, ketetapan",
Perdirjen_07_2021,Perdirjen Nomor 07 Tahun 2021,Perdirjen,2021,07,BAB V,Pengenaan Sanksi Pidana,Bagian Kesebelas,,57,3,a,,Ketentuan,Penuntut Umum melalui Penyidik Polri/Korwas PPNS; dan,Pasal 57 ayat (3) huruf a,"penuntut, umum, melalui, penyidik, polri",
Perdirjen_07_2021,Perdirjen Nomor 07 Tahun 2021,Perdirjen,2021,07,BAB V,Pengenaan Sanksi Pidana,Bagian Kesebelas,,57,3,b,,Ketentuan,Tersangka dan/atau keluarga atau penasehat hukumnya.,Pasal 57 ayat (3) huruf b,"tersangka, keluarga, penasehat, hukumnya",
Perdirjen_07_2021,Perdirjen Nomor 07 Tahun 2021,Perdirjen,2021,07,BAB V,Pengenaan Sanksi Pidana,Bagian Kesebelas,,57,4,,,Ketentuan,"Dalam hal penghentian Penyidikan dinyatakan tidak sah oleh putusan pra-peradilan dan/atau ditemukan adanya bukti baru, PPNS Direktorat Jenderal melaksanakan Gelar Perkara. - 48 -",Pasal 57 ayat (4),"penghentian, penyidikan, dinyatakan, putusan, peradilan",
Perdirjen_07_2021,Perdirjen Nomor 07 Tahun 2021,Perdirjen,2021,07,BAB V,Pengenaan Sanksi Pidana,Bagian Kesebelas,,57,5,,,Ketentuan,"berdasarkan hasil Gelar Perkara sebagaimana dimaksud pada ayat (4), PPNS Direktorat Jenderal:",Pasal 57 ayat (5),"hasil, gelar, perkara, ppns, direktorat",
Perdirjen_07_2021,Perdirjen Nomor 07 Tahun 2021,Perdirjen,2021,07,BAB V,Pengenaan Sanksi Pidana,Bagian Kesebelas,,57,5,a,,Ketentuan,menerbitkan surat ketetapan pencabutan penghentian Penyidikan;,Pasal 57 ayat (5) huruf a,"menerbitkan, surat, ketetapan, pencabutan, penghentian",
Perdirjen_07_2021,Perdirjen Nomor 07 Tahun 2021,Perdirjen,2021,07,BAB V,Pengenaan Sanksi Pidana,Bagian Kesebelas,,57,5,b,,Ketentuan,membuat surat perintah Penyidikan lanjutan; dan,Pasal 57 ayat (5) huruf b,"membuat, surat, perintah, penyidikan, lanjutan",
Perdirjen_07_2021,Perdirjen Nomor 07 Tahun 2021,Perdirjen,2021,07,BAB V,Pengenaan Sanksi Pidana,Bagian Kesebelas,,57,5,c,,Ketentuan,melanjutkan kembali Penyidikan. Bagian Kedua Puluh Satu Pelimpahan Penyidikan,Pasal 57 ayat (5) huruf c,"penyidikan, melanjutkan, kembali, kedua, puluh",
Perdirjen_07_2021,Perdirjen Nomor 07 Tahun 2021,Perdirjen,2021,07,BAB V,Pengenaan Sanksi Pidana,Bagian Kesebelas,,58,1,,,Ketentuan,Pelimpahan Penyidikan meliputi:,Pasal 58 ayat (1),"pelimpahan, penyidikan, meliputi",
Perdirjen_07_2021,Perdirjen Nomor 07 Tahun 2021,Perdirjen,2021,07,BAB V,Pengenaan Sanksi Pidana,Bagian Kesebelas,,58,1,a,,Ketentuan,dari Penyidik Polri ke PPNS Direktorat Jenderal; atau,Pasal 58 ayat (1) huruf a,"penyidik, polri, ppns, direktorat, jenderal",
Perdirjen_07_2021,Perdirjen Nomor 07 Tahun 2021,Perdirjen,2021,07,BAB V,Pengenaan Sanksi Pidana,Bagian Kesebelas,,58,1,b,,Ketentuan,dari PPNS Direktorat Jenderal ke Penyidik Polri.,Pasal 58 ayat (1) huruf b,"ppns, direktorat, jenderal, penyidik, polri",
Perdirjen_07_2021,Perdirjen Nomor 07 Tahun 2021,Perdirjen,2021,07,BAB V,Pengenaan Sanksi Pidana,Bagian Kesebelas,,58,2,,,Ketentuan,Sebelum dilaksanakan pelimpahan Penyidikan sebagaimana dimaksud pada ayat (1) Penyidik Polri/Korwas PPNS dan PPNS Direktorat Jenderal saling berkoordinasi dan melaksanakan Gelar Perkara.,Pasal 58 ayat (2),"ppns, sebelum, dilaksanakan, pelimpahan, penyidikan",
Perdirjen_07_2021,Perdirjen Nomor 07 Tahun 2021,Perdirjen,2021,07,BAB V,Pengenaan Sanksi Pidana,Bagian Kesebelas,,58,3,,,Ketentuan,Pelimpahan Penyidikan sebagaimana dimaksud pada ayat,Pasal 58 ayat (3),"pelimpahan, penyidikan",
Perdirjen_07_2021,Perdirjen Nomor 07 Tahun 2021,Perdirjen,2021,07,BAB V,Pengenaan Sanksi Pidana,Bagian Kesebelas,,58,1,,,Ketentuan,dilaksanakan dengan surat pelimpahan.,Pasal 58 ayat (1),"dilaksanakan, surat, pelimpahan",
Perdirjen_07_2021,Perdirjen Nomor 07 Tahun 2021,Perdirjen,2021,07,BAB V,Pengenaan Sanksi Pidana,Bagian Kesebelas,,58,4,,,Ketentuan,Pelimpahan Penyidikan sebagaimana dimaksud pada ayat,Pasal 58 ayat (4),"pelimpahan, penyidikan",
Perdirjen_07_2021,Perdirjen Nomor 07 Tahun 2021,Perdirjen,2021,07,BAB V,Pengenaan Sanksi Pidana,Bagian Kesebelas,,58,1,,,Ketentuan,"huruf a, ditindaklanjuti oleh PPNS Direktorat Jenderal dengan:",Pasal 58 ayat (1),"ditindaklanjuti, ppns, direktorat, jenderal",
Perdirjen_07_2021,Perdirjen Nomor 07 Tahun 2021,Perdirjen,2021,07,BAB V,Pengenaan Sanksi Pidana,Bagian Kesebelas,,58,1,a,,Ketentuan,PPNS Direktorat Jenderal menerbitkan Laporan Kejadian;,Pasal 58 ayat (1) huruf a,"ppns, direktorat, jenderal, menerbitkan, laporan",
Perdirjen_07_2021,Perdirjen Nomor 07 Tahun 2021,Perdirjen,2021,07,BAB V,Pengenaan Sanksi Pidana,Bagian Kesebelas,,58,1,b,,Ketentuan,"PPNS Direktorat Jenderal menerbitkan surat perintah Penyidikan dengan dasar rujukan, antara lain:",Pasal 58 ayat (1) huruf b,"ppns, direktorat, jenderal, menerbitkan, surat",
Perdirjen_07_2021,Perdirjen Nomor 07 Tahun 2021,Perdirjen,2021,07,BAB V,Pengenaan Sanksi Pidana,Bagian Kesebelas,,58,1,b,1,Ketentuan,surat perintah Penyidikan yang telah diterbitkan Penyidik Polri; dan,Pasal 58 ayat (1) huruf b angka 1,"surat, perintah, penyidikan, diterbitkan, penyidik",
Perdirjen_07_2021,Perdirjen Nomor 07 Tahun 2021,Perdirjen,2021,07,BAB V,Pengenaan Sanksi Pidana,Bagian Kesebelas,,58,1,b,2,Ketentuan,surat pelimpahan Penyidikan dari Penyidik Polri.,Pasal 58 ayat (1) huruf b angka 2,"surat, pelimpahan, penyidikan, penyidik, polri",
Perdirjen_07_2021,Perdirjen Nomor 07 Tahun 2021,Perdirjen,2021,07,BAB V,Pengenaan Sanksi Pidana,Bagian Kesebelas,,58,1,c,,Ketentuan,PPNS Direktorat Jenderal menerbitkan:,Pasal 58 ayat (1) huruf c,"ppns, direktorat, jenderal, menerbitkan",
Perdirjen_07_2021,Perdirjen Nomor 07 Tahun 2021,Perdirjen,2021,07,BAB V,Pengenaan Sanksi Pidana,Bagian Kesebelas,,58,1,c,1,Ketentuan,SPDP; dan/atau,Pasal 58 ayat (1) huruf c angka 1,spdp,
Perdirjen_07_2021,Perdirjen Nomor 07 Tahun 2021,Perdirjen,2021,07,BAB V,Pengenaan Sanksi Pidana,Bagian Kesebelas,,58,1,c,2,Ketentuan,surat pengantar pemberitahuan ke Penuntut Umum perkara tersebut telah dilimpahkan atau disidik lebih lanjut oleh PPNS Direktorat Jenderal. - 49 -,Pasal 58 ayat (1) huruf c angka 2,"surat, pengantar, pemberitahuan, penuntut, umum",
Perdirjen_07_2021,Perdirjen Nomor 07 Tahun 2021,Perdirjen,2021,07,BAB V,Pengenaan Sanksi Pidana,Bagian Kesebelas,,58,1,d,,Ketentuan,"SPDP sebagaimana dimaksud pada huruf c angka 1 dengan dasar rujukan, antara lain:",Pasal 58 ayat (1) huruf d,"spdp, dasar, rujukan",
Perdirjen_07_2021,Perdirjen Nomor 07 Tahun 2021,Perdirjen,2021,07,BAB V,Pengenaan Sanksi Pidana,Bagian Kesebelas,,58,1,d,1,Ketentuan,SPDP yang diterbitkan oleh Penyidik Polri; dan,Pasal 58 ayat (1) huruf d angka 1,"spdp, diterbitkan, penyidik, polri",
Perdirjen_07_2021,Perdirjen Nomor 07 Tahun 2021,Perdirjen,2021,07,BAB V,Pengenaan Sanksi Pidana,Bagian Kesebelas,,58,1,d,2,Ketentuan,surat pelimpahan Penyidikan dari Penyidik Polri.,Pasal 58 ayat (1) huruf d angka 2,"surat, pelimpahan, penyidikan, penyidik, polri",
Perdirjen_07_2021,Perdirjen Nomor 07 Tahun 2021,Perdirjen,2021,07,BAB V,Pengenaan Sanksi Pidana,Bagian Kesebelas,,58,1,e,,Ketentuan,"Surat pengantar sebagaimana dimaksud pada huruf c angka 2 dengan dasar rujukan, antara lain:",Pasal 58 ayat (1) huruf e,"surat, pengantar, dasar, rujukan",
Perdirjen_07_2021,Perdirjen Nomor 07 Tahun 2021,Perdirjen,2021,07,BAB V,Pengenaan Sanksi Pidana,Bagian Kesebelas,,58,1,e,1,Ketentuan,laporan polisi;,Pasal 58 ayat (1) huruf e angka 1,"laporan, polisi",
Perdirjen_07_2021,Perdirjen Nomor 07 Tahun 2021,Perdirjen,2021,07,BAB V,Pengenaan Sanksi Pidana,Bagian Kesebelas,,58,1,e,2,Ketentuan,surat perintah Penyidikan yang telah diterbitkan Penyidik Polri;,Pasal 58 ayat (1) huruf e angka 2,"surat, perintah, penyidikan, diterbitkan, penyidik",
Perdirjen_07_2021,Perdirjen Nomor 07 Tahun 2021,Perdirjen,2021,07,BAB V,Pengenaan Sanksi Pidana,Bagian Kesebelas,,58,1,e,3,Ketentuan,SPDP yang diterbitkan Penyidik Polri;,Pasal 58 ayat (1) huruf e angka 3,"spdp, diterbitkan, penyidik, polri",
Perdirjen_07_2021,Perdirjen Nomor 07 Tahun 2021,Perdirjen,2021,07,BAB V,Pengenaan Sanksi Pidana,Bagian Kesebelas,,58,1,e,4,Ketentuan,surat pelimpahan Penyidikan dari Polri;,Pasal 58 ayat (1) huruf e angka 4,"surat, pelimpahan, penyidikan, polri",
Perdirjen_07_2021,Perdirjen Nomor 07 Tahun 2021,Perdirjen,2021,07,BAB V,Pengenaan Sanksi Pidana,Bagian Kesebelas,,58,1,e,5,Ketentuan,Laporan Kejadian PPNS Direktorat Jenderal; dan,Pasal 58 ayat (1) huruf e angka 5,"laporan, kejadian, ppns, direktorat, jenderal",
Perdirjen_07_2021,Perdirjen Nomor 07 Tahun 2021,Perdirjen,2021,07,BAB V,Pengenaan Sanksi Pidana,Bagian Kesebelas,,58,1,e,6,Ketentuan,surat perintah Penyidikan PPNS Direktorat Jenderal.,Pasal 58 ayat (1) huruf e angka 6,"surat, perintah, penyidikan, ppns, direktorat",
Perdirjen_07_2021,Perdirjen Nomor 07 Tahun 2021,Perdirjen,2021,07,BAB V,Pengenaan Sanksi Pidana,Bagian Kesebelas,,58,5,,,Ketentuan,Pelimpahan Penyidikan sebagaimana dimaksud pada ayat,Pasal 58 ayat (5),"pelimpahan, penyidikan",
Perdirjen_07_2021,Perdirjen Nomor 07 Tahun 2021,Perdirjen,2021,07,BAB V,Pengenaan Sanksi Pidana,Bagian Kesebelas,,58,4,,,Ketentuan,dikoordinasikan oleh PPNS Direktorat Jenderal bersama dengan Penyidik Polri/Korwas PPNS kepada Penuntut Umum.,Pasal 58 ayat (4),"ppns, dikoordinasikan, direktorat, jenderal, bersama",
Perdirjen_07_2021,Perdirjen Nomor 07 Tahun 2021,Perdirjen,2021,07,BAB V,Pengenaan Sanksi Pidana,Bagian Kesebelas,,58,6,,,Ketentuan,Setelah dilakukan koordinasi sebagaimana dimaksud pada ayat (5) PPNS Direktorat Jenderal melanjutkan proses Penyidikan sebagaimana dimaksud dalam Pasal 28.,Pasal 58 ayat (6),"setelah, koordinasi, ppns, direktorat, jenderal",
Perdirjen_07_2021,Perdirjen Nomor 07 Tahun 2021,Perdirjen,2021,07,BAB V,Pengenaan Sanksi Pidana,Bagian Kesebelas,,58,7,,,Kewajiban,"Pada saat PPNS Direktorat Jenderal melakukan pemberkasan, seluruh administrasi Penyidikan yang telah dibuat oleh Penyidik Polri/Korwas PPNS wajib dimasukkan dalam Berkas Perkara.",Pasal 58 ayat (7),"ppns, saat, direktorat, jenderal, melakukan",
Perdirjen_07_2021,Perdirjen Nomor 07 Tahun 2021,Perdirjen,2021,07,BAB VI,Pelaporan,,,59,1,,,Sanksi,"Pelaksanaan kegiatan Pembinaan, pengawasan, dan pengenaan sanksi wajib dilaporkan secara tertulis kepada Direktur Jenderal.",Pasal 59 ayat (1),"pelaksanaan, kegiatan, pembinaan, pengawasan, pengenaan",
Perdirjen_07_2021,Perdirjen Nomor 07 Tahun 2021,Perdirjen,2021,07,BAB VI,Pelaporan,,,59,2,,,Ketentuan,Pelaporan sebagaimana dimaksud pada ayat (1) di evaluasi setiap semester.,Pasal 59 ayat (2),"pelaporan, evaluasi, setiap, semester",
Perdirjen_07_2021,Perdirjen Nomor 07 Tahun 2021,Perdirjen,2021,07,BAB VI,Pelaporan,,,59,3,,,Ketentuan,Penyampaian laporan dalam jaringan dilaporkan melalui:,Pasal 59 ayat (3),"penyampaian, laporan, jaringan, dilaporkan, melalui",
Perdirjen_07_2021,Perdirjen Nomor 07 Tahun 2021,Perdirjen,2021,07,BAB VI,Pelaporan,,,59,3,a,,Ketentuan,aplikasi milik Direktorat Jenderal meliputi hasil: - 50 -,Pasal 59 ayat (3) huruf a,"aplikasi, milik, direktorat, jenderal, meliputi",
Perdirjen_07_2021,Perdirjen Nomor 07 Tahun 2021,Perdirjen,2021,07,BAB VI,Pelaporan,,,59,3,a,1,Ketentuan,Pembinaan;,Pasal 59 ayat (3) huruf a angka 1,pembinaan,
Perdirjen_07_2021,Perdirjen Nomor 07 Tahun 2021,Perdirjen,2021,07,BAB VI,Pelaporan,,,59,3,a,2,Ketentuan,pengawasan;,Pasal 59 ayat (3) huruf a angka 2,pengawasan,
Perdirjen_07_2021,Perdirjen Nomor 07 Tahun 2021,Perdirjen,2021,07,BAB VI,Pelaporan,,,59,3,a,3,Sanksi,sanksi administratif; dan/atau,Pasal 59 ayat (3) huruf a angka 3,"sanksi, administratif",
Perdirjen_07_2021,Perdirjen Nomor 07 Tahun 2021,Perdirjen,2021,07,BAB VI,Pelaporan,,,59,3,a,4,Sanksi,sanksi pidana.,Pasal 59 ayat (3) huruf a angka 4,"sanksi, pidana",
Perdirjen_07_2021,Perdirjen Nomor 07 Tahun 2021,Perdirjen,2021,07,BAB VI,Pelaporan,,,59,3,b,,Sanksi,aplikasi e-PPNS milik Badan Reserse Kriminal Kepolisian Negara Republik Indonesia khusus berkaitan dengan sanksi pidana.,Pasal 59 ayat (3) huruf b,"aplikasi, ppns, milik, badan, reserse",Badan
Perdirjen_07_2021,Perdirjen Nomor 07 Tahun 2021,Perdirjen,2021,07,BAB VI,Pelaporan,,,59,4,,,Ketentuan,Format laporan sebagaimana dimaksud pada ayat (1) tercantum dalam Lampiran III yang merupakan bagian tidak terpisahkan dari Peraturan Direktur Jenderal ini.,Pasal 59 ayat (4),"format, laporan, tercantum, lampiran, terpisahkan",
Perdirjen_07_2021,Perdirjen Nomor 07 Tahun 2021,Perdirjen,2021,07,BAB VII,Koordinator Ppns,,,60,1,,,Ketentuan,Dalam pelaksanaan penegakan hukum diperlukan Koordinator PPNS Direktorat Jenderal terdiri dari:,Pasal 60 ayat (1),"pelaksanaan, penegakan, hukum, diperlukan, koordinator",
Perdirjen_07_2021,Perdirjen Nomor 07 Tahun 2021,Perdirjen,2021,07,BAB VII,Koordinator Ppns,,,60,1,a,,Ketentuan,Koordinator PPNS nasional; dan,Pasal 60 ayat (1) huruf a,"koordinator, ppns, nasional",
Perdirjen_07_2021,Perdirjen Nomor 07 Tahun 2021,Perdirjen,2021,07,BAB VII,Koordinator Ppns,,,60,1,b,,Ketentuan,Koordinator PPNS wilayah UPT.,Pasal 60 ayat (1) huruf b,"koordinator, ppns, wilayah",
Perdirjen_07_2021,Perdirjen Nomor 07 Tahun 2021,Perdirjen,2021,07,BAB VII,Koordinator Ppns,,,60,2,,,Ketentuan,"Koordinator PPNS Nasional sebagaimana dimaksud pada ayat (1) huruf a, merupakan PPNS Direktorat Jenderal yang ditunjuk dan ditetapkan oleh Direktur Jenderal untuk menjadi koordinator bagi seluruh PPNS dilingkungan Direktorat Jenderal.",Pasal 60 ayat (2),"ppns, jenderal, koordinator, direktorat, nasional",
Perdirjen_07_2021,Perdirjen Nomor 07 Tahun 2021,Perdirjen,2021,07,BAB VII,Koordinator Ppns,,,60,3,,,Ketentuan,Koordinator PPNS wilayah UPT sebagaimana dimaksud pada ayat (1) huruf b merupakan PPNS Direktorat Jenderal yang ditunjuk dan ditetapkan oleh Direktur untuk menjadi koordinator bagi PPNS di wilayah UPT.,Pasal 60 ayat (3),"ppns, koordinator, wilayah, direktorat, jenderal",
Perdirjen_07_2021,Perdirjen Nomor 07 Tahun 2021,Perdirjen,2021,07,BAB VII,Koordinator Ppns,,,60,4,,,Ketentuan,Koordinator PPNS sebagaimana dimaksud pada ayat (2) dan ayat (3) ditetapkan setiap 3 (tiga) tahun.,Pasal 60 ayat (4),"koordinator, ppns, ditetapkan, setiap, tiga",
Perdirjen_07_2021,Perdirjen Nomor 07 Tahun 2021,Perdirjen,2021,07,BAB VII,Koordinator Ppns,,,60,5,,,Ketentuan,"Apabila Direktur atau Kepala UPT telah menjadi PPNS Direktorat Jenderal, secara otomatis ditetapkan sebagai Koordinator PPNS.",Pasal 60 ayat (5),"ppns, direktur, kepala, menjadi, direktorat",
Perdirjen_07_2021,Perdirjen Nomor 07 Tahun 2021,Perdirjen,2021,07,BAB VII,Koordinator Ppns,,,61,,,,Ketentuan,Koordinator PPNS sebagaimana dimaksud dalam Pasal 60 ayat,Pasal 61,"koordinator, ppns",
Perdirjen_07_2021,Perdirjen Nomor 07 Tahun 2021,Perdirjen,2021,07,BAB VII,Koordinator Ppns,,,61,1,,,Ketentuan,bertugas untuk memastikan setiap tahapan Penyidikan - 51 - berjalan sesuai dengan ketentuan peraturan perundang- undangan dan melalui upaya sebagai berikut:,Pasal 61 ayat (1),"bertugas, memastikan, setiap, tahapan, penyidikan",
Perdirjen_07_2021,Perdirjen Nomor 07 Tahun 2021,Perdirjen,2021,07,BAB VII,Koordinator Ppns,,,61,1,a,,Ketentuan,tahap persiapan:,Pasal 61 ayat (1) huruf a,"tahap, persiapan",
Perdirjen_07_2021,Perdirjen Nomor 07 Tahun 2021,Perdirjen,2021,07,BAB VII,Koordinator Ppns,,,61,1,a,1,Ketentuan,meneliti kelengkapan Administrasi Penyidikan dan rencana Penyidikan; dan,Pasal 61 ayat (1) huruf a angka 1,"penyidikan, meneliti, kelengkapan, administrasi, rencana",
Perdirjen_07_2021,Perdirjen Nomor 07 Tahun 2021,Perdirjen,2021,07,BAB VII,Koordinator Ppns,,,61,1,a,2,Ketentuan,memberikan petunjuk tentang proses Penyidikan yang akan dilaksanakan.,Pasal 61 ayat (1) huruf a angka 2,"memberikan, petunjuk, proses, penyidikan, dilaksanakan",
Perdirjen_07_2021,Perdirjen Nomor 07 Tahun 2021,Perdirjen,2021,07,BAB VII,Koordinator Ppns,,,61,1,b,,Ketentuan,tahap pelaksanaan:,Pasal 61 ayat (1) huruf b,"tahap, pelaksanaan",
Perdirjen_07_2021,Perdirjen Nomor 07 Tahun 2021,Perdirjen,2021,07,BAB VII,Koordinator Ppns,,,61,1,b,1,Ketentuan,menjamin proses Penyidikan terlaksana secara transparan dan akuntabel sesuai ketentuan peraturan perundang-undangan; dan,Pasal 61 ayat (1) huruf b angka 1,"menjamin, proses, penyidikan, terlaksana, transparan",
Perdirjen_07_2021,Perdirjen Nomor 07 Tahun 2021,Perdirjen,2021,07,BAB VII,Koordinator Ppns,,,61,1,b,2,Ketentuan,melakukan kegiatan pengawasan Penyidikan melalui: a) pemeriksaan tata naskah administrasi Penyidikan; b) pemeriksaan laporan kemajuan Penyidikan; c) pengelolaan Barang Bukti; dan d) pelaksanaan Gelar Perkara.,Pasal 61 ayat (1) huruf b angka 2,"penyidikan, pemeriksaan, melakukan, kegiatan, pengawasan",
Perdirjen_07_2021,Perdirjen Nomor 07 Tahun 2021,Perdirjen,2021,07,BAB VII,Koordinator Ppns,,,61,1,c,,Ketentuan,tahap akhir:,Pasal 61 ayat (1) huruf c,"tahap, akhir",
Perdirjen_07_2021,Perdirjen Nomor 07 Tahun 2021,Perdirjen,2021,07,BAB VII,Koordinator Ppns,,,61,1,c,1,Ketentuan,meneliti berkas perkara sebelum diajukan ke Penuntut Umum untuk menghindari terjadinya pengembalian berkas perkara;,Pasal 61 ayat (1) huruf c angka 1,"berkas, perkara, meneliti, sebelum, diajukan",
Perdirjen_07_2021,Perdirjen Nomor 07 Tahun 2021,Perdirjen,2021,07,BAB VII,Koordinator Ppns,,,61,1,c,2,Ketentuan,bersama dengan PPNS Direktorat Jenderal memperbaiki dan melengkapi berkas perkara yang dikembalikan sesuai petunjuk Penuntut Umum;,Pasal 61 ayat (1) huruf c angka 2,"bersama, ppns, direktorat, jenderal, memperbaiki",
Perdirjen_07_2021,Perdirjen Nomor 07 Tahun 2021,Perdirjen,2021,07,BAB VII,Koordinator Ppns,,,61,1,c,3,Ketentuan,"mengikuti perkembangan penyerahan berkas perkara, Tersangka, dan Barang Bukti kepada Penuntut Umum; dan/atau",Pasal 61 ayat (1) huruf c angka 3,"mengikuti, perkembangan, penyerahan, berkas, perkara",
Perdirjen_07_2021,Perdirjen Nomor 07 Tahun 2021,Perdirjen,2021,07,BAB VII,Koordinator Ppns,,,61,1,c,4,Ketentuan,meneliti secara cermat pertimbangan hukum dasar penetapan surat perintah penghentian Penyidikan.,Pasal 61 ayat (1) huruf c angka 4,"meneliti, cermat, pertimbangan, hukum, dasar",
Perdirjen_07_2021,Perdirjen Nomor 07 Tahun 2021,Perdirjen,2021,07,BAB VII,Koordinator Ppns,,,62,,,,Hak,Koordinator PPNS Nasional sebagaimana dimaksud dalam Pasal 60 ayat (1) huruf a berwenang untuk:,Pasal 62,"koordinator, ppns, nasional, berwenang",
Perdirjen_07_2021,Perdirjen Nomor 07 Tahun 2021,Perdirjen,2021,07,BAB VII,Koordinator Ppns,,,62,,a,,Ketentuan,mengkoordinasikan tugas dan wewenang PPNS Direktorat Jenderal dengan Penyidik Polri/Korwas PPNS;,Pasal 62 huruf a,"ppns, mengkoordinasikan, tugas, wewenang, direktorat",
Perdirjen_07_2021,Perdirjen Nomor 07 Tahun 2021,Perdirjen,2021,07,BAB VII,Koordinator Ppns,,,62,,b,,Ketentuan,melakukan evaluasi hasil Penyidikan seluruh UPT setiap tahun; dan - 52 -,Pasal 62 huruf b,"melakukan, evaluasi, hasil, penyidikan, seluruh",
Perdirjen_07_2021,Perdirjen Nomor 07 Tahun 2021,Perdirjen,2021,07,BAB VII,Koordinator Ppns,,,62,,c,,Ketentuan,menyelenggarakan sidang kode etik apabila terdapat pelanggaran oleh PPNS Direktorat Jenderal dalam melakukan Penyidikan.,Pasal 62 huruf c,"menyelenggarakan, sidang, kode, etik, terdapat",
Perdirjen_07_2021,Perdirjen Nomor 07 Tahun 2021,Perdirjen,2021,07,BAB VII,Koordinator Ppns,,,63,,,,Ketentuan,Dalam pelaksanaan kewenangan sebagaimana dimaksud dalam Pasal 62 Koordinator PPNS Nasional melakukan forum koordinasi teknis paling sedikit 1 (satu) kali dalam satu tahun.,Pasal 63,"satu, pelaksanaan, kewenangan, koordinator, ppns",
Perdirjen_07_2021,Perdirjen Nomor 07 Tahun 2021,Perdirjen,2021,07,BAB VII,Koordinator Ppns,,,64,,,,Hak,Koordinator PPNS wilayah UPT sebagaimana dimaksud dalam Pasal 60 ayat (1) huruf b berwenang untuk:,Pasal 64,"koordinator, ppns, wilayah, berwenang",
Perdirjen_07_2021,Perdirjen Nomor 07 Tahun 2021,Perdirjen,2021,07,BAB VII,Koordinator Ppns,,,64,,a,,Ketentuan,memberdayakan seluruh pihak yang terlibat dalam kegiatan Penyidikan untuk menjamin terselenggaranya proses Penyidikan secara efektif dan efisien;,Pasal 64 huruf a,"penyidikan, memberdayakan, seluruh, pihak, terlibat",
Perdirjen_07_2021,Perdirjen Nomor 07 Tahun 2021,Perdirjen,2021,07,BAB VII,Koordinator Ppns,,,64,,b,,Ketentuan,"melakukan analisa dan evaluasi hasil Penyidikan, mengendalikan jalannya Penyidikan serta memantau kinerja PPNS; dan",Pasal 64 huruf b,"penyidikan, melakukan, analisa, evaluasi, hasil",
Perdirjen_07_2021,Perdirjen Nomor 07 Tahun 2021,Perdirjen,2021,07,BAB VII,Koordinator Ppns,,,64,,c,,Ketentuan,mengawasi pelaksanaan proses Penyidikan yang memenuhi persyaratan formal dan material.,Pasal 64 huruf c,"mengawasi, pelaksanaan, proses, penyidikan, memenuhi",
Perdirjen_07_2021,Perdirjen Nomor 07 Tahun 2021,Perdirjen,2021,07,BAB VII,Koordinator Ppns,,,65,,,,Kewajiban,Koordinator PPNS bertanggung jawab secara manajerial terhadap:,Pasal 65,"koordinator, ppns, bertanggung, jawab, manajerial",
Perdirjen_07_2021,Perdirjen Nomor 07 Tahun 2021,Perdirjen,2021,07,BAB VII,Koordinator Ppns,,,65,,a,,Ketentuan,keselamatan PPNS Direktorat Jenderal dalam pelaksanaan tugas;,Pasal 65 huruf a,"keselamatan, ppns, direktorat, jenderal, pelaksanaan",
Perdirjen_07_2021,Perdirjen Nomor 07 Tahun 2021,Perdirjen,2021,07,BAB VII,Koordinator Ppns,,,65,,b,,Ketentuan,peningkatan pengetahuan dan keterampilan PPNS Direktorat Jenderal;,Pasal 65 huruf b,"peningkatan, pengetahuan, keterampilan, ppns, direktorat",
Perdirjen_07_2021,Perdirjen Nomor 07 Tahun 2021,Perdirjen,2021,07,BAB VII,Koordinator Ppns,,,65,,c,,Sanksi,proses Penyidikan serta penyelesaian penanganan pelanggaran tindak pidana;,Pasal 65 huruf c,"proses, penyidikan, penyelesaian, penanganan, pelanggaran",
Perdirjen_07_2021,Perdirjen Nomor 07 Tahun 2021,Perdirjen,2021,07,BAB VII,Koordinator Ppns,,,65,,d,,Ketentuan,pemecahan masalah dan hambatan yang dihadapi oleh PPNS Direktorat Jenderal dalam pelaksanaan tugas;,Pasal 65 huruf d,"pemecahan, masalah, hambatan, dihadapi, ppns",
Perdirjen_07_2021,Perdirjen Nomor 07 Tahun 2021,Perdirjen,2021,07,BAB VII,Koordinator Ppns,,,65,,e,,Ketentuan,"penyelenggaraan proses Penyidikan secara profesional, prosedural, objektif, transparan, dan akuntabel;",Pasal 65 huruf e,"penyelenggaraan, proses, penyidikan, profesional, prosedural",
Perdirjen_07_2021,Perdirjen Nomor 07 Tahun 2021,Perdirjen,2021,07,BAB VII,Koordinator Ppns,,,65,,f,,Ketentuan,terwujudnya kepastian hukum dalam proses Penyidikan; - 53 -,Pasal 65 huruf f,"terwujudnya, kepastian, hukum, proses, penyidikan",
Perdirjen_07_2021,Perdirjen Nomor 07 Tahun 2021,Perdirjen,2021,07,BAB VII,Koordinator Ppns,,,65,,g,,Ketentuan,adanya gugatan praperadilan atau upaya hukum lain sebagai akibat dari proses Penyidikan;,Pasal 65 huruf g,"adanya, gugatan, praperadilan, upaya, hukum",
Perdirjen_07_2021,Perdirjen Nomor 07 Tahun 2021,Perdirjen,2021,07,BAB VII,Koordinator Ppns,,,65,,h,,Ketentuan,independensi Penyidikan;,Pasal 65 huruf h,"independensi, penyidikan",
Perdirjen_07_2021,Perdirjen Nomor 07 Tahun 2021,Perdirjen,2021,07,BAB VII,Koordinator Ppns,,,65,,i,,Ketentuan,keluhan masyarakat; dan,Pasal 65 huruf i,"keluhan, masyarakat",Masyarakat
Perdirjen_07_2021,Perdirjen Nomor 07 Tahun 2021,Perdirjen,2021,07,BAB VII,Koordinator Ppns,,,65,,j,,Ketentuan,pemberitaan media massa yang dapat menimbulkan opini yang salah terhadap Penyidikan.,Pasal 65 huruf j,"pemberitaan, media, massa, menimbulkan, opini",
Perdirjen_07_2021,Perdirjen Nomor 07 Tahun 2021,Perdirjen,2021,07,BAB VIII,Pembiayaan,,,66,,,,Ketentuan,Biaya pelaksanaan tugas dan wewenang PPNS Direktorat Jenderal dibebankan pada anggaran Direktorat Jenderal.,Pasal 66,"direktorat, jenderal, biaya, pelaksanaan, tugas",
Perdirjen_07_2021,Perdirjen Nomor 07 Tahun 2021,Perdirjen,2021,07,BAB IX,Kode Etik,,,67,,,,Kewajiban,PPNS Direktorat Jenderal dalam melaksanakan Penegakan Hukum wajib berdasarkan prinsip-prinsip sebagaimana dimaksud dalam Pasal 3.,Pasal 67,"prinsip, ppns, direktorat, jenderal, melaksanakan",
Perdirjen_07_2021,Perdirjen Nomor 07 Tahun 2021,Perdirjen,2021,07,BAB IX,Kode Etik,,,68,1,,,Kewajiban,PPNS Direktorat Jenderal dalam melaksanakan penegakan hukum wajib mematuhi kode etik.,Pasal 68 ayat (1),"ppns, direktorat, jenderal, melaksanakan, penegakan",
Perdirjen_07_2021,Perdirjen Nomor 07 Tahun 2021,Perdirjen,2021,07,BAB IX,Kode Etik,,,68,2,,,Ketentuan,Kode etik sebagaimana dimaksud pada ayat (1) meliputi:,Pasal 68 ayat (2),"kode, etik, meliputi",
Perdirjen_07_2021,Perdirjen Nomor 07 Tahun 2021,Perdirjen,2021,07,BAB IX,Kode Etik,,,68,2,a,,Ketentuan,"mengutamakan kepentingan Negara, Bangsa, dan masyarakat dari pada kepentingan pribadi atau golongan;",Pasal 68 ayat (2) huruf a,"kepentingan, mengutamakan, negara, bangsa, masyarakat",Masyarakat
Perdirjen_07_2021,Perdirjen Nomor 07 Tahun 2021,Perdirjen,2021,07,BAB IX,Kode Etik,,,68,2,b,,Ketentuan,menjunjung tinggi peraturan perundang-undangan yang menjadi pedomannya;,Pasal 68 ayat (2) huruf b,"menjunjung, tinggi, perundang, undangan, menjadi",
Perdirjen_07_2021,Perdirjen Nomor 07 Tahun 2021,Perdirjen,2021,07,BAB IX,Kode Etik,,,68,2,c,,Kewajiban,mendahulukan kewajiban dari pada hak;,Pasal 68 ayat (2) huruf c,"mendahulukan, kewajiban",
Perdirjen_07_2021,Perdirjen Nomor 07 Tahun 2021,Perdirjen,2021,07,BAB IX,Kode Etik,,,68,2,d,,Ketentuan,memperlakukan semua orang sama di muka hukum;,Pasal 68 ayat (2) huruf d,"memperlakukan, semua, orang, sama, muka",
Perdirjen_07_2021,Perdirjen Nomor 07 Tahun 2021,Perdirjen,2021,07,BAB IX,Kode Etik,,,68,2,e,,Ketentuan,menghindari perbuatan tercela atau pemerasan dan/atau memberi janji sesuatu dengan pihak terkait yang sedang berperkara; - 54 -,Pasal 68 ayat (2) huruf e,"menghindari, perbuatan, tercela, pemerasan, memberi",
Perdirjen_07_2021,Perdirjen Nomor 07 Tahun 2021,Perdirjen,2021,07,BAB IX,Kode Etik,,,68,2,f,,Ketentuan,"tidak mempublikasikan identitas/nama lengkap dari Tersangka dan saksi, kecuali dengan inisial nama;",Pasal 68 ayat (2) huruf f,"nama, mempublikasikan, identitas, lengkap, tersangka",
Perdirjen_07_2021,Perdirjen Nomor 07 Tahun 2021,Perdirjen,2021,07,BAB IX,Kode Etik,,,68,2,g,,Ketentuan,menyatakan hal yang benar;,Pasal 68 ayat (2) huruf g,"menyatakan, benar",
Perdirjen_07_2021,Perdirjen Nomor 07 Tahun 2021,Perdirjen,2021,07,BAB IX,Kode Etik,,,68,2,h,,Ketentuan,bersikap jujur dan tanggung jawab dalam melaksanakan tugas;,Pasal 68 ayat (2) huruf h,"bersikap, jujur, tanggung, jawab, melaksanakan",
Perdirjen_07_2021,Perdirjen Nomor 07 Tahun 2021,Perdirjen,2021,07,BAB IX,Kode Etik,,,68,2,i,,Kewajiban,bertanggung jawab dalam pengamanan dan penyimpanan barang bukti/benda yang berada di dalam penguasaannya karena terkait dengan penyelesaian perkara; dan,Pasal 68 ayat (2) huruf i,"bertanggung, jawab, pengamanan, penyimpanan, barang",
Perdirjen_07_2021,Perdirjen Nomor 07 Tahun 2021,Perdirjen,2021,07,BAB IX,Kode Etik,,,68,2,j,,Ketentuan,"menghormati dan bekerjasama dengan sesama pejabat terkait dalam tahapan Penyidikan, penuntutan, dan peradilan.",Pasal 68 ayat (2) huruf j,"menghormati, bekerjasama, sesama, pejabat, terkait",
Perdirjen_07_2021,Perdirjen Nomor 07 Tahun 2021,Perdirjen,2021,07,BAB IX,Kode Etik,,,69,1,,,Ketentuan,Pengawasan terhadap pelaksanaan kode etik sebagaimana dimaksud dalam Pasal 68 ayat (1) dilakukan oleh tim yang ditetapkan oleh Direktur Jenderal.,Pasal 69 ayat (1),"pengawasan, pelaksanaan, kode, etik, ditetapkan",
Perdirjen_07_2021,Perdirjen Nomor 07 Tahun 2021,Perdirjen,2021,07,BAB IX,Kode Etik,,,69,2,,,Ketentuan,Pengawasan terhadap pelaksanaan kode etik sebagaimana dimaksud pada ayat (1) melibatkan antara lain:,Pasal 69 ayat (2),"pengawasan, pelaksanaan, kode, etik, melibatkan",
Perdirjen_07_2021,Perdirjen Nomor 07 Tahun 2021,Perdirjen,2021,07,BAB IX,Kode Etik,,,69,2,a,,Ketentuan,Direktorat;,Pasal 69 ayat (2) huruf a,direktorat,
Perdirjen_07_2021,Perdirjen Nomor 07 Tahun 2021,Perdirjen,2021,07,BAB IX,Kode Etik,,,69,2,b,,Ketentuan,Bagian Umum dan Kepegawaian;,Pasal 69 ayat (2) huruf b,"umum, kepegawaian",
Perdirjen_07_2021,Perdirjen Nomor 07 Tahun 2021,Perdirjen,2021,07,BAB IX,Kode Etik,,,69,2,c,,Ketentuan,Bagian Hukum dan Kerjasama;,Pasal 69 ayat (2) huruf c,"hukum, kerjasama",
Perdirjen_07_2021,Perdirjen Nomor 07 Tahun 2021,Perdirjen,2021,07,BAB IX,Kode Etik,,,69,2,d,,Ketentuan,Kepala UPT; dan/atau,Pasal 69 ayat (2) huruf d,kepala,
Perdirjen_07_2021,Perdirjen Nomor 07 Tahun 2021,Perdirjen,2021,07,BAB IX,Kode Etik,,,69,2,e,,Ketentuan,Koordinator PPNS.,Pasal 69 ayat (2) huruf e,"koordinator, ppns",
Perdirjen_07_2021,Perdirjen Nomor 07 Tahun 2021,Perdirjen,2021,07,BAB IX,Kode Etik,,,70,1,,,Kewajiban,Para pihak yang terlibat dalam Penyidikan wajib menandatangani pakta integritas yang tercantum dalam Lampiran V yang merupakan bagian tidak terpisahkan dari Peraturan Direktur Jenderal ini.,Pasal 70 ayat (1),"para, pihak, terlibat, penyidikan, wajib",
Perdirjen_07_2021,Perdirjen Nomor 07 Tahun 2021,Perdirjen,2021,07,BAB IX,Kode Etik,,,70,2,,,Sanksi,PPNS Direktorat Jenderal yang terbukti melakukan pelanggaran terhadap pakta integritas dan/atau kode etik PPNS dikenakan sanksi sesuai dengan ketentuan peraturan perundang-undangan. - 55 -,Pasal 70 ayat (2),"ppns, direktorat, jenderal, terbukti, melakukan",
Perdirjen_07_2021,Perdirjen Nomor 07 Tahun 2021,Perdirjen,2021,07,BAB X,Ketentuan Lain-Lain,,,71,,,,Kewajiban,Dalam hal Direktorat lain di lingkungan Kementerian Komunikasi dan Informatika meminta bantuan PPNS Direktorat Jenderal untuk melakukan Penyidikan di bidang selain Telekomunikasi harus menyampaikan surat permohonan kepada Direktur Jenderal.,Pasal 71,"direktorat, jenderal, lingkungan, kementerian, komunikasi",Kementerian
Perdirjen_07_2021,Perdirjen Nomor 07 Tahun 2021,Perdirjen,2021,07,BAB X,Ketentuan Lain-Lain,,,72,1,,,Ketentuan,Dalam kondisi tertentu barang hasil penertiban dapat dilakukan pemusnahan oleh Direktorat Jenderal.,Pasal 72 ayat (1),"kondisi, tertentu, barang, hasil, penertiban",
Perdirjen_07_2021,Perdirjen Nomor 07 Tahun 2021,Perdirjen,2021,07,BAB X,Ketentuan Lain-Lain,,,72,2,,,Ketentuan,Kondisi tertentu sebagaimana dimaksud pada ayat (1) berupa:,Pasal 72 ayat (2),"kondisi, tertentu, berupa",
Perdirjen_07_2021,Perdirjen Nomor 07 Tahun 2021,Perdirjen,2021,07,BAB X,Ketentuan Lain-Lain,,,72,2,a,,Ketentuan,barang membahayakan keselamatan jiwa manusia;,Pasal 72 ayat (2) huruf a,"barang, membahayakan, keselamatan, jiwa, manusia",
Perdirjen_07_2021,Perdirjen Nomor 07 Tahun 2021,Perdirjen,2021,07,BAB X,Ketentuan Lain-Lain,,,72,2,b,,Ketentuan,barang tidak diketahui pemiliknya; dan/atau,Pasal 72 ayat (2) huruf b,"barang, diketahui, pemiliknya",
Perdirjen_07_2021,Perdirjen Nomor 07 Tahun 2021,Perdirjen,2021,07,BAB X,Ketentuan Lain-Lain,,,72,2,c,,Ketentuan,barang telah diserahkan pemiliknya kepada Direktorat Jenderal untuk dimusnahkan.,Pasal 72 ayat (2) huruf c,"barang, diserahkan, pemiliknya, kepada, direktorat",
Perdirjen_07_2021,Perdirjen Nomor 07 Tahun 2021,Perdirjen,2021,07,BAB X,Ketentuan Lain-Lain,,,72,3,,,Ketentuan,Pemusnahan sebagaimana dimakusd pada ayat (1) dilaksanakan dengan memperhatikan:,Pasal 72 ayat (3),"pemusnahan, dimakusd, dilaksanakan, memperhatikan",
Perdirjen_07_2021,Perdirjen Nomor 07 Tahun 2021,Perdirjen,2021,07,BAB X,Ketentuan Lain-Lain,,,72,3,a,,Ketentuan,hasil Gelar Perkara; dan,Pasal 72 ayat (3) huruf a,"hasil, gelar, perkara",
Perdirjen_07_2021,Perdirjen Nomor 07 Tahun 2021,Perdirjen,2021,07,BAB X,Ketentuan Lain-Lain,,,72,3,b,,Ketentuan,surat pernyataan kesediaan dari pemilik/penanggung jawab barang hasil penertiban menyerahkan kepada negara untuk dimusnahkan.,Pasal 72 ayat (3) huruf b,"surat, pernyataan, kesediaan, pemilik, penanggung",
Perdirjen_07_2021,Perdirjen Nomor 07 Tahun 2021,Perdirjen,2021,07,BAB X,Ketentuan Lain-Lain,,,72,4,,,Ketentuan,"Dalam hal tidak terdapat surat pernyataan sebagaimana dimaksud pada ayat (3) huruf b, pemusnahan barang hasil penertiban dapat dilaksanakan dengan ketentuan:",Pasal 72 ayat (4),"terdapat, surat, pernyataan, pemusnahan, barang",
Perdirjen_07_2021,Perdirjen Nomor 07 Tahun 2021,Perdirjen,2021,07,BAB X,Ketentuan Lain-Lain,,,72,4,a,,Hak,"PPNS Direktorat Jenderal dalam waktu paling lama 30 (tiga puluh hari) sejak tanggal pengiriman surat undangan klarifikasi, mengumumkan barang hasil penertiban tersebut di kantor kecamatan atau kelurahan atau desa tempat tinggal terakhir pemilik atau yang berhak atas barang hasil penertiban atau melalui media masa; dan - 56 -",Pasal 72 ayat (4) huruf a,"barang, hasil, penertiban, ppns, direktorat",
Perdirjen_07_2021,Perdirjen Nomor 07 Tahun 2021,Perdirjen,2021,07,BAB X,Ketentuan Lain-Lain,,,72,4,b,,Ketentuan,setelah melewati jangka waktu sebagaimana dimaksud pada huruf a PPNS Direktorat Jenderal melaporkan secara tertulis kepada Direktur atau Kepala UPT untuk memperoleh penetapan status barang hasil penertiban.,Pasal 72 ayat (4) huruf b,"setelah, melewati, jangka, waktu, ppns",
Perdirjen_07_2021,Perdirjen Nomor 07 Tahun 2021,Perdirjen,2021,07,BAB XI,Ketentuan Penutup,,,73,,,,Ketentuan,Pada saat Peraturan Direktur Jenderal ini mulai berlaku:,Pasal 73,"saat, direktur, jenderal, mulai, berlaku",
Perdirjen_07_2021,Perdirjen Nomor 07 Tahun 2021,Perdirjen,2021,07,BAB XI,Ketentuan Penutup,,,73,,,1,Ketentuan,Peraturan Direktur Jenderal Sumber Daya dan Perangkat Pos dan Informatika Nomor 4 Tahun 2018 tentang Manajemen Penegakan Hukum untuk Penyidik Pegawai Negeri Sipil di Lingkungan Direktorat Jenderal Sumber Daya dan Perangkat Pos dan Informatika; dan,Pasal 73 angka 1,"jenderal, sumber, daya, perangkat, informatika",
Perdirjen_07_2021,Perdirjen Nomor 07 Tahun 2021,Perdirjen,2021,07,BAB XI,Ketentuan Penutup,,,73,,,2,Sanksi,"Keputusan Direktur Jenderal Sumber Daya dan Perangkat Pos dan Informatika Nomor 107 Tahun 2021 tentang Tata Cara Pengenaan Sanksi Administratif terhadap Pelanggaran Penggunaan Spektrum Frekuensi Radio, dicabut dan dinyatakan tidak berlaku. - 57 -",Pasal 73 angka 2,"keputusan, direktur, jenderal, sumber, daya",
Perdirjen_07_2021,Perdirjen Nomor 07 Tahun 2021,Perdirjen,2021,07,BAB XI,Ketentuan Penutup,,,74,,,,Ketentuan,Ketentuan pelaporan dalam jaringan sebagaimana dimaksud dalam Pasal 59 ayat (3) mulai berlaku 1 (satu) tahun sejak Peraturan Direktur Jenderal ini ditetapkan.,Pasal 74,"pelaporan, jaringan, mulai, berlaku, satu",
Perdirjen_07_2021,Perdirjen Nomor 07 Tahun 2021,Perdirjen,2021,07,BAB XI,Ketentuan Penutup,,,75,,,,Sanksi,"Peraturan Direktur Jenderal ini mulai berlaku pada tanggal ditetapkan. Ditetapkan di Jakarta pada tanggal 18 Oktober 2021 DIREKTUR JENDERAL SUMBER DAYA DAN PERANGKAT POS DAN INFORMATIKA, Ismail Digitally signed by Ismail ISMAIL LAMPIRAN I PERATURAN DIREKTUR JENDERAL SUMBER DAYA DAN PERANGKAT POS DAN INFORMATIKA NOMOR 07 TAHUN 2021 TENTANG TATA CARA PEMBINAAN, PENGAWASAN, DAN PENGENAAN SANKSI TERHADAP PELANGGARAN PENGGUNAAN SPEKTRUM FREKUENSI RADIO, DAN ALAT TELEKOMUNIKASI DAN/ATAU PERANGKAT TELEKOMUNIKASI DIAGRAM ALIR PELAKSANAAN PENGAWASAN ALAT TELEKOMUNIKASI DAN/ATAU PERANGKAT TELEKOMUNIKASI Melaksanakan Indentifikasi/Verfikasi/Validasi Menentukan Lokasi Tidak Monitoring Perangkat melalui website Start (Kab/Kota) Yang Bersertifikat? Telekomunikasi sertifikasi.postel.go.id atau aplikasi Akan Di Monitor OnThe Spot mobile SiRani Ya Input Ke Aplikasi Sistem Informasi Buat Laporan Kenakan Sanksi Finish Alat dan Perangkat Monitoring Administrasi Telekomunikasi (SiApe) - 2 - FORMAT LAPORAN PELAKSANAAN PENGAWASAN ALAT TELEKOMUNIKASI DAN/ATAU PERANGKAT TELEKOMUNIKASI DATA PERUSAHAAN/ DATA PERANGKAT PERSEROAN NOMOR HANDPHONE *) SURAT TANGGAL HASIL MODUS/ NO. PERINTAH PELAKSANAAN MONITOR*) MOTIF*) NOMOR JENIS DATABASE SERTIFIKAT TUGAS NAMA ALAMAT JUMLAH BARANG PERANGKAT*) MERK/ MODEL UNIT TIPE NOMOR ID NAMA TIDAK ADA PERANGKAT SERTIFIKAT PELANGGAN PELANGGAN ADA DIREKTUR JENDERAL SUMBER DAYA DAN PERANGKAT POS DAN INFORMATIKA, ISMAIL LAMPIRAN II PERATURAN DIREKTUR JENDERAL SUMBER DAYA DAN PERANGKAT POS DAN INFORMATIKA NOMOR 07 TAHUN 2021 TENTANG TATA CARA PEMBINAAN, PENGAWASAN, DAN PENGENAAN SANKSI TERHADAP PELANGGARAN PENGGUNAAN SPEKTRUM FREKUENSI RADIO, DAN ALAT TELEKOMUNIKASI DAN/ATAU PERANGKAT TELEKOMUNIKASI TATA CARA PENGENAAN SANKSI ADMINISTRATIF",Pasal 75,"perangkat, telekomunikasi, direktur, jenderal, nomor",
Perdirjen_07_2021,Perdirjen Nomor 07 Tahun 2021,Perdirjen,2021,07,BAB XI,Ketentuan Penutup,,,75,,,1,Sanksi,"Tata cara pengenaan sanksi administratif terhadap pelanggaran penggunaan spektrum frekuensi radio dan penggunaan alat telekomunikasi dan/atau perangkat telekomunikasi. 1.1 Penggunaan spektrum frekuensi radio tanpa Izin Stasiun Radio (ISR) 1.1.1. Dalam hal ditemukenali pelanggaran penggunaan spektrum frekuensi radio tanpa ISR, Direktur Pengendalian Sumber Daya dan Perangkat Pos dan Informatika atau Kepala UPT memberikan sanksi administratif berupa: 1.1.1.1. teguran tertulis; 1.1.1.2. denda adminstratif; dan 1.1.1.3. penghentian operasional pemancaran spektrum frekuensi radio. 1.1.2. Sanksi administratif sebagaimana dimaksud pada angka 1.1.1 dikenakan secara kumulatif dan bersamaan. 1.1.3. Sanksi administratif berupa teguran tertulis diberikan 1 (satu) kali dan berisi perintah untuk menghentikan penggunaan Spektrum Frekuensi Radio dan segera mengajukan permohonan izin penggunaan Spektrum Frekuensi Radio. 1.1.4. Tindakan penghentian operasional pemancaran spektrum frekuensi radio dilaksanakan apabila: 1.1.4.1. pengguna spektrum frekuensi radio tidak dapat menunjukkan ISR sesuai data SIMS; - 2 - 1.1.4.2. berdasarkan hasil ukur ditemukenali pancaran spektrum frekuensi radio yang tidak terdapat dalam data SIMS; dan/atau 1.1.4.3. berdasarkan hasil open shelter ditemukenali pancaran spektrum frekuensi radio yang tidak terdapat dalam data SIMS. 1.1.5. Sanksi administratif berupa penghentian operasional pemancaran spektrum frekuensi radio dilaksanakan melalui tindakan pengamanan/penyegelan pemancar radio baik di lokasi pemancar radio atau dibawa ke kantor UPT. 1.1.6. Tindakan pengamanan/penyegelan sebagaimana dimaksud pada angka 1.1.5 dituangkan dalam Berita Acara. 1.1.7. Tindakan penghentian operasional pemancaran spektrum frekuensi radio sebagaimana dimaksud pada angka 1.1.5 disertai dengan undangan klarifikasi untuk menghadap kepada Direktur Pengendalian Sumber Daya dan Perangkat Pos dan Informatika atau Kepala UPT. 1.1.8. Pengguna spektrum frekuensi radio yang melakukan pelanggaran menggunakan spektrum frekuensi radio tanpa ISR diwajibkan membuat surat pernyataan: 1.1.8.1. kesanggupan untuk melengkapi ISR; 1.1.8.2. menggunakan spektrum frekuensi radio sesuai peruntukannya, sesuai parameter teknis dan tidak menimbulkan gangguan spektrum frekuensi radio yang merugikan (harmful interference) setelah mendapatkan ISR; 1.1.8.3. menggunakan alat telekomunikasi dan/atau perangkat telekomunikasi yang telah memiliki sertifikat alat telekomunikasi dan/atau perangkat telekomunikasi; dan 1.1.8.4. kesanggupan melunasi denda administratif yang besarannya sesuai dengan ketentuan peraturan perundang-undangan. 1.1.9. Selain surat pernyataan sebagaimana dimaksud pada angka 1.1.8. pengguna spektrum frekuensi radio yang melakukan pelanggaran menggunakan spektrum frekuensi radio tanpa ISR juga diminta untuk menandatangani Berita - 3 - Acara penyerahan alat telekomunikasi dan/atau perangkat telekomunikasi yang digunakan dalam pemancaran spektrum frekuensi radio tanpa izin kepada Pemerintah. 1.1.10. Dalam hal pengguna spektrum frekuensi radio yang melakukan pelanggaran menggunakan spektrum frekuensi radio tanpa ISR tidak berkenan menandatangani Berita Acara penyerahan alat telekomunikasi dan/atau perangkat telekomunikasi, maka alat telekomunikasi dan/atau perangkat telekomunikasi cukup dilakukan penyegelan di tempat dan dituangkan dalam Berita Acara Penolakan Tanda Tangan Berita Acara Serah Terima. 1.1.11. Pengguna spektrum frekuensi radio yang melakukan pelanggaran menggunakan spektrum frekuensi radio tanpa ISR diberikan kesempatan untuk mengurus ISR paling lama 14 (empat belas) hari kalender sejak ditandatanganinya surat pernyataan. 1.1.12. Jangka waktu pengurusan ISR sebagaimana dimaksud pada angka 1.1.11 tidak berlaku untuk radio siaran FM dan TV siaran. 1.1.13. Dalam hal Pengguna spektrum frekuensi radio yang melakukan pelanggaran menggunakan spektrum frekuensi radio tanpa ISR telah memperoleh izin penggunaan spektrum frekuensi radio, maka sanksi pengenaan daya paksa polisionil dipulihkan yaitu dengan cara pembukaan segel atau mengembalikan alat telekomunikasi dan/atau perangkat telekomunikasi kepada pemegang ISR. 1.1.14. Tindakan pembukaan segel atau pengembalian alat telekomunikasi dan/atau perangkat telekomunikasi sebagaimana dimaksud pada angka 1.1.13 dituangkan dalam Berita Acara. 1.1.15. Format surat teguran, surat pernyataan, berita acara dan undangan klarifikasi tercantum dalam Form 1.1 sampai dengan Form 1.9. - 4 - 1.2 Pemegang izin penggunaan spektrum frekuensi radio yang tidak memenuhi kewajiban pembayaran biaya hak penggunaan spektrum frekuensi radio 1.2.1. Dalam hal sampai dengan tanggal jatuh tempo pembayaran biaya hak penggunaan spektrum frekuensi radio, pemegang izin penggunaan spektrum frekuensi radio tidak memenuhi kewajiban pembayaran biaya hak penggunaan spektrum frekuensi radio: 1.2.1.1. Direktur Operasi Sumber Daya memberikan sanksi administratif berupa: 1.2.1.1.1. teguran tertulis; 1.2.1.1.2. denda administratif; 1.2.1.1.3. penghentian layanan perizinan spektrum frekuensi radio; dan 1.2.1.1.4. pencabutan izin penggunaan spektrum frekuensi radio. 1.2.1.2. Direktur Pengendalian Sumber Daya dan Perangkat Pos dan Informatika atau Kepala UPT memberikan sanksi administratif berupa penghentian sementara operasional stasiun radio. 1.2.2. Teguran tertulis sebagaimana dimaksud pada angka 1.2.1 memuat informasi tagihan biaya hak penggunaan spektrum frekuensi radio yang terutang, denda keterlambatan pembayaran biaya hak penggunaan spektrum frekuensi radio dan tanggal jatuh tempo pelunasan. 1.2.3. Teguran tertulis sebagaimana dimaksud pada angka 1.2.2 diberikan dengan ketentuan: 1.2.3.1. teguran tertulis kesatu diberikan paling lambat 1 (satu) hari kerja sejak jatuh tempo pembayaran biaya hak penggunaan spektrum frekuensi radio terutang; 1.2.3.2. apabila dalam jangka waktu 1 (satu) bulan setelah teguran tertulis kesatu pemegang izin penggunaan spektrum frekuensi radio belum melunasi pembayaran biaya hak penggunaan spektrum frekuensi radio terutang beserta denda administratif keterlambatan pembayaran biaya - 5 - hak penggunaan spektrum frekuensi radio, diterbitkan teguran tertulis kedua; dan 1.2.3.3. apabila dalam jangka waktu 2 (dua) bulan setelah teguran tertulis kedua pemegang izin penggunaan spektrum frekuensi radio belum melunasi pembayaran biaya hak penggunaan spektrum frekuensi radio terutang beserta denda administratif keterlambatan pembayaran biaya hak penggunaan spektrum frekuensi radio, diterbitkan teguran tertulis ketiga. 1.2.4. Teguran tertulis kedua ditembuskan kepada Direktur Pengendalian Sumber Daya dan Perangkat Pos dan Informatika. 1.2.5. Teguran tertulis ketiga ditembuskan kepada Direktur Penataan Sumber Daya dan Direktur Pengendalian Sumber Daya dan Perangkat Pos dan Informatika. 1.2.6. Tembusan teguran tertulis kedua sebagaimana dimaksud pada angka 1.2.4, khusus untuk pelanggaraan pembayaran biaya hak penggunaan spektrum frekuensi radio untuk IPFR menjadi dasar bagi Direktur Pengendalian Sumber Daya dan Perangkat Pos dan Informatika untuk melakukan tindakan antisipatif terkait dengan perlindungan konsumen dalam hal terdapat potensi akan dilaksanakan penghentian sementara operasional stasiun radio. 1.2.7. Tembusan teguran tertulis ketiga sebagaimana dimaksud pada angka 1.2.5 merupakan dasar bagi Direktur Penataan Sumber Daya untuk melakukan evaluasi terkait dengan optimalisasi penggunaan spektrum frekuensi radio. 1.2.8. Besaran denda administratif sebagaimana dimaksud pada angka 1.2.1.1.2 sesuai dengan ketentuan peraturan perundang-undangan di bidang Penerimaan Negara Bukan Pajak. 1.2.9. Sanksi administratif berupa penghentian layanan perizinan penggunaan Spektrum Frekuensi Radio sebagaimana dimaksud pada angka 1.2.1.1.3 dikenakan bersamaan dengan teguran tertulis kesatu. - 6 - 1.2.9.1. Penghentian layanan perizinan penggunaan Spektrum Frekuensi Radio berupa penolakan layanan permohonan izin penggunaan spektrum frekuensi radio baru bagi pengguna spektrum frekuensi radio yang telah diberikan teguran tertulis kesatu. 1.2.10. Apabila dalam jangka waktu 3 (tiga) bulan sejak jatuh tempo pembayaran biaya hak penggunaan spektrum frekuensi radio terutang, pemegang izin penggunaan spektrum frekuensi radio belum melunasi biaya hak penggunaan spektrum frekuensi radio terutang dan denda administratif sebagaimana dimaksud pada angka 1.2.6, Direktur Pengendalian Sumber Daya dan Perangkat Pos dan Informatika atau Kepala UPT mengenakan sanksi administratif berupa penghentian sementara operasional Stasiun Radio. 1.2.11. Sanksi administratif berupa penghentian sementara operasional stasiun radio dilaksanakan melalui tindakan pengamanan/penyegelan pemancar radio baik di lokasi pemancar radio atau dibawa ke kantor UPT. 1.2.12. Apabila dalam jangka waktu 6 (enam) bulan sejak jatuh tempo pembayaran biaya hak penggunaan spektrum frekuensi radio terutang, pemegang izin penggunaan spektrum frekuensi radio belum melunasi biaya hak penggunaan spektrum frekuensi radio terutang dan denda administratif: 1.2.12.1. Direktur Jenderal Sumber Daya dan Perangkat Pos dan Informatika mengenakan sanksi administratif berupa pencabutan IPFR; atau 1.2.12.2. Direktur Operasi Sumber Daya mengenakan sanksi administratif berupa pencabutan ISR. 1.2.13. Pencabutan IPFR dan/atau ISR sebagaimana dimaksud pada angka 1.2.12. tidak menghapuskan kewajiban pelunasan biaya hak penggunaan spektrum frekuensi radio terutang dan denda administratif. - 7 - 1.2.14. Dalam hal pemegang izin penggunaan spektrum frekuensi radio telah melunasi biaya hak penggunaan spektrum frekuensi radio terutang dan denda administratif, maka sanksi administratif berupa penghentian sementara operasional stasiun radio dicabut yang dituangkan dalam Berita Acara. 1.2.15. IPFR dan/atau ISR yang telah dicabut tidak dapat dibatalkan atau diterbitkan kembali, meskipun biaya hak penggunaan spektrum frekuensi radio terutang dan denda administratif telah dilunasi. 1.2.16. Format berita acara penghentian pancaran, berita acara penyegelan dan berita acara pembukaan segel tercantum dalam Form 2.1 sampai dengan Form 2.3. 1.3. Pemegang ISR yang menggunakan spektrum frekuensi radio tidak sesuai dengan peruntukannya 1.3.1. Dalam hal ditemukenali pemegang ISR yang menggunakan spektrum frekuensi radio tidak sesuai peruntukannya, Direktur Pengendalian Sumber Daya dan Perangkat Pos dan Informatika atau Kepala UPT memberikan sanksi administratif berupa: 1.3.1.1. teguran tertulis; 1.3.1.2. denda adminstratif; dan 1.3.1.3. penghentian sementara operasional stasiun radio yang tidak sesuai peruntukannya. 1.3.2. Tidak sesuai dengan peruntukan sebagaimana dimaksud pada angka 1.3.1 terpenuhi apabila penggunaan spektrum frekuensi radio oleh Pemegang ISR tidak sesuai dengan: 1.3.2.1. perencanaan penggunaan Spektrum Frekuensi Radio yang ditetapkan dalam tabel alokasi Spektrum Frekuensi Radio Indonesia sesuai dengan ketentuan peraturan perundang- undangan; dan/atau 1.3.2.2. ketentuan teknis penggunaan Spektrum Frekuensi Radio. 1.3.3. Sanksi administratif sebagaimana dimaksud pada angka 1.3.1 dikenakan secara kumulatif dan bersamaan. - 8 - 1.3.4. Sanksi administratif berupa teguran tertulis diberikan 1 (satu) kali dan berisi perintah untuk menghentikan pemancaran Spektrum Frekuensi Radio dan menyesuaikan dengan peruntukannya. 1.3.5. Sanksi administratif berupa penghentian sementara operasional stasiun radio yang tidak sesuai peruntukannya dilaksanakan melalui tindakan pengamanan/penyegelan pemancar radio baik di lokasi pemancar radio atau dibawa ke kantor UPT. 1.3.6. Tindakan pengamanan/penyegelan sebagaimana dimaksud pada angka 1.3.5 dituangkan dalam Berita Acara. 1.3.7. Tindakan penghentian sementara operasional stasiun radio yang tidak sesuai peruntukannya sebagaimana dimaksud pada angka 1.3.5 disertai dengan undangan klarifikasi untuk menghadap kepada Direktur Pengendalian Sumber Daya dan Perangkat Pos dan Informatika atau Kepala UPT. 1.3.8. Pemegang ISR yang melakukan pelanggaran menggunakan spektrum frekuensi radio tidak sesuai peruntukannya diwajibkan membuat surat pernyataan: 1.3.8.1. kesanggupan untuk menyesuaikan penggunaan spektrum frekuensi radio sesuai peruntukannya; 1.3.8.2. kesanggupan melunasi denda administratif yang besarannya sesuai dengan ketentuan peraturan perundang-undangan. 1.3.9. Pemegang ISR yang melakukan tindakan pelanggaran sebagaimana dimaksud pada angka 1.3.1 wajib menyesuaikan penggunaan spektrum frekuensi radio dengan peruntukannya paling lama 5 (lima) hari kalender sejak ditandatanganinya surat pernyataan. 1.3.10. Dalam hal pemegang ISR telah menyesuaikan penggunaan Spektrum Frekuensi Radio sesuai peruntukannya, maka sanksi administratif berupa penghentian sementara operasional stasiun radio dicabut yang dituangkan dalam Berita Acara. - 9 - 1.3.11. Format surat teguran, surat pernyataan, berita acara dan undangan klarifikasi tercantum dalam Form 3.1 sampai dengan Form 3.7. 1.4. Pemegang ISR yang mengoperasikan stasiun radio tidak sesuai dengan parameter teknis yang ditetapkan dalam ISR 1.4.1. Dalam hal ditemukenali pemegang ISR yang mengoperasikan stasiun radio tidak sesuai dengan parameter teknis yang ditetapkan dalam ISR, Direktur Pengendalian Sumber Daya dan Perangkat Pos dan Informatika atau Kepala UPT memberikan sanksi administratif berupa: 1.4.1.1. teguran tertulis; 1.4.1.2. denda adminstratif; dan 1.4.1.3. penghentian sementara operasional stasiun radio yang tidak sesuai dengan parameter teknis yang ditetapkan dalam ISR. 1.4.2. Parameter teknis yang ditetapkan dalam ISR sebagaimana dimaksud pada angka 1.4.1 meliputi: 1.4.2.1. lokasi dan titik koordinat stasiun radio; 1.4.2.2. tinggi antena; 1.4.2.3. lebar Pita Frekuensi Radio; dan/atau 1.4.2.4. daya pancar. 1.4.3. Sanksi administratif sebagaimana dimaksud pada angka 1.4.1 dikenakan secara kumulatif dan bersamaan. 1.4.4. Sanksi administratif berupa teguran tertulis diberikan 1 (satu) kali dan berisi perintah untuk menghentikan operasional stasiun radio dan menyesuaikan dengan parameter teknis yang ditetapkan dalam ISR. 1.4.5. Sanksi administratif berupa penghentian sementara operasional stasiun radio yang tidak sesuai dengan parameter teknis yang ditetapkan dalam ISR dilaksanakan melalui tindakan pengamanan/penyegelan pemancar radio baik di lokasi pemancar radio atau dibawa ke kantor UPT. 1.4.6. Tindakan pengamanan/penyegelan sebagaimana dimaksud pada angka 1.4.5 dituangkan dalam Berita Acara. - 10 - 1.4.7. Tindakan penghentian sementara operasional stasiun radio yang tidak sesuai dengan parameter teknis yang ditetapkan dalam ISR sebagaimana dimaksud pada angka 1.4.5 disertai dengan undangan klarifikasi untuk menghadap kepada Direktur Pengendalian Sumber Daya dan Perangkat Pos dan Informatika atau Kepala UPT. 1.4.8. Pemegang ISR yang melakukan pelanggaran mengoperasikan stasiun radio tidak sesuai dengan parameter teknis yang ditetapkan dalam ISR diwajibkan membuat surat pernyataan: 1.4.8.1. kesanggupan untuk menyesuaikan dengan parameter teknis yang ditetapkan dalam ISR; 1.4.8.2. kesanggupan melunasi denda administratif yang besarannya sesuai dengan ketentuan peraturan perundang-undangan. 1.4.9. Pemegang ISR yang melakukan tindakan pelanggaran sebagaimana dimaksud pada angka 1.4.1 wajib menyesuaikan stasiun radionya dengan parameter teknis yang ditetapkan dalam ISR paling lama 5 (lima) hari kalender sejak ditandatanganinya surat pernyataan. 1.4.10. Dalam hal pemegang ISR telah menyesuaikan stasiun radionya dengan parameter teknis yang ditetapkan dalam ISR, maka sanksi administratif berupa penghentian sementara operasional stasiun radio dicabut yang dituangkan dalam Berita Acara. 1.4.11. Format surat teguran, surat pernyataan, berita acara dan undangan klarifikasi tercantum dalam Form 4.1 sampai dengan Form 4.7. 1.5. Pemegang ISR yang penggunaan spektrum frekuensi radio menimbulkan gangguan yang merugikan (harmful interference) 1.5.1. Dalam hal ditemukenali pemegang ISR yang penggunaan spektrum frekuensi radio menimbulkan gangguan yang merugikan (harmful interference), Direktur Pengendalian Sumber Daya dan Perangkat Pos dan Informatika atau Kepala UPT memberikan sanksi administratif berupa: 1.5.1.1. teguran tertulis; dan - 11 - 1.5.1.2. penghentian sementara operasional stasiun radio yang menimbulkan gangguan yang merugikan (harmful interference). 1.5.2. Penggunaan spektrum frekuensi radio yang menimbulkan gangguan yang merugikan (harmful interference) sebagaimana dimaksud pada angka 1.5.1 merupakan pancaran radiasi yang: 1.5.2.1. membahayakan fungsi komunikasi radio navigasi atau frekuensi keselamatan; dan/atau 1.5.2.2. secara siginifikan mengurangi, mengganggu atau secara berulang menyela operasional penggunaan spektrum frekuensi radio dari pemegang izin penggunaan spektrum frekuensi radio lain. 1.5.3. Sanksi administratif sebagaimana dimaksud pada angka 1.5.1 dikenakan secara kumulatif dan bersamaan. 1.5.4. Sanksi administratif berupa teguran tertulis diberikan 1 (satu) kali dan berisi perintah untuk menghentikan sementara operasional stasiun radio dan melakukan penyesuaian ketentuan teknis pancaran spektrum frekuensi radio. 1.5.5. Sanksi administratif berupa penghentian sementara operasional stasiun radio yang menimbulkan gangguan yang merugikan (harmful interference) dilaksanakan melalui tindakan pengamanan/penyegelan pemancar radio baik di lokasi pemancar radio atau dibawa ke kantor UPT. 1.5.6. Tindakan pengamanan/penyegelan sebagaimana dimaksud pada angka 1.5.4 dituangkan dalam Berita Acara. 1.5.7. Tindakan penghentian sementara operasional stasiun radio yang menimbulkan gangguan yang merugikan (harmful interference) sebagaimana dimaksud pada angka 1.5.5 disertai dengan undangan klarifikasi untuk menghadap kepada Direktur Pengendalian Sumber Daya dan Perangkat Pos dan Informatika atau Kepala UPT. - 12 - 1.5.8. Pemegang ISR yang melakukan pelanggaran menimbulkan gangguan yang merugikan (harmful interference) diwajibkan membuat surat pernyataan kesanggupan untuk melakukan penyesuaian ketentuan teknis pancaran spektrum frekuensi radio. 1.5.9. Pemegang ISR yang melakukan tindakan pelanggaran sebagaimana dimaksud pada angka 1.5.1 wajib melakukan penyesuaian ketentuan teknis pancaran spektrum frekuensi radio paling lama 5 (lima) hari kalender sejak ditandatanganinya surat pernyataan. 1.5.10. Dalam hal pemegang ISR telah menyesuaikan ketentuan teknis pancaran spektrum frekuensi radio dan tidak menimbulkan angguan yang merugikan (harmful interference), maka sanksi administratif berupa penghentian sementara operasional stasiun radio dicabut yang dituangkan dalam Berita Acara. 1.5.11. Format surat teguran, surat pernyataan, berita acara dan undangan klarifikasi tercantum dalam Form 5.1 sampai dengan Form 5.6. 1.6. Pemegang izin penggunaan spektrum frekuensi radio yang menggunakan alat telekomunikasi dan/atau perangkat telekomunikasi yang belum memiliki sertifikat 1.6.1. Dalam hal ditemukenali pemegang izin penggunaan spektrum frekuensi radio yang menggunakan alat telekomunikasi dan/atau perangkat telekomunikasi yang belum memiliki sertifikat, Direktur Pengendalian Sumber Daya dan Perangkat Pos dan Informatika atau Kepala UPT memberikan sanksi administratif berupa: 1.6.1.1. teguran tertulis; 1.6.1.2. denda adminstratif; dan 1.6.1.3. penghentian penggunaan alat telekomunikasi dan/atau perangkat telekomunikasi yang belum memiliki sertifikat. 1.6.2. Sanksi administratif sebagaimana dimaksud pada angka 1.6.1 dikenakan secara kumulatif dan bersamaan. - 13 - 1.6.3. Sanksi administratif berupa teguran tertulis diberikan 1 (satu) kali dan berisi perintah untuk menghentikan penggunaan alat telekomunikasi dan/atau perangkat telekomunikasi yang belum bersertifikat. 1.6.4. Tindakan penghentian operasional penggunaan alat dan/atau perangkat telekomunikasi dilaksanakan apabila pemegang izin penggunaan spektrum frekuensi radio tidak dapat menunjukkan sertifikat alat telekomunikasi dan/atau perangkat telekomunikasi yang terdapat dalam database sertifikasi alat telekomunikasi dan/atau perangkat telekomunikasi. 1.6.5. Sanksi administratif berupa penghentian penggunaan alat telekomunikasi dan/atau perangkat telekomunikasi yang belum memiliki sertifikat dilaksanakan melalui tindakan pengamanan/penyegelan alat telekomunikasi dan/atau perangkat telekomunikasi baik di lokasi alat telekomunikasi dan/atau perangkat telekomunikasi atau dibawa ke kantor UPT. 1.6.6. Tindakan pengamanan/penyegelan sebagaimana dimaksud pada angka 1.6.5 dituangkan dalam Berita Acara. 1.6.7. Tindakan penghentian penggunaan alat telekomunikasi dan/atau perangkat telekomunikasi yang belum memiliki sertifikat sebagaimana dimaksud pada angka 1.6.5 disertai dengan undangan klarifikasi untuk menghadap kepada Direktur Pengendalian Sumber Daya dan Perangkat Pos dan Informatika atau Kepala UPT. 1.6.8. Pemegang izin penggunaan spektrum frekuensi radio yang menggunakan alat telekomunikasi dan/atau perangkat telekomunikasi yang belum memiliki sertifikat wajib membuat surat pernyataan: 1.6.8.1. kesanggupan untuk mengganti dan/atau menggunakan alat telekomunikasi dan/atau perangkat telekomunikasi yang telah memiliki sertifikat alat telekomunikasi dan/atau perangkat telekomunikasi. - 14 - 1.6.8.2. kesanggupan melunasi denda administratif yang besarannya sesuai dengan ketentuan peraturan perundang-undangan. 1.6.9. Dalam hal pemegang izin penggunaan spektrum frekuensi radio telah dapat menunjukan sertifikat alat telekomunikasi dan/atau perangkat telekomunikasi untuk alat telekomunikasi dan/atau perangkat telekomunikasi yang digunakan, maka sanksi administratif berupa penghentian penggunaan alat telekomunikasi dan/atau perangkat telekomunikasi yang belum memiliki sertifikat dicabut yang dituangkan dalam Berita Acara. 1.6.10. Format surat teguran, surat pernyataan, berita acara dan undangan klarifikasi tercantum dalam Form 6.1 sampai dengan Form 6.9. 1.7. Pelaku usaha yang membuat, merakit, memasukkan alat telekomunikasi dan/atau perangkat telekomunikasi untuk diperdagangkan dan/atau digunakan yang tidak memiliki sertifikat alat telekomunikasi dan/atau perangkat telekomunikasi. 1.7.1. Dalam hal ditemukenali pelaku usaha yang memperdagangkan dan/atau menggunakan alat telekomunikasi dan/atau perangkat telekomunikasi yang tidak memiliki sertifikat, Direktur Pengendalian Sumber Daya dan Perangkat Pos dan Informatika atau Kepala UPT memberikan sanksi administratif berupa: 1.7.1.1. denda adminstratif; dan 1.7.1.2. pengenaan daya paksa polisional berupa pengamanan alat telekomunikasi dan/atau perangkat telekomunikasi. 1.7.2. Sanksi administratif sebagaimana dimaksud pada angka 1.7.1 dikenakan secara kumulatif dan bersamaan. 1.7.3. Tindakan pengamanan/penyegelan sebagaimana dimaksud pada angka 1.7.1.2. dituangkan dalam Berita Acara. 1.7.4. Pelaku usaha yang memperdagangkan dan/atau menggunakan alat telekomunikasi dan/atau perangkat telekomunikasi yang tidak memiliki sertifikat wajib membuat surat pernyataan: - 15 - 1.7.4.1. kesanggupan untuk mengganti dan/atau menggunakan alat telekomunikasi dan/atau perangkat telekomunikasi yang telah memiliki sertifikat alat telekomunikasi dan/atau perangkat telekomunikasi. 1.7.4.2. kesanggupan melunasi denda administratif yang besarannya sesuai dengan ketentuan peraturan perundang-undangan. 1.7.5. Dalam hal pelaku usaha telah dapat menunjukan sertifikat alat telekomunikasi dan/atau perangkat telekomunikasi untuk alat telekomunikasi dan/atau perangkat telekomunikasi yang diperdagangkan dan/atau digunakan, maka sanksi administratif berupa pengenaan daya paksa polisional berupa pengamanan alat dan/atau perangkat telekomunikasi yang tidak memiliki sertifikat dicabut yang dituangkan dalam Berita Acara. 1.7.6. Format surat teguran, surat pernyataan, berita acara dan undangan klarifikasi tercantum dalam Form 7.1 sampai dengan Form 7.9. 1.8. Pelaku usaha yang membuat, merakit, memasukkan alat telekomunikasi dan/atau perangkat telekomunikasi untuk diperdagangkan dan/atau digunakan yang tidak sesuai dengan sertifikat alat telekomunikasi dan/atau perangkat telekomunikasi yang dimiliki. 1.8.1. Dalam hal ditemukenali pelaku usaha yang memperdagangkan dan/atau menggunakan alat telekomunikasi dan/atau perangkat telekomunikasi yang tidak sesuai dengan sertifikat alat telekomunikasi dan/atau perangkat telekomunikasi yang dimiliki, Direktur Pengendalian Sumber Daya dan Perangkat Pos dan Informatika atau Kepala UPT memberikan sanksi administratif berupa: 1.8.1.1. denda adminstratif; 1.8.1.2. pencabutan sertifikat alat telekomunikasi dan/atau perangkat telekomunikasi; 1.8.1.3. menarik kembali seluruh alat telekomunikasi dan/atau perangkat telekomunikasi yang telah - 16 - diperdagangkan dan/atau digunakan oleh masyarakat; dan 1.8.1.4. penghentian layanan sertifikat alat dan/atau perangkat telekomunikasi selama 1 (satu) tahun. 1.8.2. Sanksi administratif sebagaimana dimaksud pada 1.8.1 dikenakan kepada Pelaku Usaha secara alternatif dan/atau kumulatif, dengan ketentuan sebagai berikut: 1.8.2.1. sanksi administratif berupa denda administratif, pencabutan sertifikat alat telekomunikasi dan/atau perangkat telekomunikasi, dan menarik kembali seluruh alat telekomunikasi dan/atau perangkat telekomunikasi yang telah diperdagangkan dan/atau digunakan oleh masyarakat dikenai kepada Pelaku Usaha secara kumulatif dan bersamaan; 1.8.2.2. pemegang sertifikat alat telekomunikasi dan/atau perangkat telekomunikasi tidak menarik kembali seluruh alat telekomunikasi dan/atau perangkat telekomunikasi yang telah diperdagangkan dan/atau digunakan oleh masyarakat dalam jangka waktu yang ditentukan, dikenai sanksi administratif berupa penghentian layanan sertifikat alat dan/atau perangkat telekomunikasi selama 1 (satu) tahun. 1.8.3. Format surat teguran, surat pernyataan, berita acara dan undangan klarifikasi tercantum dalam Form 8.1 sampai dengan Form 8.9. 1.9. Setiap orang yang memperdagangkan dan/atau menggunakan alat dan/atau perangkat telekomunikasi yang tidak memiliki sertifikat alat dan latau perangkat telekomunikasi dan/atau tidak memenuhi standar teknis. - 17 - 1.9.1. Dalam hal ditemukenali Setiap orang yang memperdagangkan dan/atau menggunakan alat dan/atau perangkat telekomunikasi yang tidak memiliki sertifikat alat dan latau perangkat telekomunikasi dan/atau tidak memenuhi standar teknis, Direktur Pengendalian Sumber Daya dan Perangkat Pos dan Informatika atau Kepala UPT memberikan sanksi administratif berupa: 1.9.1.1. teguran tertulis; 1.9.1.2. denda adminstratif; 1.9.1.3. pengenaan daya paksa polisional berupa pengamanan alat telekomunikasi dan/atau perangkat telekomunikasi; dan/atau 1.9.1.4. menarik kembali seluruh alat dan latau perangkat telekomunikasi yang telah diperdagangkan dan/atau digunakan oleh masyarakat. 1.9.2. Teguran tertulis sebagaimana dimaksud pada angka 1.9.1.1. diberikan 1 (satu) kali. 1.9.3. Jika dalam waktu 7 (tujuh) hari setelah teguran tertulis, masih memperdagangkan dan/atau menggunakan alat dan latau perangkat telekomunikasi yang tidak memiliki sertifikat dan/atau tidak memenuhi standar teknis, dikenakan sanksi sebagaimana dimaksud pada angka 1.9.1.2., 1.9.1.3., dan 1.9.1.4. secara kumulatif dan bersamaan. 1.9.4 Tindakan pengamanan/penyegelan sebagaimana dimaksud pada angka 1.9.1.3. dituangkan dalam Berita Acara. 1.9.5. Setiap orang yang memperdagangkan dan/atau menggunakan alat dan latau perangkat telekomunikasi yang tidak memiliki sertifikat alat dan latau perangkat telekomunikasi dan/atau tidak memenuhi standar teknis wajib membuat surat pernyataan: 1.9.5.1. Kesanggupan untuk mengganti dan/atau menggunakan alat telekomunikasi dan/atau perangkat telekomunikasi yang telah memiliki sertifikat alat telekomunikasi dan/atau perangkat telekomunikasi. - 18 - 1.9.5.2. kesanggupan melunasi denda administratif yang besarannya sesuai dengan ketentuan peraturan perundang-undangan. 1.9.6. Dalam hal setiap orang dapat menunjukan sertifikat alat telekomunikasi dan/atau perangkat telekomunikasi untuk alat telekomunikasi dan/atau perangkat telekomunikasi yang diperdagangkan dan/atau digunakan, maka sanksi administratif berupa pengenaan daya paksa polisional berupa pengamanan alat dan/atau perangkat telekomunikasi yang tidak memiliki sertifikat dicabut yang dituangkan dalam Berita Acara. 1.9.7. Format surat teguran, surat pernyataan, berita acara dan undangan klarifikasi tercantum dalam Form 9.1 sampai dengan Form 9.9. 1.10 Pemegang ISR yang dengan sengaja menyampaikan data yang tidak benar dan/atau dokumen yang tidak valid dalam pemenuhan persyaratan ISR 1.10.1 Dalam hal ditemukenali pemegang ISR yang dengan sengaja menyampaikan data yang tidak benar dan/atau dokumen yang tidak valid dalam pemenuhan persyaratan ISR: 1.10.1.1 Direktur Operasi Sumber Daya memberikan sanksi administratif berupa: 1.10.1.1.1 teguran tertulis; 1.10.1.1.2 penghentian layanan perizinan penggunaan spektrum frekuensi radio; dan 1.10.1.1.3 pencabutan ISR. 1.10.1.2 Direktur Pengendalian Sumber Daya dan Perangkat Pos dan Informatika atau Kepala UPT memberikan sanksi administratif berupa penghentian sementara operasional stasiun radio. 1.10.2 Sanksi administratif sebagaimana dimaksud pada angka 1.10.1.1.1 dan angka 1.10.1.1.2 dikenakan secara kumulatif dan bersamaan. - 19 - 1.10.3 Teguran tertulis sebagaimana dimaksud pada angka 1.10.1.1.1. berisi perintah untuk menyampaikan bukti kebenaran data dan/atau validitas dokumen kepada Direktur Operasi Sumber Daya yang ditembuskan kepada Direktur Pengendalian Sumber Daya dan Perangkat Pos dan Informatika. 1.10.4 Apabila dalam jangka waktu 14 (empat belas) hari kalender sejak teguran tertulis diterbitkan, pemegang ISR tidak memberikan bukti mengenai kebenaran data dan/atau validitas dokumen, Direktur Operasi Sumber Daya menyampaikan kepada Direktur Pengendalian Sumber Daya dan Perangkat Pos dan Informatika untuk dilakukan pengenaan sanksi administratif penghentian sementara operasional stasiun radio. 1.10.5 Direktur Pengendalian Sumber Daya dan Perangkat Pos dan Informatika dalam waktu paling lama 1 (satu) hari kerja memerintahkan UPT untuk mengenakan sanksi administratif penghentian sementara operasional stasiun radio. 1.10.6 Sanksi administratif penghentian sementara operasional stasiun radio sebagaimana dimaksud pada angka 1.10.5 dikenakan selama 1 (satu) bulan terhadap stasiun radio yang tidak dapat dibuktikan kebenaran datanya dan/atau validitas dokumennya. 1.10.7 Penghentian sementara operasional stasiun radio sebagaimana dimaksud pada angka 1.10.6 dilakukan melalui tindakan pengamanan/penyegelan pemancar radio baik di lokasi pemancar radio atau dibawa ke kantor UPT. 1.10.8 Tindakan pengamanan/penyegelan sebagaimana dimaksud pada angka 1.10.7 dituangkan dalam Berita Acara. 1.10.9 Dalam hal sampai dengan batas waktu 1 (satu) bulan sebagaimana dimaksud pada angka 1.10.6, pemegang ISR tidak dapat memberikan bukti mengenai kebenaran data dan/atau validitas dokumen, Direktur Operasi Sumber Daya mengenakan sanksi administratif berupa pencabutan ISR. - 20 - 1.10.10 Apabila pemegang ISR dapat membuktikan kebenaran data dan/atau validitas dokumen dalam jangka waktu sebagaimana dimaksud pada angka 1.10.4 atau angka 1.10.6, maka: 1.10.10.1 Direktur Operasi Sumber Daya mencabut sanksi administratif berupa penghentian layanan perizinan Spektrum Frekuensi Radio sebagaimana dimaksud pada angka 1.10.1.1.2; 1.10.10.2 Direktur Operasi Sumber Daya menyampaikan nota dinas kepada Direktur Pengendalian Sumber Daya dan Perangkat Pos dan Informatika atau Kepala UPT untuk mencabut sanksi administratif penghentian sementara operasional pemancaran stasiun radio; dan 1.10.10.3 Direktur Pengendalian Sumber Daya dan Perangkat Pos dan Informatika atau Kepala UPT dalam waktu paling lama 1 (satu) hari kerja setelah diterima nota dinas dari Direktur Operasi Sumber Daya sebagaimana dimaksud pada angka 1.10.10.2, mencabut sanksi administratif berupa penghentian sementara operasional pemancaran stasiun radio sebagaimana dimaksud pada angka 1.10.5. 1.11 Pemegang ISR yang tidak melaksanakan kegiatan pemancaran layanan sesuai ISR paling sedikit selama 12 (dua belas) bulan 1.11.1 Pemegang ISR yang tidak melaksanakan kegiatan pemancaran layanan sesuai ISR paling sedikit selama 12 (dua belas) bulan berdasarkan hasil monitoring Spektrum Frekuensi Radio sebanyak 3 (tiga) kali dikenai sanksi administratif berupa pencabutan ISR. 1.11.2 Direktur Pengendalian Sumber Daya dan Perangkat Pos dan Informatika menyampaikan nota dinas kepada Direktur Operasi Sumber Daya mengenai pemegang ISR yang tidak melaksanakan kegiatan pemancaran layanan sesuai ISR paling sedikit selama 12 (dua belas) bulan. - 21 - 1.11.3 Direktur Operasi Sumber Daya mengenakan sanksi administratif berupa pencabutan ISR paling lambat 1 (satu) hari kerja sejak diterimanya nota dinas dari Direktur Pengendalian Sumber Daya dan Perangkat Pos dan Informatika sebagaimana dimaksud pada angka 1.11.2. 1.12 Pemegang ISR melakukan perubahan data administrasi dan/atau data teknis tanpa persetujuan dari Direktur Jenderal 1.12.1 Pemegang ISR yang melakukan perubahan data administrasi dan/atau data teknis tanpa persetujuan dari Direktur Jenderal dikenai sanksi administratif berupa pencabutan ISR. 1.12.2 Berdasarkan hasil monitoring spektrum frekuensi radio, Direktur Pengendalian Sumber Daya dan Perangkat Pos dan Informatika atau Kepala UPT menyampaikan nota dinas kepada Direktur Operasi Sumber Daya terkait dengan adanya pemegang ISR yang melakukan perubahan data administrasi dan/atau data teknis tanpa persetujuan dari Direktur Jenderal. 1.12.3 Direktur Operasi Sumber Daya menetapkan pencabutan ISR sebagaimana dimaksud pada angka 1.12.1 paling lambat 1 (satu) hari kerja sejak diterimanya nota dinas Direktur Pengendalian Sumber Daya dan Perangkat Pos dan Informatika atau Kepala UPT sebagaimana dimaksud pada angka 1.12.2.",Pasal 75 angka 1,"radio, telekomunikasi, perangkat, frekuensi, spektrum","Pelaku Usaha, Masyarakat, Pemerintah"
Perdirjen_07_2021,Perdirjen Nomor 07 Tahun 2021,Perdirjen,2021,07,BAB XI,Ketentuan Penutup,,,75,,,2,Sanksi,"Manajemen pengamanan/penyegelan alat telekomunikasi dan/atau perangkat telekomunikasi dalam rangka pengenaan sanksi administratif 2.1. Tindakan penyegelan wajib dituangkan dalam Berita Acara penyegelan alat telekomunikasi dan/atau perangkat telekomunikasi tanpa menggunakan label “Pro Justitia”. 2.2. Dalam hal diketahui bahwa segel alat telekomunikasi dan/atau perangkat telekomunikasi yang dilakukan penyegelan di lokasi alat telekomunikasi dan/atau perangkat telekomunikasi telah dibuka/dirusak, Direktur Pengendalian Sumber Daya dan Perangkat Pos dan Informatika atau Kepala UPT dapat berkoordinasi dengan Kepolisian Republik Indonesia setempat untuk diproses secara pidana. - 22 - 2.3. Terhadap tindakan pengamanan alat telekomunikasi dan/atau perangkat telekomunikasi yang dibawa ke kantor UPT wajib dibuatkan berita acara untuk menyerahkan alat telekomunikasi dan/atau perangkat telekomunikasi yang digunakan dalam melakukan pelanggaran kepada Pemerintah dan memberikan kuasa kepada Pemerintah untuk memusnahkan alat telekomunikasi dan/atau perangkat telekomunikasi, dalam hal sampai dengan batas waktu yang ditetapkan, pemilik alat telekomunikasi dan/atau perangkat telekomunikasi tidak dapat memenuhi ketentuan peraturan perundang-undangan. 2.4. Alat telekomunikasi dan/atau perangkat telekomunikasi yang diamankan di kantor UPT wajib disimpan dalam ruangan khusus penyimpanan barang, yang dapat dipastikan bahwa alat telekomunikasi dan/atau perangkat telekomunikasi yang diamankan terlindung dari kemungkinan kerusakan. 2.5. Kantor UPT wajib memiliki sistem administrasi penanganan alat telekomunikasi dan/atau perangkat telekomunikasi yang diamankan sehingga mempermudah dalam rangka melaksanakan evaluasi dan/atau audit penanganan penyimpanan alat telekomunikasi dan/atau perangkat telekomunikasi. - 23 - ALUR PENGENAAN SANKSI ADMINISTRATIF PELANGGARAN PENGGUNAAN SPEKTRUM FREKUENSI RADIO TANPA IZIN STASIUN RADIO (ISR) - 24 - FORM 1.1. SURAT TEGURAN PENGGUNAAN SPEKTRUM FREKUENSI RADIO TANPA IZIN STASIUN RADIO (ISR) KOP SURAT DIREKTORAT PENGENDALIAN SDPPI / BALMON / LOKA Nomor : ……………………………………… ……….., … …………… 2021 Klasifikasi : Penting Perihal : Surat Teguran Kepada Yth. ……………………………….. di Tempat",Pasal 75 angka 2,"telekomunikasi, perangkat, alat, penyegelan, wajib",Pemerintah
Perdirjen_07_2021,Perdirjen Nomor 07 Tahun 2021,Perdirjen,2021,07,BAB XI,Ketentuan Penutup,,,75,,,1,Ketentuan,Dasar Hukum:,Pasal 75 angka 1,"dasar, hukum",
Perdirjen_07_2021,Perdirjen Nomor 07 Tahun 2021,Perdirjen,2021,07,BAB XI,Ketentuan Penutup,,,75,,a,,Ketentuan,Undang-Undang Nomor 36 Tahun 1999 tentang Telekomunikasi;,Pasal 75 huruf a,"nomor, tahun, telekomunikasi",
Perdirjen_07_2021,Perdirjen Nomor 07 Tahun 2021,Perdirjen,2021,07,BAB XI,Ketentuan Penutup,,,75,,b,,Ketentuan,Undang-Undang Nomor 11 Tahun 2020 tentang Cipta Kerja;,Pasal 75 huruf b,"nomor, tahun, cipta, kerja",
Perdirjen_07_2021,Perdirjen Nomor 07 Tahun 2021,Perdirjen,2021,07,BAB XI,Ketentuan Penutup,,,75,,c,,Ketentuan,Peraturan Pemerintah Nomor 5 Tahun 2021 tentang Penyelenggaraan Perizinan Berusaha Berbasis Resiko;,Pasal 75 huruf c,"nomor, tahun, penyelenggaraan, perizinan, berusaha",Pemerintah
Perdirjen_07_2021,Perdirjen Nomor 07 Tahun 2021,Perdirjen,2021,07,BAB XI,Ketentuan Penutup,,,75,,d,,Ketentuan,"Peraturan Pemerintah Nomor 46 Tahun 2021 tentang Pos, Telekomunikasi, dan Penyiaran; dan",Pasal 75 huruf d,"nomor, tahun, telekomunikasi, penyiaran",Pemerintah
Perdirjen_07_2021,Perdirjen Nomor 07 Tahun 2021,Perdirjen,2021,07,BAB XI,Ketentuan Penutup,,,75,,e,,Ketentuan,Peraturan Menteri Komunikasi dan Informatika Nomor 7 Tahun 2021 tentang Penggunaan Spektrum Frekuensi Radio;,Pasal 75 huruf e,"menteri, komunikasi, informatika, nomor, tahun",Menteri
Perdirjen_07_2021,Perdirjen Nomor 07 Tahun 2021,Perdirjen,2021,07,BAB XI,Ketentuan Penutup,,,75,,f,,Ketentuan,Peraturan Menteri Komunikasi dan Informatika Nomor 16 Tahun 2018 tentang Ketentuan Operasional Sertifikasi Alat Dan/Atau Perangkat Telekomunikasi;,Pasal 75 huruf f,"menteri, komunikasi, informatika, nomor, tahun",Menteri
Perdirjen_07_2021,Perdirjen Nomor 07 Tahun 2021,Perdirjen,2021,07,BAB XI,Ketentuan Penutup,,,75,,f,2,Larangan,"Merujuk pada ketentuan peraturan perundang-undangan sebagaimana dimaksud pada angka 1, bersama ini disampaikan bahwa berdasarkan hasil pengawasan penggunaan spektrum frekuensi radio, ditemukenali penggunaan spektrum frekuensi radio tanpa Izin Stasiun Radio (ISR).",Pasal 75 huruf f angka 2,"radio, penggunaan, spektrum, frekuensi, merujuk",
Perdirjen_07_2021,Perdirjen Nomor 07 Tahun 2021,Perdirjen,2021,07,BAB XI,Ketentuan Penutup,,,75,,f,3,Ketentuan,"Berdasarkan hal tersebut, bersama ini kami peringatkan agar sejak diterimanya surat teguran ini, Saudara/i segera menghentikan penggunaan spektrum frekuensi radio …. (KHz/MHz/GHz) yang tidak dilengkapi dengan Izin Stasiun Radio (ISR).",Pasal 75 huruf f angka 3,"radio, tersebut, bersama, kami, peringatkan",
Perdirjen_07_2021,Perdirjen Nomor 07 Tahun 2021,Perdirjen,2021,07,BAB XI,Ketentuan Penutup,,,75,,f,4,Ketentuan,"Dalam hal Saudara/i tetap ingin mengunakan spektrum frekuensi radio dimaksud, agar Saudara/i melakukan pengurusan Izin Stasiun Radio (ISR) melalui Balai / Loka Monitor Spektrum Frekuensi Radio setempat.",Pasal 75 huruf f angka 4,"radio, saudara, spektrum, frekuensi, tetap",
Perdirjen_07_2021,Perdirjen Nomor 07 Tahun 2021,Perdirjen,2021,07,BAB XI,Ketentuan Penutup,,,75,,f,5,Ketentuan,"Dalam hal Saudara/i tidak mengindahkan surat teguran ini, kami akan melakukan proses penegakan hukum lanjutan sesuai dengan ketentuan peraturan perundang-undangan.",Pasal 75 huruf f angka 5,"saudara, mengindahkan, surat, teguran, kami",
Perdirjen_07_2021,Perdirjen Nomor 07 Tahun 2021,Perdirjen,2021,07,BAB XI,Ketentuan Penutup,,,75,,f,6,Ketentuan,"Demikian surat teguran ini disampaikan untuk dilaksanakan. Direktur Pengendalian SDPPI / Kepala UPT Monitor Spektrum Frekuensi Radio, …………………. - 25 - FORM 1.2. SURAT PERNYATAAN KESANGGUPAN PEMENUHAN KETENTUAN PERATURAN PERUNDANG-UNDANGAN SURAT PERNYATAAN Yang bertanda tangan dibawah ini: Nama : NIK : Jenis Kelamin : Agama : Pekerjaan dan Jabatan : Alamat : Bertindak Untuk dan Atas Nama : Menindaklanjuti hasil pengawasan penggunaan spektrum frekuensi radio pada tanggal …….. di ……. oleh Balmon Kelas I ......./ Balmon Kelas II ……./ Loka Monitor SFR ……, dengan ini secara sadar kami menyatakan bahwa:",Pasal 75 huruf f angka 6,"surat, monitor, spektrum, frekuensi, radio",
Perdirjen_07_2021,Perdirjen Nomor 07 Tahun 2021,Perdirjen,2021,07,BAB XI,Ketentuan Penutup,,,75,,f,1,Hak,Kami telah tanpa hak memancarkan dan/atau menggunakan spektrum frekuensi radio …. (KHz/MHz/GHz) tanpa dilengkapi dengan Izin Stasiun Radio (ISR) sejak tanggal …. sampai dengan tanggal ………… (apabila lebih dari satu frekuensi dapat sebagai lampiran),Pasal 75 huruf f angka 1,"tanpa, frekuensi, radio, tanggal, kami",
Perdirjen_07_2021,Perdirjen Nomor 07 Tahun 2021,Perdirjen,2021,07,BAB XI,Ketentuan Penutup,,,75,,f,2,Sanksi,"Atas pelanggaran sebagaimana dimaksud pada angka 1, kami bersedia dikenai sanksi administratif sesuai dengan ketentuan peraturan perundang-undangan.",Pasal 75 huruf f angka 2,"pelanggaran, kami, bersedia, dikenai, sanksi",
Perdirjen_07_2021,Perdirjen Nomor 07 Tahun 2021,Perdirjen,2021,07,BAB XI,Ketentuan Penutup,,,75,,f,3,Ketentuan,Kami akan melengkapi Izin Stasiun Radio (ISR) paling lambat 14 (empat belas) hari kalender sejak surat pernyataan ini ditandatangani.,Pasal 75 huruf f angka 3,"kami, melengkapi, izin, stasiun, radio",
Perdirjen_07_2021,Perdirjen Nomor 07 Tahun 2021,Perdirjen,2021,07,BAB XI,Ketentuan Penutup,,,75,,f,4,Larangan,Bersedia tidak lagi mengulang perbuatan melanggar hukum yang sama dan atau yang serupa berupa penggunaan frekuensi radio tanpa Izin dan/atau penggunaan perangkat telekomunikasi tidak tersertifikasi oleh Ditjen SDPPI.,Pasal 75 huruf f angka 4,"penggunaan, bersedia, lagi, mengulang, perbuatan",
Perdirjen_07_2021,Perdirjen Nomor 07 Tahun 2021,Perdirjen,2021,07,BAB XI,Ketentuan Penutup,,,75,,f,5,Ketentuan,"Bersedia untuk tidak memperjual belikan, mengalihkan dan/atau tidak menyerahkan secara sukarela ke pihak manapun terhadap alat dan/atau perangkat telekomunikasi yang dilakukan tindakan penyegelan.",Pasal 75 huruf f angka 5,"bersedia, memperjual, belikan, mengalihkan, menyerahkan",
Perdirjen_07_2021,Perdirjen Nomor 07 Tahun 2021,Perdirjen,2021,07,BAB XI,Ketentuan Penutup,,,75,,f,6,Sanksi,"Selanjutnya kami sanggup untuk menggunakan spektrum frekuensi radio sesuai dengan Izin Stasiun Radio (ISR) dan sertifikat alat telekomunikasi dan/atau perangkat telekomunikasi serta dalam penggunaan spektrum frekuensi radio dimaksud sesuai dengan peruntukannya, sesuai dengan parameter teknis yang diatur dalam Izin Stasiun Radio (ISR), dan tidak menimbulkan gangguan spektrum frekuensi radio yang merugikan (harmful interference) kepada pemegang izin penggunaan spektrum frekuensi radio lainnya. Demikian surat pernyataan ini dibuat tanpa adanya paksaan, kekhilafan, dan benar sesuai dengan fakta di lapangan. …….., ………………… 2021 Yang Membuat Pernyataan Materai 10.000 ………………………….. - 26 - FORM 1.3. SURAT PERNYATAAN KESANGGUPAN MELUNASI DENDA ADMINISTRATIF SURAT PERNYATAAN Saya yang bertanda tangan di bawah ini: Nama : NIK : Jenis Kelamin : Agama : Pekerjaan dan Jabatan : Alamat : Bertindak Untuk dan Atas Nama : dengan ini menyatakan:",Pasal 75 huruf f angka 6,"radio, spektrum, frekuensi, pernyataan, izin",
Perdirjen_07_2021,Perdirjen Nomor 07 Tahun 2021,Perdirjen,2021,07,BAB XI,Ketentuan Penutup,,,75,,f,1,Hak,Mengakui telah melakukan pelanggaran penggunaan spektrum frekuensi radio yaitu tanpa hak memancarkan dan/atau menggunakan spektrum frekuensi radio …. (KHz/MHz/GHz) tanpa dilengkapi dengan Izin Stasiun Radio (ISR).,Pasal 75 huruf f angka 1,"radio, spektrum, frekuensi, tanpa, mengakui",
Perdirjen_07_2021,Perdirjen Nomor 07 Tahun 2021,Perdirjen,2021,07,BAB XI,Ketentuan Penutup,,,75,,f,2,Sanksi,"Atas pelanggaran tersebut, saya sanggup untuk melunasi denda administratif yang besarannya akan ditetapkan kemudian sesuai dengan ketentuan peraturan perundang-undangan.",Pasal 75 huruf f angka 2,"pelanggaran, tersebut, saya, sanggup, melunasi",
Perdirjen_07_2021,Perdirjen Nomor 07 Tahun 2021,Perdirjen,2021,07,BAB XI,Ketentuan Penutup,,,75,,f,3,Sanksi,"Dalam hal saya tidak memenuhi sanksi administratif sebagaimana dimaksud pada angka 2, maka saya bersedia dikenakan sanksi lebih lanjut sesuai dengan ketentuan peraturan perundang-undangan. Demikian Surat Pernyataan ini dibuat tanpa ada paksaan dan tekanan dari pihak lain. ........., ............ 2021 Yang Membuat Pernyataan …………………… - 27 - FORM 1.4. BERITA ACARA PENYERAHAN ALAT TELEKOMUNIKASI DAN/ATAU PERANGKAT TELEKOMUNIKASI YANG DIGUNAKAN DALAM PELANGGARAN BERITA ACARA SERAH TERIMA Nomor …………………/2021 Yang bertandatangan di bawah ini:",Pasal 75 huruf f angka 3,"saya, sanksi, pernyataan, berita, acara",
Perdirjen_07_2021,Perdirjen Nomor 07 Tahun 2021,Perdirjen,2021,07,BAB XI,Ketentuan Penutup,,,75,,f,1,Ketentuan,Nama : NIK : Alamat : Selanjutnya disebut sebagai Pihak Kesatu.,Pasal 75 huruf f angka 1,"nama, alamat, selanjutnya, disebut, pihak",
Perdirjen_07_2021,Perdirjen Nomor 07 Tahun 2021,Perdirjen,2021,07,BAB XI,Ketentuan Penutup,,,75,,f,2,Ketentuan,Nama : NIP : Jabatan : Selanjutnya disebut sebagai Pihak Kedua. Pihak Kesatu menyerahkan alat telekomunikasi dan/atau perangkat telekomunikasi kepada Pihak Kedua berupa:,Pasal 75 huruf f angka 2,"pihak, kedua, telekomunikasi, nama, jabatan",
Perdirjen_07_2021,Perdirjen Nomor 07 Tahun 2021,Perdirjen,2021,07,BAB XI,Ketentuan Penutup,,,75,,f,1,Ketentuan,………………………………………………………………………………………………,Pasal 75 huruf f angka 1,,
Perdirjen_07_2021,Perdirjen Nomor 07 Tahun 2021,Perdirjen,2021,07,BAB XI,Ketentuan Penutup,,,75,,f,2,Kewajiban,"……………………………………………………………………………………………… Dalam hal Pihak Kesatu tidak dapat memenuhi kewajiban yang dipersyaratkan oleh Pihak Kedua terkait dengan pemenuhan ketentuan peraturan perundang- undangan sampai dengan batas waktu yang telah ditetapkan oleh Pihak Kedua (Surat Pernyataan Kesanggupan Pemenuhan Ketentuan Perundang-Undangan), maka Pihak Kesatu memberi kuasa kepada Pihak Kedua untuk memusnahkan alat telekomunikasi dan/atau perangkat telekomunikasi sebagaimana dimaksud di atas tanpa ada kompensasi dalam bentuk apapun kepada Pihak Kesatu. Demikian Berita Acara Penyerahan Alat Telekomunikasi dan/atau Perangkat Telekomunikasi ini dibuat dengan penuh kesadaran untuk dipertanggungjawabkan bersama. Jakarta, …… ………………. 2021 Pihak Kedua, Pihak Kesatu, Yang Menerima, Yang Menyerahkan, …………………… ……………………….. - 28 - FORM 1.5. BERITA ACARA PENYEGELAN DAN/ATAU PENGAMANAN ALAT TELEKOMUNIKASI DAN/ATAU PERANGKAT TELEKOMUNIKASI BERITA ACARA PENYEGELAN DAN/ATAU PENGAMANAN ALAT TELEKOMUNIKASI DAN/ATAU PERANGKAT TELEKOMUNIKASI Nomor .....………………/2021 Pada hari ini ……. Tanggal ….. Bulan …… Tahun ….., kami : Nama / NIP Pangkat/Gol Jabatan Dari Direktorat Pengendalian SDPPI/Unit Pelaksana Teknis (UPT) pada …….. (Balai Monitor SFR Kelas I/II/Lokamon) berdasarkan surat perintah pelaksanaan kegiatan ………... (monitoring/penertiban/inspeksi) Nomor …….., berdasarkan Peraturan Pemerintah Nomor 5 Tahun 2021 tentang Penyelenggaraan Perizinan Berusaha Berbasis Resiko, telah melakukan penyegelan terhadap barang alat telekomunikasi dan/atau perangkat telekomunikasi yang berada di lokasi stasiun pemancar/yang dibawa ke kantor Direktorat Jenderal berupa : No Jenis Barang Merk/Type Lokasi Segel Yang dimiliki dan/atau dikuasai oleh: Nama : NIK : Alamat : Yang diduga telah melakukan PELANGGARAN PENGGUNAAN SPEKTRUM FREKUENSI RADIO DAN/ATAU ALAT TELEKOMUNIKASI DAN/ATAU PERANGKAT TELEKOMUNIKASI TANPA DILENGKAPI DENGAN PERIZINAN SPEKTRUM FREKUENSI RADIO ATAU SERTIFIKAT ALAT TELEKOMUNIKASI DAN/ATAU PERANGKAT TELEKOMUNIKASI. Demikian Berita Acara Penyegelan ini dibuat dengan sebenarnya sesuai dengan ketentuan peraturan perundang-undangan. ……………., …………….. 2021 Pemilik Barang/Yang Pemeriksa, Menguasasi, ………………… …………………………………… - 29 - Saksi-saksi",Pasal 75 huruf f angka 2,"telekomunikasi, pihak, alat, perangkat, kesatu",Pemerintah
Perdirjen_07_2021,Perdirjen Nomor 07 Tahun 2021,Perdirjen,2021,07,BAB XI,Ketentuan Penutup,,,75,,f,1,Ketentuan,………………..,Pasal 75 huruf f angka 1,,
Perdirjen_07_2021,Perdirjen Nomor 07 Tahun 2021,Perdirjen,2021,07,BAB XI,Ketentuan Penutup,,,75,,f,2,Ketentuan,"……………….. - 30 - FORM 1.6. BERITA ACARA PENGHENTIAN PEMANCARAN SPEKTRUM FREKUENSI RADIO YANG TIDAK MEMILIKI IZIN STASIUN RADIO BERITA ACARA PENGHENTIAN PEMANCARANSPEKTRUM FREKUENSI RADIO Nomor . ..... ……………………………/2021 Pada hari ini ……… tanggal … bulan ……… tahun dua ribu dua puluh satu bertempat di ……………., yang bertanda tangan di bawah ini:",Pasal 75 huruf f angka 2,"radio, berita, acara, penghentian, frekuensi",
Perdirjen_07_2021,Perdirjen Nomor 07 Tahun 2021,Perdirjen,2021,07,BAB XI,Ketentuan Penutup,,,75,,f,1,Ketentuan,Nama : NIP : Jabatan : Selanjutnya disebut sebagai PIHAK KESATU.,Pasal 75 huruf f angka 1,"nama, jabatan, selanjutnya, disebut, pihak",
Perdirjen_07_2021,Perdirjen Nomor 07 Tahun 2021,Perdirjen,2021,07,BAB XI,Ketentuan Penutup,,,75,,f,2,Ketentuan,Nama : NIK : Bertindak untuk dan atas nama sendiri / perusahaan ….. Selanjutnya disebut sebagai PIHAK KEDUA. Selanjutnya kedua belah pihak disebut sebagai PARA PIHAK. PARA PIHAK menjelaskan hal – hal sebagai berikut :,Pasal 75 huruf f angka 2,"pihak, nama, selanjutnya, disebut, kedua",
Perdirjen_07_2021,Perdirjen Nomor 07 Tahun 2021,Perdirjen,2021,07,BAB XI,Ketentuan Penutup,,,75,,f,1,Ketentuan,PIHAK KEDUA telah menghentikan pemancaran dan/atau penggunaan spektrum frekuensi radio …. (KHz/MHz/GHz) sejak tanggal …..,Pasal 75 huruf f angka 1,"pihak, kedua, menghentikan, pemancaran, penggunaan",
Perdirjen_07_2021,Perdirjen Nomor 07 Tahun 2021,Perdirjen,2021,07,BAB XI,Ketentuan Penutup,,,75,,f,2,Ketentuan,"Berdasarkan hasil ukur, PIHAK KESATU memastikan bahwa PIHAK KEDUA telah menghentikan pemancaran dan/atau penggunaan spektrum frekuensi radionya. Demikian Berita Acara ini dibuat oleh PARA PIHAK untuk dipergunakan sebagai mana mestinya. PIHAK KESATU PIHAK KEDUA BALMON / LOKA ……………………………. ….…………………….. …….………………………. - 31 - FORM 1.7. BERITA ACARA PEMBUKAAN SEGEL DAN/ATAU PENGEMBALIAN ALAT TELEKOMUNIKASI DAN/ATAU PERANGKAT TELEKOMUNIKASI BERITA ACARA PEMBUKAAN SEGEL DAN/ATAU PENGEMBALIAN ALAT TELEKOMUNIKASI DAN/ATAU PERANGKAT TELEKOMUNIKASI Nomor ..... ……………………………/2021 Pada hari ini ……. Tanggal ….. Bulan …… Tahun ….., kami : Nama / NIP Pangkat/Gol Jabatan Direktorat Pengendalian SDPPI/Unit Pelaksana Teknis (UPT) pada …….. (Balai Monitor SFR Kelas I/II/Lokamon) berdasarkan surat perintah pelaksanaan kegiatan …….. (monitoring/penertiban/inspeksi) Nomor ……….., berdasarkan Peraturan Pemerintah Nomor 5 Tahun 2021 tentang Penyelenggaraan Perizinan Berusaha Berbasis Resiko, telah membuka segel di lokasi stasiun pemancar atau dibawa ke kantor baik barang bergerak atau tidak bergerak berupa : No Jenis Barang Merk/Type Lokasi Segel Yang dimiliki dan/atau dikuasai oleh: Nama : NIK : Alamat : Yang diduga atau patut diduga melakukan PELANGGARAN PENGGUNAAN SPEKTRUM FREKUENSI RADIO DAN/ATAU ALAT DAN/ATAU PERANGKAT TELEKOMUNIKASI TANPA DILENGKAPI DENGAN PERIZINAN ATAU SERTIFIKAT. Demikian Berita Acara Pembukaan Segel ini dibuat dengan sebenarnya sesuai dengan ketentuan peraturan perundang-undangan. ……………., …………….. 2021 Pemeriksa, …………………………………… Saksi-saksi",Pasal 75 huruf f angka 2,"pihak, segel, telekomunikasi, berita, acara",Pemerintah
Perdirjen_07_2021,Perdirjen Nomor 07 Tahun 2021,Perdirjen,2021,07,BAB XI,Ketentuan Penutup,,,75,,f,1,Ketentuan,………………..,Pasal 75 huruf f angka 1,,
Perdirjen_07_2021,Perdirjen Nomor 07 Tahun 2021,Perdirjen,2021,07,BAB XI,Ketentuan Penutup,,,75,,f,2,Ketentuan,……………….. - 32 - FORM 1.8. BERITA ACARA PENOLAKAN TANDA TANGAN BERITA ACARA SERAH TERIMA KOP SURAT BALMON / LOKA BERITA ACARA PENOLAKAN Yang bertanda tangan dibawah ini selaku Aparatur Sipil Negara (ASN) : Nama : NIK : Jenis Kelamin : Agama : Pekerjaan dan Jabatan : Alamat : Bertindak Untuk dan Atas Nama : Telah membuat dan mengajukan berita acara (BA) atau surat pernyatan untuk ditanda tangani kepada : Nama : NIK : Jenis Kelamin : Agama : Pekerjaan dan Jabatan : Alamat : Bertindak Untuk dan Atas Nama : Namun yang bersangkutan atas kemauan sendiri TIDAK BERSEDIA/MENOLAK MENANDATANGANI Berita Acara yang dibuat oleh Aparatur Sipil Negara (ASN) dengan alasan : …………………………………………………………………………………………………………… …………………………………………………………………………………………………………… Demikian Berita acara ini dibuat dengan kekuatan hukum untuk memenuhi persyaratan administrasi sesuai ketentuan yang diatur di dalam peraturan perundang- undangan. Penolak Tanda Tangan Direktur Pengendalian SDPPI/Ka. Balmon Kelas I/Kelas II/Kalokamon (………………………….) (………………………….) Saksi-saksi,Pasal 75 huruf f angka 2,"berita, acara, nama, tangan, penolakan",
Perdirjen_07_2021,Perdirjen Nomor 07 Tahun 2021,Perdirjen,2021,07,BAB XI,Ketentuan Penutup,,,75,,f,1,Ketentuan,………………………..,Pasal 75 huruf f angka 1,,
Perdirjen_07_2021,Perdirjen Nomor 07 Tahun 2021,Perdirjen,2021,07,BAB XI,Ketentuan Penutup,,,75,,f,2,Sanksi,"……………………….. - 33 - FORM 1.9. SURAT UNDANGAN KLARIFIKASI TINDAKAN PELANGGARAN KOP SURAT DIREKTORAT PENGENDALIAN SDPPI / BALMON / LOKA Nomor : ………, … ….. …. Perihal : Undangan Klarifikasi Klasifikasi : Sangat Rahasia Lampiran : - Kepada Yth. Sdr. …… di- ……………………………………. ……………………………………. Memperhatikan hasil pengawasan penggunaan spektrum frekuensi radio pada tanggal …., ditemukenali penggunaan spektrum frekuensi radio tanpa Izin Stasiun Radio (ISR) yang dilakukan oleh Saudara/i. Sehubungan dengan hal tersebut bersama ini kami mengharapkan kehadiran Saudara/i pada: Hari/Tanggal : ………./……. Pukul : …….. - selesai Tempat : Ruang Rapat Balmon Kelas I / Kelas II /Loka Monitor Spektrum Frekuensi Radio …….. Agenda : Klarifikasi penggunaan spektrum frekuensi radio Demikian disampaikan, mohon kehadirannya tepat waktu dan tidak diwakilkan, atas perhatiannya diucapkan terimakasih. Direktur Pengendalian SDPPI /Ka.Balmon Kelas I / Kelas II / Kalokamon …………………………………………………… Tembusan: Yth. Direktur Jenderal SDPPI. - 34 - ALUR PENGENAAN SANKSI ADMINISTRATIF PELANGGARAN TIDAK MELUNASI BIAYA HAK PENGGUNA SPEKTRUM FREKUENSI RADIO - 35 - FORM 2.1. BERITA ACARA PENGHENTIAN PEMANCARAN SPEKTRUM FREKUENSI RADIO BERITA ACARA PENGHENTIAN PEMANCARAN SPEKTRUM FREKUENSI RADIO Nomor ..... ………………/2021 Pada hari ini ……… tanggal … bulan ……… tahun dua ribu dua puluh satu bertempat di ……………., yang bertanda tangan di bawah ini:",Pasal 75 huruf f angka 2,"radio, spektrum, frekuensi, kelas, klarifikasi",
Perdirjen_07_2021,Perdirjen Nomor 07 Tahun 2021,Perdirjen,2021,07,BAB XI,Ketentuan Penutup,,,75,,f,1,Ketentuan,Nama : NIP : Jabatan : Selanjutnya disebut sebagai PIHAK KESATU.,Pasal 75 huruf f angka 1,"nama, jabatan, selanjutnya, disebut, pihak",
Perdirjen_07_2021,Perdirjen Nomor 07 Tahun 2021,Perdirjen,2021,07,BAB XI,Ketentuan Penutup,,,75,,f,2,Ketentuan,Nama : NIK : Bertindak untuk dan atas nama sendiri / perusahaan ….. Selanjutnya disebut sebagai PIHAK KEDUA. Selanjutnya kedua belah pihak disebut sebagai PARA PIHAK. PARA PIHAK menjelaskan hal – hal sebagai berikut :,Pasal 75 huruf f angka 2,"pihak, nama, selanjutnya, disebut, kedua",
Perdirjen_07_2021,Perdirjen Nomor 07 Tahun 2021,Perdirjen,2021,07,BAB XI,Ketentuan Penutup,,,75,,f,1,Ketentuan,PIHAK KEDUA telah menghentikan pemancaran dan/atau penggunaan spektrum frekuensi radio …. (KHz/MHz/GHz) sejak tanggal …..,Pasal 75 huruf f angka 1,"pihak, kedua, menghentikan, pemancaran, penggunaan",
Perdirjen_07_2021,Perdirjen Nomor 07 Tahun 2021,Perdirjen,2021,07,BAB XI,Ketentuan Penutup,,,75,,f,2,Hak,"Berdasarkan hasil ukur, PIHAK KESATU memastikan bahwa PIHAK KEDUA telah menghentikan pemancaran dan/atau penggunaan spektrum frekuensi radionya. Demikian Berita Acara ini dibuat oleh PARA PIHAK untuk dipergunakan sebagai mana mestinya. PIHAK KESATU PIHAK KEDUA BALMON / LOKA ……………………………. ….…………………….. …….………………………. - 36 - FORM 2.2. BERITA ACARA PEMBUKAAN SEGEL DAN/ATAU PENGEMBALIAN ALAT TELEKOMUNIKASI DAN/ATAU PERANGKAT TELEKOMUNIKASI BERITA ACARA PEMBUKAAN SEGEL DAN/ATAU PENGEMBALIAN ALAT TELEKOMUNIKASI DAN/ATAU PERANGKAT TELEKOMUNIKASI Nomor . ....…………………… /2021 Pada hari ini ……. Tanggal ….. Bulan …… Tahun ….., kami : Nama / NIP Pangkat/Gol Jabatan Direktorat Pengendalian SDPPI/Unit Pelaksana Teknis (UPT) pada …….. (Balai Monitor SFR Kelas I/II/Lokamon) berdasarkan surat perintah pelaksanaan kegiatan …….. (monitoring/penertiban/inspeksi) Nomor ……….., berdasarkan Peraturan Pemerintah Nomor 5 Tahun 2021 tentang Penyelenggaraan Perizinan Berusaha Berbasis Resiko, telah membuka segel di lokasi stasiun pemancar atau dibawa ke kantor baik barang bergerak atau tidak bergerak berupa : No Jenis Barang Merk/Type Yang dimiliki dan/atau dikuasai oleh : Nama : NIK : Alamat : Yang diduga atau patut diduga melakukan pelanggaran penggunaan spektrum frekuensi radio berupa tidak melunasi biaya hak penggunaan spektrum frekuensi radio. Demikian Berita Acara Pembukaan Segel ini dibuat dengan sebenarnya sesuai dengan ketentuan peraturan perundang-undangan. ……………., …………….. 2021 Pemeriksa, …………………………………… Saksi-saksi",Pasal 75 huruf f angka 2,"pihak, berita, acara, segel, telekomunikasi",Pemerintah
Perdirjen_07_2021,Perdirjen Nomor 07 Tahun 2021,Perdirjen,2021,07,BAB XI,Ketentuan Penutup,,,75,,f,1,Ketentuan,……………,Pasal 75 huruf f angka 1,,
Perdirjen_07_2021,Perdirjen Nomor 07 Tahun 2021,Perdirjen,2021,07,BAB XI,Ketentuan Penutup,,,75,,f,2,Hak,"…………… - 37 - FORM 2.3. BERITA ACARA PENYEGELAN DAN/ATAU PENGAMANAN ALAT TELEKOMUNIKASI DAN/ATAU PERANGKAT TELEKOMUNIKASI BERITA ACARA PENYEGELAN DAN/ATAU PENGAMANAN ALAT TELEKOMUNIKASI DAN/ATAU PERANGKAT TELEKOMUNIKASI Nomor ……………………………/2021 Pada hari ini ……. Tanggal ….. Bulan …… Tahun ….., kami : Nama / NIP Pangkat/Gol Jabatan Direktorat Pengendalian SDPPI/Unit Pelaksana Teknis (UPT) pada …….. (Balai Monitor SFR Kelas I/II/Lokamon) berdasarkan surat perintah pelaksanaan kegiatan …….. (monitoring/penertiban/inspeksi) Nomor ……….., berdasarkan Peraturan Pemerintah Nomor 5 Tahun 2021 tentang Penyelenggaraan Perizinan Berusaha Berbasis Resiko, telah melakukan penyegelan di lokasi stasiun pemancar atau dibawa ke kantor baik barang bergerak atau tidak bergerak berupa : No Jenis Barang Merk/Type Lokasi Segel Yang dimiliki dan/atau dikuasai oleh: Nama : NIK : Alamat : Yang diduga atau patut diduga melakukan pelanggaran penggunaan spektrum frekuensi radio penggunaan spektrum frekuensi radio berupa tidak melunasi biaya hak penggunaan spektrum frekuensi radio. Demikian Berita Acara Penyegelan ini dibuat dengan sebenarnya sesuai dengan ketentuan peraturan perundang-undangan. ……………., …………….. 2021 Pemeriksa, …………………………………… Saksi-saksi",Pasal 75 huruf f angka 2,"penyegelan, telekomunikasi, berita, acara, nomor",Pemerintah
Perdirjen_07_2021,Perdirjen Nomor 07 Tahun 2021,Perdirjen,2021,07,BAB XI,Ketentuan Penutup,,,75,,f,1,Ketentuan,………………..,Pasal 75 huruf f angka 1,,
Perdirjen_07_2021,Perdirjen Nomor 07 Tahun 2021,Perdirjen,2021,07,BAB XI,Ketentuan Penutup,,,75,,f,2,Sanksi,"……………….. - 38 - ALUR PENGENAAN SANKSI ADMINISTRATIF PELANGGARAN PENGGUNAAN SPEKTRUM FREKUENSI RADIO TIDAK SESUAI DENGAN PERUNTUKAN FORM 3.1. SURAT TEGURAN PENGGUNAAN SPEKTRUM FREKUENSI RADIO TIDAK SESUAI PERUNTUKAN KOP SURAT DIREKTORAT PENGENDALIAN SDPPI / BALMON / LOKA Nomor : …………………… ……., … …… 2021 Klasifikasi : Penting Perihal : Surat Teguran Kepada Yth. …………………… di Tempat",Pasal 75 huruf f angka 2,"surat, penggunaan, spektrum, frekuensi, radio",
Perdirjen_07_2021,Perdirjen Nomor 07 Tahun 2021,Perdirjen,2021,07,BAB XI,Ketentuan Penutup,,,75,,f,1,Ketentuan,Dasar Hukum:,Pasal 75 huruf f angka 1,"dasar, hukum",
Perdirjen_07_2021,Perdirjen Nomor 07 Tahun 2021,Perdirjen,2021,07,BAB XI,Ketentuan Penutup,,,75,,a,,Ketentuan,Undang-Undang Nomor 36 Tahun 1999 tentang Telekomunikasi;,Pasal 75 huruf a,"nomor, tahun, telekomunikasi",
Perdirjen_07_2021,Perdirjen Nomor 07 Tahun 2021,Perdirjen,2021,07,BAB XI,Ketentuan Penutup,,,75,,b,,Ketentuan,Undang-Undang Nomor 11 Tahun 2020 tentang Cipta Kerja;,Pasal 75 huruf b,"nomor, tahun, cipta, kerja",
Perdirjen_07_2021,Perdirjen Nomor 07 Tahun 2021,Perdirjen,2021,07,BAB XI,Ketentuan Penutup,,,75,,c,,Ketentuan,Peraturan Pemerintah Nomor 5 Tahun 2021 tentang Penyelenggaraan Perizinan Berusaha Berbasis Resiko;,Pasal 75 huruf c,"nomor, tahun, penyelenggaraan, perizinan, berusaha",Pemerintah
Perdirjen_07_2021,Perdirjen Nomor 07 Tahun 2021,Perdirjen,2021,07,BAB XI,Ketentuan Penutup,,,75,,d,,Ketentuan,"Peraturan Pemerintah Nomor 46 Tahun 2021 tentang Pos, Telekomunikasi, dan Penyiaran; dan",Pasal 75 huruf d,"nomor, tahun, telekomunikasi, penyiaran",Pemerintah
Perdirjen_07_2021,Perdirjen Nomor 07 Tahun 2021,Perdirjen,2021,07,BAB XI,Ketentuan Penutup,,,75,,e,,Ketentuan,Peraturan Menteri Komunikasi dan Informatika Nomor 7 Tahun 2021 tentang Penggunaan Spektrum Frekuensi Radio.,Pasal 75 huruf e,"menteri, komunikasi, informatika, nomor, tahun",Menteri
Perdirjen_07_2021,Perdirjen Nomor 07 Tahun 2021,Perdirjen,2021,07,BAB XI,Ketentuan Penutup,,,75,,e,2,Ketentuan,"Merujuk pada ketentuan peraturan perundang-undangan sebagaimana dimaksud pada angka 1, bersama ini disampaikan bahwa berdasarkan hasil pengawasan penggunaan spektrum frekuensi radio, ditemukenali penggunaan spektrum frekuensi radio yang tidak sesuai peruntukan.",Pasal 75 huruf e angka 2,"penggunaan, spektrum, frekuensi, radio, merujuk",
Perdirjen_07_2021,Perdirjen Nomor 07 Tahun 2021,Perdirjen,2021,07,BAB XI,Ketentuan Penutup,,,75,,e,3,Ketentuan,"Berdasarkan hal tersebut, bersama ini kami peringatkan agar sejak diterimanya surat teguran ini, Saudara/i segera menghentikan penggunaan spektrum frekuensi radio …. (KHz/MHz/GHz) yang tidak sesuai dengan peruntukan.",Pasal 75 huruf e angka 3,"tersebut, bersama, kami, peringatkan, agar",
Perdirjen_07_2021,Perdirjen Nomor 07 Tahun 2021,Perdirjen,2021,07,BAB XI,Ketentuan Penutup,,,75,,e,4,Ketentuan,"Dalam hal Saudara/i tetap ingin mengunakan spektrum frekuensi radio dimaksud, agar Saudara/i melakukan penyesuaian peruntukan spektrum frekuensi radio dimaksud sesuai dengan Izin Stasiun Radio (ISR) yang dimiliki.",Pasal 75 huruf e angka 4,"radio, saudara, spektrum, frekuensi, tetap",
Perdirjen_07_2021,Perdirjen Nomor 07 Tahun 2021,Perdirjen,2021,07,BAB XI,Ketentuan Penutup,,,75,,e,5,Ketentuan,"Dalam hal Saudara/i tidak mengindahkan surat teguran ini, kami akan melakukan proses penegakan hukum lanjutan sesuai dengan ketentuan peraturan perundang-undangan.",Pasal 75 huruf e angka 5,"saudara, mengindahkan, surat, teguran, kami",
Perdirjen_07_2021,Perdirjen Nomor 07 Tahun 2021,Perdirjen,2021,07,BAB XI,Ketentuan Penutup,,,75,,e,6,Ketentuan,"Demikian surat teguran ini disampaikan untuk dilaksanakan. Direktur Pengendalian SDPPI / Kepala UPT Monitor Spektrum Frekuensi Radio, …………………. - 40 - FORM 3.2. SURAT PERNYATAAN KESANGGUPAN PEMENUHAN KETENTUAN PERATURAN PERUNDANG-UNDANGAN SURAT PERNYATAAN Yang bertanda tangan dibawah ini : Nama : NIK : Jenis Kelamin : Agama : Pekerjaan dan Jabatan : Alamat : Bertindak Untuk dan Atas Nama : Menindaklanjuti hasil pengawasan penggunaan spektrum frekuensi radio pada tanggal …….. di ……. oleh Balmon Kelas I ......./ Balmon Kelas II ……./ Loka Monitor SFR ……, dengan ini secara sadar kami menyatakan bahwa:",Pasal 75 huruf e angka 6,"surat, monitor, spektrum, frekuensi, radio",
Perdirjen_07_2021,Perdirjen Nomor 07 Tahun 2021,Perdirjen,2021,07,BAB XI,Ketentuan Penutup,,,75,,e,1,Hak,Kami telah tanpa hak memancarkan dan/atau menggunakan spektrum frekuensi radio yang tidak sesuai dengan peruntukannya sebagaimana tercantum dalam Izin Stasiun Radio (ISR) dengan frekuensi ……… (KHz/MHz/GHz) (rincian sebagaimana terlampir).,Pasal 75 huruf e angka 1,"frekuensi, radio, kami, tanpa, memancarkan",
Perdirjen_07_2021,Perdirjen Nomor 07 Tahun 2021,Perdirjen,2021,07,BAB XI,Ketentuan Penutup,,,75,,e,2,Sanksi,"Atas pelanggaran sebagaimana dimaksud pada angka 1, kami bersedia dikenai sanksi administratif sesuai dengan ketentuan peraturan perundang-undangan.",Pasal 75 huruf e angka 2,"pelanggaran, kami, bersedia, dikenai, sanksi",
Perdirjen_07_2021,Perdirjen Nomor 07 Tahun 2021,Perdirjen,2021,07,BAB XI,Ketentuan Penutup,,,75,,e,3,Ketentuan,Kami akan menyesuaikan penggunaan spektrum frekuensi radio sesuai dengan peruntukannya sebagaimana tercantum dalam Izin Stasiun Radio (ISR) paling lambat 5 (lima) hari kalender sejak surat pernyataan ini ditandatangani.,Pasal 75 huruf e angka 3,"radio, kami, menyesuaikan, penggunaan, spektrum",
Perdirjen_07_2021,Perdirjen Nomor 07 Tahun 2021,Perdirjen,2021,07,BAB XI,Ketentuan Penutup,,,75,,e,4,Ketentuan,"Selanjutnya kami sanggup untuk menggunakan spektrum frekuensi radio sesuai dengan Izin Stasiun Radio (ISR) dan sertifikat alat telekomunikasi dan/atau perangkat telekomunikasi serta dalam penggunaan spektrum frekuensi radio dimaksud sesuai dengan peruntukannya, sesuai dengan parameter teknis yang diatur dalam Izin Stasiun Radio (ISR), dan tidak menimbulkan gangguan spektrum - 41 - frekuensi radio yang merugikan (harmful interference) kepada pemegang izin penggunaan spektrum frekuensi radio lainnya Demikian surat pernyataan ini dibuat tanpa adanya paksaan, kekhilafan, dan benar sesuai dengan fakta di lapangan. …….., ………………… 2021 Yang Membuat Pernyataan Materai 10.000 - 42 - FORM 3.2. SURAT PERNYATAAN KESANGGUPAN PEMENUHAN KETENTUAN PERATURAN PERUNDANG-UNDANGAN SURAT PERNYATAAN Yang bertanda tangan dibawah ini : Nama : NIK : Jenis Kelamin : Agama : Pekerjaan dan Jabatan : Alamat : Bertindak Untuk dan Atas Nama : Menindaklanjuti hasil pengawasan penggunaan spektrum frekuensi radio pada tanggal …….. di ……. oleh Balmon Kelas I ......./ Balmon Kelas II ……./ Loka Monitor SFR ……, dengan ini secara sadar kami menyatakan bahwa:",Pasal 75 huruf e angka 4,"radio, spektrum, frekuensi, pernyataan, izin",
Perdirjen_07_2021,Perdirjen Nomor 07 Tahun 2021,Perdirjen,2021,07,BAB XI,Ketentuan Penutup,,,75,,e,1,Hak,Kami telah tanpa hak memancarkan dan/atau menggunakan spektrum frekuensi radio yang tidak sesuai dengan peruntukannya sebagaimana tercantum dalam Izin Stasiun Radio (ISR) dengan frekuensi ……… (KHz/MHz/GHz) (rincian sebagaimana terlampir).,Pasal 75 huruf e angka 1,"frekuensi, radio, kami, tanpa, memancarkan",
Perdirjen_07_2021,Perdirjen Nomor 07 Tahun 2021,Perdirjen,2021,07,BAB XI,Ketentuan Penutup,,,75,,e,2,Sanksi,"Atas pelanggaran sebagaimana dimaksud pada angka 1, kami bersedia dikenai sanksi administratif sesuai dengan ketentuan peraturan perundang-undangan.",Pasal 75 huruf e angka 2,"pelanggaran, kami, bersedia, dikenai, sanksi",
Perdirjen_07_2021,Perdirjen Nomor 07 Tahun 2021,Perdirjen,2021,07,BAB XI,Ketentuan Penutup,,,75,,e,3,Ketentuan,Kami akan menyesuaikan penggunaan spektrum frekuensi radio sesuai dengan peruntukannya sebagaimana tercantum dalam Izin Stasiun Radio (ISR) paling lambat 5 (lima) hari kalender sejak surat pernyataan ini ditandatangani.,Pasal 75 huruf e angka 3,"radio, kami, menyesuaikan, penggunaan, spektrum",
Perdirjen_07_2021,Perdirjen Nomor 07 Tahun 2021,Perdirjen,2021,07,BAB XI,Ketentuan Penutup,,,75,,e,4,Sanksi,"Selanjutnya kami sanggup untuk menggunakan spektrum frekuensi radio sesuai dengan Izin Stasiun Radio (ISR) dan sertifikat alat telekomunikasi dan/atau perangkat telekomunikasi serta dalam penggunaan spektrum frekuensi radio dimaksud sesuai dengan peruntukannya, sesuai dengan parameter teknis yang diatur dalam Izin Stasiun Radio (ISR), dan tidak menimbulkan gangguan spektrum frekuensi radio yang merugikan (harmful interference) kepada pemegang izin penggunaan spektrum frekuensi radio lainnya Demikian surat pernyataan ini dibuat tanpa adanya paksaan, kekhilafan, dan benar sesuai dengan fakta di lapangan. …….., ………………… 2021 Yang Membuat Pernyataan Materai 10.000 - 43 - FORM 3.3 SURAT PERNYATAAN KESANGGUPAN MELUNASI DENDA ADMINISTRATIF SURAT PERNYATAAN Saya yang bertanda tangan di bawah ini: Nama : ……………………………. Bertindak Untuk dan Atas Nama : ……………………………… dengan ini menyatakan:",Pasal 75 huruf e angka 4,"radio, spektrum, frekuensi, pernyataan, izin",
Perdirjen_07_2021,Perdirjen Nomor 07 Tahun 2021,Perdirjen,2021,07,BAB XI,Ketentuan Penutup,,,75,,e,1,Hak,Mengakui telah melakukan pelanggaran penggunaan spektrum frekuensi radio yaitu tanpa hak memancarkan dan/atau menggunakan spektrum frekuensi radio …. (KHz/MHz/GHz) yang tidak sesuai dengan peruntukan.,Pasal 75 huruf e angka 1,"spektrum, frekuensi, radio, mengakui, melakukan",
Perdirjen_07_2021,Perdirjen Nomor 07 Tahun 2021,Perdirjen,2021,07,BAB XI,Ketentuan Penutup,,,75,,e,2,Sanksi,"Atas pelanggaran tersebut, saya sanggup untuk melunasi denda administratif yang besarannya akan ditetapkan kemudian sesuai dengan ketentuan peraturan perundang-undangan.",Pasal 75 huruf e angka 2,"pelanggaran, tersebut, saya, sanggup, melunasi",
Perdirjen_07_2021,Perdirjen Nomor 07 Tahun 2021,Perdirjen,2021,07,BAB XI,Ketentuan Penutup,,,75,,e,3,Sanksi,"Dalam hal saya tidak memenuhi sanksi administratif sebagaimana dimaksud pada angka 2, maka saya bersedia dikenakan sanksi lebih lanjut sesuai dengan ketentuan peraturan perundang-undangan. Demikian Surat Pernyataan ini dibuat tanpa ada paksaan dan tekanan dari pihak lain. ..........., ............ 2021 Yang Membuat Pernyataan ………………………. - 44 - FORM 3.4. BERITA ACARA PENGHENTIAN PEMANCARAN SPEKTRUM FREKUENSI RADIO YANG TIDAK SESUAI PERUNTUKAN BERITA ACARA PENGHENTIAN PEMANCARAN SPEKTRUM FREKUENSI RADIO Nomor . ..... ……………………………/2021 Pada hari ini ……… tanggal … bulan ……… tahun dua ribu dua puluh satu bertempat di ……………., yang bertanda tangan di bawah ini:",Pasal 75 huruf e angka 3,"saya, sanksi, pernyataan, berita, acara",
Perdirjen_07_2021,Perdirjen Nomor 07 Tahun 2021,Perdirjen,2021,07,BAB XI,Ketentuan Penutup,,,75,,e,1,Ketentuan,Nama : NIP : Jabatan : Selanjutnya disebut sebagai PIHAK KESATU.,Pasal 75 huruf e angka 1,"nama, jabatan, selanjutnya, disebut, pihak",
Perdirjen_07_2021,Perdirjen Nomor 07 Tahun 2021,Perdirjen,2021,07,BAB XI,Ketentuan Penutup,,,75,,e,2,Ketentuan,Nama : NIK : Bertindak untuk dan atas nama sendiri / perusahaan ….. Selanjutnya disebut sebagai PIHAK KEDUA. Selanjutnya kedua belah pihak disebut sebagai PARA PIHAK. PARA PIHAK menjelaskan hal – hal sebagai berikut :,Pasal 75 huruf e angka 2,"pihak, nama, selanjutnya, disebut, kedua",
Perdirjen_07_2021,Perdirjen Nomor 07 Tahun 2021,Perdirjen,2021,07,BAB XI,Ketentuan Penutup,,,75,,e,1,Ketentuan,PIHAK KEDUA telah menghentikan pemancaran dan/atau penggunaan spektrum frekuensi radio …. (KHz/MHz/GHz) sejak tanggal …..,Pasal 75 huruf e angka 1,"pihak, kedua, menghentikan, pemancaran, penggunaan",
Perdirjen_07_2021,Perdirjen Nomor 07 Tahun 2021,Perdirjen,2021,07,BAB XI,Ketentuan Penutup,,,75,,e,2,Ketentuan,"Berdasarkan hasil ukur, PIHAK KESATU memastikan bahwa PIHAK KEDUA telah menghentikan pemancaran dan/atau penggunaan spektrum frekuensi radionya. Demikian Berita Acara ini dibuat oleh PARA PIHAK untuk dipergunakan sebagai mana mestinya. PIHAK KESATU PIHAK KEDUA BALMON / LOKA ……………………………. …………………….. ………………………. - 45 - FORM 3.5. BERITA ACARA PENYEGELAN DAN/ATAU PENGAMANAN ALAT TELEKOMUNIKASI DAN/ATAU PERANGKAT TELEKOMUNIKASI BERITA ACARA PENYEGELAN DAN/ATAU PENGAMANAN ALAT TELEKOMUNIKASI DAN/ATAU PERANGKAT TELEKOMUNIKASI Nomor ..……………………/2021 Pada hari ini ……. Tanggal ….. Bulan …… Tahun ….., kami : Nama / NIP Pangkat/Gol Jabatan Direktorat Pengendalian SDPPI/Unit Pelaksana Teknis (UPT) pada …….. (Balai Monitor SFR Kelas I/II/Lokamon) berdasarkan surat perintah pelaksanaan kegiatan …….. (monitoring/penertiban/inspeksi) Nomor ……….., berdasarkan Peraturan Pemerintah Nomor 5 Tahun 2021 tentang Penyelenggaraan Perizinan Berusaha Berbasis Resiko, telah melakukan penyegelan di lokasi stasiun pemancar atau dibawa ke kantor baik barang bergerak atau tidak bergerak berupa : No Jenis Barang Merk/Type Lokasi Segel Yang dimiliki dan/atau dikuasai oleh : Nama : NIK : Alamat : Yang diduga atau patut diduga melakukan PELANGGARAN PENGGUNAAN SPEKTRUM FREKUENSI RADIO YANG TIDAK SESUAI DENGAN PERUNTUKANNYA. Demikian Berita Acara Penyegelan ini dibuat dengan sebenarnya sesuai dengan ketentuan peraturan perundang-undangan. ……………., …………….. 2021 Pemeriksa, ………… - 46 - FORM 3.6. BERITA ACARA PEMBUKAAN SEGEL DAN/ATAU PENGEMBALIAN ALAT TELEKOMUNIKASI DAN/ATAU PERANGKAT TELEKOMUNIKASI BERITA ACARA PEMBUKAAN SEGEL DAN/ATAU PENGEMBALIAN ALAT TELEKOMUNIKASI DAN/ATAU PERANGKAT TELEKOMUNIKASI Nomor ..... …………………/2021 Pada hari ini ……. Tanggal ….. Bulan …… Tahun ….., kami : Nama / NIP Pangkat/Gol Jabatan Direktorat Pengendalian SDPPI/Unit Pelaksana Teknis (UPT) pada …….. (Balai Monitor SFR Kelas I/II/Lokamon) berdasarkan surat perintah pelaksanaan kegiatan …….. (monitoring/penertiban/inspeksi) Nomor ……….., berdasarkan Peraturan Pemerintah Nomor 5 Tahun 2021 tentang Penyelenggaraan Perizinan Berusaha Berbasis Resiko, telah membuka segel di lokasi stasiun pemancar atau dibawa ke kantor baik barang bergerak atau tidak bergerak berupa : Jenis Barang Merk/Type Lokasi Segel No Yang dimiliki dan/atau dikuasai oleh : Nama : NIK : Alamat : Yang diduga atau patut diduga melakukan pelanggaran penggunaan spektrum frekuensi radio TIDAK SESUAI DENGAN PERUNTUKANNYA. Demikian Berita Acara Pembukaan Segel ini dibuat dengan sebenarnya sesuai dengan ketentuan peraturan perundang-undangan. …………, …………… 2021 Pemeriksa, ………….. - 47 - Saksi-saksi",Pasal 75 huruf e angka 2,"telekomunikasi, berita, acara, nomor, segel",Pemerintah
Perdirjen_07_2021,Perdirjen Nomor 07 Tahun 2021,Perdirjen,2021,07,BAB XI,Ketentuan Penutup,,,75,,e,1,Ketentuan,………………,Pasal 75 huruf e angka 1,,
Perdirjen_07_2021,Perdirjen Nomor 07 Tahun 2021,Perdirjen,2021,07,BAB XI,Ketentuan Penutup,,,75,,e,2,Sanksi,"……………… - 48 - FORM 3.7. SURAT UNDANGAN KLARIFIKASI TINDAKAN PELANGGARAN KOP SURAT DIREKTORAT PENGENDALIAN SDPPI / BALMON / LOKA Nomor : ……………………….. ………, … ………….. Perihal : Undangan Klarifikasi Klasifikasi : Sangat Rahasia Lampiran : - Kepada Yth. Sdr. ………. di- ……………………………… ……………………………… Memperhatikan hasil pengawasan penggunaan spektrum frekuensi radio pada tanggal ………, ditemukenali penggunaan spektrum frekuensi radio yang tidak sesuai dengan peruntukannya yang dilakukan oleh Saudara/i. Sehubungan dengan hal tersebut bersama ini kami mengharapkan kehadiran Saudara/i pada: Hari/Tanggal : ………./……. Pukul : …… – selesai Tempat : Ruang Rapat Balmon Kelas I / Kelas II /Loka Monitor Spektrum Frekuensi Radio …….. Agenda : Klarifikasi penggunaan spektrum frekuensi radio Demikian disampaikan, mohon kehadirannya tepat waktu dan tidak diwakilkan, atas perhatiannya diucapkan terimakasih. Direktur Pengendalian SDPPI / Ka.Balmon KelasI/Kelas II /Kalokamon ………………………………….. Tembusan: Yth. Direktur Jenderal SDPPI. 49 ALUR PENGENAAN SANKSI ADMINISTRATIF PELANGGARAN PENGGUNAAN SPEKTRUM FREKUENSI RADIO TIDAK SESUAI DENGAN PARAMETER TEKNIS - 50 - FORM 4.1. SURAT TEGURAN PENGGUNAAN SPEKTRUM FREKUENSIRADIO TIDAK SESUAI PARAMETER TEKNIS KOP SURAT DIREKTORAT PENGENDALIAN SDPPI / BALMON / LOKA Nomor : ……………………………………… ……….., … …………… 2021 Klasifikasi : Penting Perihal : Surat Teguran Kepada Yth. …………………………… di Tempat",Pasal 75 huruf e angka 2,"spektrum, surat, penggunaan, frekuensi, radio",
Perdirjen_07_2021,Perdirjen Nomor 07 Tahun 2021,Perdirjen,2021,07,BAB XI,Ketentuan Penutup,,,75,,e,1,Ketentuan,Dasar Hukum:,Pasal 75 huruf e angka 1,"dasar, hukum",
Perdirjen_07_2021,Perdirjen Nomor 07 Tahun 2021,Perdirjen,2021,07,BAB XI,Ketentuan Penutup,,,75,,a,,Ketentuan,Undang-Undang Nomor 36 Tahun 1999 tentang Telekomunikasi;,Pasal 75 huruf a,"nomor, tahun, telekomunikasi",
Perdirjen_07_2021,Perdirjen Nomor 07 Tahun 2021,Perdirjen,2021,07,BAB XI,Ketentuan Penutup,,,75,,b,,Ketentuan,Undang-Undang Nomor 11 Tahun 2020 tentang Cipta Kerja;,Pasal 75 huruf b,"nomor, tahun, cipta, kerja",
Perdirjen_07_2021,Perdirjen Nomor 07 Tahun 2021,Perdirjen,2021,07,BAB XI,Ketentuan Penutup,,,75,,c,,Ketentuan,Peraturan Pemerintah Nomor 5 Tahun 2021 tentang Penyelenggaraan Perizinan Berusaha Berbasis Resiko;,Pasal 75 huruf c,"nomor, tahun, penyelenggaraan, perizinan, berusaha",Pemerintah
Perdirjen_07_2021,Perdirjen Nomor 07 Tahun 2021,Perdirjen,2021,07,BAB XI,Ketentuan Penutup,,,75,,d,,Ketentuan,"Peraturan Pemerintah Nomor 46 Tahun 2021 tentang Pos, Telekomunikasi, dan Penyiaran; dan",Pasal 75 huruf d,"nomor, tahun, telekomunikasi, penyiaran",Pemerintah
Perdirjen_07_2021,Perdirjen Nomor 07 Tahun 2021,Perdirjen,2021,07,BAB XI,Ketentuan Penutup,,,75,,e,,Ketentuan,Peraturan Menteri Komunikasi dan Informatika Nomor 7 Tahun 2021 tentang Penggunaan Spektrum Frekuensi Radio.,Pasal 75 huruf e,"menteri, komunikasi, informatika, nomor, tahun",Menteri
Perdirjen_07_2021,Perdirjen Nomor 07 Tahun 2021,Perdirjen,2021,07,BAB XI,Ketentuan Penutup,,,75,,e,2,Ketentuan,"Merujuk pada ketentuan peraturan perundang-undangan sebagaimana dimaksud pada angka 1, bersama ini disampaikan bahwa berdasarkan hasil pengawasan penggunaan spektrum frekuensi radio, ditemukenali penggunaan spektrum frekuensi radio yang tidak sesuai parameter teknis sebagaimana tercantum dalam Izin Stasiun Radio (ISR).",Pasal 75 huruf e angka 2,"radio, penggunaan, spektrum, frekuensi, merujuk",
Perdirjen_07_2021,Perdirjen Nomor 07 Tahun 2021,Perdirjen,2021,07,BAB XI,Ketentuan Penutup,,,75,,e,3,Ketentuan,"Berdasarkan hal tersebut, bersama ini kami peringatkan agar sejak diterimanya surat teguran ini, Saudara/i segera menghentikan penggunaan spektrum frekuensi radio …. (KHz/MHz/GHz) yang tidak sesuai dengan parameter teknis sebagaimana tercantum dalam Izin Stasiun Radio (ISR).",Pasal 75 huruf e angka 3,"radio, tersebut, bersama, kami, peringatkan",
Perdirjen_07_2021,Perdirjen Nomor 07 Tahun 2021,Perdirjen,2021,07,BAB XI,Ketentuan Penutup,,,75,,e,4,Ketentuan,"Dalam hal Saudara/i tetap ingin mengunakan spektrum frekuensi radio dimaksud, agar Saudara/i menyesuaikan parameter teknis pemancaran spektrum frekuensi radio dimaksud sesuai dengan Izin Stasiun Radio (ISR) yang dimiliki. - 51 -",Pasal 75 huruf e angka 4,"radio, saudara, spektrum, frekuensi, tetap",
Perdirjen_07_2021,Perdirjen Nomor 07 Tahun 2021,Perdirjen,2021,07,BAB XI,Ketentuan Penutup,,,75,,e,5,Ketentuan,"Dalam hal Saudara/i tidak mengindahkan surat teguran ini, kami akan melakukan proses penegakan hukum lanjutan sesuai dengan ketentuan peraturan perundang-undangan.",Pasal 75 huruf e angka 5,"saudara, mengindahkan, surat, teguran, kami",
Perdirjen_07_2021,Perdirjen Nomor 07 Tahun 2021,Perdirjen,2021,07,BAB XI,Ketentuan Penutup,,,75,,e,6,Ketentuan,"Demikian surat teguran ini disampaikan untuk dilaksanakan. Direktur Pengendalian SDPPI / Kepala UPT Monitor Spektrum Frekuensi Radio, ……………… - 52 - FORM 4.2. SURAT PERNYATAAN KESANGGUPAN PEMENUHAN KETENTUAN PERATURAN PERUNDANG-UNDANGAN SURAT PERNYATAAN Yang bertanda tangan dibawah ini: Nama : NIK : Jenis Kelamin : Agama : Pekerjaan dan Jabatan : Alamat : Bertindak Untuk dan Atas Nama : Menindaklanjuti hasil pengawasan penggunaan spektrum frekuensi radio pada tanggal …….. di ……. oleh Balmon Kelas I ......./ Balmon Kelas II ……./ Loka Monitor SFR ……, dengan ini secara sadar kami menyatakan bahwa:",Pasal 75 huruf e angka 6,"surat, monitor, spektrum, frekuensi, radio",
Perdirjen_07_2021,Perdirjen Nomor 07 Tahun 2021,Perdirjen,2021,07,BAB XI,Ketentuan Penutup,,,75,,e,1,Hak,Kami telah tanpa hak memancarkan dan/atau menggunakan spektrum frekuensi radio yang tidak sesuai dengan parameter teknis sebagaimana tercantum dalam Izin Stasiun Radio (ISR) dengan frekuensi ……… (KHz/MHz/GHz) (rincian sebagaimana terlampir).,Pasal 75 huruf e angka 1,"frekuensi, radio, kami, tanpa, memancarkan",
Perdirjen_07_2021,Perdirjen Nomor 07 Tahun 2021,Perdirjen,2021,07,BAB XI,Ketentuan Penutup,,,75,,e,2,Sanksi,"Atas pelanggaran sebagaimana dimaksud pada angka 1, kami bersedia dikenai sanksi administratif sesuai dengan ketentuan peraturan perundang-undangan.",Pasal 75 huruf e angka 2,"pelanggaran, kami, bersedia, dikenai, sanksi",
Perdirjen_07_2021,Perdirjen Nomor 07 Tahun 2021,Perdirjen,2021,07,BAB XI,Ketentuan Penutup,,,75,,e,3,Ketentuan,Kami akan menyesuaikan penggunaan spektrum frekuensi radio sesuai dengan parameter teknis sebagaimana tercantum dalam Izin Stasiun Radio (ISR) paling lambat 5 (lima) hari kalender sejak surat pernyataan ini ditandatangani.,Pasal 75 huruf e angka 3,"radio, kami, menyesuaikan, penggunaan, spektrum",
Perdirjen_07_2021,Perdirjen Nomor 07 Tahun 2021,Perdirjen,2021,07,BAB XI,Ketentuan Penutup,,,75,,e,4,Sanksi,"Selanjutnya kami sanggup untuk menggunakan spektrum frekuensi radio sesuai dengan Izin Stasiun Radio (ISR) dan sertifikat alat telekomunikasi dan/atau perangkat telekomunikasi serta dalam penggunaan spektrum frekuensi radio dimaksud sesuai dengan peruntukannya, sesuai dengan parameter teknis yang diatur dalam Izin Stasiun Radio (ISR), dan tidak menimbulkan gangguan spektrum frekuensi radio yang merugikan - 53 - (harmful interference) kepada pemegang izin penggunaan spektrum frekuensi radio lainnya Demikian surat pernyataan ini dibuat tanpa adanya paksaan, kekhilafan, dan benar sesuai dengan fakta di lapangan. …….., ………………… 2021 Yang Membuat Pernyataan Materai 10.000 - 54 - FORM 4.3. SURAT PERNYATAAN KESANGGUPAN MELUNASI DENDA ADMINISTRATIF SURAT PERNYATAAN Saya yang bertanda tangan di bawah ini: Nama : ………………………………… Pekerjaan dan Jabatan : ......................................... Bertindak Untuk dan Atas Nama : …………………………………. dengan ini menyatakan:",Pasal 75 huruf e angka 4,"radio, spektrum, frekuensi, pernyataan, izin",
Perdirjen_07_2021,Perdirjen Nomor 07 Tahun 2021,Perdirjen,2021,07,BAB XI,Ketentuan Penutup,,,75,,e,1,Hak,Mengakui telah melakukan pelanggaran penggunaan spektrum frekuensi radio yaitu tanpa hak memancarkan dan/atau menggunakan spektrum frekuensi radio …. (KHz/MHz/GHz) yang tidak sesuai dengan parameter teknis sebagaimana tercantum dalam Izin Stasiun Radio (ISR).,Pasal 75 huruf e angka 1,"radio, spektrum, frekuensi, mengakui, melakukan",
Perdirjen_07_2021,Perdirjen Nomor 07 Tahun 2021,Perdirjen,2021,07,BAB XI,Ketentuan Penutup,,,75,,e,2,Sanksi,"Atas pelanggaran tersebut, saya sanggup untuk melunasi denda administratif yang besarannya akan ditetapkan kemudian sesuai dengan ketentuan peraturan perundang-undangan.",Pasal 75 huruf e angka 2,"pelanggaran, tersebut, saya, sanggup, melunasi",
Perdirjen_07_2021,Perdirjen Nomor 07 Tahun 2021,Perdirjen,2021,07,BAB XI,Ketentuan Penutup,,,75,,e,3,Sanksi,"Dalam hal saya tidak memenuhi sanksi administratif sebagaimana dimaksud pada angka 2, maka saya bersedia dikenakan sanksi lebih lanjut sesuai dengan ketentuan peraturan perundang-undangan. Demikian Surat Pernyataan ini dibuat tanpa ada paksaan dan tekanan dari pihak lain. .........., ......... 2021 Yang Membuat Pernyataan …………………… - 55 - FORM 4.4. BERITA ACARA PENGHENTIAN PEMANCARAN SPEKTRUM FREKUENSI RADIO YANG TIDAK SESUAI PARAMETER TEKNIS BERITA ACARA PENGHENTIAN PEMANCARAN SPEKTRUM FREKUENSI RADIO Nomor . ...………………………/2021 Pada hari ini ……… tanggal … bulan ……… tahun dua ribu dua puluh satu bertempat di ……………., yang bertanda tangan di bawah ini:",Pasal 75 huruf e angka 3,"saya, sanksi, pernyataan, berita, acara",
Perdirjen_07_2021,Perdirjen Nomor 07 Tahun 2021,Perdirjen,2021,07,BAB XI,Ketentuan Penutup,,,75,,e,1,Ketentuan,Nama : NIP : Jabatan : Selanjutnya disebut sebagai PIHAK KESATU.,Pasal 75 huruf e angka 1,"nama, jabatan, selanjutnya, disebut, pihak",
Perdirjen_07_2021,Perdirjen Nomor 07 Tahun 2021,Perdirjen,2021,07,BAB XI,Ketentuan Penutup,,,75,,e,2,Ketentuan,Nama : NIK : Bertindak untuk dan atas nama sendiri / perusahaan ….. Selanjutnya disebut sebagai PIHAK KEDUA. Selanjutnya kedua belah pihak disebut sebagai PARA PIHAK. PARA PIHAK menjelaskan hal – hal sebagai berikut :,Pasal 75 huruf e angka 2,"pihak, nama, selanjutnya, disebut, kedua",
Perdirjen_07_2021,Perdirjen Nomor 07 Tahun 2021,Perdirjen,2021,07,BAB XI,Ketentuan Penutup,,,75,,e,1,Ketentuan,PIHAK KEDUA telah menghentikan pemancaran dan/atau penggunaan spektrum frekuensi radio …. (KHz/MHz/GHz) sejak tanggal ………………,Pasal 75 huruf e angka 1,"pihak, kedua, menghentikan, pemancaran, penggunaan",
Perdirjen_07_2021,Perdirjen Nomor 07 Tahun 2021,Perdirjen,2021,07,BAB XI,Ketentuan Penutup,,,75,,e,2,Ketentuan,"Berdasarkan hasil ukur, PIHAK KESATU memastikan bahwa PIHAK KEDUA telah menghentikan pemancaran dan/atau penggunaan spektrum frekuensi radionya. Demikian Berita Acara ini dibuat oleh PARA PIHAK untuk dipergunakan sebagai mana mestinya. PIHAK KESATU PIHAK KEDUA BALMON/LOKA …………………… ……………… - 56 - FORM 4.5. BERITA ACARA PENYEGELAN DAN/ATAU PENGAMANAN ALAT TELEKOMUNIKASI DAN/ATAU PERANGKAT TELEKOMUNIKASI BERITA ACARA PENYEGELAN DAN/ATAU PENGAMANAN ALAT TELEKOMUNIKASI DAN/ATAU PERANGKAT TELEKOMUNIKASI Nomor . ……………………………/2021 Pada hari ini ……. Tanggal ….. Bulan …… Tahun ….., kami : Nama / NIP Pangkat/Gol Jabatan Direktorat Pengendalian SDPPI/Unit Pelaksana Teknis (UPT) pada ……..(Balai Monitor SFR Kelas I/II/Lokamon) berdasarkan surat perintah pelaksanaan kegiatan …….. (monitoring/penertiban/inspeksi) Nomor ……….., berdasarkan Peraturan Pemerintah Nomor 5 Tahun 2021 tentang Penyelenggaraan Perizinan Berusaha Berbasis Resiko, telah melakukan penyegelan di lokasi stasiun pemancar atau dibawa ke kantor baik barang bergerak atau tidak bergerak berupa : No Jenis Barang Merk/Type Lokasi Segel Yang dimiliki dan/atau dikuasai oleh : Nama : NIK : Alamat : Yang diduga atau patut diduga melakukan PELANGGARAN PENGGUNAAN SPEKTRUM FREKUENSI RADIO TIDAK SESUAI DENGAN PARAMETER TEKNIS. Demikian Berita Acara Penyegelan ini dibuat dengan sebenarnya sesuai dengan ketentuan peraturan perundang-undangan. ……………., …………… 2021 Pemeriksa, …………………………………… Saksi-saksi",Pasal 75 huruf e angka 2,"pihak, berita, acara, penyegelan, telekomunikasi",Pemerintah
Perdirjen_07_2021,Perdirjen Nomor 07 Tahun 2021,Perdirjen,2021,07,BAB XI,Ketentuan Penutup,,,75,,e,1,Ketentuan,………………..,Pasal 75 huruf e angka 1,,
Perdirjen_07_2021,Perdirjen Nomor 07 Tahun 2021,Perdirjen,2021,07,BAB XI,Ketentuan Penutup,,,75,,e,2,Ketentuan,"……………….. - 57 - FORM 4.6 BERITA ACARA PEMBUKAAN SEGEL DAN/ATAU PENGEMBALIAN ALAT TELEKOMUNIKASI DAN/ATAU PERANGKAT TELEKOMUNIKASI BERITA ACARA PEMBUKAAN SEGEL DAN/ATAU PENGEMBALIAN ALAT TELEKOMUNIKASI DAN/ATAU PERANGKAT TELEKOMUNIKASI Nomor .……………………………/2021 Pada hari ini ……. Tanggal ….. Bulan …… Tahun ….., kami : Nama / NIP Pangkat/Gol Jabatan Direktorat Pengendalian SDPPI/Unit Pelaksana Teknis (UPT) pada …….. (Balai Monitor SFR Kelas I/II/Lokamon) berdasarkan surat perintah pelaksanaan kegiatan …….. (monitoring/penertiban/inspeksi) Nomor ……….., berdasarkan Peraturan Pemerintah Nomor 5 Tahun 2021 tentang Penyelenggaraan Perizinan Berusaha Berbasis Resiko, telah membuka segel di lokasi stasiun pemancar atau dibawa ke kantor baik barang bergerak atau tidak bergerak berupa : No Jenis Barang Merk/Type Lokasi Segel Yang dimiliki dan/atau dikuasai oleh: Nama : NIK : Alamat : Yang diduga atau patut diduga melakukan PELANGGARAN PENGGUNAAN SPEKTRUM FREKUENSI TIDAK SESUAI DENGAN PARAMETER TEKNIS. Demikian Berita Acara Pembukaan Segel ini dibuat dengan sebenarnya sesuai dengan ketentuan peraturan perundang-undangan. ……………., …………….. 2021 Pemeriksa, …………………………………… Saksi-saksi",Pasal 75 huruf e angka 2,"segel, telekomunikasi, berita, acara, pembukaan",Pemerintah
Perdirjen_07_2021,Perdirjen Nomor 07 Tahun 2021,Perdirjen,2021,07,BAB XI,Ketentuan Penutup,,,75,,e,1,Ketentuan,……………….,Pasal 75 huruf e angka 1,,
Perdirjen_07_2021,Perdirjen Nomor 07 Tahun 2021,Perdirjen,2021,07,BAB XI,Ketentuan Penutup,,,75,,e,2,Sanksi,"………………. - 58 - FORM 4.7. SURAT UNDANGAN KLARIFIKASI TINDAKAN PELANGGARAN KOP SURAT DIREKTORAT PENGENDALIAN SDPPI / BALMON / LOKA Nomor : ……………………….. ………, … ………….. Perihal : Undangan Klarifikasi Klasifikasi : Sangat Rahasia Lampiran : - Kepada Yth. Sdr……………… di- ……………………………………. Memperhatikan hasil pengawasan penggunaan spektrum frekuensi radio pada tanggal …., ditemukenali penggunaan spektrum frekuensi radio yang tidak sesuai dengan parameter teknis yang dilakukan oleh Saudara/i. Sehubungan dengan hal tersebut bersama ini kami mengharapkan kehadiran Saudara/i pada: Hari/Tanggal : ……../…………… Pukul : ………… – selesai Tempat : Ruang Rapat Balmon Kelas I / Kelas II /Loka Monitor Spektrum Frekuensi Radio ………………. Agenda : Klarifikasi penggunaan spektrum frekuensi radio Demikian disampaikan, mohon kehadirannya tepat waktu dan tidak diwakilkan, atas perhatiannya diucapkan terimakasih. Direktur Pengendalian SDPPI /Ka.Balmon Kelas I / Kelas II /Kalokamon …………………… Tembusan: Yth. Direktur Jenderal SDPPI. 59 ALUR PENGENAAN SANKSI ADMINISTRATIF PELANGGARAN PENGGUNAAN SPEKTRUM FREKUENSI RADIO MENIMBULKAN GANGGUAN YANG MERUGIKAN (HARMFUL INTERFERENCE) 60 FORM 5.1. SURAT TEGURAN PENGGUNAAN SPEKTRUM FREKUENSI RADIO YANG MENIMBULKAN GANGGUAN YANG MERUGIKAN KOP SURAT DIREKTORAT PENGENDALIAN SDPPI / BALMON / LOKA Nomor : ………………………… …….., … …………2021 Klasifikasi : Penting Perihal : Surat Teguran Kepada Yth. ………………………… di Tempat",Pasal 75 huruf e angka 2,"spektrum, frekuensi, radio, surat, penggunaan",
Perdirjen_07_2021,Perdirjen Nomor 07 Tahun 2021,Perdirjen,2021,07,BAB XI,Ketentuan Penutup,,,75,,e,1,Ketentuan,Dasar Hukum:,Pasal 75 huruf e angka 1,"dasar, hukum",
Perdirjen_07_2021,Perdirjen Nomor 07 Tahun 2021,Perdirjen,2021,07,BAB XI,Ketentuan Penutup,,,75,,a,,Ketentuan,Undang-Undang Nomor 36 Tahun 1999 tentang Telekomunikasi;,Pasal 75 huruf a,"nomor, tahun, telekomunikasi",
Perdirjen_07_2021,Perdirjen Nomor 07 Tahun 2021,Perdirjen,2021,07,BAB XI,Ketentuan Penutup,,,75,,b,,Ketentuan,Undang-Undang Nomor 11 Tahun 2020 tentang Cipta Kerja;,Pasal 75 huruf b,"nomor, tahun, cipta, kerja",
Perdirjen_07_2021,Perdirjen Nomor 07 Tahun 2021,Perdirjen,2021,07,BAB XI,Ketentuan Penutup,,,75,,c,,Ketentuan,Peraturan Pemerintah Nomor 5 Tahun 2021 tentang Penyelenggaraan Perizinan Berusaha Berbasis Resiko;,Pasal 75 huruf c,"nomor, tahun, penyelenggaraan, perizinan, berusaha",Pemerintah
Perdirjen_07_2021,Perdirjen Nomor 07 Tahun 2021,Perdirjen,2021,07,BAB XI,Ketentuan Penutup,,,75,,d,,Ketentuan,"Peraturan Pemerintah Nomor 46 Tahun 2021 tentang Pos, Telekomunikasi, dan Penyiaran; dan",Pasal 75 huruf d,"nomor, tahun, telekomunikasi, penyiaran",Pemerintah
Perdirjen_07_2021,Perdirjen Nomor 07 Tahun 2021,Perdirjen,2021,07,BAB XI,Ketentuan Penutup,,,75,,e,,Ketentuan,Peraturan Menteri Komunikasi dan Informatika Nomor 7 Tahun 2021 tentang Penggunaan Spektrum Frekuensi Radio;,Pasal 75 huruf e,"menteri, komunikasi, informatika, nomor, tahun",Menteri
Perdirjen_07_2021,Perdirjen Nomor 07 Tahun 2021,Perdirjen,2021,07,BAB XI,Ketentuan Penutup,,,75,,e,2,Ketentuan,"Merujuk pada ketentuan peraturan perundang-undangan sebagaimana dimaksud pada angka 1, bersama ini disampaikan bahwa berdasarkan hasil pengawasan penggunaan spektrum frekuensi radio, ditemukenali penggunaan spektrum frekuensi radio yang menimbulkan gangguan yang merugikan (harmful interference) terhadap pemegang izin penggunaan spektrum frekuensi radio lain.",Pasal 75 huruf e angka 2,"penggunaan, spektrum, frekuensi, radio, merujuk",
Perdirjen_07_2021,Perdirjen Nomor 07 Tahun 2021,Perdirjen,2021,07,BAB XI,Ketentuan Penutup,,,75,,e,3,Ketentuan,"Berdasarkan hal tersebut, bersama ini kami peringatkan agar sejak diterimanya surat teguran ini, Saudara/i segera menghentikan penggunaan spektrum frekuensi radio …. (KHz/MHz/GHz) yang menimbulkan gangguan yang merugikan (harmful interference). 61",Pasal 75 huruf e angka 3,"tersebut, bersama, kami, peringatkan, agar",
Perdirjen_07_2021,Perdirjen Nomor 07 Tahun 2021,Perdirjen,2021,07,BAB XI,Ketentuan Penutup,,,75,,e,4,Ketentuan,"Dalam hal Saudara/i tetap ingin mengunakan spektrum frekuensi radio dimaksud, agar Saudara/i melakukan penyesuaian ketentuan teknis pancaran spektrum frekuensi radio sesuai dengan Izin Stasiun Radio (ISR) yang dimiliki.",Pasal 75 huruf e angka 4,"radio, saudara, spektrum, frekuensi, tetap",
Perdirjen_07_2021,Perdirjen Nomor 07 Tahun 2021,Perdirjen,2021,07,BAB XI,Ketentuan Penutup,,,75,,e,5,Ketentuan,"Dalam hal Saudara/i tidak mengindahkan surat teguran ini, kami akan melakukan proses penegakan hukum lanjutan sesuai dengan ketentuan peraturan perundang-undangan",Pasal 75 huruf e angka 5,"saudara, mengindahkan, surat, teguran, kami",
Perdirjen_07_2021,Perdirjen Nomor 07 Tahun 2021,Perdirjen,2021,07,BAB XI,Ketentuan Penutup,,,75,,e,6,Ketentuan,"Demikian surat teguran ini disampaikan untuk dilaksanakan. Direktur Pengendalian SDPPI / Kepala UPT Monitor Spektrum Frekuensi Radio, ……………… 62 FORM 5.2. SURAT PERNYATAAN KESANGGUPAN PEMENUHAN KETENTUAN PERATURAN PERUNDANG-UNDANGAN SURAT PERNYATAAN Yang bertanda tangan dibawah ini: Nama : NIK : Jenis Kelamin : Agama : Pekerjaan dan Jabatan : Alamat : Bertindak Untuk dan Atas Nama : Menindaklanjuti hasil pengawasan penggunaan spektrum frekuensi radio pada tanggal …….. di ……. oleh Balmon Kelas I ......./ Balmon Kelas II ……./ Loka Monitor SFR ……, dengan ini secara sadar kami menyatakan bahwa:",Pasal 75 huruf e angka 6,"surat, monitor, spektrum, frekuensi, radio",
Perdirjen_07_2021,Perdirjen Nomor 07 Tahun 2021,Perdirjen,2021,07,BAB XI,Ketentuan Penutup,,,75,,e,1,Ketentuan,Kami telah memancarkan dan/atau menggunakan spektrum frekuensi radio yang menimbulkan gangguan yang merugikan (harmful interference) dengan frekuensi ……… (KHz/MHz/GHz) (rincian sebagaimana terlampir).,Pasal 75 huruf e angka 1,"frekuensi, kami, memancarkan, menggunakan, spektrum",
Perdirjen_07_2021,Perdirjen Nomor 07 Tahun 2021,Perdirjen,2021,07,BAB XI,Ketentuan Penutup,,,75,,e,2,Sanksi,"Atas pelanggaran sebagaimana dimaksud pada angka 1, kami bersedia dikenai sanksi administratif sesuai dengan ketentuan peraturan perundang-undangan.",Pasal 75 huruf e angka 2,"pelanggaran, kami, bersedia, dikenai, sanksi",
Perdirjen_07_2021,Perdirjen Nomor 07 Tahun 2021,Perdirjen,2021,07,BAB XI,Ketentuan Penutup,,,75,,e,3,Ketentuan,Kami akan menyesuaikan ketentuan teknis pancaran spektrum frekuensi radio sesuai Izin Stasiun Radio (ISR) paling lambat 5 (lima) hari kalender sejak surat pernyataan ini ditandatangani.,Pasal 75 huruf e angka 3,"radio, kami, menyesuaikan, teknis, pancaran",
Perdirjen_07_2021,Perdirjen Nomor 07 Tahun 2021,Perdirjen,2021,07,BAB XI,Ketentuan Penutup,,,75,,e,4,Ketentuan,"Selanjutnya kami sanggup untuk menggunakan spektrum frekuensi radio sesuai dengan Izin Stasiun Radio (ISR) dan sertifikat alat telekomunikasi dan/atau perangkat telekomunikasi serta dalam penggunaan spektrum frekuensi radio dimaksud sesuai dengan peruntukannya, sesuai dengan parameter teknis yang diatur dalam Izin Stasiun Radio (ISR), dan tidak menimbulkan gangguan spektrum frekuensi radio yang merugikan (harmful interference) kepada pemegang izin penggunaan spektrum frekuensi radio lainnya. Demikian surat pernyataan ini dibuat tanpa adanya paksaan, kekhilafan, dan benar sesuai dengan fakta di lapangan. ……..,………………… 2021 Yang Membuat Pernyataan Materai 10.000 63 FORM 5.3. BERITA ACARA PENGHENTIAN PEMANCARAN SPEKTRUM FREKUENSI RADIO YANG MENIMBULKAN GANGGUAN YANG MERUGIKAN BERITA ACARA PENGHENTIAN PEMANCARAN SPEKTRUM FREKUENSI RADIO Nomor . ....………………/2021 Pada hari ini ……… tanggal … bulan ……… tahun dua ribu dua puluh satu bertempat di ……………., yang bertanda tangan di bawah ini :",Pasal 75 huruf e angka 4,"radio, spektrum, frekuensi, izin, stasiun",
Perdirjen_07_2021,Perdirjen Nomor 07 Tahun 2021,Perdirjen,2021,07,BAB XI,Ketentuan Penutup,,,75,,e,1,Ketentuan,Nama : NIP : Jabata : Selanjutnya disebut sebagai PIHAK KESATU.,Pasal 75 huruf e angka 1,"nama, jabata, selanjutnya, disebut, pihak",
Perdirjen_07_2021,Perdirjen Nomor 07 Tahun 2021,Perdirjen,2021,07,BAB XI,Ketentuan Penutup,,,75,,e,2,Ketentuan,Nama : NIK : Bertindak untuk dan atas nama sendiri / perusahaan …............... Selanjutnya disebut sebagai PIHAK KEDUA. Selanjutnya kedua belah pihak disebut sebagai PARA PIHAK. PARA PIHAK menjelaskan hal – hal sebagai berikut :,Pasal 75 huruf e angka 2,"pihak, nama, selanjutnya, disebut, kedua",
Perdirjen_07_2021,Perdirjen Nomor 07 Tahun 2021,Perdirjen,2021,07,BAB XI,Ketentuan Penutup,,,75,,e,1,Ketentuan,PIHAK KEDUA telah menghentikan pemancaran dan/atau penggunaan spektrum frekuensi radio …. (KHz/MHz/GHz) sejak tanggal ………………………………………………………………………………,Pasal 75 huruf e angka 1,"pihak, kedua, menghentikan, pemancaran, penggunaan",
Perdirjen_07_2021,Perdirjen Nomor 07 Tahun 2021,Perdirjen,2021,07,BAB XI,Ketentuan Penutup,,,75,,e,2,Ketentuan,"Berdasarkan hasil ukur, PIHAK KESATU memastikan bahwa PIHAK KEDUA telah menghentikan pemancaran dan/atau penggunaan spektrum frekuensi radionya. Demikian Berita Acara ini dibuat oleh PARA PIHAK untuk dipergunakan sebagai mana mestinya. PIHAK KESATU PIHAK KEDUA BALMON / LOKA ……………………………. ….…………………….. …….………………………. 64 FORM 5.4. BERITA ACARA PENYEGELAN DAN/ATAU PENGAMANAN ALAT TELEKOMUNIKASI DAN/ATAU PERANGKAT TELEKOMUNIKASI BERITA ACARA PENYEGELAN DAN/ATAU PENGAMANAN ALAT TELEKOMUNIKASI DAN/ATAU PERANGKAT TELEKOMUNIKASI Nomor . ..……………………………/2021 Pada hari ini ……. Tanggal ….. Bulan …… Tahun ….., kami : Nama / NIP Pangkat/Gol Jabatan Direktorat Pengendalian SDPPI/Unit Pelaksana Teknis (UPT) pada …….. (Balai Monitor SFR Kelas I/II/Lokamon) berdasarkan surat perintah pelaksanaan kegiatan …….. (monitoring/penertiban/inspeksi) Nomor ……….., berdasarkan Peraturan Pemerintah Nomor 5 Tahun 2021 tentang Penyelenggaraan Perizinan Berusaha Berbasis Resiko, telah melakukan penyegelan di lokasi stasiun pemancar atau dibawa ke kantor baik barang bergerak atau tidak bergerak berupa : No Jenis Barang Merk/Type Lokasi Segel Yang dimiliki dan/atau dikuasai oleh : Nama : NIK : Alamat : Yang diduga atau patut diduga melakukan PELANGGARAN PENGGUNAAN SPEKTRUM FREKUENSI RADIO YANG MENIMBULKAN GANGGUAN YANG MERUGIKAN (HARMFUL INTERFERENCE). Demikian Berita Acara Penyegelan ini dibuat dengan sebenarnya sesuai dengan ketentuan peraturan perundang-undangan. ……………., …………….. 2021 Pemeriksa, …………………………………… Saksi-saksi",Pasal 75 huruf e angka 2,"pihak, berita, acara, penyegelan, telekomunikasi",Pemerintah
Perdirjen_07_2021,Perdirjen Nomor 07 Tahun 2021,Perdirjen,2021,07,BAB XI,Ketentuan Penutup,,,75,,e,1,Ketentuan,………………,Pasal 75 huruf e angka 1,,
Perdirjen_07_2021,Perdirjen Nomor 07 Tahun 2021,Perdirjen,2021,07,BAB XI,Ketentuan Penutup,,,75,,e,2,Ketentuan,"……………… 65 FORM 5.5. BERITA ACARA PEMBUKAAN SEGEL DAN/ATAU PENGEMBALIAN ALAT TELEKOMUNIKASI DAN/ATAU PERANGKAT TELEKOMUNIKASI BERITA ACARA PEMBUKAAN SEGEL DAN/ATAU PENGEMBALIAN ALAT TELEKOMUNIKASI DAN/ATAU PERANGKAT TELEKOMUNIKASI Nomor . ....………………………/2021 Pada hari ini ……. Tanggal ….. Bulan …… Tahun ….., kami : Nama / NIP Pangkat/Gol Jabatan Direktorat Pengendalian SDPPI/Unit Pelaksana Teknis (UPT) pada …….. (Balai Monitor SFR Kelas I/II/Lokamon) berdasarkan surat perintah pelaksanaan kegiatan …….. (monitoring/penertiban/inspeksi) Nomor ……….., berdasarkan Peraturan Pemerintah Nomor 5 Tahun 2021 tentang Penyelenggaraan Perizinan Berusaha Berbasis Resiko, telah membuka segel di lokasi stasiun pemancar atau dibawa ke kantor baik barang bergerak atau tidak bergerak berupa : No Jenis Barang Merk/Type Lokasi Segel Yang dimiliki dan/atau dikuasai oleh : Nama : NIK : Alamat : Yang diduga atau patut diduga melakukan PELANGGARAN PENGGUNAAN SPEKTRUM FREKUENSI RADIO YANG MENIMBULKAN GANGGUAN YANG MERUGIKAN (HARMFUL INTERFERENCE). Demikian Berita Acara Pembukaan Segel ini dibuat dengan sebenarnya sesuai dengan ketentuan peraturan perundang-undangan. ……………., …………….. 2021 Pemeriksa, …………………… Saksi-saksi",Pasal 75 huruf e angka 2,"segel, telekomunikasi, berita, acara, pembukaan",Pemerintah
Perdirjen_07_2021,Perdirjen Nomor 07 Tahun 2021,Perdirjen,2021,07,BAB XI,Ketentuan Penutup,,,75,,e,1,Ketentuan,………………,Pasal 75 huruf e angka 1,,
Perdirjen_07_2021,Perdirjen Nomor 07 Tahun 2021,Perdirjen,2021,07,BAB XI,Ketentuan Penutup,,,75,,e,2,Sanksi,"……………… 66 FORM 5.6. SURAT UNDANGAN KLARIFIKASI TINDAKAN PELANGGARAN KOP SURAT DIREKTORAT PENGENDALIAN SDPPI / BALMON / LOKA Nomor : ……………………… ………, ………. Perihal : Undangan Klarifikasi Klasifikasi : Sangat Rahasia Lampiran : - Kepada Yth. Sdr………. di- ……………………………. Memperhatikan hasil pengawasan penggunaan spektrum frekuensi radio pada tanggal …., ditemukenali penggunaan spektrum frekuensi radio yang menimbulkan gangguan yang merugikan (harmful interference) yang dilakukan oleh Saudara/i. Sehubungan dengan hal tersebut bersama ini kami mengharapkan kehadiran Saudara/i pada: Hari/Tanggal : ……..; .. ………….. Pukul : …………… – selesai Tempat : Ruang Rapat Balmon Kelas I / Kelas II /Loka Monitor Spektrum Frekuensi Radio …….. Agenda : Klarifikasi penggunaan spektrum frekuensi radio Demikian disampaikan, mohon kehadirannya tepat waktu dan tidak diwakilkan, atas perhatiannya diucapkan terimakasih. Direktur Pengendalian SDPPI /Ka.BalmonKelas I / Kelas II /Kalokamon ………………. Tembusan: Yth. Direktur Jenderal SDPPI. 67 ALUR PENGENAAN SANKSI ADMINISTRATIF PELANGGARAN PENGGUNAAN ALAT TELEKOMUNIKASI DAN/ATAU PERANGKAT TELEKOMUNIKASI YANG TIDAK BERSERTIFIKAT 68 FORM 6.1. SURAT TEGURAN PENGGUNAAN ALAT TELEKOMUNIKASI DAN/ATAU PERANGKAT TELEKOMUNIKASI YANG TIDAK BERSERTIFIKAT KOP SURAT DIREKTORAT PENGENDALIAN SDPPI / BALMON / LOKA Nomor : …………………………… ……….., …………… 2021 Klasifikasi : Penting Perihal : Surat Teguran Kepada Yth. …………………………… di Tempat",Pasal 75 huruf e angka 2,"surat, penggunaan, sdppi, spektrum, frekuensi",
Perdirjen_07_2021,Perdirjen Nomor 07 Tahun 2021,Perdirjen,2021,07,BAB XI,Ketentuan Penutup,,,75,,e,1,Ketentuan,Dasar Hukum:,Pasal 75 huruf e angka 1,"dasar, hukum",
Perdirjen_07_2021,Perdirjen Nomor 07 Tahun 2021,Perdirjen,2021,07,BAB XI,Ketentuan Penutup,,,75,,a,,Ketentuan,Undang-Undang Nomor 36 Tahun 1999 tentang Telekomunikasi;,Pasal 75 huruf a,"nomor, tahun, telekomunikasi",
Perdirjen_07_2021,Perdirjen Nomor 07 Tahun 2021,Perdirjen,2021,07,BAB XI,Ketentuan Penutup,,,75,,b,,Ketentuan,Undang-Undang Nomor 11 Tahun 2020 tentang Cipta Kerja;,Pasal 75 huruf b,"nomor, tahun, cipta, kerja",
Perdirjen_07_2021,Perdirjen Nomor 07 Tahun 2021,Perdirjen,2021,07,BAB XI,Ketentuan Penutup,,,75,,c,,Ketentuan,Peraturan Pemerintah Nomor 5 Tahun 2021 tentang Penyelenggaraan Perizinan Berusaha Berbasis Resiko;,Pasal 75 huruf c,"nomor, tahun, penyelenggaraan, perizinan, berusaha",Pemerintah
Perdirjen_07_2021,Perdirjen Nomor 07 Tahun 2021,Perdirjen,2021,07,BAB XI,Ketentuan Penutup,,,75,,d,,Ketentuan,"Peraturan Pemerintah Nomor 46 Tahun 2021 tentang Pos, Telekomunikasi, dan Penyiaran;",Pasal 75 huruf d,"nomor, tahun, telekomunikasi, penyiaran",Pemerintah
Perdirjen_07_2021,Perdirjen Nomor 07 Tahun 2021,Perdirjen,2021,07,BAB XI,Ketentuan Penutup,,,75,,e,,Ketentuan,Peraturan Menteri Komunikasi dan Informatika Nomor 16 Tahun 2018 tentang Ketentuan Operasional Sertifikasi Alat dan/atau Perangkat Telekomunikasi; dan,Pasal 75 huruf e,"menteri, komunikasi, informatika, nomor, tahun",Menteri
Perdirjen_07_2021,Perdirjen Nomor 07 Tahun 2021,Perdirjen,2021,07,BAB XI,Ketentuan Penutup,,,75,,f,,Ketentuan,Peraturan Menteri Komunikasi dan Informatika Nomor 7 Tahun 2021 tentang Penggunaan Spektrum Frekuensi Radio;,Pasal 75 huruf f,"menteri, komunikasi, informatika, nomor, tahun",Menteri
Perdirjen_07_2021,Perdirjen Nomor 07 Tahun 2021,Perdirjen,2021,07,BAB XI,Ketentuan Penutup,,,75,,f,2,Ketentuan,"Merujuk pada ketentuan peraturan perundang-undangan sebagaimana dimaksud pada angka 1, bersama ini disampaikan bahwa berdasarkan hasil pengawasan penggunaan spektrum frekuensi radio, ditemukenali penggunaan alat telekomunikasi dan/atau perangkat telekomunikasi yang tidak bersertifikat.",Pasal 75 huruf f angka 2,"penggunaan, telekomunikasi, merujuk, perundang, undangan",
Perdirjen_07_2021,Perdirjen Nomor 07 Tahun 2021,Perdirjen,2021,07,BAB XI,Ketentuan Penutup,,,75,,f,3,Ketentuan,"Berdasarkan hal tersebut, bersama ini kami peringatkan agar sejak diterimanya surat teguran ini, Saudara/i segera menghentikan penggunaan alat telekomunikasi dan/atau perangkat telekomunikasi yang tidak bersertifikat. 69",Pasal 75 huruf f angka 3,"telekomunikasi, tersebut, bersama, kami, peringatkan",
Perdirjen_07_2021,Perdirjen Nomor 07 Tahun 2021,Perdirjen,2021,07,BAB XI,Ketentuan Penutup,,,75,,f,4,Ketentuan,"Dalam hal Saudara/i tidak mengindahkan surat teguran ini, kami akan melakukan proses penegakan hukum lanjutan sesuai dengan ketentuan peraturan perundang-undangan.",Pasal 75 huruf f angka 4,"saudara, mengindahkan, surat, teguran, kami",
Perdirjen_07_2021,Perdirjen Nomor 07 Tahun 2021,Perdirjen,2021,07,BAB XI,Ketentuan Penutup,,,75,,f,5,Ketentuan,"Demikian surat teguran ini disampaikan untuk dilaksanakan. Direktur Pengendalian SDPPI / Kepala UPT Monitor Spektrum Frekuensi Radio, ………………….. - 70 - FORM 6.2. SURAT PERNYATAAN KESANGGUPAN PEMENUHAN KETENTUAN PERATURAN PERUNDANG-UNDANGAN SURAT PERNYATAAN Yang bertanda tangan dibawah ini : Nama : NIK : Jenis Kelamin : Agama : Pekerjaan dan Jabatan : Alamat : Bertindak Untuk dan Atas Nama : Menindaklanjuti hasil pengawasan penggunaan spektrum frekuensi radio pada tanggal …….. di ……. oleh Balmon Kelas I ......./ Balmon Kelas II ……./ Loka Monitor SFR ……, dengan ini secara sadar kami menyatakan bahwa :",Pasal 75 huruf f angka 5,"surat, monitor, spektrum, frekuensi, radio",
Perdirjen_07_2021,Perdirjen Nomor 07 Tahun 2021,Perdirjen,2021,07,BAB XI,Ketentuan Penutup,,,75,,f,1,Hak,Kami telah tanpa hak menggunakan alat telekomunikasi dan/atau perangkat telekomunikasi yang belum bersertifikat sejak tanggal …. Sampai dengan tanggal ………………………………………………,Pasal 75 huruf f angka 1,"telekomunikasi, tanggal, kami, tanpa, menggunakan",
Perdirjen_07_2021,Perdirjen Nomor 07 Tahun 2021,Perdirjen,2021,07,BAB XI,Ketentuan Penutup,,,75,,f,2,Sanksi,"Atas pelanggaran sebagaimana dimaksud pada angka 1, kami bersedia dikenai sanksi administratif sesuai dengan ketentuan peraturan perundang-undangan.",Pasal 75 huruf f angka 2,"pelanggaran, kami, bersedia, dikenai, sanksi",
Perdirjen_07_2021,Perdirjen Nomor 07 Tahun 2021,Perdirjen,2021,07,BAB XI,Ketentuan Penutup,,,75,,f,3,Larangan,Bersedia tidak lagi mengulang perbuatan melanggar hukum yang sama dan atau yang serupa berupa penggunaan frekuensi radio tanpa Izin dan/atau penggunaan perangkat telekomunikasi tidak tersertifikasi oleh Ditjen SDPPI,Pasal 75 huruf f angka 3,"penggunaan, bersedia, lagi, mengulang, perbuatan",
Perdirjen_07_2021,Perdirjen Nomor 07 Tahun 2021,Perdirjen,2021,07,BAB XI,Ketentuan Penutup,,,75,,f,4,Ketentuan,"Bersedia untuk tidak memperjual belikan, mengalihkan dan/atau tidak menyerahkan secara sukarela ke pihak manapun terhadap alat dan/atau perangkat telekomunikasi yang dilakukan tindakan penyegelan.",Pasal 75 huruf f angka 4,"bersedia, memperjual, belikan, mengalihkan, menyerahkan",
Perdirjen_07_2021,Perdirjen Nomor 07 Tahun 2021,Perdirjen,2021,07,BAB XI,Ketentuan Penutup,,,75,,f,5,Sanksi,"Selanjutnya kami sanggup untuk menggunakan alat telekomunikasi dan/atau perangkat telekomunikasi yang telah bersertifikat dan menggunakan spektrum frekuensi radio sesuai dengan Izin Stasiun Radio (ISR) serta dalam penggunaan spektrum frekuensi radio dimaksud sesuai dengan peruntukannya, sesuai dengan parameter teknis yang diatur dalam Izin Stasiun Radio (ISR), dan tidak menimbulkan gangguan - 71 - spektrum frekuensi radio yang merugikan (harmful interference) kepada pemegang izin penggunaan spektrum frekuensi radio lainnya. Demikian surat pernyataan ini dibuat tanpa adanya paksaan, kekhilafan, dan benar sesuai dengan fakta di lapangan. ……..,………………… 2021 Yang Membuat Pernyataan Materai 10.000 72 FORM 6.3. SURAT PERNYATAAN KESANGGUPAN MELUNASI DENDA ADMINISTRATIF SURAT PERNYATAAN Saya yang bertanda tangan di bawah ini: Nama : ………………………………………. Jenis Kelamin : ................................................ Pekerjaan dan Jabatan : ................................................ Bertindak Untuk dan Atas Nama : ………………………………………. dengan ini menyatakan :",Pasal 75 huruf f angka 5,"radio, spektrum, frekuensi, pernyataan, izin",
Perdirjen_07_2021,Perdirjen Nomor 07 Tahun 2021,Perdirjen,2021,07,BAB XI,Ketentuan Penutup,,,75,,f,1,Ketentuan,Mengakui telah melakukan pelanggaran penggunaan alat telekomunikasi dan/atau perangkat telekomunikasi yang belum bersertifikat.,Pasal 75 huruf f angka 1,"telekomunikasi, mengakui, melakukan, pelanggaran, penggunaan",
Perdirjen_07_2021,Perdirjen Nomor 07 Tahun 2021,Perdirjen,2021,07,BAB XI,Ketentuan Penutup,,,75,,f,2,Sanksi,"Atas pelanggaran tersebut, saya sanggup untuk melunasi denda administratif yang besarannya akan ditetapkan kemudian sesuai dengan ketentuan peraturan perundang-undangan.",Pasal 75 huruf f angka 2,"pelanggaran, tersebut, saya, sanggup, melunasi",
Perdirjen_07_2021,Perdirjen Nomor 07 Tahun 2021,Perdirjen,2021,07,BAB XI,Ketentuan Penutup,,,75,,f,3,Sanksi,"Dalam hal saya tidak memenuhi sanksi administratif sebagaimana dimaksud pada angka 2, maka saya bersedia dikenakan sanksi lebih lanjut sesuai dengan ketentuan peraturan perundang-undangan. Demikian Surat Pernyataan ini dibuat tanpa ada paksaan dan tekanan dari pihak lain. ........., ........... 2021 Yang Membuat Pernyataan ………………… 73 FORM 6.4. BERITA ACARA PENYERAHAN ALAT TELEKOMUNIKASI DAN/ATAU PERANGKAT TELEKOMUNIKASI YANG DIGUNAKAN DALAM PELANGGARAN BERITA ACARA SERAH TERIMA Nomor ………………………../2021 Yang bertandatangan di bawah ini:",Pasal 75 huruf f angka 3,"saya, sanksi, pernyataan, berita, acara",
Perdirjen_07_2021,Perdirjen Nomor 07 Tahun 2021,Perdirjen,2021,07,BAB XI,Ketentuan Penutup,,,75,,f,1,Ketentuan,Nama : NIK : Alamat : Selanjutnya disebut sebagai Pihak Kesatu.,Pasal 75 huruf f angka 1,"nama, alamat, selanjutnya, disebut, pihak",
Perdirjen_07_2021,Perdirjen Nomor 07 Tahun 2021,Perdirjen,2021,07,BAB XI,Ketentuan Penutup,,,75,,f,2,Ketentuan,Nama : NIP : Jabatan : Selanjutnya disebut sebagai Pihak Kedua. Pihak Kesatu menyerahkan alat telekomunikasi dan/atau perangkat telekomunikasi kepada Pihak Kedua berupa:,Pasal 75 huruf f angka 2,"pihak, kedua, telekomunikasi, nama, jabatan",
Perdirjen_07_2021,Perdirjen Nomor 07 Tahun 2021,Perdirjen,2021,07,BAB XI,Ketentuan Penutup,,,75,,f,1,Ketentuan,…………………………………………………………………………………………,Pasal 75 huruf f angka 1,,
Perdirjen_07_2021,Perdirjen Nomor 07 Tahun 2021,Perdirjen,2021,07,BAB XI,Ketentuan Penutup,,,75,,f,2,Kewajiban,"………………………………………………………………………………………… Dalam hal Pihak Kesatu tidak dapat memenuhi kewajiban yang dipersyaratkan oleh Pihak Kedua terkait dengan pemenuhan ketentuan peraturan perundang- undangan sampai dengan batas waktu yang telah ditetapkan oleh Pihak Kedua, maka Pihak Kesatu memberi kuasa kepada Pihak Kedua untuk memusnahkan alat telekomunikasi dan/atau perangkat telekomunikasi sebagaimana dimaksud di atas tanpa ada kompensasi dalam bentuk apapun kepada Pihak Kesatu. Demikian Berita Acara Penyerahan Alat Telekomunikasi dan/atau Perangkat Telekomunikasi ini dibuat dengan penuh kesadaran untuk dipertanggungjawabkan bersama. Jakarta, …… ………………2 021 Pihak Kedua, Pihak Kesatu, Yang Menerima, Yang Menyerahkan, …………………… ……………………….. 74 FORM 6.5. BERITA ACARA PENYEGELAN DAN/ATAU PENGAMANAN ALAT TELEKOMUNIKASI DAN/ATAU PERANGKAT TELEKOMUNIKASI BERITA ACARA PENYEGELAN DAN/ATAU PENGAMANAN ALAT TELEKOMUNIKASI DAN/ATAU PERANGKAT TELEKOMUNIKASI Nomor . ..... ……………………/2021 Pada hari ini ……. Tanggal ….. Bulan …… Tahun ….., kami : Nama / NIP Pangkat/Gol Jabatan Direktorat Pengendalian SDPPI/Unit Pelaksana Teknis (UPT) pada …….. (Balai Monitor SFR Kelas I/II/Lokamon) berdasarkan surat perintah pelaksanaan kegiatan …….. (monitoring/penertiban/inspeksi) Nomor ……….., berdasarkan Peraturan Pemerintah Nomor 5 Tahun 2021 tentang Penyelenggaraan Perizinan Berusaha Berbasis Resiko, telah melakukan penyegelan di lokasi stasiun pemancar atau dibawa ke kantor baik barang bergerak atau tidak bergerak berupa : No Jenis Barang Merk/Type Lokasi Segel Yang dimiliki dan/atau dikuasai oleh: Nama : NIK : Alamat : Yang diduga atau patut diduga melakukan pelanggaran penggunaan spektrum frekuensi radio dan/atau alat dan/atau perangkat telekomunikasi tanpa dilengkapi dengan perizinan atau sertifikat. Demikian Berita Acara Penyegelan ini dibuat dengan sebenarnya sesuai dengan ketentuan peraturan perundang-undangan. ……………., …………….. 2021 Pemeriksa, ……………………………… Saksi-saksi",Pasal 75 huruf f angka 2,"telekomunikasi, pihak, alat, perangkat, kesatu",Pemerintah
Perdirjen_07_2021,Perdirjen Nomor 07 Tahun 2021,Perdirjen,2021,07,BAB XI,Ketentuan Penutup,,,75,,f,1,Ketentuan,……………,Pasal 75 huruf f angka 1,,
Perdirjen_07_2021,Perdirjen Nomor 07 Tahun 2021,Perdirjen,2021,07,BAB XI,Ketentuan Penutup,,,75,,f,2,Ketentuan,"…………… 75 FORM 6.6. BERITA ACARA PENGHENTIAN PENGGUNAAN ALAT TELEKOMUNIKASI DAN/ATAU PERANGKAT TELEKOMUNIKASI YANG BELUM BERSERTIFIKAT BERITA ACARA PENGHENTIAN PENGGUNAAN ALAT TELEKOMUNIKASI DAN/ATAU PERANGKAT TELEKOMUNIKASI Nomor ..……………………………/2021 Pada hari ini ……… tanggal … bulan ……… tahun dua ribu dua puluh satu bertempat di ……………., yang bertanda tangan di bawah ini:",Pasal 75 huruf f angka 2,"telekomunikasi, berita, acara, penghentian, penggunaan",
Perdirjen_07_2021,Perdirjen Nomor 07 Tahun 2021,Perdirjen,2021,07,BAB XI,Ketentuan Penutup,,,75,,f,1,Ketentuan,Nama : NIP : Jabatan : Selanjutnya disebut sebagai PIHAK KESATU.,Pasal 75 huruf f angka 1,"nama, jabatan, selanjutnya, disebut, pihak",
Perdirjen_07_2021,Perdirjen Nomor 07 Tahun 2021,Perdirjen,2021,07,BAB XI,Ketentuan Penutup,,,75,,f,2,Ketentuan,Nama : NIK : Bertindak untuk dan atas nama sendiri / perusahaan ……………………. Selanjutnya disebut sebagai PIHAK KEDUA. Selanjutnya kedua belah pihak disebut sebagai PARA PIHAK. PARA PIHAK menjelaskan hal – hal sebagai berikut :,Pasal 75 huruf f angka 2,"pihak, nama, selanjutnya, disebut, kedua",
Perdirjen_07_2021,Perdirjen Nomor 07 Tahun 2021,Perdirjen,2021,07,BAB XI,Ketentuan Penutup,,,75,,f,1,Ketentuan,PIHAK KEDUA telah menghentikan penggunaan alat telekomunikasi dan/atau perangkat telekomunikasi yang belum bersertifikat sejak tanggal …………………………………………………………………………………..,Pasal 75 huruf f angka 1,"telekomunikasi, pihak, kedua, menghentikan, penggunaan",
Perdirjen_07_2021,Perdirjen Nomor 07 Tahun 2021,Perdirjen,2021,07,BAB XI,Ketentuan Penutup,,,75,,f,2,Ketentuan,"Berdasarkan hasil pengawasan, PIHAK KESATU memastikan bahwa PIHAK KEDUA telah menghentikan penggunaan alat telekomunikasi dan/atau perangkat telekomunikasi yang belum bersertifikat. Demikian Berita Acara ini dibuat oleh PARA PIHAK untuk dipergunakan sebagai mana mestinya. PIHAK KESATU PIHAK KEDUA BALMON / LOKA .……………… ….……………… 76 FORM 6.7. BERITA ACARA PEMBUKAAN SEGEL DAN/ATAU PENGEMBALIAN ALAT TELEKOMUNIKASI DAN/ATAU PERANGKAT TELEKOMUNIKASI BERITA ACARA PEMBUKAAN SEGEL DAN/ATAU PENGEMBALIAN ALAT TELEKOMUNIKASI DAN/ATAU PERANGKAT TELEKOMUNIKASI Nomor …………………………/2021 Pada hari ini ……. Tanggal ….. Bulan …… Tahun ….., kami : Nama / NIP Pangkat/Gol Jabatan Direktorat Pengendalian SDPPI/Unit Pelaksana Teknis (UPT) pada …….. (Balai Monitor SFR Kelas I/II/Lokamon) berdasarkan surat perintah pelaksanaan kegiatan …….. (monitoring/penertiban/inspeksi) Nomor ……….., berdasarkan Peraturan Pemerintah Nomor 5 Tahun 2021 tentang Penyelenggaraan Perizinan Berusaha Berbasis Resiko, telah membuka segel di lokasi stasiun pemancar atau dibawa ke kantor baik barang bergerak atau tidak bergerak berupa : No Jenis Barang Merk/Type Lokasi Segel Yang dimiliki dan/atau dikuasai oleh : Nama : NIK : Alamat : Yang diduga atau patut diduga melakukan pelanggaran penggunaan spektrum frekuensi radio dan/atau alat dan/atau perangkat telekomunikasi tanpa dilengkapi dengan perizinan atau sertifikat. Demikian Berita Acara Pembukaan Segel ini dibuat dengan sebenarnya sesuai dengan ketentuan peraturan perundang-undangan. ……………., …………….. 2021 Pemeriksa, ……………………… Saksi-saksi",Pasal 75 huruf f angka 2,"telekomunikasi, pihak, segel, alat, perangkat",Pemerintah
Perdirjen_07_2021,Perdirjen Nomor 07 Tahun 2021,Perdirjen,2021,07,BAB XI,Ketentuan Penutup,,,75,,f,1,Ketentuan,…………,Pasal 75 huruf f angka 1,,
Perdirjen_07_2021,Perdirjen Nomor 07 Tahun 2021,Perdirjen,2021,07,BAB XI,Ketentuan Penutup,,,75,,f,2,Ketentuan,………… 77 FORM 6.8. BERITA ACARA PENOLAKAN TANDA TANGAN BERITA ACARA SERAH TERIMA BERITA ACARA PENOLAKAN Yang bertanda tangan dibawah ini selaku Aparatur Sipil Negara (ASN) : Nama : NIK : Jenis Kelamin : Agama : Pekerjaan dan Jabatan : Alamat : Bertindak Untuk dan Atas Nama : Telah membuat dan mengajukan berita acara (BA) atau surat pernyatan untuk ditanda tangani kepada : Nama : NIK : Jenis Kelamin : Agama : Pekerjaan dan Jabatan : Alamat : Bertindak Untuk dan Atas Nama : Namun yang bersangkutan atas kemauan sendiri TIDAK BERSEDIA/MENOLAK MENANDATANGANI Berita Acara yang dibuat oleh Aparatur Sipil Negara (ASN) dengan alasan : …………………………………………………………………………………………………………….. …………………………………………………………………………………………………………….. Demikian Berita acara ini dibuat dengan kekuatan hukum untuk memenuhi persyaratan administrasi sesuai ketentuan yang diatur di dalam peraturan perundang- undangan. Penolak Tanda Tangan Direktur Pengendalian SDPPI/Ka. Balmon Kelas I/Kelas II/Kalokamon (………………………….) (………………………….) Saksi-saksi,Pasal 75 huruf f angka 2,"berita, acara, nama, tangan, penolakan",
Perdirjen_07_2021,Perdirjen Nomor 07 Tahun 2021,Perdirjen,2021,07,BAB XI,Ketentuan Penutup,,,75,,f,1,Ketentuan,…………………,Pasal 75 huruf f angka 1,,
Perdirjen_07_2021,Perdirjen Nomor 07 Tahun 2021,Perdirjen,2021,07,BAB XI,Ketentuan Penutup,,,75,,f,2,Sanksi,"………………… 78 FORM 6.9. SURAT UNDANGAN KLARIFIKASI TINDAKAN PELANGGARAN KOP SURAT DIREKTORAT PENGENDALIAN SDPPI / BALMON / LOKA Nomor : …………………… ………,…………….. Perihal : Undangan Klarifikasi Klasifikasi : Sangat Rahasia Lampiran : - Kepada Yth. Sdr. ……………………… di- …………………………… Memperhatikan hasil pengawasan penggunaan spektrum frekuensi radio pada tanggal …., ditemukenali penggunaan alat telekomunikasi dan/atau perangkat telekomunikasi yang belum bersertifikat yang dilakukan oleh Saudara/i. Sehubungan dengan hal tersebut bersama ini kami mengharapkan kehadiran Saudara/i pada: Hari/Tanggal : ……../…….. Pukul : ……… – selesai Tempat : Ruang Rapat Balmon Kelas I / Kelas II /Loka Monitor Spektrum Frekuensi Radio …….. Agenda : Klarifikasi penggunaan alat telekomunikasi dan/atau perangkat telekomunikasi Demikian disampaikan, mohon kehadirannya tepat waktu dan tidak diwakilkan, atas perhatiannya diucapkan terimakasih. Direktur Pengendalian SDPPI / Ka.Balmon Kelas I / Kelas II / Kalokamon …………………… Tembusan: Yth. Direktur Jenderal SDPPI. 79 ALUR PENGENAAN SANKSI ADMINISTRATIF PELANGGARAN PELAKU USAHA MEMPERDAGANGKAN DAN/ATAU MENGGUNAKAN ALAT TELEKOMUNIKASI DAN/ATAU PERANGKAT TELEKOMUNIKASI TIDAK BERSERTIFIKAT 80 FORM 7.1. SURAT PERNYATAAN KESANGGUPAN PEMENUHAN KETENTUAN PERATURAN PERUNDANG-UNDANGAN SURAT PERNYATAAN Yang bertanda tangan dibawah ini : Nama : NIK : Jenis Kelamin : Agama : Pekerjaan dan Jabatan : Alamat : Bertindak Untuk dan Atas Nama : Menindaklanjuti hasil pengawasan penggunaan spektrum frekuensi radio pada tanggal …….. di ……. oleh Balmon Kelas I ......./ Balmon Kelas II ……./ Loka Monitor SFR ……, dengan ini secara sadar kami menyatakan bahwa:",Pasal 75 huruf f angka 2,"telekomunikasi, kelas, balmon, surat, penggunaan",Pelaku Usaha
Perdirjen_07_2021,Perdirjen Nomor 07 Tahun 2021,Perdirjen,2021,07,BAB XI,Ketentuan Penutup,,,75,,f,1,Hak,Kami telah tanpa hak memperdagangkan dan/atau menggunakan alat telekomunikasi dan/atau perangkat telekomunikasi yang belum bersertifikat sejak tanggal ………. sampai dengan tanggal ……………………………………………,Pasal 75 huruf f angka 1,"telekomunikasi, tanggal, kami, tanpa, memperdagangkan",
Perdirjen_07_2021,Perdirjen Nomor 07 Tahun 2021,Perdirjen,2021,07,BAB XI,Ketentuan Penutup,,,75,,f,2,Sanksi,"Atas pelanggaran sebagaimana dimaksud pada angka 1, kami bersedia dikenai sanksi administratif sesuai dengan ketentuan peraturan perundang-undangan.",Pasal 75 huruf f angka 2,"pelanggaran, kami, bersedia, dikenai, sanksi",
Perdirjen_07_2021,Perdirjen Nomor 07 Tahun 2021,Perdirjen,2021,07,BAB XI,Ketentuan Penutup,,,75,,f,3,Larangan,Bersedia tidak lagi mengulang perbuatan melanggar hukum yang sama dan atau yang serupa berupa penggunaan frekuensi radio tanpa Izin dan/atau penggunaan perangkat telekomunikasi tidak tersertifikasi oleh Ditjen SDPPI.,Pasal 75 huruf f angka 3,"penggunaan, bersedia, lagi, mengulang, perbuatan",
Perdirjen_07_2021,Perdirjen Nomor 07 Tahun 2021,Perdirjen,2021,07,BAB XI,Ketentuan Penutup,,,75,,f,4,Ketentuan,"Bersedia untuk tidak memperjual belikan, mengalihkan dan/atau tidak menyerahkan secara sukarela ke pihak manapun terhadap alat dan/atau perangkat telekomunikasi yang dilakukan tindakan penyegelan.",Pasal 75 huruf f angka 4,"bersedia, memperjual, belikan, mengalihkan, menyerahkan",
Perdirjen_07_2021,Perdirjen Nomor 07 Tahun 2021,Perdirjen,2021,07,BAB XI,Ketentuan Penutup,,,75,,f,5,Sanksi,"Selanjutnya kami sanggup untuk menggunakan alat telekomunikasi dan/atau perangkat telekomunikasi yang telah bersertifikat. Demikian surat pernyataan ini dibuat tanpa adanya paksaan, kekhilafan, dan benar sesuai dengan fakta di lapangan. …….., ………………… 2021 Yang Membuat Pernyataan Materai 10.000 81 FORM 7.2. SURAT PERNYATAAN KESANGGUPAN MELUNASI DENDA ADMINISTRATIF SURAT PERNYATAAN Saya yang bertanda tangan di bawah ini: Nama : ……………………………………….. Pekerjaan dan Jabatan : ................................................ Bertindak Untuk dan Atas Nama : ……………………………………….. dengan ini menyatakan :",Pasal 75 huruf f angka 5,"pernyataan, surat, telekomunikasi, nama, selanjutnya",
Perdirjen_07_2021,Perdirjen Nomor 07 Tahun 2021,Perdirjen,2021,07,BAB XI,Ketentuan Penutup,,,75,,f,1,Ketentuan,Mengakui telah melakukan pelanggaran perdagangan dan/atau penggunaan alat telekomunikasi dan/atau perangkat telekomunikasi yang belum bersertifikat.,Pasal 75 huruf f angka 1,"telekomunikasi, mengakui, melakukan, pelanggaran, perdagangan",
Perdirjen_07_2021,Perdirjen Nomor 07 Tahun 2021,Perdirjen,2021,07,BAB XI,Ketentuan Penutup,,,75,,f,2,Sanksi,"Atas pelanggaran tersebut, saya sanggup untuk melunasi denda administratif yang besarannya akan ditetapkan kemudian sesuai dengan ketentuan peraturan perundang-undangan.",Pasal 75 huruf f angka 2,"pelanggaran, tersebut, saya, sanggup, melunasi",
Perdirjen_07_2021,Perdirjen Nomor 07 Tahun 2021,Perdirjen,2021,07,BAB XI,Ketentuan Penutup,,,75,,f,3,Sanksi,"Dalam hal saya tidak memenuhi sanksi administratif sebagaimana dimaksud pada angka 2, maka saya bersedia dikenakan sanksi lebih lanjut sesuai dengan ketentuan peraturan perundang-undangan. Demikian Surat Pernyataan ini dibuat tanpa ada paksaan dan tekanan dari pihak lain. .……........., .......... 2021 Yang Membuat Pernyataan …………………… 82 FORM 7.3. BERITA ACARA PENYERAHAN ALAT TELEKOMUNIKASI DAN/ATAU PERANGKAT TELEKOMUNIKASI YANG DIGUNAKAN DALAM PELANGGARAN BERITA ACARA SERAH TERIMA Nomor ………………………/2021 Yang bertandatangan di bawah ini:",Pasal 75 huruf f angka 3,"saya, sanksi, pernyataan, berita, acara",
Perdirjen_07_2021,Perdirjen Nomor 07 Tahun 2021,Perdirjen,2021,07,BAB XI,Ketentuan Penutup,,,75,,f,1,Ketentuan,Nama : NIK : Alamat : Selanjutnya disebut sebagai Pihak Kesatu.,Pasal 75 huruf f angka 1,"nama, alamat, selanjutnya, disebut, pihak",
Perdirjen_07_2021,Perdirjen Nomor 07 Tahun 2021,Perdirjen,2021,07,BAB XI,Ketentuan Penutup,,,75,,f,2,Ketentuan,Nama : NIP : Jabatan : Selanjutnya disebut sebagai Pihak Kedua. Pihak Kesatu menyerahkan alat telekomunikasi dan/atau perangkat telekomunikasi kepada Pihak Kedua berupa :,Pasal 75 huruf f angka 2,"pihak, kedua, telekomunikasi, nama, jabatan",
Perdirjen_07_2021,Perdirjen Nomor 07 Tahun 2021,Perdirjen,2021,07,BAB XI,Ketentuan Penutup,,,75,,f,1,Ketentuan,…………………………………………………………………………………………………,Pasal 75 huruf f angka 1,,
Perdirjen_07_2021,Perdirjen Nomor 07 Tahun 2021,Perdirjen,2021,07,BAB XI,Ketentuan Penutup,,,75,,f,2,Kewajiban,"………………………………………………………………………………………………… Dalam hal Pihak Kesatu tidak dapat memenuhi kewajiban yang dipersyaratkan oleh Pihak Kedua terkait dengan pemenuhan ketentuan peraturan perundang- undangan sampai dengan batas waktu yang telah ditetapkan oleh Pihak Kedua, maka Pihak Kesatu memberi kuasa kepada Pihak Kedua untuk memusnahkan alat telekomunikasi dan/atau perangkat telekomunikasi sebagaimana dimaksud di atas tanpa ada kompensasi dalam bentuk apapun kepada Pihak Kesatu. Demikian Berita Acara Penyerahan Alat Telekomunikasi Dan/Atau Perangkat Telekomunikasi ini dibuat dengan penuh kesadaran untuk dipertanggungjawabkan bersama. Jakarta, ……………… 2021 Pihak Kedua, Pihak Kesatu, Yang Menerima, Yang Menyerahkan, …………………… ……………………. 83 FORM 7.4. BERITA ACARA PENYEGELAN DAN/ATAU PENGAMANAN ALAT TELEKOMUNIKASI DAN/ATAU PERANGKAT TELEKOMUNIKASI BERITA ACARA PENYEGELAN DAN/ATAU PENGAMANAN ALAT TELEKOMUNIKASI DAN/ATAU PERANGKAT TELEKOMUNIKASI Nomor. ....……………………………/2021 Pada hari ini ……. Tanggal ….. Bulan …… Tahun ….., kami : Nama / NIP Pangkat/Gol Jabatan Direktorat Pengendalian SDPPI/Unit Pelaksana Teknis (UPT) pada …….. (Balai Monitor SFR Kelas I/II/Lokamon) berdasarkan surat perintah pelaksanaan kegiatan …….. (monitoring/penertiban/inspeksi) Nomor ……….., berdasarkan Peraturan Pemerintah Nomor 5 Tahun 2021 tentang Penyelenggaraan Perizinan Berusaha Berbasis Resiko, telah melakukan penyegelan di lokasi stasiun pemancar atau dibawa ke kantor baik barang bergerak atau tidak bergerak berupa : Jenis Barang Merk/Type Lokasi Segel No Yang dimiliki dan/atau dikuasai oleh: Nama : NIK : Alamat : Yang diduga atau patut diduga melakukan pelanggaran penggunaan spektrum frekuensi radio dan/atau alat dan/atau perangkat telekomunikasi tanpa dilengkapi dengan perizinan atau sertifikat. Demikian Berita Acara Penyegelan ini dibuat dengan sebenarnya sesuai dengan ketentuan peraturan perundang-undangan. ………, ………… 2021 Pemeriksa, ……………………… Saksi-saksi",Pasal 75 huruf f angka 2,"telekomunikasi, pihak, alat, perangkat, kesatu",Pemerintah
Perdirjen_07_2021,Perdirjen Nomor 07 Tahun 2021,Perdirjen,2021,07,BAB XI,Ketentuan Penutup,,,75,,f,1,Ketentuan,"………… 84 FORM 7.5. BERITA ACARA PENGHENTIAN PENGGUNAAN ALAT TELEKOMUNIKASI DAN/ATAU PERANGKAT TELEKOMUNIKASI YANG BELUM BERSERTIFIKAT BERITA ACARA PENGHENTIAN PENGGUNAAN ALAT TELEKOMUNIKASI DAN/ATAU PERANGKAT TELEKOMUNIKASI Nomor . ....……………………………/2021 Pada hari ini ……… tanggal … bulan ……… tahun dua ribu dua puluh satu bertempat di ……………., yang bertanda tangan di bawah ini :",Pasal 75 huruf f angka 1,"telekomunikasi, berita, acara, penghentian, penggunaan",
Perdirjen_07_2021,Perdirjen Nomor 07 Tahun 2021,Perdirjen,2021,07,BAB XI,Ketentuan Penutup,,,75,,f,1,Ketentuan,Nama : NIP : Jabatan : Selanjutnya disebut sebagai PIHAK KESATU.,Pasal 75 huruf f angka 1,"nama, jabatan, selanjutnya, disebut, pihak",
Perdirjen_07_2021,Perdirjen Nomor 07 Tahun 2021,Perdirjen,2021,07,BAB XI,Ketentuan Penutup,,,75,,f,2,Ketentuan,Nama : NIK : Bertindak untuk dan atas nama sendiri / perusahaan …........................... Selanjutnya disebut sebagai PIHAK KEDUA. Selanjutnya kedua belah pihak disebut sebagai PARA PIHAK. PARA PIHAK menjelaskan hal – hal sebagai berikut :,Pasal 75 huruf f angka 2,"pihak, nama, selanjutnya, disebut, kedua",
Perdirjen_07_2021,Perdirjen Nomor 07 Tahun 2021,Perdirjen,2021,07,BAB XI,Ketentuan Penutup,,,75,,f,1,Ketentuan,PIHAK KEDUA telah menghentikan penggunaan alat telekomunikasi dan/atau perangkat telekomunikasi yang belum bersertifikat sejak tanggal …………………………………………………………………………………..,Pasal 75 huruf f angka 1,"telekomunikasi, pihak, kedua, menghentikan, penggunaan",
Perdirjen_07_2021,Perdirjen Nomor 07 Tahun 2021,Perdirjen,2021,07,BAB XI,Ketentuan Penutup,,,75,,f,2,Ketentuan,"Berdasarkan hasil pengawasan, PIHAK KESATU memastikan bahwa PIHAK KEDUA telah menghentikan penggunaan alat telekomunikasi dan/atau perangkat telekomunikasi yang belum bersertifikat. Demikian Berita Acara ini dibuat oleh PARA PIHAK untuk dipergunakan sebagai mana mestinya. PIHAK KESATU PIHAK KEDUA BALMON / LOKA …………………….. .………………… ….………………… 85 FORM 7.6. BERITA ACARA PEMBUKAAN SEGEL DAN/ATAU PENGEMBALIAN ALAT TELEKOMUNIKASI DAN/ATAU PERANGKAT TELEKOMUNIKASI BERITA ACARA PEMBUKAAN SEGEL DAN/ATAU PENGEMBALIAN ALAT TELEKOMUNIKASI DAN/ATAU PERANGKAT TELEKOMUNIKASI Nomor . ..... ……………………………/2021 Pada hari ini ……. Tanggal ….. Bulan …… Tahun ….., kami : Nama / NIP Pangkat/Gol Jabatan Direktorat Pengendalian SDPPI/Unit Pelaksana Teknis (UPT) pada …….. (Balai Monitor SFR Kelas I/II/Lokamon) berdasarkan surat perintah pelaksanaan kegiatan …….. (monitoring/penertiban/inspeksi) Nomor ……….., berdasarkan Peraturan Pemerintah Nomor 5 Tahun 2021 tentang Penyelenggaraan Perizinan Berusaha Berbasis Resiko, telah membuka segel di lokasi atau dibawa ke kantor baik barang bergerak atau tidak bergerak berupa : No Jenis Barang Merk/Type Lokasi Segel Yang dimiliki dan/atau dikuasai oleh : Nama : NIK : Alamat : Yang diduga atau patut diduga melakukan pelanggaran perdagangan dan/atau penggunaan alat telekomunikasi dan/atau perangkat telekomunikasi tanpa dilengkapi dengan perizinan atau sertifikat. Demikian Berita Acara Pembukaan Segel ini dibuat dengan sebenarnya sesuai dengan ketentuan peraturan perundang-undangan. ……………., …………….. 2021 Pemeriksa, Saksi-saksi",Pasal 75 huruf f angka 2,"telekomunikasi, pihak, segel, alat, perangkat",Pemerintah
Perdirjen_07_2021,Perdirjen Nomor 07 Tahun 2021,Perdirjen,2021,07,BAB XI,Ketentuan Penutup,,,75,,f,1,Ketentuan,………………..,Pasal 75 huruf f angka 1,,
Perdirjen_07_2021,Perdirjen Nomor 07 Tahun 2021,Perdirjen,2021,07,BAB XI,Ketentuan Penutup,,,75,,f,2,Ketentuan,……………….. 86 FORM 7.7. BERITA ACARA PENOLAKAN TANDA TANGAN BERITA ACARA SERAH TERIMA BERITA ACARA PENOLAKAN Yang bertanda tangan dibawah ini selaku Aparatur Sipil Negara (ASN) : Nama : NIK : Jenis Kelamin : Agama : Pekerjaan dan Jabatan : Alamat : Bertindak Untuk dan Atas Nama : Telah membuat dan mengajukan berita acara (BA) atau surat pernyatan untuk ditanda tangani kepada : Nama : NIK : Jenis Kelamin : Agama : Pekerjaan dan Jabatan : Alamat : Bertindak Untuk dan Atas Nama : Namun yang bersangkutan atas kemauan sendiri TIDAK BERSEDIA/MENOLAK MENANDATANGANI Berita Acara yang dibuat oleh Aparatur Sipil Negara (ASN) dengan alasan : …………………………………………………………………………………………………… ………………………………………………………………………………………… Demikian Berita acara ini dibuat dengan kekuatan hukum untuk memenuhi persyaratan administrasi sesuai ketentuan yang diatur di dalam peraturan perundang-undangan. Penolak Tanda Tangan Direktur Pengendalian SDPPI/Ka. Balmon Kelas I/Kelas II/Kalokamon (………………………….) (………………………….) Saksi-saksi,Pasal 75 huruf f angka 2,"berita, acara, nama, tangan, penolakan",
Perdirjen_07_2021,Perdirjen Nomor 07 Tahun 2021,Perdirjen,2021,07,BAB XI,Ketentuan Penutup,,,75,,f,1,Ketentuan,……………………,Pasal 75 huruf f angka 1,,
Perdirjen_07_2021,Perdirjen Nomor 07 Tahun 2021,Perdirjen,2021,07,BAB XI,Ketentuan Penutup,,,75,,f,2,Sanksi,"…………………… - 87 - FORM 7.8. SURAT UNDANGAN KLARIFIKASI TINDAKAN PELANGGARAN KOP SURAT DIREKTORAT PENGENDALIAN SDPPI / BALMON / LOKA Nomor : ……………………….. ………, … ………….. Perihal : Undangan Klarifikasi Klasifikasi : Sangat Rahasia Lampiran : - Kepada Yth. Sdr. …… di- ……………………………………. ……………………………………. Memperhatikan hasil pengawasan penggunaan spektrum frekuensi radio pada tanggal …., ditemukenali penggunaan alat telekomunikasi dan/atau perangkat telekomunikasi yang belum bersertifikat yang dilakukan oleh Saudara/i. Sehubungan dengan hal tersebut bersama ini kami mengharapkan kehadiran Saudara/i pada: Hari/Tanggal : ……..; .. ………….. Pukul : …………….. – selesai Tempat : Ruang Rapat Balmon Kelas I / Kelas II /Loka Monitor Spektrum Frekuensi Radio …….. Agenda : Klarifikasi penggunaan alat telekomunikasi dan/atau perangkat telekomunikasi Demikian disampaikan, mohon kehadirannya tepat waktu dan tidak diwakilkan, atas perhatiannya diucapkan terimakasih. Direktur Pengendalian SDPPI / Ka.Balmon Kelas I / Kelas II / Kalokamon Tembusan: Yth. Direktur Jenderal SDPPI. 88 ALUR PENGENAAN SANKSI ADMINISTRATIF PELANGGARAN PELAKU USAHA MEMPERDAGANGKAN DAN/ATAU MENGGUNAKAN ALAT TELEKOMUNIKASI DAN/ATAU PERANGKAT TELEKOMUNIKASI TIDAK SESUAI DENGAN SERTIFIKAT 89 FORM 8.1. SURAT PERNYATAAN KESANGGUPAN PEMENUHAN KETENTUAN PERATURAN PERUNDANG-UNDANGAN SURAT PERNYATAAN Yang bertanda tangan dibawah ini: Nama : NIK : Jenis Kelamin : Agama : Pekerjaan dan Jabatan : Alamat : Bertindak Untuk dan Atas Nama : Menindaklanjuti hasil pengawasan penggunaan spektrum frekuensi radio pada tanggal …….. di ……. oleh Balmon Kelas I ......./ Balmon Kelas II ……./ Loka Monitor SFR ……, dengan ini secara sadar kami menyatakan bahwa:",Pasal 75 huruf f angka 2,"telekomunikasi, kelas, balmon, surat, penggunaan",Pelaku Usaha
Perdirjen_07_2021,Perdirjen Nomor 07 Tahun 2021,Perdirjen,2021,07,BAB XI,Ketentuan Penutup,,,75,,f,1,Hak,Kami telah tanpa hak memperdagangkan dan/atau menggunakan alat telekomunikasi dan/atau perangkat telekomunikasi yang belum bersertifikat sejak tanggal …. sampai dengan tanggal …………,Pasal 75 huruf f angka 1,"telekomunikasi, tanggal, kami, tanpa, memperdagangkan",
Perdirjen_07_2021,Perdirjen Nomor 07 Tahun 2021,Perdirjen,2021,07,BAB XI,Ketentuan Penutup,,,75,,f,2,Sanksi,"Atas pelanggaran sebagaimana dimaksud pada angka 1, kami bersedia dikenai sanksi administratif sesuai dengan ketentuan peraturan perundang-undangan.",Pasal 75 huruf f angka 2,"pelanggaran, kami, bersedia, dikenai, sanksi",
Perdirjen_07_2021,Perdirjen Nomor 07 Tahun 2021,Perdirjen,2021,07,BAB XI,Ketentuan Penutup,,,75,,f,3,Larangan,Bersedia tidak lagi mengulang perbuatan melanggar hukum yang sama dan atau yang serupa berupa penggunaan frekuensi radio tanpa Izin dan/atau penggunaan perangkat telekomunikasi tidak tersertifikasi oleh Ditjen SDPPI,Pasal 75 huruf f angka 3,"penggunaan, bersedia, lagi, mengulang, perbuatan",
Perdirjen_07_2021,Perdirjen Nomor 07 Tahun 2021,Perdirjen,2021,07,BAB XI,Ketentuan Penutup,,,75,,f,4,Ketentuan,"Bersedia untuk tidak memperjual belikan, mengalihkan dan/atau tidak menyerahkan secara sukarela ke pihak manapun terhadap alat dan/atau perangkat telekomunikasi yang dilakukan tindakan penyegelan.",Pasal 75 huruf f angka 4,"bersedia, memperjual, belikan, mengalihkan, menyerahkan",
Perdirjen_07_2021,Perdirjen Nomor 07 Tahun 2021,Perdirjen,2021,07,BAB XI,Ketentuan Penutup,,,75,,f,5,Sanksi,"Selanjutnya kami sanggup untuk menggunakan alat telekomunikasi dan/atau perangkat telekomunikasi yang telah bersertifikat. Demikian surat pernyataan ini dibuat tanpa adanya paksaan, kekhilafan, dan benar sesuai dengan fakta di lapangan. …….., ………………… 2021 Yang Membuat Pernyataan Materai 10.000 90 FORM 8.2. SURAT PERNYATAAN KESANGGUPAN MELUNASI DENDA ADMINISTRATIF SURAT PERNYATAAN Saya yang bertanda tangan di bawah ini: Nama : ………………………………………. Jenis Kelamin : ................................................ Pekerjaan dan Jabatan : ................................................ Bertindak Untuk dan Atas Nama : ……………………………………….. dengan ini menyatakan:",Pasal 75 huruf f angka 5,"pernyataan, surat, telekomunikasi, nama, selanjutnya",
Perdirjen_07_2021,Perdirjen Nomor 07 Tahun 2021,Perdirjen,2021,07,BAB XI,Ketentuan Penutup,,,75,,f,1,Ketentuan,Mengakui telah melakukan pelanggaran perdagangan dan/atau penggunaan alat telekomunikasi dan/atau perangkat telekomunikasi yang belum bersertifikat.,Pasal 75 huruf f angka 1,"telekomunikasi, mengakui, melakukan, pelanggaran, perdagangan",
Perdirjen_07_2021,Perdirjen Nomor 07 Tahun 2021,Perdirjen,2021,07,BAB XI,Ketentuan Penutup,,,75,,f,2,Sanksi,"Atas pelanggaran tersebut, saya sanggup untuk melunasi denda administratif yang besarannya akan ditetapkan kemudian sesuai dengan ketentuan peraturan perundang-undangan.",Pasal 75 huruf f angka 2,"pelanggaran, tersebut, saya, sanggup, melunasi",
Perdirjen_07_2021,Perdirjen Nomor 07 Tahun 2021,Perdirjen,2021,07,BAB XI,Ketentuan Penutup,,,75,,f,3,Sanksi,"Dalam hal saya tidak memenuhi sanksi administratif sebagaimana dimaksud pada angka 2, maka saya bersedia dikenakan sanksi lebih lanjut sesuai dengan ketentuan peraturan perundang-undangan. Demikian Surat Pernyataan ini dibuat tanpa ada paksaan dan tekanan dari pihak lain. ..........., ............ 2021 Yang Membuat Pernyataan ………………………. 91 FORM 8.3. SURAT REKOMENDASI PENCABUTAN SERTIFIKAT ALAT TELEKOMUNIKASI DAN/ATAU PERANGKAT TELEKOMUNIKASI KOP SURAT DIREKTORAT PENGENDALIAN SDPPI / BALMON / LOKA NOTA DINAS Nomor: ……/…………../………../…/20.. Kepada Yth : Direktur Standardisasi SDPPI Dari : Direktur Pengendalian SDPPI Hal : Rekomendasi Pencabutan Sertifikat Lampiran : 1 (satu) Berkas Tanggal : ….., …………… 20.. Berdasarkan evaluasi hasil pengawasan dan pengendalian alat telekomunikasi dan/atau perangkat telekomunikasi yang telah dilakukan pada tanggal …………… yang berlokasi ………...… ditemukenali adanya Pelaku Usaha yang membuat, merakit, dan/atau memasukkan alat telekomunikasi dan/atau perangkat telekomunikasi yang tidak memenuhi standar teknis sesuai sertifikat yang dimiliki. Pelaku Usaha dimaksud adalah ……….. yang memiliki sertifikat nomor …………. atas nama perusahaannya, dengan perangkat merk/tipe ………………… Demikian disampaikan untuk ditindaklanjuti sesuai dengan peraturan perundang-undangan, terimakasih. Direktur Pengendalian SDPPI, ………………………………… Tembusan: Dirjen SDPPI; 92 FORM 8.4. BERITA ACARA PENYERAHAN ALAT TELEKOMUNIKASI DAN/ATAU PERANGKAT TELEKOMUNIKASI YANG DIGUNAKAN DALAM PELANGGARAN BERITA ACARA SERAH TERIMA Nomor ………………………../2021 Yang bertandatangan di bawah ini:",Pasal 75 huruf f angka 3,"telekomunikasi, perangkat, sdppi, sertifikat, alat",Pelaku Usaha
Perdirjen_07_2021,Perdirjen Nomor 07 Tahun 2021,Perdirjen,2021,07,BAB XI,Ketentuan Penutup,,,75,,f,1,Ketentuan,Nama : NIK : Alamat : Selanjutnya disebut sebagai Pihak Kesatu.,Pasal 75 huruf f angka 1,"nama, alamat, selanjutnya, disebut, pihak",
Perdirjen_07_2021,Perdirjen Nomor 07 Tahun 2021,Perdirjen,2021,07,BAB XI,Ketentuan Penutup,,,75,,f,2,Ketentuan,Nama : NIP : Jabatan : Selanjutnya disebut sebagai Pihak Kedua. Pihak Kesatu menyerahkan alat telekomunikasi dan/atau perangkat telekomunikasi kepada Pihak Kedua berupa:,Pasal 75 huruf f angka 2,"pihak, kedua, telekomunikasi, nama, jabatan",
Perdirjen_07_2021,Perdirjen Nomor 07 Tahun 2021,Perdirjen,2021,07,BAB XI,Ketentuan Penutup,,,75,,f,1,Ketentuan,…,Pasal 75 huruf f angka 1,,
Perdirjen_07_2021,Perdirjen Nomor 07 Tahun 2021,Perdirjen,2021,07,BAB XI,Ketentuan Penutup,,,75,,f,2,Kewajiban,"… Dalam hal Pihak Kesatu tidak dapat memenuhi kewajiban yang dipersyaratkan oleh Pihak Kedua terkait dengan pemenuhan ketentuan peraturan perundang- undangan sampai dengan batas waktu yang telah ditetapkan oleh Pihak Kedua, maka Pihak Kesatu memberi kuasa kepada Pihak Kedua untuk memusnahkan alat telekomunikasi dan/atau perangkat telekomunikasi sebagaimana dimaksud di atas tanpa ada kompensasi dalam bentuk apapun kepada Pihak Kesatu. Demikian Berita Acara Penyerahan Alat Telekomunikasi Dan/Atau Perangkat Telekomunikasi ini dibuat dengan penuh kesadaran untuk dipertanggungjawabkan bersama. Jakarta, …… ………………. 2021 Pihak Kedua, Pihak Kesatu, Yang Menerima, Yang Menyerahkan, …………………… ……………………….. 93 FORM 8.5. BERITA ACARA PENYEGELAN DAN/ATAU PENGAMANAN ALAT TELEKOMUNIKASI DAN/ATAU PERANGKAT TELEKOMUNIKASI BERITA ACARA PENYEGELAN DAN/ATAU PENGAMANAN ALAT TELEKOMUNIKASI DAN/ATAU PERANGKAT TELEKOMUNIKASI Nomor . ..... ……………………………/2021 Pada hari ini ……. Tanggal ….. Bulan …… Tahun ….., kami : Nama / NIP Pangkat/Gol Jabatan Direktorat Pengendalian SDPPI/Unit Pelaksana Teknis (UPT) pada …….. (Balai Monitor SFR Kelas I/II/Lokamon) berdasarkan surat perintah pelaksanaan kegiatan …….. (monitoring/penertiban/inspeksi) Nomor ……….., berdasarkan Peraturan Pemerintah Nomor 5 Tahun 2021 tentang Penyelenggaraan Perizinan Berusaha Berbasis Resiko, telah melakukan penyegelan di lokasi stasiun pemancar atau dibawa ke kantor baik barang bergerak atau tidak bergerak berupa : No Jenis Barang Merk/Type Lokasi Segel Yang dimiliki dan/atau dikuasai oleh: Nama : NIK : Alamat : Yang diduga atau patut diduga melakukan pelanggaran penggunaan spektrum frekuensi radio dan/atau alat dan/atau perangkat telekomunikasi tanpa dilengkapi dengan perizinan atau sertifikat. Demikian Berita Acara Penyegelan ini dibuat dengan sebenarnya sesuai dengan ketentuan peraturan perundang-undangan. ……………., …………….. 2021 Pemeriksa, …………………………………… Saksi-saksi",Pasal 75 huruf f angka 2,"telekomunikasi, pihak, alat, perangkat, kesatu",Pemerintah
Perdirjen_07_2021,Perdirjen Nomor 07 Tahun 2021,Perdirjen,2021,07,BAB XI,Ketentuan Penutup,,,75,,f,1,Ketentuan,………………..,Pasal 75 huruf f angka 1,,
Perdirjen_07_2021,Perdirjen Nomor 07 Tahun 2021,Perdirjen,2021,07,BAB XI,Ketentuan Penutup,,,75,,f,2,Ketentuan,"……………….. 94 FORM 8.6. BERITA ACARA PENGHENTIAN PENGGUNAAN ALAT TELEKOMUNIKASI DAN/ATAU PERANGKAT TELEKOMUNIKASI YANG BELUM BERSERTIFIKAT BERITA ACARA PENGHENTIAN PENGGUNAAN ALAT TELEKOMUNIKASI DAN/ATAU PERANGKAT TELEKOMUNIKASI Nomor . ..... ……………………………/2021 Pada hari ini ……… tanggal … bulan ……… tahun dua ribu dua puluh satu bertempat di ……………., yang bertanda tangan di bawah ini:",Pasal 75 huruf f angka 2,"telekomunikasi, berita, acara, penghentian, penggunaan",
Perdirjen_07_2021,Perdirjen Nomor 07 Tahun 2021,Perdirjen,2021,07,BAB XI,Ketentuan Penutup,,,75,,f,1,Ketentuan,Nama : NIP : Jabatan : Selanjutnya disebut sebagai PIHAK KESATU.,Pasal 75 huruf f angka 1,"nama, jabatan, selanjutnya, disebut, pihak",
Perdirjen_07_2021,Perdirjen Nomor 07 Tahun 2021,Perdirjen,2021,07,BAB XI,Ketentuan Penutup,,,75,,f,2,Ketentuan,Nama : NIK : Bertindak untuk dan atas nama sendiri / perusahaan ….. Selanjutnya disebut sebagai PIHAK KEDUA. Selanjutnya kedua belah pihak disebut sebagai PARA PIHAK. PARA PIHAK menjelaskan hal – hal sebagai berikut :,Pasal 75 huruf f angka 2,"pihak, nama, selanjutnya, disebut, kedua",
Perdirjen_07_2021,Perdirjen Nomor 07 Tahun 2021,Perdirjen,2021,07,BAB XI,Ketentuan Penutup,,,75,,f,1,Ketentuan,PIHAK KEDUA telah menghentikan penggunaan alat telekomunikasi dan/atau perangkat telekomunikasi yang belum bersertifikat sejak tanggal …..,Pasal 75 huruf f angka 1,"telekomunikasi, pihak, kedua, menghentikan, penggunaan",
Perdirjen_07_2021,Perdirjen Nomor 07 Tahun 2021,Perdirjen,2021,07,BAB XI,Ketentuan Penutup,,,75,,f,2,Ketentuan,"Berdasarkan hasil pengawasan, PIHAK KESATU memastikan bahwa PIHAK KEDUA telah menghentikan penggunaan alat telekomunikasi dan/atau perangkat telekomunikasi yang belum bersertifikat. Demikian Berita Acara ini dibuat oleh PARA PIHAK untuk dipergunakan sebagai mana mestinya. PIHAK KESATU PIHAK KEDUA BALMON / LOKA ……………………………. ….…………………….. …….………………………. 95 FORM 8.7. BERITA ACARA PEMBUKAAN SEGEL DAN/ATAU PENGEMBALIAN ALAT TELEKOMUNIKASI DAN/ATAU PERANGKAT TELEKOMUNIKASI BERITA ACARA PEMBUKAAN SEGEL DAN/ATAU PENGEMBALIAN ALAT TELEKOMUNIKASI DAN/ATAU PERANGKAT TELEKOMUNIKASI Nomor . ..... ……………………………/2021 Pada hari ini ……. Tanggal ….. Bulan …… Tahun ….., kami : Nama / NIP Pangkat/Gol Jabatan Direktorat Pengendalian SDPPI/Unit Pelaksana Teknis (UPT) pada …….. (Balai Monitor SFR Kelas I/II/Lokamon) berdasarkan surat perintah pelaksanaan kegiatan …….. (monitoring/penertiban/inspeksi) Nomor ……….., berdasarkan Peraturan Pemerintah Nomor 5 Tahun 2021 tentang Penyelenggaraan Perizinan Berusaha Berbasis Resiko, telah membuka segel di lokasi atau dibawa ke kantor baik barang bergerak atau tidak bergerak berupa : No Jenis Barang Merk/Type Lokasi Segel Yang dimiliki dan/atau dikuasai oleh : Nama : NIK : Alamat : Yang diduga atau patut diduga melakukan pelanggaran perdagangan dan/atau penggunaan alat telekomunikasi dan/atau perangkat telekomunikasi tanpa dilengkapi dengan perizinan atau sertifikat. Demikian Berita Acara Pembukaan Segel ini dibuat dengan sebenarnya sesuai dengan ketentuan peraturan perundang-undangan. ……………., …………….. 2021 Pemeriksa, …………………………………… Saksi-saksi",Pasal 75 huruf f angka 2,"telekomunikasi, pihak, segel, alat, perangkat",Pemerintah
Perdirjen_07_2021,Perdirjen Nomor 07 Tahun 2021,Perdirjen,2021,07,BAB XI,Ketentuan Penutup,,,75,,f,1,Ketentuan,………………..,Pasal 75 huruf f angka 1,,
Perdirjen_07_2021,Perdirjen Nomor 07 Tahun 2021,Perdirjen,2021,07,BAB XI,Ketentuan Penutup,,,75,,f,2,Ketentuan,……………….. 96 FORM 8.8. BERITA ACARA PENOLAKAN TANDA TANGAN BERITA ACARA SERAH TERIMA BERITA ACARA PENOLAKAN Yang bertanda tangan dibawah ini selaku Aparatur Sipil Negara (ASN) : Nama : NIK : Jenis Kelamin : Agama : Pekerjaan dan Jabatan : Alamat : Bertindak Untuk dan Atas Nama : Telah membuat dan mengajukan berita acara (BA) atau surat pernyatan untuk ditanda tangani kepada : Nama : NIK : Jenis Kelamin : Agama : Pekerjaan dan Jabatan : Alamat : Bertindak Untuk dan Atas Nama : Namun yang bersangkutan atas kemauan sendiri TIDAK BERSEDIA/MENOLAK MENANDATANGANI Berita Acara yang dibuat oleh Aparatur Sipil Negara (ASN) dengan alasan : ……………………………………………………………………………………………………… ……………………………………………………………………………………………. Demikian Berita acara ini dibuat dengan kekuatan hukum untuk memenuhi persyaratan administrasi sesuai ketentuan yang diatur di dalam peraturan perundang-undangan. Penolak Tanda Tangan Direktur Pengendalian SDPPI/Ka. Balmon Kelas I/Kelas II/Kalokamon (………………………….) (………………………….) Saksi-saksi,Pasal 75 huruf f angka 2,"berita, acara, nama, tangan, penolakan",
Perdirjen_07_2021,Perdirjen Nomor 07 Tahun 2021,Perdirjen,2021,07,BAB XI,Ketentuan Penutup,,,75,,f,1,Ketentuan,………………………..,Pasal 75 huruf f angka 1,,
Perdirjen_07_2021,Perdirjen Nomor 07 Tahun 2021,Perdirjen,2021,07,BAB XI,Ketentuan Penutup,,,75,,f,2,Sanksi,"……………………….. - 97 - FORM 8.9. SURAT UNDANGAN KLARIFIKASI TINDAKAN PELANGGARAN KOP SURAT DIREKTORAT PENGENDALIAN SDPPI / BALMON / LOKA Nomor : ……………………….. ………, … ………….. Perihal : Undangan Klarifikasi Klasifikasi : Sangat Rahasia Lampiran : - Kepad a Yth. Sdr. …… di- ……………………………………. ……………………………………. Memperhatikan hasil pengawasan penggunaan spektrum frekuensi radio pada tanggal …., ditemukenali penggunaan alat telekomunikasi dan/atau perangkat telekomunikasi yang belum bersertifikat yang dilakukan oleh Saudara/i. Sehubungan dengan hal tersebut bersama ini kami mengharapkan kehadiran Saudara/i pada: Hari/Tanggal : ……..; .. ………….. Pukul : …………….. – selesai Tempat : Ruang Rapat Balmon Kelas I / Kelas II /Loka Monitor Spektrum Frekuensi Radio …….. Agenda : Klarifikasi penggunaan alat telekomunikasi dan/atau perangkat telekomunikasi Demikian disampaikan, mohon kehadirannya tepat waktu dan tidak diwakilkan, atas perhatiannya diucapkan terimakasih. Direktur Pengendalian SDPPI / Ka.Balmon Kelas I / Kelas II / Kalokamon Tembusan: Yth. Direktur Jenderal SDPPI. - 98 - ALUR PENGENAAN SANKSI ADMINISTRATIF PELANGGARAN SETIAP ORANG MEMPERDAGANGKAN DAN/ATAU MENGGUNAKAN ALAT TELEKOMUNIKASI DAN/ATAU PERANGKAT TELEKOMUNIKASI TIDAK BERSERTIFIKAT DAN/ATAU TIDAK SESUAI DENGAN SERTIFIKAT FORM 9.1. SURAT TEGURAN PENGGUNAAN SPEKTRUM FREKUENSI RADIO TIDAK SESUAI PERUNTUKAN KOP SURAT DIREKTORAT PENGENDALIAN SDPPI / BALMON / LOKA Nomor : ……………………………………… ……….., … …………… 2021 Klasifikasi : Penting Perihal : Surat Teguran Kepada Yth. …………………………… di Tempat",Pasal 75 huruf f angka 2,"telekomunikasi, surat, sdppi, balmon, penggunaan",
Perdirjen_07_2021,Perdirjen Nomor 07 Tahun 2021,Perdirjen,2021,07,BAB XI,Ketentuan Penutup,,,75,,f,1,Ketentuan,Dasar Hukum:,Pasal 75 huruf f angka 1,"dasar, hukum",
Perdirjen_07_2021,Perdirjen Nomor 07 Tahun 2021,Perdirjen,2021,07,BAB XI,Ketentuan Penutup,,,75,,a,,Ketentuan,Undang-Undang Nomor 36 Tahun 1999 tentang Telekomunikasi;,Pasal 75 huruf a,"nomor, tahun, telekomunikasi",
Perdirjen_07_2021,Perdirjen Nomor 07 Tahun 2021,Perdirjen,2021,07,BAB XI,Ketentuan Penutup,,,75,,b,,Ketentuan,Undang-Undang Nomor 11 Tahun 2020 tentang Cipta Kerja;,Pasal 75 huruf b,"nomor, tahun, cipta, kerja",
Perdirjen_07_2021,Perdirjen Nomor 07 Tahun 2021,Perdirjen,2021,07,BAB XI,Ketentuan Penutup,,,75,,c,,Ketentuan,Peraturan Pemerintah Nomor 5 Tahun 2021 tentang Penyelenggaraan Perizinan Berusaha Berbasis Resiko;,Pasal 75 huruf c,"nomor, tahun, penyelenggaraan, perizinan, berusaha",Pemerintah
Perdirjen_07_2021,Perdirjen Nomor 07 Tahun 2021,Perdirjen,2021,07,BAB XI,Ketentuan Penutup,,,75,,d,,Ketentuan,"Peraturan Pemerintah Nomor 46 Tahun 2021 tentang Pos, Telekomunikasi, dan Penyiaran; dan",Pasal 75 huruf d,"nomor, tahun, telekomunikasi, penyiaran",Pemerintah
Perdirjen_07_2021,Perdirjen Nomor 07 Tahun 2021,Perdirjen,2021,07,BAB XI,Ketentuan Penutup,,,75,,e,,Ketentuan,Peraturan Menteri Komunikasi dan Informatika Nomor 7 Tahun 2021 tentang Penggunaan Spektrum Frekuensi Radio;,Pasal 75 huruf e,"menteri, komunikasi, informatika, nomor, tahun",Menteri
Perdirjen_07_2021,Perdirjen Nomor 07 Tahun 2021,Perdirjen,2021,07,BAB XI,Ketentuan Penutup,,,75,,e,2,Ketentuan,"Merujuk pada ketentuan peraturan perundang-undangan sebagaimana dimaksud pada angka 1, bersama ini disampaikan bahwa berdasarkan hasil pengawasan penggunaan spektrum frekuensi radio, ditemukenali penggunaan spektrum frekuensi radio yang tidak sesuai peruntukan.",Pasal 75 huruf e angka 2,"penggunaan, spektrum, frekuensi, radio, merujuk",
Perdirjen_07_2021,Perdirjen Nomor 07 Tahun 2021,Perdirjen,2021,07,BAB XI,Ketentuan Penutup,,,75,,e,3,Ketentuan,"Berdasarkan hal tersebut, bersama ini kami peringatkan agar sejak diterimanya surat teguran ini, Saudara/i segera menghentikan penggunaan spektrum frekuensi radio …. (KHz/MHz/GHz) yang tidak sesuai dengan peruntukan.",Pasal 75 huruf e angka 3,"tersebut, bersama, kami, peringatkan, agar",
Perdirjen_07_2021,Perdirjen Nomor 07 Tahun 2021,Perdirjen,2021,07,BAB XI,Ketentuan Penutup,,,75,,e,4,Ketentuan,"Dalam hal Saudara/i tetap ingin mengunakan spektrum frekuensi radio dimaksud, agar Saudara/i melakukan penyesuaian peruntukan spektrum frekuensi radio dimaksud sesuai dengan Izin Stasiun Radio (ISR) yang dimiliki.",Pasal 75 huruf e angka 4,"radio, saudara, spektrum, frekuensi, tetap",
Perdirjen_07_2021,Perdirjen Nomor 07 Tahun 2021,Perdirjen,2021,07,BAB XI,Ketentuan Penutup,,,75,,e,5,Ketentuan,"Dalam hal Saudara/i tidak mengindahkan surat teguran ini, kami akan melakukan proses penegakan hukum lanjutan sesuai dengan ketentuan peraturan perundang-undangan.",Pasal 75 huruf e angka 5,"saudara, mengindahkan, surat, teguran, kami",
Perdirjen_07_2021,Perdirjen Nomor 07 Tahun 2021,Perdirjen,2021,07,BAB XI,Ketentuan Penutup,,,75,,e,6,Ketentuan,"Demikian surat teguran ini disampaikan untuk dilaksanakan. Direktur Pengendalian SDPPI / Kepala UPT Monitor Spektrum Frekuensi Radio, …………… - 100 - FORM 9.2. SURAT PERNYATAAN KESANGGUPAN PEMENUHAN KETENTUAN PERATURAN PERUNDANG-UNDANGAN SURAT PERNYATAAN Yang bertanda tangan dibawah ini: Nama : NIK : Jenis Kelamin : Agama : Pekerjaan dan Jabatan : Alamat : Bertindak Untuk dan Atas Nama : Menindaklanjuti hasil pengawasan penggunaan spektrum frekuensi radio pada tanggal …….. di ……. oleh Balmon Kelas I ......./ Balmon Kelas II ……./ Loka Monitor SFR ……, dengan ini secara sadar kami menyatakan bahwa:",Pasal 75 huruf e angka 6,"surat, monitor, spektrum, frekuensi, radio",
Perdirjen_07_2021,Perdirjen Nomor 07 Tahun 2021,Perdirjen,2021,07,BAB XI,Ketentuan Penutup,,,75,,e,1,Hak,Kami telah tanpa hak memancarkan dan/atau menggunakan spektrum frekuensi radio yang tidak sesuai dengan peruntukannya sebagaimana tercantum dalam Izin Stasiun Radio (ISR) dengan frekuensi ……… (KHz/MHz/GHz) (rincian sebagaimana terlampir).,Pasal 75 huruf e angka 1,"frekuensi, radio, kami, tanpa, memancarkan",
Perdirjen_07_2021,Perdirjen Nomor 07 Tahun 2021,Perdirjen,2021,07,BAB XI,Ketentuan Penutup,,,75,,e,2,Sanksi,"Atas pelanggaran sebagaimana dimaksud pada angka 1, kami bersedia dikenai sanksi administratif sesuai dengan ketentuan peraturan perundang-undangan.",Pasal 75 huruf e angka 2,"pelanggaran, kami, bersedia, dikenai, sanksi",
Perdirjen_07_2021,Perdirjen Nomor 07 Tahun 2021,Perdirjen,2021,07,BAB XI,Ketentuan Penutup,,,75,,e,3,Ketentuan,Kami akan menyesuaikan penggunaan spektrum frekuensi radio sesuai dengan peruntukannya sebagaimana tercantum dalam Izin Stasiun Radio (ISR) paling lambat 5 (lima) hari kalender sejak surat pernyataan ini ditandatangani.,Pasal 75 huruf e angka 3,"radio, kami, menyesuaikan, penggunaan, spektrum",
Perdirjen_07_2021,Perdirjen Nomor 07 Tahun 2021,Perdirjen,2021,07,BAB XI,Ketentuan Penutup,,,75,,e,4,Ketentuan,"Selanjutnya kami sanggup untuk menggunakan spektrum frekuensi radio sesuai dengan Izin Stasiun Radio (ISR) dan sertifikat alat telekomunikasi dan/atau perangkat telekomunikasi serta dalam penggunaan spektrum frekuensi radio dimaksud sesuai dengan peruntukannya, sesuai dengan parameter teknis yang diatur dalam Izin Stasiun Radio (ISR), dan tidak menimbulkan gangguan spektrum frekuensi radio yang merugikan (harmful interference) kepada pemegang izin penggunaan spektrum frekuensi radio lainnya Demikian surat pernyataan ini dibuat tanpa adanya paksaan, kekhilafan, dan benar sesuai dengan fakta di lapangan. …….., ………………… 2021 Yang Membuat Pernyataan Materai 10.000 - 101 - FORM 9.3 SURAT PERNYATAAN KESANGGUPAN PEMENUHAN KETENTUAN PERATURAN PERUNDANG-UNDANGAN SURAT PERNYATAAN Yang bertanda tangan dibawah ini: Nama : NIK : Jenis Kelamin : Agama : Pekerjaan dan Jabatan : Alamat : Bertindak Untuk dan Atas Nama : Menindaklanjuti hasil pengawasan penggunaan spektrum frekuensi radio pada tanggal …….. di ……. oleh Balmon Kelas I ......./ Balmon Kelas II ……./ Loka Monitor SFR ……, dengan ini secara sadar kami menyatakan bahwa:",Pasal 75 huruf e angka 4,"radio, spektrum, frekuensi, pernyataan, izin",
Perdirjen_07_2021,Perdirjen Nomor 07 Tahun 2021,Perdirjen,2021,07,BAB XI,Ketentuan Penutup,,,75,,e,1,Hak,Kami telah tanpa hak memancarkan dan/atau menggunakan spektrum frekuensi radio yang tidak sesuai dengan peruntukannya sebagaimana tercantum dalam Izin Stasiun Radio (ISR) dengan frekuensi ……… (KHz/MHz/GHz) (rincian sebagaimana terlampir).,Pasal 75 huruf e angka 1,"frekuensi, radio, kami, tanpa, memancarkan",
Perdirjen_07_2021,Perdirjen Nomor 07 Tahun 2021,Perdirjen,2021,07,BAB XI,Ketentuan Penutup,,,75,,e,2,Sanksi,"Atas pelanggaran sebagaimana dimaksud pada angka 1, kami bersedia dikenai sanksi administratif sesuai dengan ketentuan peraturan perundang-undangan.",Pasal 75 huruf e angka 2,"pelanggaran, kami, bersedia, dikenai, sanksi",
Perdirjen_07_2021,Perdirjen Nomor 07 Tahun 2021,Perdirjen,2021,07,BAB XI,Ketentuan Penutup,,,75,,e,3,Ketentuan,Kami akan menyesuaikan penggunaan spektrum frekuensi radio sesuai dengan peruntukannya sebagaimana tercantum dalam Izin Stasiun Radio (ISR) paling lambat 5 (lima) hari kalender sejak surat pernyataan ini ditandatangani.,Pasal 75 huruf e angka 3,"radio, kami, menyesuaikan, penggunaan, spektrum",
Perdirjen_07_2021,Perdirjen Nomor 07 Tahun 2021,Perdirjen,2021,07,BAB XI,Ketentuan Penutup,,,75,,e,4,Sanksi,"Selanjutnya kami sanggup untuk menggunakan spektrum frekuensi radio sesuai dengan Izin Stasiun Radio (ISR) dan sertifikat alat telekomunikasi dan/atau perangkat telekomunikasi serta dalam penggunaan spektrum frekuensi radio dimaksud sesuai dengan peruntukannya, sesuai dengan parameter teknis yang diatur dalam Izin Stasiun Radio (ISR), dan tidak menimbulkan gangguan spektrum frekuensi radio yang merugikan (harmful interference) kepada pemegang izin penggunaan spektrum frekuensi radio lainnya Demikian surat pernyataan ini dibuat tanpa adanya paksaan, kekhilafan, dan benar sesuai dengan fakta di lapangan. …….., ………………… 2021 Yang Membuat Pernyataan Materai 10.000 - 102 - FORM 9.4 SURAT PERNYATAAN KESANGGUPAN MELUNASI DENDA ADMINISTRATIF SURAT PERNYATAAN Saya yang bertanda tangan di bawah ini: Nama : ………………………………………. Jenis Kelamin : ................................................ Pekerjaan dan Jabatan : ................................................ Bertindak Untuk dan Atas Nama : …………………………………….. dengan ini menyatakan:",Pasal 75 huruf e angka 4,"radio, spektrum, frekuensi, pernyataan, izin",
Perdirjen_07_2021,Perdirjen Nomor 07 Tahun 2021,Perdirjen,2021,07,BAB XI,Ketentuan Penutup,,,75,,e,1,Hak,Mengakui telah melakukan pelanggaran penggunaan spektrum frekuensi radio yaitu tanpa hak memancarkan dan/atau menggunakan spektrum frekuensi radio …. (KHz/MHz/GHz) yang tidak sesuai dengan peruntukan.,Pasal 75 huruf e angka 1,"spektrum, frekuensi, radio, mengakui, melakukan",
Perdirjen_07_2021,Perdirjen Nomor 07 Tahun 2021,Perdirjen,2021,07,BAB XI,Ketentuan Penutup,,,75,,e,2,Sanksi,"Atas pelanggaran tersebut, saya sanggup untuk melunasi denda administratif yang besarannya akan ditetapkan kemudian sesuai dengan ketentuan peraturan perundang-undangan.",Pasal 75 huruf e angka 2,"pelanggaran, tersebut, saya, sanggup, melunasi",
Perdirjen_07_2021,Perdirjen Nomor 07 Tahun 2021,Perdirjen,2021,07,BAB XI,Ketentuan Penutup,,,75,,e,3,Sanksi,"Dalam hal saya tidak memenuhi sanksi administratif sebagaimana dimaksud pada angka 2, maka saya bersedia dikenakan sanksi lebih lanjut sesuai dengan ketentuan peraturan perundang-undangan. Demikian Surat Pernyataan ini dibuat tanpa ada paksaan dan tekanan dari pihak lain. ..........., ............ 2021 Yang Membuat Pernyataan ………………………. - 10 3 - FORM 9.5 BERITA ACARA PENGHENTIAN PEMANCARAN SPEKTRUM FREKUENSI RADIO YANG TIDAK SESUAI PERUNTUKAN BERITA ACARA PENGHENTIAN PEMANCARAN SPEKTRUM FREKUENSI RADIO Nomor . ..... ……………………………/2021 Pada hari ini ……… tanggal … bulan ……… tahun dua ribu dua puluh satu bertempat di ……………., yang bertanda tangan di bawah ini:",Pasal 75 huruf e angka 3,"saya, sanksi, pernyataan, berita, acara",
Perdirjen_07_2021,Perdirjen Nomor 07 Tahun 2021,Perdirjen,2021,07,BAB XI,Ketentuan Penutup,,,75,,e,1,Ketentuan,Nama : NIP : Jabatan : Selanjutnya disebut sebagai PIHAK KESATU.,Pasal 75 huruf e angka 1,"nama, jabatan, selanjutnya, disebut, pihak",
Perdirjen_07_2021,Perdirjen Nomor 07 Tahun 2021,Perdirjen,2021,07,BAB XI,Ketentuan Penutup,,,75,,e,2,Ketentuan,Nama : NIK : Bertindak untuk dan atas nama sendiri / perusahaan ….. Selanjutnya disebut sebagai PIHAK KEDUA. Selanjutnya kedua belah pihak disebut sebagai PARA PIHAK. PARA PIHAK menjelaskan hal – hal sebagai berikut:,Pasal 75 huruf e angka 2,"pihak, nama, selanjutnya, disebut, kedua",
Perdirjen_07_2021,Perdirjen Nomor 07 Tahun 2021,Perdirjen,2021,07,BAB XI,Ketentuan Penutup,,,75,,e,1,Ketentuan,PIHAK KEDUA telah menghentikan pemancaran dan/atau penggunaan spektrum frekuensi radio …. (KHz/MHz/GHz) sejak tanggal …..,Pasal 75 huruf e angka 1,"pihak, kedua, menghentikan, pemancaran, penggunaan",
Perdirjen_07_2021,Perdirjen Nomor 07 Tahun 2021,Perdirjen,2021,07,BAB XI,Ketentuan Penutup,,,75,,e,2,Ketentuan,"Berdasarkan hasil ukur, PIHAK KESATU memastikan bahwa PIHAK KEDUA telah menghentikan pemancaran dan/atau penggunaan spektrum frekuensi radionya. Demikian Berita Acara ini dibuat oleh PARA PIHAK untuk dipergunakan sebagai mana mestinya. PIHAK KESATU PIHAK KEDUA BALMON / LOKA ……………………………. ….…………………….. …….………………………. - 10 4 - FORM 9.6 BERITA ACARA PENYEGELAN DAN/ATAU PENGAMANAN ALAT TELEKOMUNIKASI DAN/ATAU PERANGKAT TELEKOMUNIKASI BERITA ACARA PENYEGELAN DAN/ATAU PENGAMANAN ALAT TELEKOMUNIKASI DAN/ATAU PERANGKAT TELEKOMUNIKASI Nomor . ..... ……………………………/2021 Pada hari ini ……. Tanggal ….. Bulan …… Tahun ….., kami : Nama / NIP Pangkat/Gol Jabatan Direktorat Pengendalian SDPPI/Unit Pelaksana Teknis (UPT) pada …….. (Balai Monitor SFR Kelas I/II/Lokamon) berdasarkan surat perintah pelaksanaan kegiatan …….. (monitoring/penertiban/inspeksi) Nomor ……….., berdasarkan Peraturan Pemerintah Nomor 5 Tahun 2021 tentang Penyelenggaraan Perizinan Berusaha Berbasis Resiko, telah melakukan penyegelan di lokasi stasiun pemancar atau dibawa ke kantor baik barang bergerak atau tidak bergerak berupa: No Jenis Barang Merk/Type Lokasi Segel Yang dimiliki dan/atau dikuasai oleh : Nama : NIK : Alamat : Yang diduga atau patut diduga melakukan PELANGGARAN PENGGUNAAN SPEKTRUM FREKUENSI RADIO YANG TIDAK SESUAI DENGAN PERUNTUKANNYA. Demikian Berita Acara Penyegelan ini dibuat dengan sebenarnya sesuai dengan ketentuan peraturan perundang-undangan. ……………., …………….. 2021 Pemeriksa, …………………………………… Saksi-saksi",Pasal 75 huruf e angka 2,"pihak, berita, acara, penyegelan, telekomunikasi",Pemerintah
Perdirjen_07_2021,Perdirjen Nomor 07 Tahun 2021,Perdirjen,2021,07,BAB XI,Ketentuan Penutup,,,75,,e,1,Ketentuan,………………..,Pasal 75 huruf e angka 1,,
Perdirjen_07_2021,Perdirjen Nomor 07 Tahun 2021,Perdirjen,2021,07,BAB XI,Ketentuan Penutup,,,75,,e,2,Ketentuan,"……………….. - 10 5 - FORM 9.7 BERITA ACARA PEMBUKAAN SEGEL DAN/ATAU PENGEMBALIAN ALAT TELEKOMUNIKASI DAN/ATAU PERANGKAT TELEKOMUNIKASI BERITA ACARA PEMBUKAAN SEGEL DAN/ATAU PENGEMBALIAN ALAT TELEKOMUNIKASI DAN/ATAU PERANGKAT TELEKOMUNIKASI Nomor . ..... ……………………………/2021 Pada hari ini ……. Tanggal ….. Bulan …… Tahun ….., kami: Nama / NIP Pangkat/Gol Jabatan Direktorat Pengendalian SDPPI/Unit Pelaksana Teknis (UPT) pada …….. (Balai Monitor SFR Kelas I/II/Lokamon) berdasarkan surat perintah pelaksanaan kegiatan …….. (monitoring/penertiban/inspeksi) Nomor ……….., berdasarkan Peraturan Pemerintah Nomor 5 Tahun 2021 tentang Penyelenggaraan Perizinan Berusaha Berbasis Resiko, telah membuka segel di lokasi stasiun pemancar atau dibawa ke kantor baik barang bergerak atau tidak bergerak berupa: No Jenis Barang Merk/Type Lokasi Segel Yang dimiliki dan/atau dikuasai oleh : Nama : NIK : Alamat : Yang diduga atau patut diduga melakukan pelanggaran penggunaan spektrum frekuensi radio TIDAK SESUAI DENGAN PERUNTUKANNYA. Demikian Berita Acara Pembukaan Segel ini dibuat dengan sebenarnya sesuai dengan ketentuan peraturan perundang-undangan. ……………., …………….. 2021 Pemeriksa, …………………………………… Saksi-saksi",Pasal 75 huruf e angka 2,"segel, telekomunikasi, berita, acara, pembukaan",Pemerintah
Perdirjen_07_2021,Perdirjen Nomor 07 Tahun 2021,Perdirjen,2021,07,BAB XI,Ketentuan Penutup,,,75,,e,1,Ketentuan,………………..,Pasal 75 huruf e angka 1,,
Perdirjen_07_2021,Perdirjen Nomor 07 Tahun 2021,Perdirjen,2021,07,BAB XI,Ketentuan Penutup,,,75,,e,2,Sanksi,"……………….. - 10 6 - FORM 9.8 SURAT UNDANGAN KLARIFIKASI TINDAKAN PELANGGARAN KOP SURAT DIREKTORAT PENGENDALIAN SDPPI/ UPT Nomor : ……………………….. ………, … ………….. Perihal : Undangan Klarifikasi Klasifikasi : Sangat Rahasia Lampiran : - Kepada Yth. Sdr. …… di- ……………………………………. Memperhatikan hasil pengawasan penggunaan spektrum frekuensi radio pada tanggal …., ditemukenali penggunaan spektrum frekuensi radio yang tidak sesuai dengan peruntukannya yang dilakukan oleh Saudara/i. Sehubungan dengan hal tersebut, bersama ini kami mengharapkan kehadiran Saudara/i pada: Hari/Tanggal : ……..; .. ………….. …. Pukul : …………….. – selesai Tempat : Ruang Rapat Balai Monitor Spektrum Frekuensi Radio / Loka Monitor Spektrum Frekuensi Radio ……. Agenda : Klarifikasi penggunaan spektrum frekuensi radio Demikian disampaikan, mohon kehadirannya tepat waktu dan tidak diwakilkan, atas perhatiannya diucapkan terimakasih. Direktur Pengendalian SDPPI/Kepala Balai Monitor SFR …/Kepala Loka Monitor SFR … ………………………………. Tembusan: Yth. Direktur Jenderal SDPPI. DIREKTUR JENDERAL SUMBER DAYA DAN PERANGKAT POS DAN INFORMATIKA, ISMAIL LAMPIRAN III PERATURAN DIREKTUR JENDERAL SUMBER DAYA DAN PERANGKAT POS DAN INFORMATIKA NOMOR 07 TAHUN 2021 TENTANG TATA CARA PEMBINAAN, PENGAWASAN, DAN PENGENAAN SANKSI TERHADAP PELANGGARAN PENGGUNAAN SPEKTRUM FREKUENSI RADIO DAN ALAT TELEKOMUNIKASI DAN/ATAU PERANGKAT TELEKOMUNIKASI",Pasal 75 huruf e angka 2,"spektrum, frekuensi, radio, penggunaan, monitor",
Perdirjen_07_2021,Perdirjen Nomor 07 Tahun 2021,Perdirjen,2021,07,BAB XI,Ketentuan Penutup,,,75,,e,1,Ketentuan,"FORMULIR 1 FORMAT LAPORAN REKAPITULASI HASIL PENINDAKAN ATAU PENGAWASAN, PENGAMATAN, PENELITIAN, DAN PEMERIKSAAN DI WILAYAH KANTOR PUSAT/UNIT PELAKSANA TEKNIS … *) PERIODE : TRIWULAN KE… TAHUN … SASARAN PENINDAKAN HASIL PENINDAKAN HASIL EVALUASI PENGAMANAN BBARANG DATA (ISR D , A S T E A R B T A IF S IK E AT) SURAT BUKTI TIDAK PENYIDIKAN KET. NO. FREKUENSI MODUS/ HASIL PROSES KE PELANGGAR PERINGTAN. PENYIDIKAN RADIO/ MOTIF (Bila Ada) PENGADUAN MONITOR TANGGAL PPNS PELANGGAR DIBAWA DITITIPKAN TOTAL URUS IZIN PERANGKAT ADA TIDAK ADA DAN BUKTI PERNYATAAN IZIN 1 2 3 4 5 6 7 8 9 10 11 12 13 14 15 16 17 18 19 SASARAN PENINDAKAN HASIL PENINDAKAN HASIL EVALUASI PENGAMANAN BBARANG DATA DATA BASE BUKTI TIDAK PENYIDIKAN (ISR, SERTIFIKAT) SURAT KET. NO. FREKUENSI MODUS/ HASIL PROSES KE PELANGGAR PERINGTAN. PENYIDIKAN RADIO/ MOTIF (Bila Ada) PENGADUAN MONITOR TANGGAL PPNS PELANGGAR DIBAWA DITITIPKAN TOTAL URUS IZIN PERANGKAT ADA TIDAK ADA DAN BUKTI PERNYATAAN IZIN 1 2 3 4 5 6 7 8 9 10 11 12 13 14 15 16 17 18 19 …………………, …………………………. Atasan PPNS, (…………………………….) KETERANGAN:",Pasal 75 huruf e angka 1,"hasil, penindakan, bukti, penyidikan, pelanggar",
Perdirjen_07_2021,Perdirjen Nomor 07 Tahun 2021,Perdirjen,2021,07,BAB XI,Ketentuan Penutup,,,75,,e,1,Ketentuan,Kolom 6 (Modus/Motif) pilih dari:,Pasal 75 huruf e angka 1,"kolom, modus, motif, pilih",
Perdirjen_07_2021,Perdirjen Nomor 07 Tahun 2021,Perdirjen,2021,07,BAB XI,Ketentuan Penutup,,,75,,a,,Ketentuan,pelanggaran tanpa ISR;,Pasal 75 huruf a,"pelanggaran, tanpa",
Perdirjen_07_2021,Perdirjen Nomor 07 Tahun 2021,Perdirjen,2021,07,BAB XI,Ketentuan Penutup,,,75,,b,,Ketentuan,pelanggaran tanpa Sertifikat;,Pasal 75 huruf b,"pelanggaran, tanpa, sertifikat",
Perdirjen_07_2021,Perdirjen Nomor 07 Tahun 2021,Perdirjen,2021,07,BAB XI,Ketentuan Penutup,,,75,,c,,Ketentuan,pelanggaran tanpa ISR dan/atau Sertifikat;,Pasal 75 huruf c,"pelanggaran, tanpa, sertifikat",
Perdirjen_07_2021,Perdirjen Nomor 07 Tahun 2021,Perdirjen,2021,07,BAB XI,Ketentuan Penutup,,,75,,d,,Ketentuan,pelanggaran menimbulkan gangguan;,Pasal 75 huruf d,"pelanggaran, menimbulkan, gangguan",
Perdirjen_07_2021,Perdirjen Nomor 07 Tahun 2021,Perdirjen,2021,07,BAB XI,Ketentuan Penutup,,,75,,e,,Ketentuan,pelanggaran tidak sesuai peruntukannya.,Pasal 75 huruf e,"pelanggaran, peruntukannya",
Perdirjen_07_2021,Perdirjen Nomor 07 Tahun 2021,Perdirjen,2021,07,BAB XI,Ketentuan Penutup,,,75,,e,2,Ketentuan,Kolom 17 (Urus Izin) terdiri dari:,Pasal 75 huruf e angka 2,"kolom, urus, izin, terdiri",
Perdirjen_07_2021,Perdirjen Nomor 07 Tahun 2021,Perdirjen,2021,07,BAB XI,Ketentuan Penutup,,,75,,a,,Ketentuan,Permohonan ISR; dan/atau,Pasal 75 huruf a,permohonan,
Perdirjen_07_2021,Perdirjen Nomor 07 Tahun 2021,Perdirjen,2021,07,BAB XI,Ketentuan Penutup,,,75,,b,,Ketentuan,Permohonan Sertifikasi.,Pasal 75 huruf b,"permohonan, sertifikasi",
Perdirjen_07_2021,Perdirjen Nomor 07 Tahun 2021,Perdirjen,2021,07,BAB XI,Ketentuan Penutup,,,75,,c,,Ketentuan,"Format Formulir ini dibuat dalam “EXCEL“. *) Pilih salah satu 2. FORMULIR 2 REKAPITULASI PERKEMBANGAN PENYIDIKAN DI WILAYAH KANTOR PUSAT/UNIT PELAKSANA TEKNIS … *) PERIODE : TRIWULAN KE… TAHUN … LAPORAN KEJADIAN / LK PENYIDIKAN PERSETUJUAN TINDAK LANJUT DARI SURAT PERINTAH PENYIDIKAN SPDP BERKAS PERKARA P21 NO. NOMOR, GELAR SP3 PENGADILAN NEGERI VONIS TANGGAL OPERASI PERKARA NOMOR, DUGAAN NOMOR, WAKTU WAKTU TIDAK NOMOR, PENGADUAN TERSANGKA PPNS GELEDAH SITA PROSES KIRIM PROSES TERBIT PENERTIBAN TANGGAL PASAL TANGGAL SESUAI SESUAI TANGGAL 1 2 3 4 5 6 7 8 9 10 11 12 13 14 15 16 17 18 19 20 21 …………………, …………………………. Atasan PPNS, (…………………………….) KETERANGAN :",Pasal 75 huruf c,"nomor, tanggal, penyidikan, formulir, perkara",
Perdirjen_07_2021,Perdirjen Nomor 07 Tahun 2021,Perdirjen,2021,07,BAB XI,Ketentuan Penutup,,,75,,c,1,Kewajiban,"Surat Pemberitahuan Dimulainya Penyidikan (SPDP) harus sudah terdistribusi ke Pelapor, Terlapor, dan Penuntut Umum paling lambat 7 (tujuh) Hari setelah terbitnya Surat Perintah Penyidikan (Sprindik).",Pasal 75 huruf c angka 1,"surat, penyidikan, pemberitahuan, dimulainya, spdp",
Perdirjen_07_2021,Perdirjen Nomor 07 Tahun 2021,Perdirjen,2021,07,BAB XI,Ketentuan Penutup,,,75,,c,2,Ketentuan,Kolom 13 (SP3) adalah Surat Perintah Penghentian Penyidikan.,Pasal 75 huruf c angka 2,"kolom, surat, perintah, penghentian, penyidikan",
Perdirjen_07_2021,Perdirjen Nomor 07 Tahun 2021,Perdirjen,2021,07,BAB XI,Ketentuan Penutup,,,75,,c,3,Ketentuan,P.21 adalah Jawaban Kesimpulan Penuntut Umum terhadap pemeriksaan Berkas Perkara (BP) telah lengkap/komplit.,Pasal 75 huruf c angka 3,"jawaban, kesimpulan, penuntut, umum, pemeriksaan",
Perdirjen_07_2021,Perdirjen Nomor 07 Tahun 2021,Perdirjen,2021,07,BAB XI,Ketentuan Penutup,,,75,,c,4,Sanksi,"Format Formulir ini dibuat dalam “EXCEL“. *) Pilih salah satu 3. FORMULIR 3 REKAPITULASI ALAT TELEKOMUNIKASI DAN/ATAU PERANGKAT TELEKOMUNIKASI TERJARING PENERTIBAN DI WILAYAH KANTOR PUSAT/UNIT PELAKSANA TEKNIS … *) PERIODE : TRIWULAN KE… TAHUN … PELANGGAR TOTAL JUMLAH PERANGKAT / BARANG BUKTI HASIL TUGAS/TANGGAL NO. (Nam Ta a n , g A g l a a l m ) at, B B A U R K A T N I G HP REPEATER JAMMER H R T IG / RAKIT FM/TV MARINE GPS SIMBOX MW, STL ISP CCTV TA B P O PI X N G LAIN-LAIN PE O N P E E R R T A IB S A I N P G EN AN AN G G G A U N A A N N KETERANGAN …………………, …………………………. Atasan PPNS, (…………………………….) KETERANGAN: Format Formulir ini dibuat dalam “EXCEL“ *) Pilih salah satu 4. FORMULIR 4 REKAPITULASI PENGGUNAAN SPEKTRUM FREKUENSI RADIO TERJARING PENERTIBAN DI WILAYAH KANTOR PUSAT/UNIT PELAKSANA TEKNIS … *) PERIODE : TRIWULAN KE… TAHUN … PELANGGAR HASIL TUGAS DATA SPEKTRUM FREKUENSI RADIO NO. (Nama, Alamat, PPNS OPERASI PENERTIBAN PENANGANAN GANGGUAN KET. Tanggal) (TANGGAL) (TANGGAL) RADIO TV KONSESI PENERBANGAN MARINE SELULER INTERNET CCTV MW STL LAIN-LAIN …………………, …………………………. Atasan PPNS, (…………………………….) KETERANGAN: Format Formulir ini dibuat dalam “EXCEL“ *) Pilih salah satu DIREKTUR JENDERAL SUMBER DAYA DANPERANGKAT POS DAN INFORMATIKA, ISMAIL LAMPIRAN IV PERATURAN DIREKTUR JENDERAL SUMBER DAYA DAN PERANGKAT POS DAN INFORMATIKA NOMOR 07 TAHUN 2021 TENTANG TATA CARA PEMBINAAN, PENGAWASAN, DAN PENGENAAN SANKSI TERHADAP PELANGGARAN PENGGUNAAN SPEKTRUM FREKUENSI RADIO DAN ALAT TELEKOMUNIKASI DAN/ATAU PERANGKAT TELEKOMUNIKASI FORMAT GELAR PERKARA",Pasal 75 huruf c angka 4,"formulir, format, telekomunikasi, perangkat, tanggal",
Perdirjen_07_2021,Perdirjen Nomor 07 Tahun 2021,Perdirjen,2021,07,BAB XI,Ketentuan Penutup,,,75,,c,1,Ketentuan,"SURAT UNDANGAN GELAR PERKARA KOP SURAT DIREKTORAT PENGENDALIAN SDPPI / BALMON / LOKA Nomor : …../………./……………/20.. …………., ……………..20.. Klasifikasi : Penting Lampiran : …….. Hal : Undangan Gelar Perkara Kepada Yth. ……………………………….. di tempat Bersama ini disampaikan bahwa ……………………….. telah melaksanakan ……………….., sehubungan dengan hal tersebut diatas, kami akan mengadakan gelar perkara dimaksud, yang akan dilaksanakan pada: Hari, tanggal : …………., ……….. 20.. Waktu : …….. WIB s.d selesai Tempat : …………………………………………………………… Acara : Gelar Perkara ………………………………………… Pimpinan Rapat : …………………………………………………………… Mengingat pentingnya acara dimaksud, mohon kehadiran Bapak/Ibu tepat pada waktunya. Demikian disampaikan, atas perhatian dan kerjasamanya diucapkan terima kasih. Direktur Pengendalian SDPPI / Ka.Balmon Kelas I / Kelas II / Kalokamon …………………………………………….. 2. DIAGRAM ALIR / ANATOMY CRIME (PROSES WASMATLITRIK NAIK KE PENYIDIKAN) 3. DIAGRAM ALIR / ANATOMY CRIME (SUDAH PROSES PENYIDIKAN) 4. MATRIKS 184 KUHAP ALAT BUKTI YANG MENDUKUNG (184 KUHAP) NAMA (CALON) PASAL YANG UNSUR-UNSUR PASAL FAKTA BARANG NO KET KET TERSANGKA DISANGKAKAN YANG DISANGKAKAN PERBUATAN KET SAKSI KET AHLI SURAT PETUNJUK BUKTI TERSANGKA 1 2 3 4 5 6 7 8 9 10 11 12 Pasal 47 UU 36 Barang siapa Identitas Tahun 1999 tersangka/calon Barang siapa yang tersangka melanggar Melakukan ketentuan Penyelenggaraan sebagaimana Telekomunikasi dimaksud dalam pasal 11 ayat (1) tanpa mendapat izin dari Menteri 5. LEMBAR PENDAPAT PESERTA GELAR KOP SURAT DIREKTORAT PENGENDALIAN SDPPI / BALMON / LOKA FORMULIR TANGGAPAN PESERTA GELAR PERKARA",Pasal 75 huruf c angka 1,"gelar, perkara, surat, tersangka, pengendalian",Menteri
Perdirjen_07_2021,Perdirjen Nomor 07 Tahun 2021,Perdirjen,2021,07,BAB XI,Ketentuan Penutup,,,75,,c,1,Ketentuan,Waktu Kegiatan Hari: …………………………. Tanggal ……………….. Jam……WIB,Pasal 75 huruf c angka 1,"waktu, kegiatan, hari, tanggal",
Perdirjen_07_2021,Perdirjen Nomor 07 Tahun 2021,Perdirjen,2021,07,BAB XI,Ketentuan Penutup,,,75,,c,2,Ketentuan,Identitas Peserta Gelar Perkara Nama / Pangkat : ………………………………………………… No. Telp / HP : ………………………………………………… Jabatan : ………………………………………………… Satuan Fungsi : …………………………………………………,Pasal 75 huruf c angka 2,"identitas, peserta, gelar, perkara, nama",
Perdirjen_07_2021,Perdirjen Nomor 07 Tahun 2021,Perdirjen,2021,07,BAB XI,Ketentuan Penutup,,,75,,c,3,Ketentuan,Permasalahan Gelar Perkara Laporan Pengaduan/Laporan Kejadian : ………………………………………… Perihal : ………………………………………… Pemapar : …………………………………………,Pasal 75 huruf c angka 3,"laporan, permasalahan, gelar, perkara, pengaduan",
Perdirjen_07_2021,Perdirjen Nomor 07 Tahun 2021,Perdirjen,2021,07,BAB XI,Ketentuan Penutup,,,75,,c,4,Ketentuan,"Tanggapan Peserta ……………………………………………………………………………………………… ……………………………………………………………………………………………… ……………………………………………………………………………………………… ……………………………………………………………………………………………… ……………………………………………………………………………………………… ……………………………………………………………………………………………… ……………………………………………………………………………………………… Peserta ………………… Keterangan: - Setelah diisi agar diserahkan kepada Notulen - Bila kolom tanggapan banyak, disarankan dapat menggunakan halaman belakang formulir 6. LAPORAN HASIL GELAR PERKARA KOP SURAT DIREKTORAT PENGENDALIAN SDPPI / BALMON / LOKA LAPORAN HASIL GELAR PERKARA LAPORAN KEJADIAN/LAPORAN PENGADUAN : …./……./……../20../…… Tentang : …………………………………………………..",Pasal 75 huruf c angka 4,"laporan, tanggapan, peserta, hasil, gelar",
Perdirjen_07_2021,Perdirjen Nomor 07 Tahun 2021,Perdirjen,2021,07,BAB XI,Ketentuan Penutup,,,75,,c,1,Ketentuan,Peserta Gelar Perkara,Pasal 75 huruf c angka 1,"peserta, gelar, perkara",
Perdirjen_07_2021,Perdirjen Nomor 07 Tahun 2021,Perdirjen,2021,07,BAB XI,Ketentuan Penutup,,,75,,a,,Ketentuan,Pimpinan : ……………………………………………..,Pasal 75 huruf a,pimpinan,
Perdirjen_07_2021,Perdirjen Nomor 07 Tahun 2021,Perdirjen,2021,07,BAB XI,Ketentuan Penutup,,,75,,b,,Ketentuan,Pemapar : ……………………………………………..,Pasal 75 huruf b,pemapar,
Perdirjen_07_2021,Perdirjen Nomor 07 Tahun 2021,Perdirjen,2021,07,BAB XI,Ketentuan Penutup,,,75,,c,,Ketentuan,Peserta : ……………………………………………..,Pasal 75 huruf c,peserta,
Perdirjen_07_2021,Perdirjen Nomor 07 Tahun 2021,Perdirjen,2021,07,BAB XI,Ketentuan Penutup,,,75,,c,2,Ketentuan,Pelaksanaan Gelar Perkara,Pasal 75 huruf c angka 2,"pelaksanaan, gelar, perkara",
Perdirjen_07_2021,Perdirjen Nomor 07 Tahun 2021,Perdirjen,2021,07,BAB XI,Ketentuan Penutup,,,75,,a,,Ketentuan,Hari : ……………………………………………..,Pasal 75 huruf a,hari,
Perdirjen_07_2021,Perdirjen Nomor 07 Tahun 2021,Perdirjen,2021,07,BAB XI,Ketentuan Penutup,,,75,,b,,Ketentuan,Tanggal : ……………………………………………..,Pasal 75 huruf b,tanggal,
Perdirjen_07_2021,Perdirjen Nomor 07 Tahun 2021,Perdirjen,2021,07,BAB XI,Ketentuan Penutup,,,75,,c,,Ketentuan,Jam : ……………………………………………..,Pasal 75 huruf c,,
Perdirjen_07_2021,Perdirjen Nomor 07 Tahun 2021,Perdirjen,2021,07,BAB XI,Ketentuan Penutup,,,75,,d,,Ketentuan,Tempat : ……………………………………………..,Pasal 75 huruf d,tempat,
Perdirjen_07_2021,Perdirjen Nomor 07 Tahun 2021,Perdirjen,2021,07,BAB XI,Ketentuan Penutup,,,75,,d,3,Ketentuan,Posisi Kasus ………………………………………………………………………………………………….,Pasal 75 huruf d angka 3,"posisi, kasus",
Perdirjen_07_2021,Perdirjen Nomor 07 Tahun 2021,Perdirjen,2021,07,BAB XI,Ketentuan Penutup,,,75,,d,4,Ketentuan,Masukan Tanggapan Hasil Gelar ………………………………………………………………………………………………….,Pasal 75 huruf d angka 4,"masukan, tanggapan, hasil, gelar",
Perdirjen_07_2021,Perdirjen Nomor 07 Tahun 2021,Perdirjen,2021,07,BAB XI,Ketentuan Penutup,,,75,,d,5,Ketentuan,Kesimpulan Gelar ………………………………………………………………………………………………….,Pasal 75 huruf d angka 5,"kesimpulan, gelar",
Perdirjen_07_2021,Perdirjen Nomor 07 Tahun 2021,Perdirjen,2021,07,BAB XI,Ketentuan Penutup,,,75,,d,6,Ketentuan,(Langkah Penyidik/Monitoring Evaluasi Pengawasan Yang Dilakukan) ………………………………………………………………………………………………….,Pasal 75 huruf d angka 6,"langkah, penyidik, monitoring, evaluasi, pengawasan",
Perdirjen_07_2021,Perdirjen Nomor 07 Tahun 2021,Perdirjen,2021,07,BAB XI,Ketentuan Penutup,,,75,,d,7,Sanksi,"Saran …………………………………………………………………………………………………. Mengetahui ………….., ……………… 20…… Pimpinan Gelar Perkara Notulen ……………………………………. …………………………………….. 7. ABSENSI PESERTA GELAR KOP SURAT DIREKTORAT PENGENDALIAN SDPPI / BALMON / LOKA DAFTAR HADIR GELAR PERKARA Jenis Kegiatan : Rapat Nama Kegiatan : Gelar Perkara Dugaan Pelanggaran Tindak Pidana ……… Hari/Tanggal : …………………………………………………………………………… Waktu : ……. WIB - …………. Tempat : …………………………………………………………………………… No. Nama No. Tlp Email Instansi/Satker Tanda Tangan DIREKTUR JENDERAL SUMBER DAYA DAN PERANGKAT POS DAN INFORMATIKA, ISMAIL LAMPIRAN V PERATURAN DIREKTUR JENDERAL SUMBER DAYA DAN PERANGKAT POS DAN INFORMATIKA NOMOR 07 TAHUN 2021 TENTANG TATA CARA PEMBINAAN, PENGAWASAN, DAN PENGENAAN SANKSI TERHADAP PELANGGARAN PENGGUNAAN SPEKTRUM FREKUENSI RADIO DAN ALAT TELEKOMUNIKASI DAN/ATAU PERANGKAT TELEKOMUNIKASI FORMAT PENDUKUNG PEMBERKASAN (BERKAS PERKARA)",Pasal 75 huruf d angka 7,"gelar, perkara, perangkat, kegiatan, nama",Instansi
Perdirjen_07_2021,Perdirjen Nomor 07 Tahun 2021,Perdirjen,2021,07,BAB XI,Ketentuan Penutup,,,75,,d,1,Ketentuan,Laporan Kejadian Berdasarkan Laporan Pengaduan Masyarakat yang Hadir Secara langsung KOP SURAT DIREKTORAT PENGENDALIAN SDPPI/KEPALA UPT … *) Pro Justitia LAPORAN KEJADIAN Pelapor:,Pasal 75 huruf d angka 1,"laporan, kejadian, pengaduan, masyarakat, hadir",Masyarakat
Perdirjen_07_2021,Perdirjen Nomor 07 Tahun 2021,Perdirjen,2021,07,BAB XI,Ketentuan Penutup,,,75,,d,1,Ketentuan,Nama : .........................................................................,Pasal 75 huruf d angka 1,nama,
Perdirjen_07_2021,Perdirjen Nomor 07 Tahun 2021,Perdirjen,2021,07,BAB XI,Ketentuan Penutup,,,75,,d,2,Ketentuan,Tempat/Tanggal Lahir : .........................................................................,Pasal 75 huruf d angka 2,"tempat, tanggal, lahir",
Perdirjen_07_2021,Perdirjen Nomor 07 Tahun 2021,Perdirjen,2021,07,BAB XI,Ketentuan Penutup,,,75,,d,3,Ketentuan,Umur/Jenis Kelamin : .........................................................................,Pasal 75 huruf d angka 3,"umur, jenis, kelamin",
Perdirjen_07_2021,Perdirjen Nomor 07 Tahun 2021,Perdirjen,2021,07,BAB XI,Ketentuan Penutup,,,75,,d,4,Ketentuan,Agama : .........................................................................,Pasal 75 huruf d angka 4,agama,
Perdirjen_07_2021,Perdirjen Nomor 07 Tahun 2021,Perdirjen,2021,07,BAB XI,Ketentuan Penutup,,,75,,d,5,Ketentuan,Kewarganegaraan : .........................................................................,Pasal 75 huruf d angka 5,kewarganegaraan,
Perdirjen_07_2021,Perdirjen Nomor 07 Tahun 2021,Perdirjen,2021,07,BAB XI,Ketentuan Penutup,,,75,,d,6,Ketentuan,Pekerjaan : .........................................................................,Pasal 75 huruf d angka 6,pekerjaan,
Perdirjen_07_2021,Perdirjen Nomor 07 Tahun 2021,Perdirjen,2021,07,BAB XI,Ketentuan Penutup,,,75,,d,7,Ketentuan,Alamat : ......................................................................... Peristiwa yang dilaporkan:,Pasal 75 huruf d angka 7,"alamat, peristiwa, dilaporkan",
Perdirjen_07_2021,Perdirjen Nomor 07 Tahun 2021,Perdirjen,2021,07,BAB XI,Ketentuan Penutup,,,75,,d,1,Ketentuan,Waktu Kejadian : hari …………………… tanggal ........................,Pasal 75 huruf d angka 1,"waktu, kejadian, hari, tanggal",
Perdirjen_07_2021,Perdirjen Nomor 07 Tahun 2021,Perdirjen,2021,07,BAB XI,Ketentuan Penutup,,,75,,d,2,Ketentuan,Tempat Kejadian : .....................................................................,Pasal 75 huruf d angka 2,"tempat, kejadian",
Perdirjen_07_2021,Perdirjen Nomor 07 Tahun 2021,Perdirjen,2021,07,BAB XI,Ketentuan Penutup,,,75,,d,3,Larangan,Apa yang terjadi : ..................................................................... [Contoh: Penyelenggaraan telekomunikasi radio dengan menggunakan frekuensi radio … MHz tanpa izin penggunaan spektrum frekuensi radio dan/atau menggunakan alat telekomunikasi dan/atau perangkat telekomuniakasi tanpa dilengkapi sertifikat alat telekomunikasi dan/atau perangkat telekomuniakasi sebagaimana dimaksud Pasal 53 ayat (1) jo. Pasal 33 ayat (1) jo. Pasal 52 jo. Pasal 32 ayat (1) Undang-Undang Nomor 36 Tahun 1999 tentang Telekomunikasi.],Pasal 75 huruf d angka 3,"telekomunikasi, radio, menggunakan, frekuensi, tanpa",
Perdirjen_07_2021,Perdirjen Nomor 07 Tahun 2021,Perdirjen,2021,07,BAB XI,Ketentuan Penutup,,,75,,d,4,Ketentuan,Pelaku/Terlapor : ..................................................................... [Bila belum jelas siapa yang akan jadi tersangka ditulis: Masih dalam penyidikan.],Pasal 75 huruf d angka 4,"pelaku, terlapor, bila, belum, jelas",
Perdirjen_07_2021,Perdirjen Nomor 07 Tahun 2021,Perdirjen,2021,07,BAB XI,Ketentuan Penutup,,,75,,d,5,Larangan,Modus Operandi : ..................................................................... [Contoh: penggunaan spektrum frekuensi radio tanpa izin dan/atau penggunaan alat telekomunikasi dan/atau perangkat telekomunikasi tidak bersertifikat alat telekomunikasi dan/atau perangkat telekomunikasi],Pasal 75 huruf d angka 5,"telekomunikasi, penggunaan, alat, perangkat, modus",
Perdirjen_07_2021,Perdirjen Nomor 07 Tahun 2021,Perdirjen,2021,07,BAB XI,Ketentuan Penutup,,,75,,d,6,Ketentuan,Saksi : .....................................................................,Pasal 75 huruf d angka 6,saksi,
Perdirjen_07_2021,Perdirjen Nomor 07 Tahun 2021,Perdirjen,2021,07,BAB XI,Ketentuan Penutup,,,75,,d,7,Ketentuan,Bukti : .....................................................................,Pasal 75 huruf d angka 7,bukti,
Perdirjen_07_2021,Perdirjen Nomor 07 Tahun 2021,Perdirjen,2021,07,BAB XI,Ketentuan Penutup,,,75,,d,8,Ketentuan,Uraian Singkat Kejadian : Pada tanggal … bulan … tahun … telah ........ .....................................................................,Pasal 75 huruf d angka 8,"uraian, singkat, kejadian, tanggal, bulan",
Perdirjen_07_2021,Perdirjen Nomor 07 Tahun 2021,Perdirjen,2021,07,BAB XI,Ketentuan Penutup,,,75,,d,9,Ketentuan,Tindakan yang diambil : a. membuat Laporan kejadian,Pasal 75 huruf d angka 9,"tindakan, diambil, membuat, laporan, kejadian",
Perdirjen_07_2021,Perdirjen Nomor 07 Tahun 2021,Perdirjen,2021,07,BAB XI,Ketentuan Penutup,,,75,,d,,Ketentuan,"… [dan seterusnya] Demikian laporan kejadian ini dibuat dengan sebenarnya, kemudian ditutup Yang Menerima Laporan, Pelapor, (…………………………………) (…………………………………) NIP ………………………… NIK ………………………… *) Pilih salah satu 2. Laporan Kejadian dengan Pelapor dari Petugas Internal KOP SURAT DIREKTORAT PENGENDALIAN SDPPI/KEPALA UPT … *) Pro Justitia LAPORAN KEJADIAN Pelapor:",Pasal 75 huruf d,"laporan, kejadian, pelapor, seterusnya, demikian",
Perdirjen_07_2021,Perdirjen Nomor 07 Tahun 2021,Perdirjen,2021,07,BAB XI,Ketentuan Penutup,,,75,,d,1,Ketentuan,Nama : .........................................................................,Pasal 75 huruf d angka 1,nama,
Perdirjen_07_2021,Perdirjen Nomor 07 Tahun 2021,Perdirjen,2021,07,BAB XI,Ketentuan Penutup,,,75,,d,2,Ketentuan,Tempat/ Tanggal Lahir : .........................................................................,Pasal 75 huruf d angka 2,"tempat, tanggal, lahir",
Perdirjen_07_2021,Perdirjen Nomor 07 Tahun 2021,Perdirjen,2021,07,BAB XI,Ketentuan Penutup,,,75,,d,3,Ketentuan,Umur/Jenis Kelamin : .........................................................................,Pasal 75 huruf d angka 3,"umur, jenis, kelamin",
Perdirjen_07_2021,Perdirjen Nomor 07 Tahun 2021,Perdirjen,2021,07,BAB XI,Ketentuan Penutup,,,75,,d,4,Ketentuan,Agama : .........................................................................,Pasal 75 huruf d angka 4,agama,
Perdirjen_07_2021,Perdirjen Nomor 07 Tahun 2021,Perdirjen,2021,07,BAB XI,Ketentuan Penutup,,,75,,d,5,Ketentuan,Kewarganegaraan : .........................................................................,Pasal 75 huruf d angka 5,kewarganegaraan,
Perdirjen_07_2021,Perdirjen Nomor 07 Tahun 2021,Perdirjen,2021,07,BAB XI,Ketentuan Penutup,,,75,,d,6,Ketentuan,Pekerjaan : .........................................................................,Pasal 75 huruf d angka 6,pekerjaan,
Perdirjen_07_2021,Perdirjen Nomor 07 Tahun 2021,Perdirjen,2021,07,BAB XI,Ketentuan Penutup,,,75,,d,7,Ketentuan,Alamat : ......................................................................... Peristiwa yang dilaporkan:,Pasal 75 huruf d angka 7,"alamat, peristiwa, dilaporkan",
Perdirjen_07_2021,Perdirjen Nomor 07 Tahun 2021,Perdirjen,2021,07,BAB XI,Ketentuan Penutup,,,75,,d,1,Ketentuan,Waktu Kejadian : hari …………………… tanggal ........................,Pasal 75 huruf d angka 1,"waktu, kejadian, hari, tanggal",
Perdirjen_07_2021,Perdirjen Nomor 07 Tahun 2021,Perdirjen,2021,07,BAB XI,Ketentuan Penutup,,,75,,d,2,Ketentuan,Tempat Kejadian : .....................................................................,Pasal 75 huruf d angka 2,"tempat, kejadian",
Perdirjen_07_2021,Perdirjen Nomor 07 Tahun 2021,Perdirjen,2021,07,BAB XI,Ketentuan Penutup,,,75,,d,3,Larangan,Apa yang terjadi : ..................................................................... [Contoh: Penyelenggaraan telekomunikasi radio dengan menggunakan frekuensi radio … MHz tanpa izin penggunaan spektrum frekuensi radio dan/atau menggunakan alat telekomunikasi dan/atau perangkat telekomuniakasi tanpa dilengkapi sertifikat alat telekomunikasi dan/atau perangkat telekomuniakasi sebagaimana dimaksud Pasal 53 ayat (1) jo. Pasal 33 ayat (1) jo. Pasal 52 jo. Pasal 32 ayat (1) Undang-Undang Nomor 36 Tahun 1999 tentang Telekomunikasi.],Pasal 75 huruf d angka 3,"telekomunikasi, radio, menggunakan, frekuensi, tanpa",
Perdirjen_07_2021,Perdirjen Nomor 07 Tahun 2021,Perdirjen,2021,07,BAB XI,Ketentuan Penutup,,,75,,d,4,Ketentuan,Pelaku/Terlapor : ..................................................................... [Bila belum jelas siapa yang akan jadi tersangka ditulis: Masih dalam penyidikan.],Pasal 75 huruf d angka 4,"pelaku, terlapor, bila, belum, jelas",
Perdirjen_07_2021,Perdirjen Nomor 07 Tahun 2021,Perdirjen,2021,07,BAB XI,Ketentuan Penutup,,,75,,d,5,Larangan,Modus Operandi : ..................................................................... [Contoh: penggunaan spektrum frekuensi radio tanpa izin dan/atau penggunaan alat telekomunikasi dan/atau perangkat telekomunikasi tidak bersertifikat alat telekomunikasi dan/atau perangkat telekomunikasi],Pasal 75 huruf d angka 5,"telekomunikasi, penggunaan, alat, perangkat, modus",
Perdirjen_07_2021,Perdirjen Nomor 07 Tahun 2021,Perdirjen,2021,07,BAB XI,Ketentuan Penutup,,,75,,d,6,Ketentuan,Saksi : .....................................................................,Pasal 75 huruf d angka 6,saksi,
Perdirjen_07_2021,Perdirjen Nomor 07 Tahun 2021,Perdirjen,2021,07,BAB XI,Ketentuan Penutup,,,75,,d,7,Ketentuan,Bukti : .....................................................................,Pasal 75 huruf d angka 7,bukti,
Perdirjen_07_2021,Perdirjen Nomor 07 Tahun 2021,Perdirjen,2021,07,BAB XI,Ketentuan Penutup,,,75,,d,8,Ketentuan,Uraian Singkat Kejadian : Pada tanggal … bulan … tahun … telah ........ .....................................................................,Pasal 75 huruf d angka 8,"uraian, singkat, kejadian, tanggal, bulan",
Perdirjen_07_2021,Perdirjen Nomor 07 Tahun 2021,Perdirjen,2021,07,BAB XI,Ketentuan Penutup,,,75,,d,9,Ketentuan,Tindakan yang diambil : a. membuat Laporan kejadian,Pasal 75 huruf d angka 9,"tindakan, diambil, membuat, laporan, kejadian",
Perdirjen_07_2021,Perdirjen Nomor 07 Tahun 2021,Perdirjen,2021,07,BAB XI,Ketentuan Penutup,,,75,,d,,Sanksi,"… [dan seterusnya] Demikian laporan kejadian ini dibuat dengan sebenarnya, kemudian ditutup Mengetahui, Pelapor, Direktur Pengendalian SDPPI/ Kepala UPT … *) (…………………………………) (…………………………………) NIP ………………………… NIP ………………………… *) Pilih salah satu 3. Surat Perintah Tugas (Atasan Selaku PPNS) KOP SURAT DIREKTORAT PENGENDALIAN SDPPI/KEPALA UPT … *) Pro Justitia SURAT PERINTAH TUGAS Nomor: ……………………………………………….. Pertimbangan : bahwa untuk keperluan penyidikan terhadap suatu perbuatan yang diduga merupakan tindak pidana di bidang Telekomunikasi, perlu mengeluarkan Surat Perintah Tugas; Dasar : 1. Pasal 6 ayat (1) huruf b, Pasal 7 ayat (2), dan Pasal 107 Undang-Undang Nomor 8 Tahun 1981 tentang Kitab Undang-Undang Hukum Acara Pidana;",Pasal 75 huruf d,"surat, perintah, tugas, pengendalian, sdppi",
Perdirjen_07_2021,Perdirjen Nomor 07 Tahun 2021,Perdirjen,2021,07,BAB XI,Ketentuan Penutup,,,75,,d,2,Ketentuan,Pasal 44 Undang-Undang Nomor 36 Tahun 1999 tentang Telekomunikasi;,Pasal 75 huruf d angka 2,"nomor, tahun, telekomunikasi",
Perdirjen_07_2021,Perdirjen Nomor 07 Tahun 2021,Perdirjen,2021,07,BAB XI,Ketentuan Penutup,,,75,,d,3,Ketentuan,Laporan Kejadian Nomor: LK. … tanggal …;,Pasal 75 huruf d angka 3,"laporan, kejadian, nomor, tanggal",
Perdirjen_07_2021,Perdirjen Nomor 07 Tahun 2021,Perdirjen,2021,07,BAB XI,Ketentuan Penutup,,,75,,d,4,Sanksi,"Surat Perintah Penyidikan Nomor: SPP. … tanggal …; Diperintahkan: [dan seterusnya] Untuk : 1. melaksanakan tugas penyidikan dugaan tindak pidana di bidang telekomunikasi berupa …, sebagaimana dimaksud dalam Pasal … jo. Pasal … Undang-Undang Nomor 36 Tahun 1999 tentang Telekomunikasi jo. Pasal 55 ayat (1) ke 1 Kitab Undang-Undang Hukum Pidana;",Pasal 75 huruf d angka 4,"penyidikan, nomor, pidana, telekomunikasi, surat",
Perdirjen_07_2021,Perdirjen Nomor 07 Tahun 2021,Perdirjen,2021,07,BAB XI,Ketentuan Penutup,,,75,,d,2,Ketentuan,Surat Perintah Tugas ini berlaku sejak tanggal dikeluarkan sampai dengan selesai;,Pasal 75 huruf d angka 2,"surat, perintah, tugas, berlaku, sejak",
Perdirjen_07_2021,Perdirjen Nomor 07 Tahun 2021,Perdirjen,2021,07,BAB XI,Ketentuan Penutup,,,75,,d,3,Sanksi,"melaksanakan perintah ini dengan rasa tanggung jawab dan melaporkan hasilnya. Dikeluarkan di … pada tanggal … Yang Menerima Perintah, Direktur Pengendalian SDPPI/Kepala UPT … *) selaku PPNS, (…………………………………) (…………………………………) NIP ………………………… NIP ………………………… *) Pilih salah satu 4. Surat Perintah Tugas (Atasan Bukan Selaku PPNS) KOP SURAT DIREKTORAT PENGENDALIAN SDPPI/KEPALA UPT … *) Pro Justitia SURAT PERINTAH TUGAS Nomor: ……………………………………………….. Pertimbangan : bahwa untuk keperluan penyidikan terhadap suatu perbuatan yang diduga merupakan tindak pidana di bidang Telekomunikasi, perlu mengeluarkan Surat Perintah Tugas; Dasar : 1. Pasal 6 ayat (1) huruf b, Pasal 7 ayat (2), dan Pasal 107 Undang-Undang Nomor 8 Tahun 1981 tentang Kitab Undang-Undang Hukum Acara Pidana;",Pasal 75 huruf d angka 3,"perintah, surat, tugas, pengendalian, sdppi",
Perdirjen_07_2021,Perdirjen Nomor 07 Tahun 2021,Perdirjen,2021,07,BAB XI,Ketentuan Penutup,,,75,,d,2,Ketentuan,Pasal 44 Undang-Undang Nomor 36 Tahun 1999 tentang Telekomunikasi;,Pasal 75 huruf d angka 2,"nomor, tahun, telekomunikasi",
Perdirjen_07_2021,Perdirjen Nomor 07 Tahun 2021,Perdirjen,2021,07,BAB XI,Ketentuan Penutup,,,75,,d,3,Ketentuan,Laporan Kejadian Nomor: LK. … tanggal …;,Pasal 75 huruf d angka 3,"laporan, kejadian, nomor, tanggal",
Perdirjen_07_2021,Perdirjen Nomor 07 Tahun 2021,Perdirjen,2021,07,BAB XI,Ketentuan Penutup,,,75,,d,4,Sanksi,"Surat Perintah Penyidikan Nomor: SPP. … tanggal …; Diperintahkan: [dan seterusnya] Untuk : 1. melaksanakan tugas penyidikan dugaan tindak pidana di bidang telekomunikasi berupa …, sebagaimana dimaksud dalam Pasal … jo. Pasal … Undang-Undang Nomor 36 Tahun 1999 tentang Telekomunikasi jo. Pasal 55 ayat (1) ke 1 Kitab Undang-Undang Hukum Pidana;",Pasal 75 huruf d angka 4,"penyidikan, nomor, pidana, telekomunikasi, surat",
Perdirjen_07_2021,Perdirjen Nomor 07 Tahun 2021,Perdirjen,2021,07,BAB XI,Ketentuan Penutup,,,75,,d,2,Ketentuan,Surat Perintah Tugas ini berlaku sejak tanggal dikeluarkan sampai dengan selesai;,Pasal 75 huruf d angka 2,"surat, perintah, tugas, berlaku, sejak",
Perdirjen_07_2021,Perdirjen Nomor 07 Tahun 2021,Perdirjen,2021,07,BAB XI,Ketentuan Penutup,,,75,,d,3,Sanksi,"melaksanakan perintah ini dengan rasa tanggung jawab dan melaporkan hasilnya. Dikeluarkan di … pada tanggal … Yang Menerima Perintah, PPNS, (…………………………………) (…………………………………) NIP ………………………… NIP ………………………… Mengetahui, Direktur Pengendalian SDPPI/Kepala UPT … *) …………………………….. NIP ……………………… *) Pilih salah satu 5. Surat Perintah Penyidikan (Atasan Selaku PPNS) KOP SURAT DIREKTORAT PENGENDALIAN SDPPI/KEPALA UPT … *) Pro Justitia SURAT PERINTAH PENYIDIKAN Nomor: SPP. ……………………………………………….. Pertimbangan : bahwa untuk keperluan penyidikan terhadap suatu perbuatan yang diduga merupakan tindak pidana di bidang Telekomunikasi, perlu mengeluarkan Surat Perintah Penyidikan; Dasar : 1. Pasal 6 ayat (1) huruf b, Pasal 7 ayat (2), dan Pasal 107 Undang-Undang Nomor 8 Tahun 1981 tentang Kitab Undang-Undang Hukum Acara Pidana;",Pasal 75 huruf d angka 3,"perintah, surat, penyidikan, ppns, pengendalian",
Perdirjen_07_2021,Perdirjen Nomor 07 Tahun 2021,Perdirjen,2021,07,BAB XI,Ketentuan Penutup,,,75,,d,2,Ketentuan,Pasal 44 Undang-Undang Nomor 36 Tahun 1999 tentang Telekomunikasi;,Pasal 75 huruf d angka 2,"nomor, tahun, telekomunikasi",
Perdirjen_07_2021,Perdirjen Nomor 07 Tahun 2021,Perdirjen,2021,07,BAB XI,Ketentuan Penutup,,,75,,d,3,Sanksi,"Laporan Kejadian Nomor: LK … tanggal …; Diperintahkan: [dan seterusnya] Untuk : 1. melaksanakan penyidikan dugaan tindak pidana di bidang telekomunikasi berupa …, sebagaimana dimaksud dalam Pasal … jo. Pasal … Undang-Undang Nomor 36 Tahun 1999 tentang Telekomunikasi jo. Pasal 55 ayat (1) ke 1 Kitab Undang-Undang Hukum Pidana;",Pasal 75 huruf d angka 3,"nomor, pidana, telekomunikasi, laporan, kejadian",
Perdirjen_07_2021,Perdirjen Nomor 07 Tahun 2021,Perdirjen,2021,07,BAB XI,Ketentuan Penutup,,,75,,d,2,Ketentuan,membuat rencana pelaksanaan penyidikan;,Pasal 75 huruf d angka 2,"membuat, rencana, pelaksanaan, penyidikan",
Perdirjen_07_2021,Perdirjen Nomor 07 Tahun 2021,Perdirjen,2021,07,BAB XI,Ketentuan Penutup,,,75,,d,3,Sanksi,melaporkan setiap perkembangan pelaksanaan penyidikan tindak pidana pada kesempatan pertama kepada Direktur Pengendalian SDPPI/KEpala UPT/Koordinator PPNS;,Pasal 75 huruf d angka 3,"melaporkan, setiap, perkembangan, pelaksanaan, penyidikan",
Perdirjen_07_2021,Perdirjen Nomor 07 Tahun 2021,Perdirjen,2021,07,BAB XI,Ketentuan Penutup,,,75,,d,4,Sanksi,"Surat Perintah Penyidikan ini berlaku sejak tanggal dikeluarkan. Dikeluarkan di … pada tanggal … Yang Menerima Perintah, Direktur Pengendalian SDPPI/Kepala UPT … *) selaku PPNS, (…………………………………) (…………………………………) NIP ………………………… NIP ………………………… *) Pilih salah satu 6. Surat Perintah Penyidikan (Atasan Bukan Selaku PPNS) KOP SURAT DIREKTORAT PENGENDALIAN SDPPI/KEPALA UPT … *) Pro Justitia SURAT PERINTAH PENYIDIKAN Nomor: SPP. ……………………………………………….. Pertimbangan : bahwa untuk keperluan penyidikan terhadap suatu perbuatan yang diduga merupakan tindak pidana di bidang Telekomunikasi, perlu mengeluarkan Surat Perintah Penyidikan; Dasar : 1. Pasal 6 ayat (1) huruf b, Pasal 7 ayat (2), dan Pasal 107 Undang-Undang Nomor 8 Tahun 1981 tentang Kitab Undang-Undang Hukum Acara Pidana;",Pasal 75 huruf d angka 4,"surat, perintah, penyidikan, tanggal, dikeluarkan",
Perdirjen_07_2021,Perdirjen Nomor 07 Tahun 2021,Perdirjen,2021,07,BAB XI,Ketentuan Penutup,,,75,,d,2,Ketentuan,Pasal 44 Undang-Undang Nomor 36 Tahun 1999 tentang Telekomunikasi;,Pasal 75 huruf d angka 2,"nomor, tahun, telekomunikasi",
Perdirjen_07_2021,Perdirjen Nomor 07 Tahun 2021,Perdirjen,2021,07,BAB XI,Ketentuan Penutup,,,75,,d,3,Sanksi,"Laporan Kejadian Nomor: LK … tanggal …; Diperintahkan: [dan seterusnya] Untuk : 1. melaksanakan penyidikan dugaan tindak pidana di bidang telekomunikasi berupa …, sebagaimana dimaksud dalam Pasal … jo. Pasal … Undang-Undang Nomor 36 Tahun 1999 tentang Telekomunikasi jo. Pasal 55 ayat (1) ke 1 Kitab Undang-Undang Hukum Pidana;",Pasal 75 huruf d angka 3,"nomor, pidana, telekomunikasi, laporan, kejadian",
Perdirjen_07_2021,Perdirjen Nomor 07 Tahun 2021,Perdirjen,2021,07,BAB XI,Ketentuan Penutup,,,75,,d,2,Ketentuan,membuat rencana pelaksanaan penyidikan;,Pasal 75 huruf d angka 2,"membuat, rencana, pelaksanaan, penyidikan",
Perdirjen_07_2021,Perdirjen Nomor 07 Tahun 2021,Perdirjen,2021,07,BAB XI,Ketentuan Penutup,,,75,,d,3,Sanksi,melaporkan setiap perkembangan pelaksanaan penyidikan tindak pidana pada kesempatan pertama kepada Direktur Pengendalian SDPPI/KEpala UPT/Koordinator PPNS;,Pasal 75 huruf d angka 3,"melaporkan, setiap, perkembangan, pelaksanaan, penyidikan",
Perdirjen_07_2021,Perdirjen Nomor 07 Tahun 2021,Perdirjen,2021,07,BAB XI,Ketentuan Penutup,,,75,,d,4,Ketentuan,"Surat Perintah Penyidikan ini berlaku sejak tanggal dikeluarkan. Dikeluarkan di … pada tanggal … Yang Menerima Perintah, PPNS, (…………………………………) (…………………………………) NIP ………………………… NIP ………………………… Mengetahui, Direktur Pengendalian SDPPI/Kepala UPT … *) …………………………….. NIP ……………………… *) Pilih salah satu 7. SPDP Ada Tersangka (Atasan Selaku PPNS) KOP SURAT DIREKTORAT PENGENDALIAN SDPPI/KEPALA UPT … *) Pro Justitia Nomor : SPDP/…/…/… ………., …………………… Klasifikasi : Rahasia Lampiran : 1 (satu) berkas Hal : Pemberitahuan Dimulainya Penyidikan Kepada: melalui di ………………………….",Pasal 75 huruf d angka 4,"surat, perintah, penyidikan, tanggal, dikeluarkan",
Perdirjen_07_2021,Perdirjen Nomor 07 Tahun 2021,Perdirjen,2021,07,BAB XI,Ketentuan Penutup,,,75,,d,1,Ketentuan,Dasar:,Pasal 75 huruf d angka 1,dasar,
Perdirjen_07_2021,Perdirjen Nomor 07 Tahun 2021,Perdirjen,2021,07,BAB XI,Ketentuan Penutup,,,75,,a,,Ketentuan,"Pasal 6 ayat (1) huruf b, Pasal 7 ayat (2), Pasal 107, dan Pasal 109 ayat",Pasal 75 huruf a,,
Perdirjen_07_2021,Perdirjen Nomor 07 Tahun 2021,Perdirjen,2021,07,BAB XI,Ketentuan Penutup,,,75,1,,,Sanksi,Undang-Undang Nomor 8 Tahun 1981 tentang Kitab Undang- Undang Hukum Acara Pidana;,Pasal 75 ayat (1),"nomor, tahun, kitab, hukum, acara",
Perdirjen_07_2021,Perdirjen Nomor 07 Tahun 2021,Perdirjen,2021,07,BAB XI,Ketentuan Penutup,,,75,1,b,,Ketentuan,Pasal 44 Undang-Undang Nomor 36 Tahun 1999 tentang Telekomunikasi;,Pasal 75 ayat (1) huruf b,"nomor, tahun, telekomunikasi",
Perdirjen_07_2021,Perdirjen Nomor 07 Tahun 2021,Perdirjen,2021,07,BAB XI,Ketentuan Penutup,,,75,1,c,,Ketentuan,Laporan Kejadian Nomor: LK. … tanggal …;,Pasal 75 ayat (1) huruf c,"laporan, kejadian, nomor, tanggal",
Perdirjen_07_2021,Perdirjen Nomor 07 Tahun 2021,Perdirjen,2021,07,BAB XI,Ketentuan Penutup,,,75,1,d,,Ketentuan,Surat Perintah Penyidikan Nomor: SPP. … tanggal … .,Pasal 75 ayat (1) huruf d,"surat, perintah, penyidikan, nomor, tanggal",
Perdirjen_07_2021,Perdirjen Nomor 07 Tahun 2021,Perdirjen,2021,07,BAB XI,Ketentuan Penutup,,,75,1,d,2,Sanksi,"Dengan ini diberitahukan bahwa pada hari … tanggal …, kami telah mulai melakukan penyidikan dugaan tindak pidana di bidang telekomunikasi berupa … sebagaimana dimaksud dalam Pasal … jo. Pasal ... Undang- Undang Nomor 36 Tahun 1999 tentang Telekomunikasi jo. Pasal 55 ayat (1) ke 1 Kitab Undang-Undang Hukum Pidana yang diduga dilakukan oleh Tersangka: Nama : ....................................................................... Tempat/Tanggal Lahir : ....................................................................... Jenis Kelamin : ....................................................................... Kewarganegaraan : ....................................................................... Agama : ....................................................................... Pekerjaan : ....................................................................... Alamat/Tempat tinggal : .......................................................................",Pasal 75 ayat (1) huruf d angka 2,"tanggal, pidana, telekomunikasi, tempat, diberitahukan",
Perdirjen_07_2021,Perdirjen Nomor 07 Tahun 2021,Perdirjen,2021,07,BAB XI,Ketentuan Penutup,,,75,1,d,3,Ketentuan,Berikut dilanpirkan surat administrasi penyidikan:,Pasal 75 ayat (1) huruf d angka 3,"berikut, dilanpirkan, surat, administrasi, penyidikan",
Perdirjen_07_2021,Perdirjen Nomor 07 Tahun 2021,Perdirjen,2021,07,BAB XI,Ketentuan Penutup,,,75,1,a,,Ketentuan,Laporan Kejadian Nomor: LK. … tanggal …;,Pasal 75 ayat (1) huruf a,"laporan, kejadian, nomor, tanggal",
Perdirjen_07_2021,Perdirjen Nomor 07 Tahun 2021,Perdirjen,2021,07,BAB XI,Ketentuan Penutup,,,75,1,b,,Ketentuan,Surat Perintah Tugas Nomor: … tanggal …;,Pasal 75 ayat (1) huruf b,"surat, perintah, tugas, nomor, tanggal",
Perdirjen_07_2021,Perdirjen Nomor 07 Tahun 2021,Perdirjen,2021,07,BAB XI,Ketentuan Penutup,,,75,1,c,,Ketentuan,Surat Perintah Penyidikan Nomor: SPP. … tanggal … . 4. Demikian untuk menjadi maklum. Direktur Pengendalian SDPPI/Kepala UPT … *) selaku PPNS (…………………..………………..) NIP ………………………………… Tembusan kepada Yth.:,Pasal 75 ayat (1) huruf c,"surat, perintah, penyidikan, nomor, tanggal",
Perdirjen_07_2021,Perdirjen Nomor 07 Tahun 2021,Perdirjen,2021,07,BAB XI,Ketentuan Penutup,,,75,1,c,1,Ketentuan,Direktur Jenderal SDPPI;,Pasal 75 ayat (1) huruf c angka 1,"direktur, jenderal, sdppi",
Perdirjen_07_2021,Perdirjen Nomor 07 Tahun 2021,Perdirjen,2021,07,BAB XI,Ketentuan Penutup,,,75,1,c,2,Ketentuan,Pelapor;,Pasal 75 ayat (1) huruf c angka 2,pelapor,
Perdirjen_07_2021,Perdirjen Nomor 07 Tahun 2021,Perdirjen,2021,07,BAB XI,Ketentuan Penutup,,,75,1,c,3,Ketentuan,Tersangka;,Pasal 75 ayat (1) huruf c angka 3,tersangka,
Perdirjen_07_2021,Perdirjen Nomor 07 Tahun 2021,Perdirjen,2021,07,BAB XI,Ketentuan Penutup,,,75,1,c,4,Ketentuan,"Arsip. *) Pilih salah satu 8. SPDP Ada Tersangka (Atasan Bukan Selaku PPNS) KOP SURAT DIREKTORAT PENGENDALIAN SDPPI/KEPALA UPT … *) Pro Justitia Nomor : SPDP/…/…/… ………., …………………… Klasifikasi : Rahasia Lampiran : 1 (satu) berkas Hal : Pemberitahuan Dimulainya Penyidikan Kepada: melalui di ………………………….",Pasal 75 ayat (1) huruf c angka 4,"satu, spdp, arsip, pilih, salah",
Perdirjen_07_2021,Perdirjen Nomor 07 Tahun 2021,Perdirjen,2021,07,BAB XI,Ketentuan Penutup,,,75,1,c,1,Ketentuan,Dasar:,Pasal 75 ayat (1) huruf c angka 1,dasar,
Perdirjen_07_2021,Perdirjen Nomor 07 Tahun 2021,Perdirjen,2021,07,BAB XI,Ketentuan Penutup,,,75,1,a,,Ketentuan,"Pasal 6 ayat (1) huruf b, Pasal 7 ayat (2), Pasal 107, dan Pasal 109 ayat",Pasal 75 ayat (1) huruf a,,
Perdirjen_07_2021,Perdirjen Nomor 07 Tahun 2021,Perdirjen,2021,07,BAB XI,Ketentuan Penutup,,,75,1,,,Sanksi,Undang-Undang Nomor 8 Tahun 1981 tentang Kitab Undang- Undang Hukum Acara Pidana;,Pasal 75 ayat (1),"nomor, tahun, kitab, hukum, acara",
Perdirjen_07_2021,Perdirjen Nomor 07 Tahun 2021,Perdirjen,2021,07,BAB XI,Ketentuan Penutup,,,75,1,b,,Ketentuan,Pasal 44 Undang-Undang Nomor 36 Tahun 1999 tentang Telekomunikasi;,Pasal 75 ayat (1) huruf b,"nomor, tahun, telekomunikasi",
Perdirjen_07_2021,Perdirjen Nomor 07 Tahun 2021,Perdirjen,2021,07,BAB XI,Ketentuan Penutup,,,75,1,c,,Ketentuan,Laporan Kejadian Nomor: LK. … tanggal …;,Pasal 75 ayat (1) huruf c,"laporan, kejadian, nomor, tanggal",
Perdirjen_07_2021,Perdirjen Nomor 07 Tahun 2021,Perdirjen,2021,07,BAB XI,Ketentuan Penutup,,,75,1,d,,Ketentuan,Surat Perintah Penyidikan Nomor: SPP. … tanggal …. .,Pasal 75 ayat (1) huruf d,"surat, perintah, penyidikan, nomor, tanggal",
Perdirjen_07_2021,Perdirjen Nomor 07 Tahun 2021,Perdirjen,2021,07,BAB XI,Ketentuan Penutup,,,75,1,d,2,Sanksi,"Dengan ini diberitahukan bahwa pada hari … tanggal …, kami telah mulai melakukan penyidikan dugaan tindak pidana di bidang telekomunikasi berupa … sebagaimana dimaksud dalam Pasal … jo. Pasal ... Undang- Undang Nomor 36 Tahun 1999 tentang Telekomunikasi jo. Pasal 55 ayat (1) ke 1 Kitab Undang-Undang Hukum Pidana yang diduga dilakukan oleh Tersangka: Nama : ....................................................................... Tempat/Tanggal Lahir : ....................................................................... Jenis Kelamin : ....................................................................... Kewarganegaraan : ....................................................................... Agama : ....................................................................... Pekerjaan : ....................................................................... Alamat/Tempat tinggal : .......................................................................",Pasal 75 ayat (1) huruf d angka 2,"tanggal, pidana, telekomunikasi, tempat, diberitahukan",
Perdirjen_07_2021,Perdirjen Nomor 07 Tahun 2021,Perdirjen,2021,07,BAB XI,Ketentuan Penutup,,,75,1,d,3,Ketentuan,Berikut dilanpirkan surat administrasi penyidikan:,Pasal 75 ayat (1) huruf d angka 3,"berikut, dilanpirkan, surat, administrasi, penyidikan",
Perdirjen_07_2021,Perdirjen Nomor 07 Tahun 2021,Perdirjen,2021,07,BAB XI,Ketentuan Penutup,,,75,1,a,,Ketentuan,Laporan Kejadian Nomor: LK. … tanggal …;,Pasal 75 ayat (1) huruf a,"laporan, kejadian, nomor, tanggal",
Perdirjen_07_2021,Perdirjen Nomor 07 Tahun 2021,Perdirjen,2021,07,BAB XI,Ketentuan Penutup,,,75,1,b,,Ketentuan,Surat Perintah Tugas Nomor: … tanggal …;,Pasal 75 ayat (1) huruf b,"surat, perintah, tugas, nomor, tanggal",
Perdirjen_07_2021,Perdirjen Nomor 07 Tahun 2021,Perdirjen,2021,07,BAB XI,Ketentuan Penutup,,,75,1,c,,Ketentuan,"Surat Perintah Penyidikan Nomor: SPP. … tanggal … . 4. Demikian untuk menjadi maklum. Mengetahui, PPNS, Direktur Pengendalian SDPPI/ Kepala UPT …,*) (…………………………………) (…………………………………) NIP ………………………… NIP ………………………… Tembusan kepada Yth.:",Pasal 75 ayat (1) huruf c,"surat, perintah, penyidikan, nomor, tanggal",
Perdirjen_07_2021,Perdirjen Nomor 07 Tahun 2021,Perdirjen,2021,07,BAB XI,Ketentuan Penutup,,,75,1,c,1,Ketentuan,Direktur Jenderal SDPPI;,Pasal 75 ayat (1) huruf c angka 1,"direktur, jenderal, sdppi",
Perdirjen_07_2021,Perdirjen Nomor 07 Tahun 2021,Perdirjen,2021,07,BAB XI,Ketentuan Penutup,,,75,1,c,2,Ketentuan,Pelapor;,Pasal 75 ayat (1) huruf c angka 2,pelapor,
Perdirjen_07_2021,Perdirjen Nomor 07 Tahun 2021,Perdirjen,2021,07,BAB XI,Ketentuan Penutup,,,75,1,c,3,Ketentuan,Tersangka;,Pasal 75 ayat (1) huruf c angka 3,tersangka,
Perdirjen_07_2021,Perdirjen Nomor 07 Tahun 2021,Perdirjen,2021,07,BAB XI,Ketentuan Penutup,,,75,1,c,4,Ketentuan,"Arsip. *) Pilih salah satu 9. SPDP Belum Ada Tersangka (Atasan Selaku PPNS) KOP SURAT DIREKTORAT PENGENDALIAN SDPPI/KEPALA UPT … *) Pro Justitia Nomor : SPDP/…/…/… ………., …………………… Klasifikasi : Rahasia Lampiran : 1 (satu) berkas Hal : Pemberitahuan Dimulainya Penyidikan Kepada: melalui di ………………………….",Pasal 75 ayat (1) huruf c angka 4,"satu, spdp, arsip, pilih, salah",
Perdirjen_07_2021,Perdirjen Nomor 07 Tahun 2021,Perdirjen,2021,07,BAB XI,Ketentuan Penutup,,,75,1,c,1,Ketentuan,Dasar:,Pasal 75 ayat (1) huruf c angka 1,dasar,
Perdirjen_07_2021,Perdirjen Nomor 07 Tahun 2021,Perdirjen,2021,07,BAB XI,Ketentuan Penutup,,,75,1,a,,Ketentuan,"Pasal 6 ayat (1) huruf b, Pasal 7 ayat (2), Pasal 107, dan Pasal 109 ayat",Pasal 75 ayat (1) huruf a,,
Perdirjen_07_2021,Perdirjen Nomor 07 Tahun 2021,Perdirjen,2021,07,BAB XI,Ketentuan Penutup,,,75,1,,,Sanksi,Undang-Undang Nomor 8 Tahun 1981 tentang Kitab Undang- Undang Hukum Acara Pidana;,Pasal 75 ayat (1),"nomor, tahun, kitab, hukum, acara",
Perdirjen_07_2021,Perdirjen Nomor 07 Tahun 2021,Perdirjen,2021,07,BAB XI,Ketentuan Penutup,,,75,1,b,,Ketentuan,Pasal 44 Undang-Undang Nomor 36 Tahun 1999 tentang Telekomunikasi;,Pasal 75 ayat (1) huruf b,"nomor, tahun, telekomunikasi",
Perdirjen_07_2021,Perdirjen Nomor 07 Tahun 2021,Perdirjen,2021,07,BAB XI,Ketentuan Penutup,,,75,1,c,,Ketentuan,Laporan Kejadian Nomor: LK. … tanggal …;,Pasal 75 ayat (1) huruf c,"laporan, kejadian, nomor, tanggal",
Perdirjen_07_2021,Perdirjen Nomor 07 Tahun 2021,Perdirjen,2021,07,BAB XI,Ketentuan Penutup,,,75,1,d,,Ketentuan,Surat Perintah Penyidikan Nomor: SPP. … tanggal … .,Pasal 75 ayat (1) huruf d,"surat, perintah, penyidikan, nomor, tanggal",
Perdirjen_07_2021,Perdirjen Nomor 07 Tahun 2021,Perdirjen,2021,07,BAB XI,Ketentuan Penutup,,,75,1,d,2,Sanksi,"Dengan ini diberitahukan bahwa pada hari … tanggal …, kami telah mulai melakukan penyidikan dugaan tindak pidana di bidang telekomunikasi berupa … sebagaimana dimaksud dalam Pasal … jo. Pasal ... Undang- Undang Nomor 36 Tahun 1999 tentang Telekomunikasi jo. Pasal 55 ayat (1) ke 1 Kitab Undang-Undang Hukum Pidana yang diduga dilakukan oleh Tersangka yang dalam perkara ini dalam proses penyidikan.",Pasal 75 ayat (1) huruf d angka 2,"penyidikan, pidana, telekomunikasi, diberitahukan, hari",
Perdirjen_07_2021,Perdirjen Nomor 07 Tahun 2021,Perdirjen,2021,07,BAB XI,Ketentuan Penutup,,,75,1,d,3,Ketentuan,Berikut dilanpirkan surat administrasi penyidikan:,Pasal 75 ayat (1) huruf d angka 3,"berikut, dilanpirkan, surat, administrasi, penyidikan",
Perdirjen_07_2021,Perdirjen Nomor 07 Tahun 2021,Perdirjen,2021,07,BAB XI,Ketentuan Penutup,,,75,1,a,,Ketentuan,Laporan Kejadian Nomor: LK. … tanggal …;,Pasal 75 ayat (1) huruf a,"laporan, kejadian, nomor, tanggal",
Perdirjen_07_2021,Perdirjen Nomor 07 Tahun 2021,Perdirjen,2021,07,BAB XI,Ketentuan Penutup,,,75,1,b,,Ketentuan,Surat Perintah Tugas Nomor: … tanggal …;,Pasal 75 ayat (1) huruf b,"surat, perintah, tugas, nomor, tanggal",
Perdirjen_07_2021,Perdirjen Nomor 07 Tahun 2021,Perdirjen,2021,07,BAB XI,Ketentuan Penutup,,,75,1,c,,Ketentuan,Surat Perintah Penyidikan Nomor: SPP. … tanggal … .,Pasal 75 ayat (1) huruf c,"surat, perintah, penyidikan, nomor, tanggal",
Perdirjen_07_2021,Perdirjen Nomor 07 Tahun 2021,Perdirjen,2021,07,BAB XI,Ketentuan Penutup,,,75,1,c,4,Ketentuan,Demikian untuk menjadi maklum. Direktur Pengendalian SDPPI/Kepala UPT … *) selaku PPNS (…………………..………………..) NIP ………………………………… Tembusan kepada Yth.:,Pasal 75 ayat (1) huruf c angka 4,"demikian, menjadi, maklum, direktur, pengendalian",
Perdirjen_07_2021,Perdirjen Nomor 07 Tahun 2021,Perdirjen,2021,07,BAB XI,Ketentuan Penutup,,,75,1,c,1,Ketentuan,Direktur Jenderal SDPPI;,Pasal 75 ayat (1) huruf c angka 1,"direktur, jenderal, sdppi",
Perdirjen_07_2021,Perdirjen Nomor 07 Tahun 2021,Perdirjen,2021,07,BAB XI,Ketentuan Penutup,,,75,1,c,2,Ketentuan,Pelapor;,Pasal 75 ayat (1) huruf c angka 2,pelapor,
Perdirjen_07_2021,Perdirjen Nomor 07 Tahun 2021,Perdirjen,2021,07,BAB XI,Ketentuan Penutup,,,75,1,c,3,Ketentuan,"Arsip. *) Pilih salah satu 10. SPDP Belum Ada Tersangka (Atasan Bukan Selaku PPNS) KOP SURAT DIREKTORAT PENGENDALIAN SDPPI/KEPALA UPT … *) Pro Justitia Nomor : SPDP/…/…/… ………., …………………… Klasifikasi : Rahasia Lampiran : 1 (satu) berkas Hal : Pemberitahuan Dimulainya Penyidikan Kepada: melalui di ………………………….",Pasal 75 ayat (1) huruf c angka 3,"satu, spdp, arsip, pilih, salah",
Perdirjen_07_2021,Perdirjen Nomor 07 Tahun 2021,Perdirjen,2021,07,BAB XI,Ketentuan Penutup,,,75,1,c,1,Ketentuan,Dasar:,Pasal 75 ayat (1) huruf c angka 1,dasar,
Perdirjen_07_2021,Perdirjen Nomor 07 Tahun 2021,Perdirjen,2021,07,BAB XI,Ketentuan Penutup,,,75,1,a,,Ketentuan,"Pasal 6 ayat (1) huruf b, Pasal 7 ayat (2), Pasal 107, dan Pasal 109 ayat",Pasal 75 ayat (1) huruf a,,
Perdirjen_07_2021,Perdirjen Nomor 07 Tahun 2021,Perdirjen,2021,07,BAB XI,Ketentuan Penutup,,,75,1,,,Sanksi,Undang-Undang Nomor 8 Tahun 1981 tentang Kitab Undang- Undang Hukum Acara Pidana;,Pasal 75 ayat (1),"nomor, tahun, kitab, hukum, acara",
Perdirjen_07_2021,Perdirjen Nomor 07 Tahun 2021,Perdirjen,2021,07,BAB XI,Ketentuan Penutup,,,75,1,b,,Ketentuan,Pasal 44 Undang-Undang Nomor 36 Tahun 1999 tentang Telekomunikasi;,Pasal 75 ayat (1) huruf b,"nomor, tahun, telekomunikasi",
Perdirjen_07_2021,Perdirjen Nomor 07 Tahun 2021,Perdirjen,2021,07,BAB XI,Ketentuan Penutup,,,75,1,c,,Ketentuan,Laporan Kejadian Nomor: LK. … tanggal …;,Pasal 75 ayat (1) huruf c,"laporan, kejadian, nomor, tanggal",
Perdirjen_07_2021,Perdirjen Nomor 07 Tahun 2021,Perdirjen,2021,07,BAB XI,Ketentuan Penutup,,,75,1,d,,Ketentuan,Surat Perintah Penyidikan Nomor: SPP. … tanggal … .,Pasal 75 ayat (1) huruf d,"surat, perintah, penyidikan, nomor, tanggal",
Perdirjen_07_2021,Perdirjen Nomor 07 Tahun 2021,Perdirjen,2021,07,BAB XI,Ketentuan Penutup,,,75,1,d,2,Sanksi,"Dengan ini diberitahukan bahwa pada hari … tanggal …, kami telah mulai melakukan penyidikan dugaan tindak pidana di bidang telekomunikasi berupa … sebagaimana dimaksud dalam Pasal … jo. Pasal ... Undang- Undang Nomor 36 Tahun 1999 tentang Telekomunikasi jo. Pasal 55 ayat (1) ke 1 Kitab Undang-Undang Hukum Pidana yang diduga dilakukan oleh Tersangka yang dalam perkara ini dalam proses penyidikan.",Pasal 75 ayat (1) huruf d angka 2,"penyidikan, pidana, telekomunikasi, diberitahukan, hari",
Perdirjen_07_2021,Perdirjen Nomor 07 Tahun 2021,Perdirjen,2021,07,BAB XI,Ketentuan Penutup,,,75,1,d,3,Ketentuan,Berikut dilanpirkan surat administrasi penyidikan:,Pasal 75 ayat (1) huruf d angka 3,"berikut, dilanpirkan, surat, administrasi, penyidikan",
Perdirjen_07_2021,Perdirjen Nomor 07 Tahun 2021,Perdirjen,2021,07,BAB XI,Ketentuan Penutup,,,75,1,a,,Ketentuan,Laporan Kejadian Nomor: LK. … tanggal …;,Pasal 75 ayat (1) huruf a,"laporan, kejadian, nomor, tanggal",
Perdirjen_07_2021,Perdirjen Nomor 07 Tahun 2021,Perdirjen,2021,07,BAB XI,Ketentuan Penutup,,,75,1,b,,Ketentuan,Surat Perintah Tugas Nomor: … tanggal …;,Pasal 75 ayat (1) huruf b,"surat, perintah, tugas, nomor, tanggal",
Perdirjen_07_2021,Perdirjen Nomor 07 Tahun 2021,Perdirjen,2021,07,BAB XI,Ketentuan Penutup,,,75,1,c,,Ketentuan,Surat Perintah Penyidikan Nomor: SPP. … tanggal … .,Pasal 75 ayat (1) huruf c,"surat, perintah, penyidikan, nomor, tanggal",
Perdirjen_07_2021,Perdirjen Nomor 07 Tahun 2021,Perdirjen,2021,07,BAB XI,Ketentuan Penutup,,,75,1,c,4,Ketentuan,"Demikian untuk menjadi maklum. Mengetahui, PPNS, Direktur Pengendalian SDPPI/ Kepala UPT …,*) (…………………………………) (…………………………………) NIP ………………………… NIP ………………………… Tembusan kepada Yth.:",Pasal 75 ayat (1) huruf c angka 4,"demikian, menjadi, maklum, mengetahui, ppns",
Perdirjen_07_2021,Perdirjen Nomor 07 Tahun 2021,Perdirjen,2021,07,BAB XI,Ketentuan Penutup,,,75,1,c,1,Ketentuan,Direktur Jenderal SDPPI;,Pasal 75 ayat (1) huruf c angka 1,"direktur, jenderal, sdppi",
Perdirjen_07_2021,Perdirjen Nomor 07 Tahun 2021,Perdirjen,2021,07,BAB XI,Ketentuan Penutup,,,75,1,c,2,Ketentuan,Pelapor;,Pasal 75 ayat (1) huruf c angka 2,pelapor,
Perdirjen_07_2021,Perdirjen Nomor 07 Tahun 2021,Perdirjen,2021,07,BAB XI,Ketentuan Penutup,,,75,1,c,3,Ketentuan,"Arsip. *) Pilih salah satu 11. Surat Penyampaian SPDP Melalui POLRI Ada Tersangka KOP SURAT DIREKTORAT PENGENDALIAN SDPPI/KEPALA UPT … *) Nomor : B/…/…/… ………., …………………… Klasifikasi : Biasa Lampiran : 1 (satu) berkas Hal : Bantuan Penyampaian SPDP Kepada: Yth. DIREKTUR RESERSE KRIMINAL",Pasal 75 ayat (1) huruf c angka 3,"satu, surat, penyampaian, spdp, arsip",
Perdirjen_07_2021,Perdirjen Nomor 07 Tahun 2021,Perdirjen,2021,07,BAB XI,Ketentuan Penutup,,,75,1,cq,,Ketentuan,KASI KORWAS PPNS di ………………………….,Pasal 75 ayat (1) huruf cq,"kasi, korwas, ppns",
Perdirjen_07_2021,Perdirjen Nomor 07 Tahun 2021,Perdirjen,2021,07,BAB XI,Ketentuan Penutup,,,75,1,cq,1,Ketentuan,Dasar:,Pasal 75 ayat (1) huruf cq angka 1,dasar,
Perdirjen_07_2021,Perdirjen Nomor 07 Tahun 2021,Perdirjen,2021,07,BAB XI,Ketentuan Penutup,,,75,1,a,,Ketentuan,"Pasal 6 ayat (1) huruf b, Pasal 7 ayat (2), Pasal 107, dan Pasal 109 ayat",Pasal 75 ayat (1) huruf a,,
Perdirjen_07_2021,Perdirjen Nomor 07 Tahun 2021,Perdirjen,2021,07,BAB XI,Ketentuan Penutup,,,75,1,,,Sanksi,Undang-Undang Nomor 8 Tahun 1981 tentang Kitab Undang- Undang Hukum Acara Pidana;,Pasal 75 ayat (1),"nomor, tahun, kitab, hukum, acara",
Perdirjen_07_2021,Perdirjen Nomor 07 Tahun 2021,Perdirjen,2021,07,BAB XI,Ketentuan Penutup,,,75,1,b,,Ketentuan,Pasal 44 Undang-Undang Nomor 36 Tahun 1999 tentang Telekomunikasi;,Pasal 75 ayat (1) huruf b,"nomor, tahun, telekomunikasi",
Perdirjen_07_2021,Perdirjen Nomor 07 Tahun 2021,Perdirjen,2021,07,BAB XI,Ketentuan Penutup,,,75,1,c,,Ketentuan,Laporan Kejadian Nomor: LK. … tanggal …;,Pasal 75 ayat (1) huruf c,"laporan, kejadian, nomor, tanggal",
Perdirjen_07_2021,Perdirjen Nomor 07 Tahun 2021,Perdirjen,2021,07,BAB XI,Ketentuan Penutup,,,75,1,d,,Ketentuan,Surat Perintah Penyidikan Nomor: SPP. … tanggal …;,Pasal 75 ayat (1) huruf d,"surat, perintah, penyidikan, nomor, tanggal",
Perdirjen_07_2021,Perdirjen Nomor 07 Tahun 2021,Perdirjen,2021,07,BAB XI,Ketentuan Penutup,,,75,1,e,,Ketentuan,Surat Pemberitahuan Dimulainya Penyidikan Nomor: SPDP/…/…/… .,Pasal 75 ayat (1) huruf e,"surat, pemberitahuan, dimulainya, penyidikan, nomor",
Perdirjen_07_2021,Perdirjen Nomor 07 Tahun 2021,Perdirjen,2021,07,BAB XI,Ketentuan Penutup,,,75,1,e,2,Sanksi,"Sehubungan dengan hal tersebut di atas, bersama ini kami mohon bantuan Saudara untuk dapat mengirimkan Surat Pemberitahuan Dimulainya Penyidikan ke Kejaksaan …… terkait dugaan tindak pidana di bidang Telekomunikasi berupa ........, sebagaimana dimaksud dalam Pasal … jo. Pasal … Undang-Undang Nomor 36 Tahun 1999 tentang Telekomunikasi jo. Pasal 55 ayat (1) ke 1 Kitab Undang-Undang Hukum Pidana yang diduga dilakukan oleh Tersangka: Nama : ....................................................................... Tempat/Tanggal Lahir : ....................................................................... Jenis Kelamin : ....................................................................... Kewarganegaraan : ....................................................................... Agama : ....................................................................... Pekerjaan : ....................................................................... Alamat/Tempat tinggal : ....................................................................... 3. Demikian untuk menjadi maklum dan atas kerja samanya diucapkan terimakasih. Direktur Pengendalian SDPPI/ Kepala UPT …, *) (…………………..………………..) NIP ………………………………… Tembusan kepada Yth.:",Pasal 75 ayat (1) huruf e angka 2,"pidana, telekomunikasi, tempat, sehubungan, tersebut",
Perdirjen_07_2021,Perdirjen Nomor 07 Tahun 2021,Perdirjen,2021,07,BAB XI,Ketentuan Penutup,,,75,1,e,1,Ketentuan,Direktur Jenderal SDPPI;,Pasal 75 ayat (1) huruf e angka 1,"direktur, jenderal, sdppi",
Perdirjen_07_2021,Perdirjen Nomor 07 Tahun 2021,Perdirjen,2021,07,BAB XI,Ketentuan Penutup,,,75,1,e,2,Ketentuan,"Arsip. *) Pilih salah satu 12. Surat Penyampaian SPDP Melalui POLRI Belum Ada Tersangka KOP SURAT DIREKTORAT PENGENDALIAN SDPPI/KEPALA UPT … *) Nomor : B/…/…/… ………., …………………… Klasifikasi : Biasa Lampiran : 1 (satu) berkas Hal : Bantuan Penyampaian SPDP Kepada: Yth. DIREKTUR RESERSE KRIMINAL",Pasal 75 ayat (1) huruf e angka 2,"satu, surat, penyampaian, spdp, arsip",
Perdirjen_07_2021,Perdirjen Nomor 07 Tahun 2021,Perdirjen,2021,07,BAB XI,Ketentuan Penutup,,,75,1,cq,,Ketentuan,KASI KORWAS PPNS di ………………………….,Pasal 75 ayat (1) huruf cq,"kasi, korwas, ppns",
Perdirjen_07_2021,Perdirjen Nomor 07 Tahun 2021,Perdirjen,2021,07,BAB XI,Ketentuan Penutup,,,75,1,cq,1,Ketentuan,Dasar:,Pasal 75 ayat (1) huruf cq angka 1,dasar,
Perdirjen_07_2021,Perdirjen Nomor 07 Tahun 2021,Perdirjen,2021,07,BAB XI,Ketentuan Penutup,,,75,1,a,,Ketentuan,"Pasal 6 ayat (1) huruf b, Pasal 7 ayat (2), Pasal 107, dan Pasal 109 ayat",Pasal 75 ayat (1) huruf a,,
Perdirjen_07_2021,Perdirjen Nomor 07 Tahun 2021,Perdirjen,2021,07,BAB XI,Ketentuan Penutup,,,75,1,,,Sanksi,Undang-Undang Nomor 8 Tahun 1981 tentang Kitab Undang- Undang Hukum Acara Pidana;,Pasal 75 ayat (1),"nomor, tahun, kitab, hukum, acara",
Perdirjen_07_2021,Perdirjen Nomor 07 Tahun 2021,Perdirjen,2021,07,BAB XI,Ketentuan Penutup,,,75,1,b,,Ketentuan,Pasal 44 Undang-Undang Nomor 36 Tahun 1999 tentang Telekomunikasi;,Pasal 75 ayat (1) huruf b,"nomor, tahun, telekomunikasi",
Perdirjen_07_2021,Perdirjen Nomor 07 Tahun 2021,Perdirjen,2021,07,BAB XI,Ketentuan Penutup,,,75,1,c,,Ketentuan,Laporan Kejadian Nomor: LK. … tanggal …;,Pasal 75 ayat (1) huruf c,"laporan, kejadian, nomor, tanggal",
Perdirjen_07_2021,Perdirjen Nomor 07 Tahun 2021,Perdirjen,2021,07,BAB XI,Ketentuan Penutup,,,75,1,d,,Ketentuan,Surat Perintah Penyidikan Nomor: SPP. … tanggal …;,Pasal 75 ayat (1) huruf d,"surat, perintah, penyidikan, nomor, tanggal",
Perdirjen_07_2021,Perdirjen Nomor 07 Tahun 2021,Perdirjen,2021,07,BAB XI,Ketentuan Penutup,,,75,1,e,,Ketentuan,Surat Pemberitahuan Dimulainya Penyidikan Nomor: SPDP/…/…/… .,Pasal 75 ayat (1) huruf e,"surat, pemberitahuan, dimulainya, penyidikan, nomor",
Perdirjen_07_2021,Perdirjen Nomor 07 Tahun 2021,Perdirjen,2021,07,BAB XI,Ketentuan Penutup,,,75,1,e,2,Sanksi,"Sehubungan dengan hal tersebut di atas, bersama ini kami mohon bantuan Saudara untuk dapat mengirimkan Surat Pemberitahuan Dimulainya Penyidikan ke Kejaksaan …… terkait dugaan tindak pidana di bidang Telekomunikasi berupa ........, sebagaimana dimaksud dalam Pasal … jo. Pasal … Undang-Undang Nomor 36 Tahun 1999 tentang Telekomunikasi jo. Pasal 55 ayat (1) ke 1 Kitab Undang-Undang Hukum Pidana yang diduga dilakukan oleh Tersangka yang dalam perkara ini dalam proses penyidikan.",Pasal 75 ayat (1) huruf e angka 2,"penyidikan, pidana, telekomunikasi, sehubungan, tersebut",
Perdirjen_07_2021,Perdirjen Nomor 07 Tahun 2021,Perdirjen,2021,07,BAB XI,Ketentuan Penutup,,,75,1,e,3,Ketentuan,"Demikian untuk menjadi maklum dan atas kerja samanya diucapkan terimakasih. Direktur Pengendalian SDPPI/ Kepala UPT …, *) (…………………..………………..) NIP ………………………………… Tembusan kepada Yth.:",Pasal 75 ayat (1) huruf e angka 3,"demikian, menjadi, maklum, kerja, samanya",
Perdirjen_07_2021,Perdirjen Nomor 07 Tahun 2021,Perdirjen,2021,07,BAB XI,Ketentuan Penutup,,,75,1,e,1,Ketentuan,Direktur Jenderal SDPPI;,Pasal 75 ayat (1) huruf e angka 1,"direktur, jenderal, sdppi",
Perdirjen_07_2021,Perdirjen Nomor 07 Tahun 2021,Perdirjen,2021,07,BAB XI,Ketentuan Penutup,,,75,1,e,2,Ketentuan,"Arsip. *) Pilih salah satu 13. Surat Pendampingan Personil untuk Penyidikan KOP SURAT DIREKTORAT PENGENDALIAN SDPPI/KEPALA UPT … *) Nomor : B/…/…/… ………., …………………… Klasifikasi : Biasa Lampiran : - Hal : Permintaan Bantuan Personil Pendampingan Penyidikan Kepada: Yth. DIREKTUR RESERSE KRIMINAL",Pasal 75 ayat (1) huruf e angka 2,"surat, pendampingan, personil, penyidikan, arsip",
Perdirjen_07_2021,Perdirjen Nomor 07 Tahun 2021,Perdirjen,2021,07,BAB XI,Ketentuan Penutup,,,75,1,cq,,Ketentuan,KASI KORWAS PPNS di ………………………….,Pasal 75 ayat (1) huruf cq,"kasi, korwas, ppns",
Perdirjen_07_2021,Perdirjen Nomor 07 Tahun 2021,Perdirjen,2021,07,BAB XI,Ketentuan Penutup,,,75,1,cq,1,Ketentuan,Dasar:,Pasal 75 ayat (1) huruf cq angka 1,dasar,
Perdirjen_07_2021,Perdirjen Nomor 07 Tahun 2021,Perdirjen,2021,07,BAB XI,Ketentuan Penutup,,,75,1,a,,Ketentuan,"Pasal 6 ayat (1) huruf b, Pasal 7 ayat (2), Pasal 107, dan Pasal 109 ayat",Pasal 75 ayat (1) huruf a,,
Perdirjen_07_2021,Perdirjen Nomor 07 Tahun 2021,Perdirjen,2021,07,BAB XI,Ketentuan Penutup,,,75,1,,,Sanksi,Undang-Undang Nomor 8 Tahun 1981 tentang Kitab Undang- Undang Hukum Acara Pidana;,Pasal 75 ayat (1),"nomor, tahun, kitab, hukum, acara",
Perdirjen_07_2021,Perdirjen Nomor 07 Tahun 2021,Perdirjen,2021,07,BAB XI,Ketentuan Penutup,,,75,1,b,,Ketentuan,"Pasal 9 Peraturan Pemerintah Nomor 43 Tahun 2012 tentang Tata Cara Pelaksanaan Koordinasi, Pengawasan, dan Pembinaan terhadap Kepolisian Khusus, Penyidik Pengawai Negeri Sipil, dan Bentuk- Bentuk Pengamanan Swakarsa;",Pasal 75 ayat (1) huruf b,"bentuk, nomor, tahun, tata, cara",Pemerintah
Perdirjen_07_2021,Perdirjen Nomor 07 Tahun 2021,Perdirjen,2021,07,BAB XI,Ketentuan Penutup,,,75,1,c,,Ketentuan,Laporan Kejadian Nomor: LK. … tanggal …;,Pasal 75 ayat (1) huruf c,"laporan, kejadian, nomor, tanggal",
Perdirjen_07_2021,Perdirjen Nomor 07 Tahun 2021,Perdirjen,2021,07,BAB XI,Ketentuan Penutup,,,75,1,d,,Ketentuan,Surat Perintah Penyidikan Nomor: SPP. … tanggal …;,Pasal 75 ayat (1) huruf d,"surat, perintah, penyidikan, nomor, tanggal",
Perdirjen_07_2021,Perdirjen Nomor 07 Tahun 2021,Perdirjen,2021,07,BAB XI,Ketentuan Penutup,,,75,1,e,,Ketentuan,Surat Pemberitahuan Dimulainya Penyidikan Nomor: SPDP/…/…/… .,Pasal 75 ayat (1) huruf e,"surat, pemberitahuan, dimulainya, penyidikan, nomor",
Perdirjen_07_2021,Perdirjen Nomor 07 Tahun 2021,Perdirjen,2021,07,BAB XI,Ketentuan Penutup,,,75,1,e,2,Sanksi,"Disampaikan kepada Saudara Direktur bahwa saat ini PPNS … sedang melaksanakan penyidikan dugaan tindak pidana di bidang Telekomunikasi berupa …, sebagaimana dimaksud dalam Pasal … jo. Pasal … Undang- Undang Nomor 36 Tahun 1999 tentang Telekomunikasi jo. Pasal 55 ayat (1) ke 1 Kitab Undang-Undang Hukum Pidana.",Pasal 75 ayat (1) huruf e angka 2,"pidana, telekomunikasi, disampaikan, kepada, saudara",
Perdirjen_07_2021,Perdirjen Nomor 07 Tahun 2021,Perdirjen,2021,07,BAB XI,Ketentuan Penutup,,,75,1,e,3,Ketentuan,"Sehubungan dengan angka 1 dan angka 2 di atas, dimohon bantuan Saudara Direktur untuk dapat menunjuk personil Korwas PPNS Ditreskrimsus Polda … sebanyak … (...), guna melakukan pendampingan selama proses penyidikan yang dilakukan oleh PPNS … .",Pasal 75 ayat (1) huruf e angka 3,"ppns, sehubungan, dimohon, bantuan, saudara",
Perdirjen_07_2021,Perdirjen Nomor 07 Tahun 2021,Perdirjen,2021,07,BAB XI,Ketentuan Penutup,,,75,1,e,4,Ketentuan,"Demikian untuk menjadi maklum dan atas kerja samanya diucapkan terimakasih. Direktur Pengendalian SDPPI/ Kepala UPT …, *) (…………………..………………..) NIP ………………………………… Tembusan kepada Yth.:",Pasal 75 ayat (1) huruf e angka 4,"demikian, menjadi, maklum, kerja, samanya",
Perdirjen_07_2021,Perdirjen Nomor 07 Tahun 2021,Perdirjen,2021,07,BAB XI,Ketentuan Penutup,,,75,1,e,1,Ketentuan,Direktur Jenderal SDPPI;,Pasal 75 ayat (1) huruf e angka 1,"direktur, jenderal, sdppi",
Perdirjen_07_2021,Perdirjen Nomor 07 Tahun 2021,Perdirjen,2021,07,BAB XI,Ketentuan Penutup,,,75,1,e,2,Sanksi,"Arsip. *) Pilih salah satu 14. Surat Panggilan Saksi (Atasan Selaku PPNS) KOP SURAT DIREKTORAT PENGENDALIAN SDPPI/KEPALA UPT … *) Pros Justitia SURAT PANGGILAN Nomor: S.PGL. ……………………………. Pertimbangan : bahwa untuk kepentingan pemeriksaan dalam rangka penyidikan tindak pidana di bidang telekomunikasi, perlu memanggil seseorang untuk didengar keterangannya; Dasar : 1. Pasal 7 ayat (1) huruf g, Pasal 11 ayat (1), Pasal 112 ayat (1) dan ayat (2), dan Pasal 113 Undang-Undang Nomor 8 Tahun 1981 tentang Kitab Undang-Undang Hukum Acara Pidana;",Pasal 75 ayat (1) huruf e angka 2,"surat, panggilan, nomor, pidana, arsip",
Perdirjen_07_2021,Perdirjen Nomor 07 Tahun 2021,Perdirjen,2021,07,BAB XI,Ketentuan Penutup,,,75,1,e,2,Ketentuan,Pasal 44 Undang-Undang Nomor 36 Tahun 1999 tentang Telekomunikasi;,Pasal 75 ayat (1) huruf e angka 2,"nomor, tahun, telekomunikasi",
Perdirjen_07_2021,Perdirjen Nomor 07 Tahun 2021,Perdirjen,2021,07,BAB XI,Ketentuan Penutup,,,75,1,e,3,Ketentuan,Laporan Kejadian Nomor: LK/…/…/20… tanggal …;,Pasal 75 ayat (1) huruf e angka 3,"laporan, kejadian, nomor, tanggal",
Perdirjen_07_2021,Perdirjen Nomor 07 Tahun 2021,Perdirjen,2021,07,BAB XI,Ketentuan Penutup,,,75,1,e,4,Sanksi,"Surat Perintah Penyidikan Nomor: Sprin Sidik/…/…/20… tanggal …; MEMANGGIL: Alamat/Tempat Tinggal : ............................................. Untuk : menghadap kepada Penyidik Pegawai Negeri Sipil (PPNS) ………… [diisi nama PPNS] dan Tim di Kantor … kamar nomor … di Jalan … nomor telepon … pada hari … tanggal … pukul … untuk didengar keterangan sebagai Saksi dalam dugaan tindak pidana di bidang telekomunikasi berupa …, sebagaimana dimaksud dalam Pasal … jo. Pasal … Undang- Undang Nomor 36 Tahun 1999 tentang Telekomunikasi jo. Pasal 55 ayat (1) ke 1 Kitab Undang-Undang Hukum Pidana. ……………………., …………………………… Direktur Pengendalian SDPPI/Kepala UPT … *) selaku PPNS, (………………………………………) NIP …………………………………. Pada hari ini … tanggal …, 1 (satu) lembar dari Surat Panggilan dengan Nomor: S.PGL. ….. telah diterima oleh: Yang Menerima, Yang Menyerahkan, (…………………………………) (…………………………………) PERHATIAN: Barang siapa yang dengan melawan hukum tidak menghadap sesudah dipanggil menurut undang-undang dapat dituntut berdasarkan ketentuan Pasal 216 KUHP. CATATAN: Berhubungan pemeriksaan belum selesai, agar datang kembali pada: NO. HARI TANGAL PUKUL TANDA TANGAN YANG DIPERIKSA PENYIDIK 15. Surat Panggilan Saksi (Atasan Bukan Selaku PPNS) KOP SURAT DIREKTORAT PENGENDALIAN SDPPI/KEPALA UPT … *) Pros Justitia SURAT PANGGILAN Nomor: S.PGL. ……………………………. Pertimbangan : bahwa untuk kepentingan pemeriksaan dalam rangka penyidikan tindak pidana di bidang telekomunikasi, perlu memanggil seseorang untuk didengar keterangannya; Dasar : 1. Pasal 7 ayat (1) huruf g, Pasal 11 ayat (1), Pasal 112 ayat (1) dan ayat (2), dan Pasal 113 Undang-Undang Nomor 8 Tahun 1981 tentang Kitab Undang-Undang Hukum Acara Pidana;",Pasal 75 ayat (1) huruf e angka 4,"nomor, surat, ppns, pidana, tanggal",
Perdirjen_07_2021,Perdirjen Nomor 07 Tahun 2021,Perdirjen,2021,07,BAB XI,Ketentuan Penutup,,,75,1,e,2,Ketentuan,Pasal 44 Undang-Undang Nomor 36 Tahun 1999 tentang Telekomunikasi;,Pasal 75 ayat (1) huruf e angka 2,"nomor, tahun, telekomunikasi",
Perdirjen_07_2021,Perdirjen Nomor 07 Tahun 2021,Perdirjen,2021,07,BAB XI,Ketentuan Penutup,,,75,1,e,3,Ketentuan,Laporan Kejadian Nomor: LK/…/…/20… tanggal …;,Pasal 75 ayat (1) huruf e angka 3,"laporan, kejadian, nomor, tanggal",
Perdirjen_07_2021,Perdirjen Nomor 07 Tahun 2021,Perdirjen,2021,07,BAB XI,Ketentuan Penutup,,,75,1,e,4,Sanksi,"Surat Perintah Penyidikan Nomor: Sprin Sidik/…/…/20… tanggal …; MEMANGGIL: Alamat/Tempat Tinggal : ............................................. Untuk : menghadap kepada Penyidik Pegawai Negeri Sipil (PPNS) ………… [diisi nama PPNS] dan Tim di Kantor … kamar nomor … di Jalan … Nomor telepon … pada hari … tanggal … pukul … untuk didengar keterangan sebagai Saksi dalam dugaan tindak pidana di bidang Telekomunikasi berupa …, sebagaimana dimaksud dalam Pasal … jo. Pasal … Undang- Undang Nomor 36 Tahun 1999 tentang Telekomunikasi jo. Pasal 55 ayat (1) ke 1 Kitab Undang-Undang Hukum Pidana. ……………………., ……………………20..… Mengetahui, PPNS, Direktur Pengendalian SDPPI/ Ketua UPT …, *) (…………………………………) (…………………………………) NIP ………………………… NIP ………………………… Pada hari ini … tanggal …, 1 (satu) lembar dari Surat Panggilan dengan Nomor: S.PGL. ….. telah diterima oleh: Yang Menerima, Yang Menyerahkan, (…………………………………) (…………………………………) PERHATIAN: Barang siapa yang dengan melawan hukum tidak menghadap sesudah dipanggil menurut undang-undang dapat dituntut berdasarkan ketentuan Pasal 216 KUHP. CATATAN: Berhubungan pemeriksaan belum selesai, agar datang kembali pada: NO. HARI TANGAL PUKUL TANDA TANGAN YANG DIPERIKSA PENYIDIK 16. Surat Panggilan Saksi Kedua (Atasan Selaku PPNS) KOP SURAT DIREKTORAT PENGENDALIAN SDPPI/KEPALA UPT … *) Pros Justitia SURAT PANGGILAN KEDUA Nomor: S.PGL. ……………………………. Pertimbangan : bahwa untuk kepentingan pemeriksaan dalam rangka penyidikan tindak pidana di bidang telekomunikasi, perlu memanggil seseorang untuk didengar keterangannya; Dasar : 1. Pasal 7 ayat (1) huruf g, Pasal 11 ayat (1), Pasal 112 ayat (1) dan ayat (2), dan Pasal 113 Undang-Undang Nomor 8 Tahun 1981 tentang Kitab Undang-Undang Hukum Acara Pidana;",Pasal 75 ayat (1) huruf e angka 4,"nomor, surat, ppns, pidana, tanggal",
Perdirjen_07_2021,Perdirjen Nomor 07 Tahun 2021,Perdirjen,2021,07,BAB XI,Ketentuan Penutup,,,75,1,e,2,Ketentuan,Pasal 44 Undang-Undang Nomor 36 Tahun 1999 tentang Telekomunikasi;,Pasal 75 ayat (1) huruf e angka 2,"nomor, tahun, telekomunikasi",
Perdirjen_07_2021,Perdirjen Nomor 07 Tahun 2021,Perdirjen,2021,07,BAB XI,Ketentuan Penutup,,,75,1,e,3,Ketentuan,Laporan Kejadian Nomor: LK/…/…/20… tanggal …;,Pasal 75 ayat (1) huruf e angka 3,"laporan, kejadian, nomor, tanggal",
Perdirjen_07_2021,Perdirjen Nomor 07 Tahun 2021,Perdirjen,2021,07,BAB XI,Ketentuan Penutup,,,75,1,e,4,Ketentuan,Surat Perintah Penyidikan Nomor: Sprin Sidik/…/…/20… tanggal …;,Pasal 75 ayat (1) huruf e angka 4,"surat, perintah, penyidikan, nomor, sprin",
Perdirjen_07_2021,Perdirjen Nomor 07 Tahun 2021,Perdirjen,2021,07,BAB XI,Ketentuan Penutup,,,75,1,e,5,Sanksi,"Surat Panggilan Nomor: S.PGL/…/…/20… tanggal … atas nama …; MEMANGGIL: Alamat/Tempat Tinggal : ............................................. Untuk : menghadap kepada Penyidik Pegawai Negeri Sipil (PPNS) ………… [diisi nama PPNS] dan Tim di Kantor … kamar nomor … di Jalan … nomor telepon … pada hari … tanggal … pukul … untuk didengar keterangan sebagai Saksi dalam dugaan tindak pidana di bidang telekomunikasi berupa …, sebagaimana dimaksud dalam Pasal … jo. Pasal … Undang- Undang Nomor 36 Tahun 1999 tentang Telekomunikasi jo. Pasal 55 ayat (1) ke 1 Kitab Undang-Undang Hukum Pidana. ……………………., ……………………20..… Direktur Pengendalian SDPPI/Kepala UPT … *) selaku PPNS, (………………………………………) NIP …………………………………. Pada hari ini … tanggal …, 1 (satu) lembar dari Surat Panggilan dengan Nomor: S.PGL. ….. telah diterima oleh: Yang Menerima, Yang Menyerahkan, (…………………………………) (…………………………………) PERHATIAN: Barang siapa yang dengan melawan hukum tidak menghadap sesudah dipanggil menurut undang-undang dapat dituntut berdasarkan ketentuan Pasal 216 KUHP. CATATAN: Berhubungan pemeriksaan belum selesai, agar datang kembali pada: NO. HARI TANGAL PUKUL TANDA TANGAN YANG DIPERIKSA PENYIDIK 17. Surat Panggilan Saksi Kedua (Atasan Bukan Selaku PPNS) KOP SURAT DIREKTORAT PENGENDALIAN SDPPI/KEPALA UPT … *) Pros Justitia SURAT PANGGILAN KEDUA Nomor: S.PGL. ……………………………. Pertimbangan : bahwa untuk kepentingan pemeriksaan dalam rangka penyidikan tindak pidana di bidang telekomunikasi, perlu memanggil seseorang untuk didengar keterangannya; Dasar : 1. Pasal 7 ayat (1) huruf g, Pasal 11 ayat (1), Pasal 112 ayat (1) dan ayat (2), dan Pasal 113 Undang-Undang Nomor 8 Tahun 1981 tentang Kitab Undang-Undang Hukum Acara Pidana;",Pasal 75 ayat (1) huruf e angka 5,"nomor, surat, panggilan, ppns, pidana",
Perdirjen_07_2021,Perdirjen Nomor 07 Tahun 2021,Perdirjen,2021,07,BAB XI,Ketentuan Penutup,,,75,1,e,6,Ketentuan,Pasal 44 Undang-Undang Nomor 36 Tahun 1999 tentang Telekomunikasi;,Pasal 75 ayat (1) huruf e angka 6,"nomor, tahun, telekomunikasi",
Perdirjen_07_2021,Perdirjen Nomor 07 Tahun 2021,Perdirjen,2021,07,BAB XI,Ketentuan Penutup,,,75,1,e,7,Ketentuan,Laporan Kejadian Nomor: LK/…/…/20… tanggal …;,Pasal 75 ayat (1) huruf e angka 7,"laporan, kejadian, nomor, tanggal",
Perdirjen_07_2021,Perdirjen Nomor 07 Tahun 2021,Perdirjen,2021,07,BAB XI,Ketentuan Penutup,,,75,1,e,8,Ketentuan,Surat Perintah Penyidikan Nomor: Sprin Sidik/…/…/20… tanggal …;,Pasal 75 ayat (1) huruf e angka 8,"surat, perintah, penyidikan, nomor, sprin",
Perdirjen_07_2021,Perdirjen Nomor 07 Tahun 2021,Perdirjen,2021,07,BAB XI,Ketentuan Penutup,,,75,1,e,9,Sanksi,"Surat Panggilan Nomor: S.PGL/…/…/20… tanggal … atas nama …; MEMANGGIL: Alamat/Tempat Tinggal : ............................................. Untuk : menghadap kepada Penyidik Pegawai Negeri Sipil (PPNS) ………… [diisi nama PPNS] dan Tim di Kantor … kamar nomor … di Jalan … nomor telepon … pada hari … tanggal … pukul … untuk didengar keterangan sebagai Saksi dalam dugaan tindak pidana di bidang telekomunikasi berupa …, sebagaimana dimaksud dalam Pasal … jo. Pasal … Undang- Undang Nomor 36 Tahun 1999 tentang Telekomunikasi jo. Pasal 55 ayat (1) ke 1 Kitab Undang-Undang Hukum Pidana. ……………………., ……………………20..… Mengetahui, PPNS, Direktur Pengendalian SDPPI/ Ketua UPT …, *) (…………………………………) (…………………………………) NIP ………………………… NIP ………………………… Pada hari ini … tanggal …, 1 (satu) lembar dari Surat Panggilan dengan Nomor: S.PGL. ….. telah diterima oleh: Yang Menerima, Yang Menyerahkan, (…………………………………) (…………………………………) PERHATIAN: Barang siapa yang dengan melawan hukum tidak menghadap sesudah dipanggil menurut undang-undang dapat dituntut berdasarkan ketentuan Pasal 216 KUHP. CATATAN: Berhubungan pemeriksaan belum selesai, agar datang kembali pada: NO. HARI TANGAL PUKUL TANDA TANGAN YANG DIPERIKSA PENYIDIK 18. Surat Permohonan Membawa Saksi/Tersangka (Atasan Selaku PPNS) KOP SURAT DIREKTORAT PENGENDALIAN SDPPI / BALMON / LOKA Pro Justitia Nomor : R/………./……………/20…. …………., ……………..20.. Klasifikasi : Rahasia Lampiran : 1 (satu) berkas Hal : Permohonan Membawa Saksi/Tersangka Kepada Yth. Yth. DIREKTUR RESERSE KRIMINAL KHUSUS POLDA …… Cq. KASI KORWAS PPNS di …………..",Pasal 75 ayat (1) huruf e angka 9,"nomor, ppns, surat, tanggal, hari",
Perdirjen_07_2021,Perdirjen Nomor 07 Tahun 2021,Perdirjen,2021,07,BAB XI,Ketentuan Penutup,,,75,1,e,1,Ketentuan,DASAR :,Pasal 75 ayat (1) huruf e angka 1,dasar,
Perdirjen_07_2021,Perdirjen Nomor 07 Tahun 2021,Perdirjen,2021,07,BAB XI,Ketentuan Penutup,,,75,1,a,,Sanksi,"Pasal 6 ayat (1) huruf b, Pasal 7 ayat (2), Pasal 107 ayat (1), Pasal 112 UU No. 8 Tahun 1981 tentang Kitab Undang-Undang Hukum Acara Pidana;",Pasal 75 ayat (1) huruf a,"tahun, kitab, hukum, acara, pidana",
Perdirjen_07_2021,Perdirjen Nomor 07 Tahun 2021,Perdirjen,2021,07,BAB XI,Ketentuan Penutup,,,75,1,b,,Ketentuan,"Pasal 9 Peraturan Pemerintah Nomor 43 Tahun 2012 tentang Tata Cara Pelaksanaan Koordinasi, Pengawasan, dan Pembinaan terhadap Kepolisian Khusus, Penyidik Pegawai Negeri Sipil dan bentuk-bentuk pengamanan swakarsa;",Pasal 75 ayat (1) huruf b,"bentuk, nomor, tahun, tata, cara",Pemerintah
Perdirjen_07_2021,Perdirjen Nomor 07 Tahun 2021,Perdirjen,2021,07,BAB XI,Ketentuan Penutup,,,75,1,c,,Ketentuan,"Laporan Kejadian Nomor : LK/……./….…./20…., tanggal ……;",Pasal 75 ayat (1) huruf c,"laporan, kejadian, nomor, tanggal",
Perdirjen_07_2021,Perdirjen Nomor 07 Tahun 2021,Perdirjen,2021,07,BAB XI,Ketentuan Penutup,,,75,1,d,,Ketentuan,"Surat Perintah Penyidikan Nomor : Sprin Sidik/…../…..…./20…., tanggal ………..;",Pasal 75 ayat (1) huruf d,"surat, perintah, penyidikan, nomor, sprin",
Perdirjen_07_2021,Perdirjen Nomor 07 Tahun 2021,Perdirjen,2021,07,BAB XI,Ketentuan Penutup,,,75,1,e,,Ketentuan,Surat Panggilan Nomor : S.Pgl/…../……/20…. tanggal ……;,Pasal 75 ayat (1) huruf e,"surat, panggilan, nomor, tanggal",
Perdirjen_07_2021,Perdirjen Nomor 07 Tahun 2021,Perdirjen,2021,07,BAB XI,Ketentuan Penutup,,,75,1,f,,Ketentuan,Surat Panggilan Ke II Nomor : S.Pgl/…../……/20…. tanggal ……;,Pasal 75 ayat (1) huruf f,"surat, panggilan, nomor, tanggal",
Perdirjen_07_2021,Perdirjen Nomor 07 Tahun 2021,Perdirjen,2021,07,BAB XI,Ketentuan Penutup,,,75,1,f,2,Sanksi,"Sehubungan dengan hal tersebut diatas, bersama ini kami sampaikan kepada Dir bahwa telah dipanggil secara sah 2 (dua) kali berturut-turut tetapi tidak memenuhi panggilan tanpa alasan yang sah, terhadap saksi/tersangka: Nama : …………………………………………. Tempat Tanggal Lahir : …………………………………………. Jenis Kelamin : …………………………………………. Kewarganegaraan : …………………………………………. Agama : …………………………………………. Pekerjaan : Tempat Tinggal / Alamat : Dalam perkara tindak pidana di Bidang Telekomunikasi, sebagaimana dimaksud dalam Pasal …… Jo Pasal …….. Undang-Undang No. 36 Tahun 1999 tentang Telekomunikasi Jo Pasal 55 ayat (1) ke 1 KUH Pidana.",Pasal 75 ayat (1) huruf f angka 2,"tempat, pidana, telekomunikasi, sehubungan, tersebut",
Perdirjen_07_2021,Perdirjen Nomor 07 Tahun 2021,Perdirjen,2021,07,BAB XI,Ketentuan Penutup,,,75,1,f,3,Sanksi,Untuk kepentingan pemeriksaan dalam rangka penyidikan tindak pidana tersebut dimohon kepada Dir untuk membantu pelaksanaan tindakan hukum berupa membawa dan menghadapkan saksi/tersangka kepada Penyidik Pegawai Negeri Sipil Direktorat Jenderal SDPPI. 4. Sebagai bahan pertimbangan kami lampirkan:,Pasal 75 ayat (1) huruf f angka 3,"kepada, kepentingan, pemeriksaan, rangka, penyidikan",
Perdirjen_07_2021,Perdirjen Nomor 07 Tahun 2021,Perdirjen,2021,07,BAB XI,Ketentuan Penutup,,,75,1,f,1,Ketentuan,Laporan Kejadian;,Pasal 75 ayat (1) huruf f angka 1,"laporan, kejadian",
Perdirjen_07_2021,Perdirjen Nomor 07 Tahun 2021,Perdirjen,2021,07,BAB XI,Ketentuan Penutup,,,75,1,f,2,Ketentuan,Laporan kemajuan;,Pasal 75 ayat (1) huruf f angka 2,"laporan, kemajuan",
Perdirjen_07_2021,Perdirjen Nomor 07 Tahun 2021,Perdirjen,2021,07,BAB XI,Ketentuan Penutup,,,75,1,f,3,Ketentuan,Surat Panggilan Pertama;,Pasal 75 ayat (1) huruf f angka 3,"surat, panggilan, pertama",
Perdirjen_07_2021,Perdirjen Nomor 07 Tahun 2021,Perdirjen,2021,07,BAB XI,Ketentuan Penutup,,,75,1,f,4,Ketentuan,Surat Panggilan Kedua.,Pasal 75 ayat (1) huruf f angka 4,"surat, panggilan, kedua",
Perdirjen_07_2021,Perdirjen Nomor 07 Tahun 2021,Perdirjen,2021,07,BAB XI,Ketentuan Penutup,,,75,1,f,5,Ketentuan,"Demikian untuk menjadi maklum dan mengharapkan keputusannya. Direktur Pengendalian SDPPI Selaku PPNS, …………………………………………….. NIP: ……………………………………… Tembusan:",Pasal 75 ayat (1) huruf f angka 5,"demikian, menjadi, maklum, mengharapkan, keputusannya",
Perdirjen_07_2021,Perdirjen Nomor 07 Tahun 2021,Perdirjen,2021,07,BAB XI,Ketentuan Penutup,,,75,1,f,1,Ketentuan,Dirjen SDPPI;,Pasal 75 ayat (1) huruf f angka 1,"dirjen, sdppi",
Perdirjen_07_2021,Perdirjen Nomor 07 Tahun 2021,Perdirjen,2021,07,BAB XI,Ketentuan Penutup,,,75,1,f,2,Ketentuan,"Arsip. 19. Surat Permohanan Membawa Saksi/Tersangka (Atasan Bukan Selaku PPNS) KOP SURAT DIREKTORAT PENGENDALIAN SDPPI / BALMON / LOKA Pro Justitia Nomor : R/………./……………/20.. …………., ……………..20.. Klasifikasi : Rahasia Lampiran : 1 (satu) berkas Hal : Permohonan Membawa Saksi/Tersangka Kepada Yth. Yth. DIREKTUR RESERSE KRIMINAL KHUSUS POLDA …… Cq. KASI KORWAS PPNS di …………..",Pasal 75 ayat (1) huruf f angka 2,"surat, membawa, saksi, tersangka, ppns",
Perdirjen_07_2021,Perdirjen Nomor 07 Tahun 2021,Perdirjen,2021,07,BAB XI,Ketentuan Penutup,,,75,1,f,1,Ketentuan,DASAR :,Pasal 75 ayat (1) huruf f angka 1,dasar,
Perdirjen_07_2021,Perdirjen Nomor 07 Tahun 2021,Perdirjen,2021,07,BAB XI,Ketentuan Penutup,,,75,1,a,,Sanksi,"Pasal 6 ayat (1) huruf b, Pasal 7 ayat (2), Pasal 107 ayat (1), Pasal 112 UU No. 8 Tahun 1981 tentang Kitab Undang-Undang Hukum Acara Pidana;",Pasal 75 ayat (1) huruf a,"tahun, kitab, hukum, acara, pidana",
Perdirjen_07_2021,Perdirjen Nomor 07 Tahun 2021,Perdirjen,2021,07,BAB XI,Ketentuan Penutup,,,75,1,b,,Ketentuan,"Pasal 9 Peraturan Pemerintah Nomor 43 Tahun 2012 tentang Tata Cara Pelaksanaan Koordinasi, Pengawasan, dan Pembinaan terhadap Kepolisian Khusus, Penyidik Pegawai Negeri Sipil dan bentuk-bentuk pengamanan swakarsa;",Pasal 75 ayat (1) huruf b,"bentuk, nomor, tahun, tata, cara",Pemerintah
Perdirjen_07_2021,Perdirjen Nomor 07 Tahun 2021,Perdirjen,2021,07,BAB XI,Ketentuan Penutup,,,75,1,c,,Ketentuan,"Laporan Kejadian Nomor : LK/……./….…./20…., tanggal ……;",Pasal 75 ayat (1) huruf c,"laporan, kejadian, nomor, tanggal",
Perdirjen_07_2021,Perdirjen Nomor 07 Tahun 2021,Perdirjen,2021,07,BAB XI,Ketentuan Penutup,,,75,1,d,,Ketentuan,"Surat Perintah Penyidikan Nomor : Sprin Sidik/…../…..…./20…., tanggal ………..;",Pasal 75 ayat (1) huruf d,"surat, perintah, penyidikan, nomor, sprin",
Perdirjen_07_2021,Perdirjen Nomor 07 Tahun 2021,Perdirjen,2021,07,BAB XI,Ketentuan Penutup,,,75,1,e,,Ketentuan,Surat Panggilan Nomor : S.Pgl/…../……/20…. tanggal ……;,Pasal 75 ayat (1) huruf e,"surat, panggilan, nomor, tanggal",
Perdirjen_07_2021,Perdirjen Nomor 07 Tahun 2021,Perdirjen,2021,07,BAB XI,Ketentuan Penutup,,,75,1,f,,Ketentuan,Surat Panggilan Ke II Nomor : S.Pgl/…../……/20…. tanggal ……;,Pasal 75 ayat (1) huruf f,"surat, panggilan, nomor, tanggal",
Perdirjen_07_2021,Perdirjen Nomor 07 Tahun 2021,Perdirjen,2021,07,BAB XI,Ketentuan Penutup,,,75,1,f,2,Sanksi,"Sehubungan dengan hal tersebut diatas, bersama ini kami sampaikan kepada Dir bahwa telah dipanggil secara sah 2 (dua) kali berturut-turut tetapi tidak memenuhi panggilan tanpa alasan yang sah, terhadap saksi/tersangka: Nama : …………………………………………. Tempat Tanggal Lahir : …………………………………………. Jenis Kelamin : …………………………………………. Kewarganegaraan : …………………………………………. Agama : …………………………………………. Pekerjaan : Tempat Tinggal / Alamat : Dalam perkara tindak pidana di Bidang Telekomunikasi, sebagaimana dimaksud dalam Pasal …… Jo Pasal …….. Undang-Undang No. 36 Tahun 1999 tentang Telekomunikasi Jo Pasal 55 ayat (1) ke 1 KUH Pidana. 3. Untuk kepentingan pemeriksaan dalam rangka penyidikan tindak pidana tersebut dimohon kepada Dir untuk membantu pelaksanaan tindakan hukum berupa membawa dan menghadapkan saksi/tersangka kepada Penyidik Pegawai Negeri Sipil Direktorat Jenderal SDPPI.",Pasal 75 ayat (1) huruf f angka 2,"kepada, pidana, tersebut, saksi, tersangka",
Perdirjen_07_2021,Perdirjen Nomor 07 Tahun 2021,Perdirjen,2021,07,BAB XI,Ketentuan Penutup,,,75,1,f,4,Ketentuan,Sebagai bahan pertimbangan kami lampirkan:,Pasal 75 ayat (1) huruf f angka 4,"bahan, pertimbangan, kami, lampirkan",
Perdirjen_07_2021,Perdirjen Nomor 07 Tahun 2021,Perdirjen,2021,07,BAB XI,Ketentuan Penutup,,,75,1,f,1,Ketentuan,Laporan Kejadian;,Pasal 75 ayat (1) huruf f angka 1,"laporan, kejadian",
Perdirjen_07_2021,Perdirjen Nomor 07 Tahun 2021,Perdirjen,2021,07,BAB XI,Ketentuan Penutup,,,75,1,f,2,Ketentuan,Laporan kemajuan;,Pasal 75 ayat (1) huruf f angka 2,"laporan, kemajuan",
Perdirjen_07_2021,Perdirjen Nomor 07 Tahun 2021,Perdirjen,2021,07,BAB XI,Ketentuan Penutup,,,75,1,f,3,Ketentuan,Surat Panggilan Pertama;,Pasal 75 ayat (1) huruf f angka 3,"surat, panggilan, pertama",
Perdirjen_07_2021,Perdirjen Nomor 07 Tahun 2021,Perdirjen,2021,07,BAB XI,Ketentuan Penutup,,,75,1,f,4,Ketentuan,Surat Panggilan Kedua.,Pasal 75 ayat (1) huruf f angka 4,"surat, panggilan, kedua",
Perdirjen_07_2021,Perdirjen Nomor 07 Tahun 2021,Perdirjen,2021,07,BAB XI,Ketentuan Penutup,,,75,1,f,5,Ketentuan,"Demikian untuk menjadi maklum dan mengharapkan keputusannya. Mengetahui, …………., ……………….. 20…… Direktur Pengendalian SDPPI / Penyidik Pegawai Negeri Sipil, Ka.Balmon Kelas I / Kelas II / Kalokamon, …………………………………………….. …………………………………………….. NIP: ……………………………………… NIP: ……………………………………… Tembusan:",Pasal 75 ayat (1) huruf f angka 5,"kelas, demikian, menjadi, maklum, mengharapkan",
Perdirjen_07_2021,Perdirjen Nomor 07 Tahun 2021,Perdirjen,2021,07,BAB XI,Ketentuan Penutup,,,75,1,f,1,Ketentuan,Dirjen SDPPI;,Pasal 75 ayat (1) huruf f angka 1,"dirjen, sdppi",
Perdirjen_07_2021,Perdirjen Nomor 07 Tahun 2021,Perdirjen,2021,07,BAB XI,Ketentuan Penutup,,,75,1,f,2,Ketentuan,"Arsip. 20. Surat Permohonan Keterangan Ahli KOP SURAT DIREKTORAT PENGENDALIAN SDPPI / BALMON / LOKA Nomor : …../………./……………/20.. …………., ……………..20.. Klasifikasi : Segera Lampiran : - Hal : Permohonan Keterangan Ahli Kepada Yth. Yth. …………………………… … di …………..",Pasal 75 ayat (1) huruf f angka 2,"surat, permohonan, keterangan, ahli, arsip",
Perdirjen_07_2021,Perdirjen Nomor 07 Tahun 2021,Perdirjen,2021,07,BAB XI,Ketentuan Penutup,,,75,1,f,1,Ketentuan,DASAR :,Pasal 75 ayat (1) huruf f angka 1,dasar,
Perdirjen_07_2021,Perdirjen Nomor 07 Tahun 2021,Perdirjen,2021,07,BAB XI,Ketentuan Penutup,,,75,1,a,,Sanksi,Pasal 120 Undang-Undang No.8 Tahun 1981 tentang Kitab Undang- Undang Hukum Acara Pidana;,Pasal 75 ayat (1) huruf a,"tahun, kitab, hukum, acara, pidana",
Perdirjen_07_2021,Perdirjen Nomor 07 Tahun 2021,Perdirjen,2021,07,BAB XI,Ketentuan Penutup,,,75,1,b,,Ketentuan,Pasal 44 Undang-Undang Nomor 36 Tahun 1999 tentang Telekomunikasi;,Pasal 75 ayat (1) huruf b,"nomor, tahun, telekomunikasi",
Perdirjen_07_2021,Perdirjen Nomor 07 Tahun 2021,Perdirjen,2021,07,BAB XI,Ketentuan Penutup,,,75,1,c,,Ketentuan,Laporan Kejadian Nomor : LK/…… /………/20…. tanggal ….……;,Pasal 75 ayat (1) huruf c,"laporan, kejadian, nomor, tanggal",
Perdirjen_07_2021,Perdirjen Nomor 07 Tahun 2021,Perdirjen,2021,07,BAB XI,Ketentuan Penutup,,,75,1,d,,Ketentuan,"Surat Perintah Penyidikan Nomor : Sprin Sidik/……../…….../20...., tanggal ……………..",Pasal 75 ayat (1) huruf d,"surat, perintah, penyidikan, nomor, sprin",
Perdirjen_07_2021,Perdirjen Nomor 07 Tahun 2021,Perdirjen,2021,07,BAB XI,Ketentuan Penutup,,,75,1,d,2,Sanksi,"Disampaikan kepada ……., bahwa saat ini PPNS ..... sedang melakukan penyidikan dugaan Tindak Pidana di bidang Telekomunikasi berupa ........, sebagaimana dimaksud dalam Pasal …… Jo Pasal …….. Undang-Undang No. 36 Tahun 1999 tentang Telekomunikasi Jo Pasal 55 ayat (1) ke 1 KUH Pidana.",Pasal 75 ayat (1) huruf d angka 2,"pidana, telekomunikasi, disampaikan, kepada, saat",
Perdirjen_07_2021,Perdirjen Nomor 07 Tahun 2021,Perdirjen,2021,07,BAB XI,Ketentuan Penutup,,,75,1,d,3,Ketentuan,"Sehubungan dengan hal tersebut diatas, guna kepentingan penyidikan, diperlukan keterangan ahli DI BIDANG …… untuk mendukung pembuktian perkara tersebut, dan dimohon kepada …. untuk dapat menugaskan personil yang mempunyai kompetensi dimaksud guna memberikan keterangan sebagai Ahli.",Pasal 75 ayat (1) huruf d angka 3,"tersebut, guna, keterangan, ahli, sehubungan",
Perdirjen_07_2021,Perdirjen Nomor 07 Tahun 2021,Perdirjen,2021,07,BAB XI,Ketentuan Penutup,,,75,1,d,4,Ketentuan,"Mengingat keterangan Ahli tersebut sangat dibutuhkan dalam rangka percepatan penyelesaian penyidikan, dimohon nama personil yang ditunjuk dapat kami terima dalam waktu yang tidak terlalu lama.",Pasal 75 ayat (1) huruf d angka 4,"mengingat, keterangan, ahli, tersebut, sangat",
Perdirjen_07_2021,Perdirjen Nomor 07 Tahun 2021,Perdirjen,2021,07,BAB XI,Ketentuan Penutup,,,75,1,d,5,Ketentuan,Untuk memudahkan koordinasi dapat menghubungi penyidik ……………. No. Telp. ……….,Pasal 75 ayat (1) huruf d angka 5,"memudahkan, koordinasi, menghubungi, penyidik, telp",
Perdirjen_07_2021,Perdirjen Nomor 07 Tahun 2021,Perdirjen,2021,07,BAB XI,Ketentuan Penutup,,,75,1,d,6,Ketentuan,"Demikian untuk menjadi maklum dan atas kerjasamanya kami ucapkan terima kasih. Direktur Pengendalian SDPPI / Ka.Balmon Kelas I / Kelas II / Kalokamon, …………………………………………….. NIP: ……………………………………… Tembusan:",Pasal 75 ayat (1) huruf d angka 6,"kelas, demikian, menjadi, maklum, kerjasamanya",
Perdirjen_07_2021,Perdirjen Nomor 07 Tahun 2021,Perdirjen,2021,07,BAB XI,Ketentuan Penutup,,,75,1,d,1,Ketentuan,Dirjen SDPPI;,Pasal 75 ayat (1) huruf d angka 1,"dirjen, sdppi",
Perdirjen_07_2021,Perdirjen Nomor 07 Tahun 2021,Perdirjen,2021,07,BAB XI,Ketentuan Penutup,,,75,1,d,2,Ketentuan,"Arsip. 21. Surat Permintaan Izin Khusus Penggeledahan (Atasan Selaku PPNS) (Tersangka Belum Ditetapkan) KOP SURAT DIREKTORAT PENGENDALIAN SDPPI / BALMON / LOKA Pro Justitia Nomor : B/………./……………/20.. …………., ……………..20.. Klasifikasi : Biasa Lampiran : 1 (satu) berkas Hal : Permintaan Izin Khusus Penggeledahan Kepada Yth. Yth. KETUA PENGADILAN NEGERI ………… di …………..",Pasal 75 ayat (1) huruf d angka 2,"surat, permintaan, izin, khusus, penggeledahan",
Perdirjen_07_2021,Perdirjen Nomor 07 Tahun 2021,Perdirjen,2021,07,BAB XI,Ketentuan Penutup,,,75,1,d,1,Ketentuan,DASAR :,Pasal 75 ayat (1) huruf d angka 1,dasar,
Perdirjen_07_2021,Perdirjen Nomor 07 Tahun 2021,Perdirjen,2021,07,BAB XI,Ketentuan Penutup,,,75,1,a,,Ketentuan,"Pasal Pasal 6 Ayat (1) huruf b, Pasal 7 Ayat (2), Pasal 32, Pasal 33 Ayat",Pasal 75 ayat (1) huruf a,,
Perdirjen_07_2021,Perdirjen Nomor 07 Tahun 2021,Perdirjen,2021,07,BAB XI,Ketentuan Penutup,,,75,1,,,Ketentuan,", Pasal 35, dan Pasal 36 Undang-Undang Nomor 8 Tahun 1981 tentang KUHAP;",Pasal 75 ayat (1),"nomor, tahun, kuhap",
Perdirjen_07_2021,Perdirjen Nomor 07 Tahun 2021,Perdirjen,2021,07,BAB XI,Ketentuan Penutup,,,75,1,b,,Ketentuan,Pasal 44 Undang-Undang Nomor 36 Tahun 1999 tentang Telekomunikasi;,Pasal 75 ayat (1) huruf b,"nomor, tahun, telekomunikasi",
Perdirjen_07_2021,Perdirjen Nomor 07 Tahun 2021,Perdirjen,2021,07,BAB XI,Ketentuan Penutup,,,75,1,c,,Ketentuan,"Laporan Kejadian Nomor : …………….., tanggal …………………..;",Pasal 75 ayat (1) huruf c,"laporan, kejadian, nomor, tanggal",
Perdirjen_07_2021,Perdirjen Nomor 07 Tahun 2021,Perdirjen,2021,07,BAB XI,Ketentuan Penutup,,,75,1,d,,Ketentuan,"Surat Perintah Penyidikan Nomor : ………., tanggal ……………;",Pasal 75 ayat (1) huruf d,"surat, perintah, penyidikan, nomor, tanggal",
Perdirjen_07_2021,Perdirjen Nomor 07 Tahun 2021,Perdirjen,2021,07,BAB XI,Ketentuan Penutup,,,75,1,e,,Ketentuan,"Surat Pemberitahuan dimulainya Penyidikan Nomor : .........,",Pasal 75 ayat (1) huruf e,"surat, pemberitahuan, dimulainya, penyidikan, nomor",
Perdirjen_07_2021,Perdirjen Nomor 07 Tahun 2021,Perdirjen,2021,07,BAB XI,Ketentuan Penutup,,,75,1,e,2,Sanksi,"Sehubungan dengan rujukan tersebut diatas, diberitahukan bahwa untuk kepentingan penyidikan terhadap tersangka MASIH DALAM PENYIDIKAN diperlukan tindakan hukum berupa penggeledahan rumah tinggal atau tempat-tempat tertutup lainnya yang terletak di Jl......... yang diduga sebagai tempat/sarana untuk melakukan tindak pidana di bidang Telekomunikasi berupa ..... sebagaimana dimaksud dalam Pasal …… Jo Pasal …….. Undang-Undang No. 36 Tahun 1999 tentang Telekomunikasi Jo Pasal 55 ayat (1) ke 1 KUH Pidana.",Pasal 75 ayat (1) huruf e angka 2,"tempat, penyidikan, berupa, pidana, telekomunikasi",
Perdirjen_07_2021,Perdirjen Nomor 07 Tahun 2021,Perdirjen,2021,07,BAB XI,Ketentuan Penutup,,,75,1,e,3,Ketentuan,Sebagai bahan pertimbangan bersama ini dilampirkan kelengkapan administrasi penyidikannya:,Pasal 75 ayat (1) huruf e angka 3,"bahan, pertimbangan, bersama, dilampirkan, kelengkapan",
Perdirjen_07_2021,Perdirjen Nomor 07 Tahun 2021,Perdirjen,2021,07,BAB XI,Ketentuan Penutup,,,75,1,a,,Ketentuan,Laporan Kejadian;,Pasal 75 ayat (1) huruf a,"laporan, kejadian",
Perdirjen_07_2021,Perdirjen Nomor 07 Tahun 2021,Perdirjen,2021,07,BAB XI,Ketentuan Penutup,,,75,1,b,,Ketentuan,Surat Perintah Penyidikan;,Pasal 75 ayat (1) huruf b,"surat, perintah, penyidikan",
Perdirjen_07_2021,Perdirjen Nomor 07 Tahun 2021,Perdirjen,2021,07,BAB XI,Ketentuan Penutup,,,75,1,c,,Ketentuan,Surat Pemberitahuan Dimulainya Penyidikan;,Pasal 75 ayat (1) huruf c,"surat, pemberitahuan, dimulainya, penyidikan",
Perdirjen_07_2021,Perdirjen Nomor 07 Tahun 2021,Perdirjen,2021,07,BAB XI,Ketentuan Penutup,,,75,1,d,,Ketentuan,Laporan Kemajuan Penyidikan.,Pasal 75 ayat (1) huruf d,"laporan, kemajuan, penyidikan",
Perdirjen_07_2021,Perdirjen Nomor 07 Tahun 2021,Perdirjen,2021,07,BAB XI,Ketentuan Penutup,,,75,1,d,4,Ketentuan,Guna keperluan tersebut diharapkan Ketua dapat menerbitkan Surat Ketetapan izin dimaksud.,Pasal 75 ayat (1) huruf d angka 4,"guna, keperluan, tersebut, diharapkan, ketua",
Perdirjen_07_2021,Perdirjen Nomor 07 Tahun 2021,Perdirjen,2021,07,BAB XI,Ketentuan Penutup,,,75,1,d,5,Ketentuan,"Demikian menjadi maklum dan mengharapkan keputusannya. Direktur Pengendalian SDPPI / Ka.Balmon Kelas I / Kelas II / Kalokamon Selaku PPNS, …………………………………………….. NIP: ……………………………………… Tembusan:",Pasal 75 ayat (1) huruf d angka 5,"kelas, demikian, menjadi, maklum, mengharapkan",
Perdirjen_07_2021,Perdirjen Nomor 07 Tahun 2021,Perdirjen,2021,07,BAB XI,Ketentuan Penutup,,,75,1,d,1,Ketentuan,Dirjen SDPPI;,Pasal 75 ayat (1) huruf d angka 1,"dirjen, sdppi",
Perdirjen_07_2021,Perdirjen Nomor 07 Tahun 2021,Perdirjen,2021,07,BAB XI,Ketentuan Penutup,,,75,1,d,2,Ketentuan,"Arsip. 22. Surat Permintaan Izin Khusus Penggeledahan (Atasan Selaku PPNS) (Tersangka Sudah Ditetapkan) KOP SURAT DIREKTORAT PENGENDALIAN SDPPI / BALMON / LOKA Pro Justitia Nomor : B/………./……………/20.. …………., ……………..20.. Klasifikasi : Biasa Lampiran : 1 (satu) berkas Hal : Permintaan Izin Khusus Penggeledahan Kepada Yth. Yth. KETUA PENGADILAN NEGERI ………… di …………..",Pasal 75 ayat (1) huruf d angka 2,"surat, permintaan, izin, khusus, penggeledahan",
Perdirjen_07_2021,Perdirjen Nomor 07 Tahun 2021,Perdirjen,2021,07,BAB XI,Ketentuan Penutup,,,75,1,d,1,Ketentuan,DASAR :,Pasal 75 ayat (1) huruf d angka 1,dasar,
Perdirjen_07_2021,Perdirjen Nomor 07 Tahun 2021,Perdirjen,2021,07,BAB XI,Ketentuan Penutup,,,75,1,a,,Ketentuan,"Pasal Pasal 6 Ayat (1) huruf b, Pasal 7 Ayat (2), Pasal 32, Pasal 33 Ayat",Pasal 75 ayat (1) huruf a,,
Perdirjen_07_2021,Perdirjen Nomor 07 Tahun 2021,Perdirjen,2021,07,BAB XI,Ketentuan Penutup,,,75,1,,,Ketentuan,", Pasal 35, dan Pasal 36 Undang-Undang Nomor 8 Tahun 1981 tentang KUHAP;",Pasal 75 ayat (1),"nomor, tahun, kuhap",
Perdirjen_07_2021,Perdirjen Nomor 07 Tahun 2021,Perdirjen,2021,07,BAB XI,Ketentuan Penutup,,,75,1,b,,Ketentuan,Pasal 44 Undang-Undang Nomor 36 Tahun 1999 tentang Telekomunikasi;,Pasal 75 ayat (1) huruf b,"nomor, tahun, telekomunikasi",
Perdirjen_07_2021,Perdirjen Nomor 07 Tahun 2021,Perdirjen,2021,07,BAB XI,Ketentuan Penutup,,,75,1,c,,Ketentuan,"Laporan Kejadian Nomor : …………….., tanggal …………………..;",Pasal 75 ayat (1) huruf c,"laporan, kejadian, nomor, tanggal",
Perdirjen_07_2021,Perdirjen Nomor 07 Tahun 2021,Perdirjen,2021,07,BAB XI,Ketentuan Penutup,,,75,1,d,,Ketentuan,"Surat Perintah Penyidikan Nomor : ………., tanggal ……………;",Pasal 75 ayat (1) huruf d,"surat, perintah, penyidikan, nomor, tanggal",
Perdirjen_07_2021,Perdirjen Nomor 07 Tahun 2021,Perdirjen,2021,07,BAB XI,Ketentuan Penutup,,,75,1,e,,Ketentuan,"Surat Pemberitahuan dimulainya Penyidikan Nomor : .........,",Pasal 75 ayat (1) huruf e,"surat, pemberitahuan, dimulainya, penyidikan, nomor",
Perdirjen_07_2021,Perdirjen Nomor 07 Tahun 2021,Perdirjen,2021,07,BAB XI,Ketentuan Penutup,,,75,1,e,2,Sanksi,"Sehubungan dengan rujukan tersebut diatas, diberitahukan bahwa untuk kepentingan penyidikan terhadap tersangka : Jenis kelamin : ………….. Kewarganegaraan : Indonesia. Pekerjaan : ……………………. Alamat : ……………. Diperlukan tindakan hukum berupa penggeledahan rumah tinggal atau tempat-tempat tertutup lainnya yang terletak di Jl......... yang diduga sebagai tempat/sarana untuk melakukan tindak pidana di bidang Telekomunikasi berupa ..... sebagaimana dimaksud dalam Pasal …… Jo Pasal …….. Undang-Undang No. 36 Tahun 1999 tentang Telekomunikasi Jo Pasal 55 ayat (1) ke 1 KUH Pidana.",Pasal 75 ayat (1) huruf e angka 2,"tempat, berupa, pidana, telekomunikasi, sehubungan",
Perdirjen_07_2021,Perdirjen Nomor 07 Tahun 2021,Perdirjen,2021,07,BAB XI,Ketentuan Penutup,,,75,1,e,3,Ketentuan,Sebagai bahan pertimbangan bersama ini dilampirkan kelengkapan administrasi penyidikannya:,Pasal 75 ayat (1) huruf e angka 3,"bahan, pertimbangan, bersama, dilampirkan, kelengkapan",
Perdirjen_07_2021,Perdirjen Nomor 07 Tahun 2021,Perdirjen,2021,07,BAB XI,Ketentuan Penutup,,,75,1,a,,Ketentuan,Laporan Kejadian;,Pasal 75 ayat (1) huruf a,"laporan, kejadian",
Perdirjen_07_2021,Perdirjen Nomor 07 Tahun 2021,Perdirjen,2021,07,BAB XI,Ketentuan Penutup,,,75,1,b,,Ketentuan,Surat Perintah Penyidikan;,Pasal 75 ayat (1) huruf b,"surat, perintah, penyidikan",
Perdirjen_07_2021,Perdirjen Nomor 07 Tahun 2021,Perdirjen,2021,07,BAB XI,Ketentuan Penutup,,,75,1,c,,Ketentuan,Surat Pemberitahuan Dimulainya Penyidikan;,Pasal 75 ayat (1) huruf c,"surat, pemberitahuan, dimulainya, penyidikan",
Perdirjen_07_2021,Perdirjen Nomor 07 Tahun 2021,Perdirjen,2021,07,BAB XI,Ketentuan Penutup,,,75,1,d,,Ketentuan,Laporan Kemajuan Penyidikan.,Pasal 75 ayat (1) huruf d,"laporan, kemajuan, penyidikan",
Perdirjen_07_2021,Perdirjen Nomor 07 Tahun 2021,Perdirjen,2021,07,BAB XI,Ketentuan Penutup,,,75,1,d,4,Ketentuan,"Guna keperluan tersebut diharapkan Ketua dapat menerbitkan Surat Ketetapan izin dimaksud. 5. Demikian menjadi maklum dan mengharapkan keputusannya. Direktur Pengendalian SDPPI / Ka.Balmon Kelas I / Kelas II / Kalokamon Selaku PPNS, …………………………………………….. NIP: ……………………………………… Tembusan:",Pasal 75 ayat (1) huruf d angka 4,"kelas, guna, keperluan, tersebut, diharapkan",
Perdirjen_07_2021,Perdirjen Nomor 07 Tahun 2021,Perdirjen,2021,07,BAB XI,Ketentuan Penutup,,,75,1,d,1,Ketentuan,Dirjen SDPPI;,Pasal 75 ayat (1) huruf d angka 1,"dirjen, sdppi",
Perdirjen_07_2021,Perdirjen Nomor 07 Tahun 2021,Perdirjen,2021,07,BAB XI,Ketentuan Penutup,,,75,1,d,2,Ketentuan,"Arsip. 23. Surat Permintaan Izin Khusus Penggeledahan (Atasan Bukan Selaku PPNS) (Tersangka Belum Ditetapkan) KOP SURAT DIREKTORAT PENGENDALIAN SDPPI / BALMON / LOKA Pro Justitia Nomor : B/………./……………/20.. …………., ……………..20.. Klasifikasi : Biasa Lampiran : 1 (satu) berkas Hal : Permintaan Izin Khusus Penggeledahan Kepada Yth. Yth. KETUA PENGADILAN NEGERI ………… di …………..",Pasal 75 ayat (1) huruf d angka 2,"surat, permintaan, izin, khusus, penggeledahan",
Perdirjen_07_2021,Perdirjen Nomor 07 Tahun 2021,Perdirjen,2021,07,BAB XI,Ketentuan Penutup,,,75,1,d,1,Ketentuan,DASAR :,Pasal 75 ayat (1) huruf d angka 1,dasar,
Perdirjen_07_2021,Perdirjen Nomor 07 Tahun 2021,Perdirjen,2021,07,BAB XI,Ketentuan Penutup,,,75,1,a,,Ketentuan,"Pasal Pasal 6 Ayat (1) huruf b, Pasal 7 Ayat (2), Pasal 32, Pasal 33 Ayat",Pasal 75 ayat (1) huruf a,,
Perdirjen_07_2021,Perdirjen Nomor 07 Tahun 2021,Perdirjen,2021,07,BAB XI,Ketentuan Penutup,,,75,1,,,Ketentuan,", Pasal 35, dan Pasal 36 Undang-Undang Nomor 8 Tahun 1981 tentang KUHAP;",Pasal 75 ayat (1),"nomor, tahun, kuhap",
Perdirjen_07_2021,Perdirjen Nomor 07 Tahun 2021,Perdirjen,2021,07,BAB XI,Ketentuan Penutup,,,75,1,b,,Ketentuan,Pasal 44 Undang-Undang Nomor 36 Tahun 1999 tentang Telekomunikasi;,Pasal 75 ayat (1) huruf b,"nomor, tahun, telekomunikasi",
Perdirjen_07_2021,Perdirjen Nomor 07 Tahun 2021,Perdirjen,2021,07,BAB XI,Ketentuan Penutup,,,75,1,c,,Ketentuan,"Laporan Kejadian Nomor : …………….., tanggal …………………..;",Pasal 75 ayat (1) huruf c,"laporan, kejadian, nomor, tanggal",
Perdirjen_07_2021,Perdirjen Nomor 07 Tahun 2021,Perdirjen,2021,07,BAB XI,Ketentuan Penutup,,,75,1,d,,Ketentuan,"Surat Perintah Penyidikan Nomor : ………., tanggal ……………;",Pasal 75 ayat (1) huruf d,"surat, perintah, penyidikan, nomor, tanggal",
Perdirjen_07_2021,Perdirjen Nomor 07 Tahun 2021,Perdirjen,2021,07,BAB XI,Ketentuan Penutup,,,75,1,e,,Ketentuan,"Surat Pemberitahuan dimulainya Penyidikan Nomor : .........,",Pasal 75 ayat (1) huruf e,"surat, pemberitahuan, dimulainya, penyidikan, nomor",
Perdirjen_07_2021,Perdirjen Nomor 07 Tahun 2021,Perdirjen,2021,07,BAB XI,Ketentuan Penutup,,,75,1,e,2,Sanksi,"Sehubungan dengan rujukan tersebut diatas, diberitahukan bahwa untuk kepentingan penyidikan terhadap tersangka MASIH DALAM PENYIDIKAN diperlukan tindakan hukum berupa penggeledahan rumah tinggal atau tempat-tempat tertutup lainnya yang terletak di Jl......... yang diduga sebagai tempat/sarana untuk melakukan tindak pidana di bidang Telekomunikasi berupa ..... sebagaimana dimaksud dalam Pasal …… Jo Pasal …….. Undang-Undang No. 36 Tahun 1999 tentang Telekomunikasi Jo Pasal 55 ayat (1) ke 1 KUH Pidana.",Pasal 75 ayat (1) huruf e angka 2,"tempat, penyidikan, berupa, pidana, telekomunikasi",
Perdirjen_07_2021,Perdirjen Nomor 07 Tahun 2021,Perdirjen,2021,07,BAB XI,Ketentuan Penutup,,,75,1,e,3,Ketentuan,Sebagai bahan pertimbangan bersama ini dilampirkan kelengkapan administrasi penyidikannya:,Pasal 75 ayat (1) huruf e angka 3,"bahan, pertimbangan, bersama, dilampirkan, kelengkapan",
Perdirjen_07_2021,Perdirjen Nomor 07 Tahun 2021,Perdirjen,2021,07,BAB XI,Ketentuan Penutup,,,75,1,a,,Ketentuan,Laporan Kejadian;,Pasal 75 ayat (1) huruf a,"laporan, kejadian",
Perdirjen_07_2021,Perdirjen Nomor 07 Tahun 2021,Perdirjen,2021,07,BAB XI,Ketentuan Penutup,,,75,1,b,,Ketentuan,Surat Perintah Penyidikan;,Pasal 75 ayat (1) huruf b,"surat, perintah, penyidikan",
Perdirjen_07_2021,Perdirjen Nomor 07 Tahun 2021,Perdirjen,2021,07,BAB XI,Ketentuan Penutup,,,75,1,c,,Ketentuan,Surat Pemberitahuan Dimulainya Penyidikan;,Pasal 75 ayat (1) huruf c,"surat, pemberitahuan, dimulainya, penyidikan",
Perdirjen_07_2021,Perdirjen Nomor 07 Tahun 2021,Perdirjen,2021,07,BAB XI,Ketentuan Penutup,,,75,1,d,,Ketentuan,Laporan Kemajuan Penyidikan.,Pasal 75 ayat (1) huruf d,"laporan, kemajuan, penyidikan",
Perdirjen_07_2021,Perdirjen Nomor 07 Tahun 2021,Perdirjen,2021,07,BAB XI,Ketentuan Penutup,,,75,1,d,4,Ketentuan,Guna keperluan tersebut diharapkan Ketua dapat menerbitkan Surat Ketetapan izin dimaksud.,Pasal 75 ayat (1) huruf d angka 4,"guna, keperluan, tersebut, diharapkan, ketua",
Perdirjen_07_2021,Perdirjen Nomor 07 Tahun 2021,Perdirjen,2021,07,BAB XI,Ketentuan Penutup,,,75,1,d,5,Ketentuan,"Demikian menjadi maklum dan mengharapkan keputusannya. Mengetahui, …………., ……………….. 20…… Direktur Pengendalian SDPPI / Penyidik Pegawai Negeri Sipil, Ka.Balmon Kelas I / Kelas II / Kalokamon, …………………………………………….. NIP: ……………………………………… …………………………………………….. NIP: ……………………………………… Tembusan:",Pasal 75 ayat (1) huruf d angka 5,"kelas, demikian, menjadi, maklum, mengharapkan",
Perdirjen_07_2021,Perdirjen Nomor 07 Tahun 2021,Perdirjen,2021,07,BAB XI,Ketentuan Penutup,,,75,1,d,1,Ketentuan,Dirjen SDPPI;,Pasal 75 ayat (1) huruf d angka 1,"dirjen, sdppi",
Perdirjen_07_2021,Perdirjen Nomor 07 Tahun 2021,Perdirjen,2021,07,BAB XI,Ketentuan Penutup,,,75,1,d,2,Ketentuan,"Arsip. 24. Surat Permintaan Izin Khusus Penggeledahan (Atasan Bukan Selaku PPNS) (Tersangka Sudah Ditetapkan KOP SURAT DIREKTORAT PENGENDALIAN SDPPI / BALMON / LOKA Pro Justitia Nomor : B/………./……………/20.. …………., ……………..20.. Klasifikasi : Biasa Lampiran : 1 (satu) berkas Hal : Permintaan Izin Khusus Penggeledahan Kepada Yth. Yth. KETUA PENGADILAN NEGERI ………… di …………..",Pasal 75 ayat (1) huruf d angka 2,"surat, permintaan, izin, khusus, penggeledahan",
Perdirjen_07_2021,Perdirjen Nomor 07 Tahun 2021,Perdirjen,2021,07,BAB XI,Ketentuan Penutup,,,75,1,d,1,Ketentuan,DASAR :,Pasal 75 ayat (1) huruf d angka 1,dasar,
Perdirjen_07_2021,Perdirjen Nomor 07 Tahun 2021,Perdirjen,2021,07,BAB XI,Ketentuan Penutup,,,75,1,a,,Ketentuan,"Pasal Pasal 6 Ayat (1) huruf b, Pasal 7 Ayat (2), Pasal 32, Pasal 33 Ayat",Pasal 75 ayat (1) huruf a,,
Perdirjen_07_2021,Perdirjen Nomor 07 Tahun 2021,Perdirjen,2021,07,BAB XI,Ketentuan Penutup,,,75,1,,,Ketentuan,", Pasal 35, dan Pasal 36 Undang-Undang Nomor 8 Tahun 1981 tentang KUHAP;",Pasal 75 ayat (1),"nomor, tahun, kuhap",
Perdirjen_07_2021,Perdirjen Nomor 07 Tahun 2021,Perdirjen,2021,07,BAB XI,Ketentuan Penutup,,,75,1,b,,Ketentuan,Pasal 44 Undang-Undang Nomor 36 Tahun 1999 tentang Telekomunikasi;,Pasal 75 ayat (1) huruf b,"nomor, tahun, telekomunikasi",
Perdirjen_07_2021,Perdirjen Nomor 07 Tahun 2021,Perdirjen,2021,07,BAB XI,Ketentuan Penutup,,,75,1,c,,Ketentuan,"Laporan Kejadian Nomor : …………….., tanggal …………………..;",Pasal 75 ayat (1) huruf c,"laporan, kejadian, nomor, tanggal",
Perdirjen_07_2021,Perdirjen Nomor 07 Tahun 2021,Perdirjen,2021,07,BAB XI,Ketentuan Penutup,,,75,1,d,,Ketentuan,"Surat Perintah Penyidikan Nomor : ………., tanggal ……………;",Pasal 75 ayat (1) huruf d,"surat, perintah, penyidikan, nomor, tanggal",
Perdirjen_07_2021,Perdirjen Nomor 07 Tahun 2021,Perdirjen,2021,07,BAB XI,Ketentuan Penutup,,,75,1,e,,Ketentuan,"Surat Pemberitahuan dimulainya Penyidikan Nomor : .........,",Pasal 75 ayat (1) huruf e,"surat, pemberitahuan, dimulainya, penyidikan, nomor",
Perdirjen_07_2021,Perdirjen Nomor 07 Tahun 2021,Perdirjen,2021,07,BAB XI,Ketentuan Penutup,,,75,1,e,2,Sanksi,"Sehubungan dengan rujukan tersebut diatas, diberitahukan bahwa untuk kepentingan penyidikan terhadap tersangka : Jenis kelamin : ………….. Kewarganegaraan : Indonesia. Pekerjaan : ……………………. Alamat : ……………. Diperlukan tindakan hukum berupa penggeledahan rumah tinggal atau tempat-tempat tertutup lainnya yang terletak di Jl......... yang diduga sebagai tempat/sarana untuk melakukan tindak pidana di bidang Telekomunikasi berupa ..... sebagaimana dimaksud dalam Pasal …… Jo Pasal …….. Undang-Undang No. 36 Tahun 1999 tentang Telekomunikasi Jo Pasal 55 ayat (1) ke 1 KUH Pidana.",Pasal 75 ayat (1) huruf e angka 2,"tempat, berupa, pidana, telekomunikasi, sehubungan",
Perdirjen_07_2021,Perdirjen Nomor 07 Tahun 2021,Perdirjen,2021,07,BAB XI,Ketentuan Penutup,,,75,1,e,3,Ketentuan,Sebagai bahan pertimbangan bersama ini dilampirkan kelengkapan administrasi penyidikannya:,Pasal 75 ayat (1) huruf e angka 3,"bahan, pertimbangan, bersama, dilampirkan, kelengkapan",
Perdirjen_07_2021,Perdirjen Nomor 07 Tahun 2021,Perdirjen,2021,07,BAB XI,Ketentuan Penutup,,,75,1,a,,Ketentuan,Laporan Kejadian;,Pasal 75 ayat (1) huruf a,"laporan, kejadian",
Perdirjen_07_2021,Perdirjen Nomor 07 Tahun 2021,Perdirjen,2021,07,BAB XI,Ketentuan Penutup,,,75,1,b,,Ketentuan,Surat Perintah Penyidikan;,Pasal 75 ayat (1) huruf b,"surat, perintah, penyidikan",
Perdirjen_07_2021,Perdirjen Nomor 07 Tahun 2021,Perdirjen,2021,07,BAB XI,Ketentuan Penutup,,,75,1,c,,Ketentuan,Surat Pemberitahuan Dimulainya Penyidikan;,Pasal 75 ayat (1) huruf c,"surat, pemberitahuan, dimulainya, penyidikan",
Perdirjen_07_2021,Perdirjen Nomor 07 Tahun 2021,Perdirjen,2021,07,BAB XI,Ketentuan Penutup,,,75,1,d,,Ketentuan,Laporan Kemajuan Penyidikan.,Pasal 75 ayat (1) huruf d,"laporan, kemajuan, penyidikan",
Perdirjen_07_2021,Perdirjen Nomor 07 Tahun 2021,Perdirjen,2021,07,BAB XI,Ketentuan Penutup,,,75,1,d,4,Ketentuan,"Guna keperluan tersebut diharapkan Ketua dapat menerbitkan Surat Ketetapan izin dimaksud. 5. Demikian menjadi maklum dan mengharapkan keputusannya. Mengetahui, …………., ……………….. 20…… Direktur Pengendalian SDPPI / Penyidik Pegawai Negeri Sipil, Ka.Balmon Kelas I / Kelas II / Kalokamon, …………………………………………….. NIP: ……………………………………… …………………………………………….. NIP: ……………………………………… Tembusan:",Pasal 75 ayat (1) huruf d angka 4,"kelas, guna, keperluan, tersebut, diharapkan",
Perdirjen_07_2021,Perdirjen Nomor 07 Tahun 2021,Perdirjen,2021,07,BAB XI,Ketentuan Penutup,,,75,1,d,1,Ketentuan,Dirjen SDPPI;,Pasal 75 ayat (1) huruf d angka 1,"dirjen, sdppi",
Perdirjen_07_2021,Perdirjen Nomor 07 Tahun 2021,Perdirjen,2021,07,BAB XI,Ketentuan Penutup,,,75,1,d,2,Sanksi,"Arsip. 25. Surat Perintah Penggeledahan (Atasan Selaku PPNS) (Sudah Penetapan Pengadilan Negeri) KOP SURAT DIREKTORAT PENGENDALIAN SDPPI / BALMON / LOKA Pro Justitia SURAT PERINTAH PENGGELEDAHAN Pertimbangan : Bahwa untuk kepentingan penyidikan Tindak Pidana di Bidang Telekomunikasi oleh PPNS diperlukan Tindakan penggeledahan rumah dan atau tempat tertutup lainnya, maka perlu mengeluarkan Surat Perintah ini. Dasar : 1. Pasal 1 butir 17 Pasal 6, Pasal 7 ayat (1) huruf d, Pasal 32, Pasal 33, Pasal 34, Pasal 36, Pasal 107 ayat (1), Pasal 125, Pasal 126, Pasal 127 Undang-Undang Nomor 8 Tahun 1981",Pasal 75 ayat (1) huruf d angka 2,"surat, perintah, penggeledahan, ppns, arsip",
Perdirjen_07_2021,Perdirjen Nomor 07 Tahun 2021,Perdirjen,2021,07,BAB XI,Ketentuan Penutup,,,75,1,d,2,Ketentuan,tentang KUHAP; Pasal 44 di UU. RI Nomor 36 Tahun 1999 Tentang,Pasal 75 ayat (1) huruf d angka 2,"kuhap, nomor, tahun",
Perdirjen_07_2021,Perdirjen Nomor 07 Tahun 2021,Perdirjen,2021,07,BAB XI,Ketentuan Penutup,,,75,1,d,3,Ketentuan,Telekomunikasi.,Pasal 75 ayat (1) huruf d angka 3,telekomunikasi,
Perdirjen_07_2021,Perdirjen Nomor 07 Tahun 2021,Perdirjen,2021,07,BAB XI,Ketentuan Penutup,,,75,1,d,4,Ketentuan,"Laporan Kejadian, Nomor : LK. …………………, tanggal",Pasal 75 ayat (1) huruf d angka 4,"laporan, kejadian, nomor, tanggal",
Perdirjen_07_2021,Perdirjen Nomor 07 Tahun 2021,Perdirjen,2021,07,BAB XI,Ketentuan Penutup,,,75,1,d,5,Ketentuan,"..………….. Surat Perintah Penyidikan Nomor : ……………, tanggal ……………. Surat Penetapan Ketua Pengadilan Negeri …….. Nomor : …………. tanggal …….. Diperintahkan Kepada : 1. Nama : …………………………………………. Pangkat/NI : …………………………………………. P : …………………………………………. Jabatan",Pasal 75 ayat (1) huruf d angka 5,"surat, nomor, tanggal, perintah, penyidikan",
Perdirjen_07_2021,Perdirjen Nomor 07 Tahun 2021,Perdirjen,2021,07,BAB XI,Ketentuan Penutup,,,75,1,d,2,Sanksi,"Nama : …………………………………………. Pangkat/NI : …………………………………………. P : …………………………………………. Jabatan Dst. Untuk : 1. melakukan penggeledahan rumah dan atau tempat tertutup lainnya yang beralamat di Jl. …………………….……, yang diduga sebagai tempat disembunyikanya barang bukti, yang berhubungan dengan tindak pidana di bidang Telekomunikasi berupa ……… yang diduga dilakukan oleh tersangka masih dalam penyidikan, sebagaimana dimaksud dalam Pasal ….. Jo Pasal ..... Undang-Undang Nomor 36 tahun 1999 tentang Telekomunikasi Jo Pasal 55 Ayat (1) ke",Pasal 75 ayat (1) huruf d angka 2,"tempat, diduga, telekomunikasi, nama, pangkat",
Perdirjen_07_2021,Perdirjen Nomor 07 Tahun 2021,Perdirjen,2021,07,BAB XI,Ketentuan Penutup,,,75,1,d,2,Sanksi,1 KUH Pidana; penggeledahan dilaksanakan untuk kepentingan,Pasal 75 ayat (1) huruf d angka 2,"pidana, penggeledahan, dilaksanakan, kepentingan",
Perdirjen_07_2021,Perdirjen Nomor 07 Tahun 2021,Perdirjen,2021,07,BAB XI,Ketentuan Penutup,,,75,1,d,3,Sanksi,"pemeriksaan atau penyitaan; setelah melaksanakan perintah ini pada kesempatan pertama harus membuat Berita Acara Penggeledahan. Dikeluarkan di : ……. Pada Tanggal ……. Direktur Pengendalian SDPPI/Kepala Yang menerima perintah UPT………. Selaku PPNS, Ttd (nama) ……………………… NIP. : ………………… 26. Surat Perintah Penggeledahan (Atasan Bukan Selaku PPNS) (Sudah Penetapan Pengadilan Negeri) KOP SURAT DIREKTORAT PENGENDALIAN SDPPI / BALMON / LOKA Pro Justitia SURAT PERINTAH PENGGELEDAHAN Pertimbanga : Bahwa untuk kepentingan penyidikan Tindak Pidana di Bidang n Telekomunikasi oleh PPNS diperlukan Tindakan penggeledahan rumah dan atau tempat tertutup lainnya, maka perlu mengeluarkan Surat Perintah ini. Dasar : 1. Pasal 1 butir 17 Pasal 6, Pasal 7 ayat (1) huruf d, Pasal 32, Pasal 33, Pasal 34, Pasal 36, Pasal 107 ayat (1), Pasal 125, Pasal 126, Pasal 127 Undang-Undang Nomor 8 Tahun 1981",Pasal 75 ayat (1) huruf d angka 3,"perintah, penggeledahan, surat, ppns, pengendalian",
Perdirjen_07_2021,Perdirjen Nomor 07 Tahun 2021,Perdirjen,2021,07,BAB XI,Ketentuan Penutup,,,75,1,d,2,Ketentuan,tentang KUHAP; Pasal 44 di UU. RI Nomor 36 Tahun 1999 Tentang,Pasal 75 ayat (1) huruf d angka 2,"kuhap, nomor, tahun",
Perdirjen_07_2021,Perdirjen Nomor 07 Tahun 2021,Perdirjen,2021,07,BAB XI,Ketentuan Penutup,,,75,1,d,3,Ketentuan,Telekomunikasi.,Pasal 75 ayat (1) huruf d angka 3,telekomunikasi,
Perdirjen_07_2021,Perdirjen Nomor 07 Tahun 2021,Perdirjen,2021,07,BAB XI,Ketentuan Penutup,,,75,1,d,4,Ketentuan,"Laporan Kejadian, Nomor : LK. …………………, tanggal",Pasal 75 ayat (1) huruf d angka 4,"laporan, kejadian, nomor, tanggal",
Perdirjen_07_2021,Perdirjen Nomor 07 Tahun 2021,Perdirjen,2021,07,BAB XI,Ketentuan Penutup,,,75,1,d,5,Ketentuan,"..………….. Surat Perintah Penyidikan Nomor : ……………, tanggal ……………. Surat Penetapan Ketua Pengadilan Negeri …….. Nomor : …………. tanggal …….. Diperintahkan Kepada : 1. Nama : …………………………………………. Pangkat/NI : …………………………………………. P : …………………………………………. Jabatan",Pasal 75 ayat (1) huruf d angka 5,"surat, nomor, tanggal, perintah, penyidikan",
Perdirjen_07_2021,Perdirjen Nomor 07 Tahun 2021,Perdirjen,2021,07,BAB XI,Ketentuan Penutup,,,75,1,d,2,Sanksi,"Nama : …………………………………………. Pangkat/NI : …………………………………………. P : …………………………………………. Jabatan Dst. Untuk : 1. melakukan penggeledahan rumah dan atau tempat tertutup lainnya yang beralamat di Jl. …………………….……, yang diduga sebagai tempat disembunyikanya barang bukti, yang berhubungan dengan tindak pidana di bidang Telekomunikasi berupa ……… yang diduga dilakukan oleh tersangka masih dalam penyidikan, sebagaimana dimaksud dalam Pasal ….. Jo Pasal ..... Undang-Undang Nomor 36 tahun 1999 tentang Telekomunikasi Jo Pasal 55 Ayat (1) ke 1 KUH Pidana;",Pasal 75 ayat (1) huruf d angka 2,"tempat, diduga, pidana, telekomunikasi, nama",
Perdirjen_07_2021,Perdirjen Nomor 07 Tahun 2021,Perdirjen,2021,07,BAB XI,Ketentuan Penutup,,,75,1,d,2,Ketentuan,penggeledahan dilaksanakan untuk kepentingan pemeriksaan atau penyitaan;,Pasal 75 ayat (1) huruf d angka 2,"penggeledahan, dilaksanakan, kepentingan, pemeriksaan, penyitaan",
Perdirjen_07_2021,Perdirjen Nomor 07 Tahun 2021,Perdirjen,2021,07,BAB XI,Ketentuan Penutup,,,75,1,d,3,Sanksi,"setelah melaksanakan perintah ini pada kesempatan pertama harus membuat Berita Acara Penggeledahan. Dikeluarkan di : ……. Pada Tanggal ……. Penyidik Pegawai Negeri Sipil, Yang menerima perintah ………………………….. ……………………… NIP. : ………………… NIP. : …………… Mengetahui: Direktur Pengendalian SDPPI/Kepala UPT………. ………………………….. NIP. : ……………………………… 27. Surat Perintah Penggeledahan (Atasan Selaku PPNS) (Belum Penetapan Pengadilan Negeri) KOP SURAT DIREKTORAT PENGENDALIAN SDPPI / BALMON / LOKA Pro Justitia SURAT PERINTAH PENGGELEDAHAN Pertimbangan : Bahwa untuk kepentingan penyidikan Tindak Pidana di Bidang Telekomunikasi oleh PPNS diperlukan Tindakan penggeledahan rumah dan atau tempat tertutup lainnya, maka perlu mengeluarkan Surat Perintah ini. Dasar : 1. Pasal 1 butir 17 Pasal 6, Pasal 7 ayat (1) huruf d, Pasal 32, Pasal 33, Pasal 34, Pasal 36, Pasal 107 ayat (1), Pasal 125, Pasal 126, Pasal 127 Undang-Undang Nomor 8 Tahun 1981",Pasal 75 ayat (1) huruf d angka 3,"perintah, penggeledahan, surat, negeri, pengendalian",
Perdirjen_07_2021,Perdirjen Nomor 07 Tahun 2021,Perdirjen,2021,07,BAB XI,Ketentuan Penutup,,,75,1,d,2,Ketentuan,tentang KUHAP; Pasal 44 di UU. RI Nomor 36 Tahun 1999 Tentang,Pasal 75 ayat (1) huruf d angka 2,"kuhap, nomor, tahun",
Perdirjen_07_2021,Perdirjen Nomor 07 Tahun 2021,Perdirjen,2021,07,BAB XI,Ketentuan Penutup,,,75,1,d,3,Ketentuan,Telekomunikasi.,Pasal 75 ayat (1) huruf d angka 3,telekomunikasi,
Perdirjen_07_2021,Perdirjen Nomor 07 Tahun 2021,Perdirjen,2021,07,BAB XI,Ketentuan Penutup,,,75,1,d,4,Ketentuan,"Laporan Kejadian, Nomor : LK. …………………, tanggal ..………….. Surat Perintah Penyidikan Nomor : ……………, tanggal ……………. Diperintahkan Kepada : 1. Nama : …………………………………………. Pangkat/NI : …………………………………………. P : …………………………………………. Jabatan",Pasal 75 ayat (1) huruf d angka 4,"nomor, tanggal, laporan, kejadian, surat",
Perdirjen_07_2021,Perdirjen Nomor 07 Tahun 2021,Perdirjen,2021,07,BAB XI,Ketentuan Penutup,,,75,1,d,2,Sanksi,"Nama : …………………………………………. Pangkat/NI : …………………………………………. P : …………………………………………. Jabatan Dst. Untuk : 1. melakukan penggeledahan rumah dan atau tempat tertutup lainnya yang beralamat di Jl. …………………….……, yang diduga sebagai tempat disembunyikanya barang bukti, yang berhubungan dengan tindak pidana di bidang Telekomunikasi berupa ……… yang diduga dilakukan oleh tersangka masih dalam penyidikan, sebagaimana dimaksud dalam Pasal ….. Jo Pasal ..... Undang-Undang Nomor 36 tahun 1999 tentang Telekomunikasi Jo Pasal 55 Ayat (1) ke",Pasal 75 ayat (1) huruf d angka 2,"tempat, diduga, telekomunikasi, nama, pangkat",
Perdirjen_07_2021,Perdirjen Nomor 07 Tahun 2021,Perdirjen,2021,07,BAB XI,Ketentuan Penutup,,,75,1,d,2,Sanksi,1 KUH Pidana; penggeledahan dilaksanakan untuk kepentingan,Pasal 75 ayat (1) huruf d angka 2,"pidana, penggeledahan, dilaksanakan, kepentingan",
Perdirjen_07_2021,Perdirjen Nomor 07 Tahun 2021,Perdirjen,2021,07,BAB XI,Ketentuan Penutup,,,75,1,d,3,Sanksi,"pemeriksaan atau penyitaan; setelah melaksanakan perintah ini pada kesempatan pertama harus membuat Berita Acara Penggeledahan. Dikeluarkan di : ……. Pada Tanggal ……. Direktur Pengendalian SDPPI/Kepala Yang menerima perintah UPT………. Selaku PPNS, Ttd (nama) ……………………… NIP. : ………………… 28. Surat Perintah Penggeledahan (Atasan Bukan Selaku PPNS) (Belum Penetapan Pengadilan Negeri) KOP SURAT DIREKTORAT PENGENDALIAN SDPPI / BALMON / LOKA Pro Justitia SURAT PERINTAH PENGGELEDAHAN Pertimbangan : Bahwa untuk kepentingan penyidikan Tindak Pidana di Bidang Telekomunikasi oleh PPNS diperlukan Tindakan penggeledahan rumah dan atau tempat tertutup lainnya, maka perlu mengeluarkan Surat Perintah ini. Dasar : 1. Pasal 1 butir 17 Pasal 6, Pasal 7 ayat (1) huruf d, Pasal 32, Pasal 33, Pasal 34, Pasal 36, Pasal 107 ayat (1), Pasal 125, Pasal 126, Pasal 127 Undang-Undang Nomor 8 Tahun 1981",Pasal 75 ayat (1) huruf d angka 3,"perintah, penggeledahan, surat, ppns, pengendalian",
Perdirjen_07_2021,Perdirjen Nomor 07 Tahun 2021,Perdirjen,2021,07,BAB XI,Ketentuan Penutup,,,75,1,d,2,Ketentuan,tentang KUHAP; Pasal 44 di UU. RI Nomor 36 Tahun 1999 Tentang,Pasal 75 ayat (1) huruf d angka 2,"kuhap, nomor, tahun",
Perdirjen_07_2021,Perdirjen Nomor 07 Tahun 2021,Perdirjen,2021,07,BAB XI,Ketentuan Penutup,,,75,1,d,3,Ketentuan,Telekomunikasi.,Pasal 75 ayat (1) huruf d angka 3,telekomunikasi,
Perdirjen_07_2021,Perdirjen Nomor 07 Tahun 2021,Perdirjen,2021,07,BAB XI,Ketentuan Penutup,,,75,1,d,4,Ketentuan,"Laporan Kejadian, Nomor : LK. …………………, tanggal ..………….. Surat Perintah Penyidikan Nomor : ……………, tanggal ……………. Diperintahkan Kepada : 1. Nama : …………………………………………. Pangkat/NI : …………………………………………. P : …………………………………………. Jabatan",Pasal 75 ayat (1) huruf d angka 4,"nomor, tanggal, laporan, kejadian, surat",
Perdirjen_07_2021,Perdirjen Nomor 07 Tahun 2021,Perdirjen,2021,07,BAB XI,Ketentuan Penutup,,,75,1,d,2,Sanksi,"Nama : …………………………………………. Pangkat/NI : …………………………………………. P : …………………………………………. Jabatan Dst. Untuk : 1. melakukan penggeledahan rumah dan atau tempat tertutup lainnya yang beralamat di Jl. …………………….……, yang diduga sebagai tempat disembunyikanya barang bukti, yang berhubungan dengan tindak pidana di bidang Telekomunikasi berupa ……… yang diduga dilakukan oleh tersangka masih dalam penyidikan, sebagaimana dimaksud dalam Pasal ….. Jo Pasal ..... Undang-Undang Nomor 36 tahun 1999 tentang Telekomunikasi Jo Pasal 55 Ayat (1) ke",Pasal 75 ayat (1) huruf d angka 2,"tempat, diduga, telekomunikasi, nama, pangkat",
Perdirjen_07_2021,Perdirjen Nomor 07 Tahun 2021,Perdirjen,2021,07,BAB XI,Ketentuan Penutup,,,75,1,d,2,Sanksi,1 KUH Pidana; penggeledahan dilaksanakan untuk kepentingan,Pasal 75 ayat (1) huruf d angka 2,"pidana, penggeledahan, dilaksanakan, kepentingan",
Perdirjen_07_2021,Perdirjen Nomor 07 Tahun 2021,Perdirjen,2021,07,BAB XI,Ketentuan Penutup,,,75,1,d,3,Kewajiban,"pemeriksaan atau penyitaan; setelah melaksanakan perintah ini pada kesempatan pertama harus membuat Berita Acara Penggeledahan. Dikeluarkan di : ……. Pada Tanggal ……. Penyidik Pegawai Negeri Sipil, Yang menerima perintah ………………………….. ……………………… NIP. : ………………… NIP. : …………… Mengetahui: Direktur Pengendalian SDPPI/Kepala UPT………. ………………………….. NIP. : ……………………………… 29. Berita Acara Penggeledaha KOP SURAT DIREKTORAT PENGENDALIAN SDPPI / BALMON / LOKA Pro Justitia BERITA ACARA PENGGELEDAHAN Pada hari ini ............. tanggal .................. bulan .................. tahun .................. Pukul ............ WIB, saya ………………………………., Pangkat/Gol ............................ NIP. .................................., selaku PPNS dari Kantor ………………………………., bersama-sama :",Pasal 75 ayat (1) huruf d angka 3,"berita, acara, perintah, penggeledahan, tanggal",
Perdirjen_07_2021,Perdirjen Nomor 07 Tahun 2021,Perdirjen,2021,07,BAB XI,Ketentuan Penutup,,,75,1,d,1,Ketentuan,"Nama, Pangkat/Gol, NIP, Jabatan : …………………………………………",Pasal 75 ayat (1) huruf d angka 1,"nama, pangkat, jabatan",
Perdirjen_07_2021,Perdirjen Nomor 07 Tahun 2021,Perdirjen,2021,07,BAB XI,Ketentuan Penutup,,,75,1,d,2,Ketentuan,"Nama, Pangkat/Gol, NIP, Jabatan : …………………………………………",Pasal 75 ayat (1) huruf d angka 2,"nama, pangkat, jabatan",
Perdirjen_07_2021,Perdirjen Nomor 07 Tahun 2021,Perdirjen,2021,07,BAB XI,Ketentuan Penutup,,,75,1,d,3,Ketentuan,"Nama, Pangkat/Gol, NIP, Jabatan : ………………………………………… Masing-masing bertugas di kantor yang sama, berdasarkan :",Pasal 75 ayat (1) huruf d angka 3,"masing, nama, pangkat, jabatan, bertugas",
Perdirjen_07_2021,Perdirjen Nomor 07 Tahun 2021,Perdirjen,2021,07,BAB XI,Ketentuan Penutup,,,75,1,d,1,Ketentuan,"Laporan Kejadian, Nomor : LK. ………………………., tanggal ……………..",Pasal 75 ayat (1) huruf d angka 1,"laporan, kejadian, nomor, tanggal",
Perdirjen_07_2021,Perdirjen Nomor 07 Tahun 2021,Perdirjen,2021,07,BAB XI,Ketentuan Penutup,,,75,1,d,2,Ketentuan,"Surat Perintah Penyidikan, Nomor : SPP. ………….………………, tanggal ….……..",Pasal 75 ayat (1) huruf d angka 2,"surat, perintah, penyidikan, nomor, tanggal",
Perdirjen_07_2021,Perdirjen Nomor 07 Tahun 2021,Perdirjen,2021,07,BAB XI,Ketentuan Penutup,,,75,1,d,3,Ketentuan,"Surat Perintah Penggeledahan, Nomor : SPG. …………………………., tanggal …………",Pasal 75 ayat (1) huruf d angka 3,"surat, perintah, penggeledahan, nomor, tanggal",
Perdirjen_07_2021,Perdirjen Nomor 07 Tahun 2021,Perdirjen,2021,07,BAB XI,Ketentuan Penutup,,,75,1,d,4,Sanksi,"Surat Penetapan Izin Ketua Pengadilan Negeri ….. Nomor : ………….., tanggal ……….. Telah melakukan penggeledahan terhadap (Rumah, tempat tinggal atau ruangan tertutup lainnya) yang beralamat di …………………………, yang diduga sebagai tempat disembunyikannya barang bukti sehubungan dengan tindak pidana dibidang Telekomunikasi berupa ………… sebagaimana dimaksud Pasal ….. Jo Pasal ..... Undang-Undang Nomor 36 tahun 1999 tentang Telekomunikasi Jo Pasal 55 Ayat (1) ke 1 KUH Pidana. Dengan (seizin/tanpa izin) tersangka/penghuni rumah : Nama : ………………………………………………………….. Tempat, Tgl.Lahir : ………………………………………………………….. Kewarganegaraan : ………………………………………………………….. Agama : ………………………………………………………….. Pekerjaan : ………………………………………………………….. Alamat : ………………………………………………………….. Dan disaksikan oleh : ………………………………………………………….",Pasal 75 ayat (1) huruf d angka 4,"tempat, izin, nomor, rumah, pidana",
Perdirjen_07_2021,Perdirjen Nomor 07 Tahun 2021,Perdirjen,2021,07,BAB XI,Ketentuan Penutup,,,75,1,d,1,Ketentuan,Nama : ……………………………………………………….. Pekerjaan : ……………………………………………………….. Alamat : ………………………………………………………..,Pasal 75 ayat (1) huruf d angka 1,"nama, pekerjaan, alamat",
Perdirjen_07_2021,Perdirjen Nomor 07 Tahun 2021,Perdirjen,2021,07,BAB XI,Ketentuan Penutup,,,75,1,d,2,Larangan,"Nama : ……………………………………………………….. Pekerjaan : ……………………………………………………….. Alamat : ……………………………………………………….. Adapun jalannya proses penggeledahan dimaksud sebagai berikut: Cth: Setelah menunjukan Surat Perintah Penggeledahan dan Izin Pengadilan Negeri, PPNS Direktorat Jenderal SDPPI dengan didampingi Penyidik Polri/Korwas PPNS menjelaskan maksud kehadirannya dan atas (seizin/tanpa izin) pemilik rumah, selanjutnya dengan didampingi Ketua lingkungan setempat, PPNS Direktorat Jenderal SDPPI melakukan penggeledahan dengan hasil:",Pasal 75 ayat (1) huruf d angka 2,"penggeledahan, ppns, izin, direktorat, jenderal",
Perdirjen_07_2021,Perdirjen Nomor 07 Tahun 2021,Perdirjen,2021,07,BAB XI,Ketentuan Penutup,,,75,1,d,1,Ketentuan,"(Merk / Type, Model, Brand, Jumlah):",Pasal 75 ayat (1) huruf d angka 1,"merk, type, model, brand, jumlah",
Perdirjen_07_2021,Perdirjen Nomor 07 Tahun 2021,Perdirjen,2021,07,BAB XI,Ketentuan Penutup,,,75,1,d,2,Ketentuan,"(Merk / Type, Model, Brand, Jumlah):",Pasal 75 ayat (1) huruf d angka 2,"merk, type, model, brand, jumlah",
Perdirjen_07_2021,Perdirjen Nomor 07 Tahun 2021,Perdirjen,2021,07,BAB XI,Ketentuan Penutup,,,75,1,d,3,Ketentuan,"(Merk / Type, Model, Brand, Jumlah):",Pasal 75 ayat (1) huruf d angka 3,"merk, type, model, brand, jumlah",
Perdirjen_07_2021,Perdirjen Nomor 07 Tahun 2021,Perdirjen,2021,07,BAB XI,Ketentuan Penutup,,,75,1,d,4,Ketentuan,"Dst. yang selanjutnya barang-barang/dokumen tersebut dibungkus dan dibawa ke Kantor ………… untuk diamankan, diteliti atau ditelaah lebih lanjut. (Catatan: bahwa selain dokumen/barang tersebut diatas, PPNS Direktorat Jenderal SDPPI tidak ada mengamankan/mengambil sesuatu baik berupa dokumen/barang/uang dari rumah tersebut) Demikian Berita Acara Penggeledahan ini dibuat dengan sebenarnya atas kekuatan sumpah jabatan, kemudian ditutup dan ditandatangani di ………………………………. pada tanggal, bulan dan tahun tersebut di atas. Pemilik/Penghuni Rumah, Penyidik PNS, (…………………………………….) (………………………………..) Saksi-saksi :",Pasal 75 ayat (1) huruf d angka 4,"barang, tersebut, dokumen, rumah, saksi",
Perdirjen_07_2021,Perdirjen Nomor 07 Tahun 2021,Perdirjen,2021,07,BAB XI,Ketentuan Penutup,,,75,1,d,1,Ketentuan,…………………………………..,Pasal 75 ayat (1) huruf d angka 1,,
Perdirjen_07_2021,Perdirjen Nomor 07 Tahun 2021,Perdirjen,2021,07,BAB XI,Ketentuan Penutup,,,75,1,d,2,Ketentuan,"………………………………….. 30. Berita Acara Penggeledahan (Belum Ada Penetapan Pengadilan negeri) KOP SURAT DIREKTORAT PENGENDALIAN SDPPI / BALMON / LOKA Pro Justitia BERITA ACARA PENGGELEDAHAN Pada hari ini ............. tanggal .................. bulan .................. tahun .................. Pukul ............ WIB, saya ………………………………., Pangkat/Gol ............................ NIP. .................................., selaku PPNS dari Kantor ………………………………., bersama-sama :",Pasal 75 ayat (1) huruf d angka 2,"berita, acara, penggeledahan, belum, penetapan",
Perdirjen_07_2021,Perdirjen Nomor 07 Tahun 2021,Perdirjen,2021,07,BAB XI,Ketentuan Penutup,,,75,1,d,1,Ketentuan,"Nama, Pangkat/Gol, NIP, Jabatan : …………………………………………",Pasal 75 ayat (1) huruf d angka 1,"nama, pangkat, jabatan",
Perdirjen_07_2021,Perdirjen Nomor 07 Tahun 2021,Perdirjen,2021,07,BAB XI,Ketentuan Penutup,,,75,1,d,2,Ketentuan,"Nama, Pangkat/Gol, NIP, Jabatan : …………………………………………",Pasal 75 ayat (1) huruf d angka 2,"nama, pangkat, jabatan",
Perdirjen_07_2021,Perdirjen Nomor 07 Tahun 2021,Perdirjen,2021,07,BAB XI,Ketentuan Penutup,,,75,1,d,3,Ketentuan,"Nama, Pangkat/Gol, NIP, Jabatan : ………………………………………… Masing-masing bertugas di kantor yang sama, berdasarkan :",Pasal 75 ayat (1) huruf d angka 3,"masing, nama, pangkat, jabatan, bertugas",
Perdirjen_07_2021,Perdirjen Nomor 07 Tahun 2021,Perdirjen,2021,07,BAB XI,Ketentuan Penutup,,,75,1,d,1,Ketentuan,"Laporan Kejadian, Nomor : LK. ………………………., tanggal ……………..",Pasal 75 ayat (1) huruf d angka 1,"laporan, kejadian, nomor, tanggal",
Perdirjen_07_2021,Perdirjen Nomor 07 Tahun 2021,Perdirjen,2021,07,BAB XI,Ketentuan Penutup,,,75,1,d,2,Ketentuan,"Surat Perintah Penyidikan, Nomor : SPP. ………….………………, tanggal ….……..",Pasal 75 ayat (1) huruf d angka 2,"surat, perintah, penyidikan, nomor, tanggal",
Perdirjen_07_2021,Perdirjen Nomor 07 Tahun 2021,Perdirjen,2021,07,BAB XI,Ketentuan Penutup,,,75,1,d,3,Sanksi,"Surat Perintah Penggeledahan, Nomor : SPG. …………………………., tanggal ………… Telah melakukan penggeledahan terhadap (Rumah, tempat tinggal atau ruangan tertutup lainnya) yang beralamat di …………………………, yang diduga sebagai tempat disembunyikannya barang bukti sehubungan dengan tindak pidana dibidang Telekomunikasi berupa ………… sebagaimana dimaksud Pasal ….. Jo Pasal ..... Undang-Undang Nomor 36 tahun 1999 tentang Telekomunikasi Jo Pasal 55 Ayat (1) ke 1 KUH Pidana. Dengan (seizin/tanpa izin) tersangka/penghuni rumah : Nama : ………………………………………………………….. Tempat, Tgl.Lahir : ………………………………………………………….. Kewarganegaraan : ………………………………………………………….. Agama : ………………………………………………………….. Pekerjaan : ………………………………………………………….. Alamat : ………………………………………………………….. Dan disaksikan oleh : ………………………………………………………….",Pasal 75 ayat (1) huruf d angka 3,"tempat, penggeledahan, nomor, rumah, pidana",
Perdirjen_07_2021,Perdirjen Nomor 07 Tahun 2021,Perdirjen,2021,07,BAB XI,Ketentuan Penutup,,,75,1,d,1,Ketentuan,Nama : ……………………………………………………….. Pekerjaan : ……………………………………………………….. Alamat : ………………………………………………………..,Pasal 75 ayat (1) huruf d angka 1,"nama, pekerjaan, alamat",
Perdirjen_07_2021,Perdirjen Nomor 07 Tahun 2021,Perdirjen,2021,07,BAB XI,Ketentuan Penutup,,,75,1,d,2,Larangan,"Nama : ……………………………………………………….. Pekerjaan : ……………………………………………………….. Alamat : ……………………………………………………….. Adapun jalannya proses penggeledahan dimaksud sebagai berikut: Cth: Setelah menunjukan Surat Perintah Penggeledahan, PPNS Direktorat Jenderal SDPPI dengan didampingi Penyidik Polri/Korwas PPNS menjelaskan maksud kehadirannya dan atas (seizin/tanpa izin) pemilik rumah, selanjutnya dengan didampingi Ketua lingkungan setempat, PPNS Direktorat Jenderal SDPPI melakukan penggeledahan dengan hasil:",Pasal 75 ayat (1) huruf d angka 2,"penggeledahan, ppns, direktorat, jenderal, sdppi",
Perdirjen_07_2021,Perdirjen Nomor 07 Tahun 2021,Perdirjen,2021,07,BAB XI,Ketentuan Penutup,,,75,1,d,1,Ketentuan,"(Merk / Type, Model, Brand, Jumlah):",Pasal 75 ayat (1) huruf d angka 1,"merk, type, model, brand, jumlah",
Perdirjen_07_2021,Perdirjen Nomor 07 Tahun 2021,Perdirjen,2021,07,BAB XI,Ketentuan Penutup,,,75,1,d,2,Ketentuan,"(Merk / Type, Model, Brand, Jumlah):",Pasal 75 ayat (1) huruf d angka 2,"merk, type, model, brand, jumlah",
Perdirjen_07_2021,Perdirjen Nomor 07 Tahun 2021,Perdirjen,2021,07,BAB XI,Ketentuan Penutup,,,75,1,d,3,Ketentuan,"(Merk / Type, Model, Brand, Jumlah):",Pasal 75 ayat (1) huruf d angka 3,"merk, type, model, brand, jumlah",
Perdirjen_07_2021,Perdirjen Nomor 07 Tahun 2021,Perdirjen,2021,07,BAB XI,Ketentuan Penutup,,,75,1,d,4,Ketentuan,"Dst. yang selanjutnya barang-barang/dokumen tersebut dibungkus dan dibawa ke Kantor ………… untuk diamankan, diteliti atau ditelaah lebih lanjut. (Catatan: bahwa selain dokumen/barang tersebut diatas, PPNS Direktorat Jenderal SDPPI tidak ada mengamankan/mengambil sesuatu baik berupa dokumen/barang/uang dari rumah tersebut) Demikian Berita Acara Penggeledahan ini dibuat dengan sebenarnya atas kekuatan sumpah jabatan, kemudian ditutup dan ditandatangani di ………………………………. pada tanggal, bulan dan tahun tersebut di atas. Pemilik/Penghuni Rumah, Penyidik PNS, (…………………………………….) (………………………………..) Saksi-saksi :",Pasal 75 ayat (1) huruf d angka 4,"barang, tersebut, dokumen, rumah, saksi",
Perdirjen_07_2021,Perdirjen Nomor 07 Tahun 2021,Perdirjen,2021,07,BAB XI,Ketentuan Penutup,,,75,1,d,1,Ketentuan,…………………………………..,Pasal 75 ayat (1) huruf d angka 1,,
Perdirjen_07_2021,Perdirjen Nomor 07 Tahun 2021,Perdirjen,2021,07,BAB XI,Ketentuan Penutup,,,75,1,d,2,Ketentuan,"………………………………….. 31. Surat Bantuan Pendampingan Penggeledahan (Sudah Terbit Penetapan) KOP SURAT DIREKTORAT PENGENDALIAN SDPPI / BALMON / LOKA Nomor : …../………./……………/20.. …………., ……………..20.. Klasifikasi : Segera Lampiran : - Hal : Bantuan Pendampingan Penggeledahan Kepada Yth. Yth. KAPOLDA ………… Cq DIRESKRIMSUS di …………..",Pasal 75 ayat (1) huruf d angka 2,"surat, bantuan, pendampingan, penggeledahan, sudah",
Perdirjen_07_2021,Perdirjen Nomor 07 Tahun 2021,Perdirjen,2021,07,BAB XI,Ketentuan Penutup,,,75,1,d,1,Ketentuan,DASAR :,Pasal 75 ayat (1) huruf d angka 1,dasar,
Perdirjen_07_2021,Perdirjen Nomor 07 Tahun 2021,Perdirjen,2021,07,BAB XI,Ketentuan Penutup,,,75,1,a,,Sanksi,"Pasal 6 ayat (1) huruf b, Pasal 7 ayat (2), Pasal 32, Pasal 33, Pasal 34 dan Pasal 107 ayat (1) Undang-Undang RI No. 8 Tahun 1981 tentang Kitab Undang-Undang Hukum Acara Pidana;",Pasal 75 ayat (1) huruf a,"tahun, kitab, hukum, acara, pidana",
Perdirjen_07_2021,Perdirjen Nomor 07 Tahun 2021,Perdirjen,2021,07,BAB XI,Ketentuan Penutup,,,75,1,b,,Ketentuan,Pasal 44 Undang-Undang Nomor 36 Tahun 1999 tentang Telekomunikasi;,Pasal 75 ayat (1) huruf b,"nomor, tahun, telekomunikasi",
Perdirjen_07_2021,Perdirjen Nomor 07 Tahun 2021,Perdirjen,2021,07,BAB XI,Ketentuan Penutup,,,75,1,c,,Ketentuan,"Laporan Kejadian Nomor : LK/…../……/20…., tanggal ..............;",Pasal 75 ayat (1) huruf c,"laporan, kejadian, nomor, tanggal",
Perdirjen_07_2021,Perdirjen Nomor 07 Tahun 2021,Perdirjen,2021,07,BAB XI,Ketentuan Penutup,,,75,1,d,,Ketentuan,"Surat Perintah Penyidikan Nomor : Sprin Sidik/…./……/20…, tanggal ……..;",Pasal 75 ayat (1) huruf d,"surat, perintah, penyidikan, nomor, sprin",
Perdirjen_07_2021,Perdirjen Nomor 07 Tahun 2021,Perdirjen,2021,07,BAB XI,Ketentuan Penutup,,,75,1,e,,Ketentuan,"Surat Pemberitahuan Dimulainya Penyidikan Nomor : SPDP/…../…..…/20..., tanggal ………",Pasal 75 ayat (1) huruf e,"surat, pemberitahuan, dimulainya, penyidikan, nomor",
Perdirjen_07_2021,Perdirjen Nomor 07 Tahun 2021,Perdirjen,2021,07,BAB XI,Ketentuan Penutup,,,75,1,f,,Ketentuan,Surat Penetapan Izin Khusus Ketua Pengadilan Negeri …… Nomor …… tanggal …,Pasal 75 ayat (1) huruf f,"surat, penetapan, izin, khusus, ketua",
Perdirjen_07_2021,Perdirjen Nomor 07 Tahun 2021,Perdirjen,2021,07,BAB XI,Ketentuan Penutup,,,75,1,g,,Ketentuan,Surat Perintah Penggeledahan Nomor : SPG ……/……/…….. tanggal ………………,Pasal 75 ayat (1) huruf g,"surat, perintah, penggeledahan, nomor, tanggal",
Perdirjen_07_2021,Perdirjen Nomor 07 Tahun 2021,Perdirjen,2021,07,BAB XI,Ketentuan Penutup,,,75,1,g,2,Sanksi,"Sehubungan dengan rujukan tersebut diatas, bersama ini disampaikan bahwa dari hasil penyidikan tindak pidana di bidang Telekomunikasi berupa ........, sebagaimana dimaksud dalam Pasal …… Jo Pasal …….. Undang-Undang No. 36 Tahun 1999 tentang Telekomunikasi Jo Pasal 55 ayat (1) ke 1 KUH Pidana, dengan tersangka masih dalam penyidikan, memerlukan tindakan penggeledahan terhadap rumah yang terletak di……………………………………",Pasal 75 ayat (1) huruf g angka 2,"penyidikan, pidana, telekomunikasi, sehubungan, rujukan",
Perdirjen_07_2021,Perdirjen Nomor 07 Tahun 2021,Perdirjen,2021,07,BAB XI,Ketentuan Penutup,,,75,1,g,3,Ketentuan,"Untuk keperluan tersebut diatas, dimohon bantuan Dir ….. dapat menunjuk personil Korwas PPNS Ditreskrimsus Polda .... sebanyak ..... orang guna mendampingi PPNS ..... melakukan penggeledahan dimaksud.",Pasal 75 ayat (1) huruf g angka 3,"ppns, keperluan, tersebut, diatas, dimohon",
Perdirjen_07_2021,Perdirjen Nomor 07 Tahun 2021,Perdirjen,2021,07,BAB XI,Ketentuan Penutup,,,75,1,g,4,Ketentuan,Sebagai bahan pertimbangan bersama ini dilampirkan adminitrasi penyidikan berupa:,Pasal 75 ayat (1) huruf g angka 4,"bahan, pertimbangan, bersama, dilampirkan, adminitrasi",
Perdirjen_07_2021,Perdirjen Nomor 07 Tahun 2021,Perdirjen,2021,07,BAB XI,Ketentuan Penutup,,,75,1,a,,Ketentuan,"Laporan Kejadian Nomor : LK/…../….…/20…., tanggal ..............;",Pasal 75 ayat (1) huruf a,"laporan, kejadian, nomor, tanggal",
Perdirjen_07_2021,Perdirjen Nomor 07 Tahun 2021,Perdirjen,2021,07,BAB XI,Ketentuan Penutup,,,75,1,b,,Ketentuan,"Surat Perintah Penyidikan Nomor : Sprin Sidik/…./……/20…, tanggal ……..;",Pasal 75 ayat (1) huruf b,"surat, perintah, penyidikan, nomor, sprin",
Perdirjen_07_2021,Perdirjen Nomor 07 Tahun 2021,Perdirjen,2021,07,BAB XI,Ketentuan Penutup,,,75,1,c,,Ketentuan,"Surat Pemberitahuan dimulainya Penyidikan Nomor : SPDP/…../….…/20..., tanggal ………",Pasal 75 ayat (1) huruf c,"surat, pemberitahuan, dimulainya, penyidikan, nomor",
Perdirjen_07_2021,Perdirjen Nomor 07 Tahun 2021,Perdirjen,2021,07,BAB XI,Ketentuan Penutup,,,75,1,d,,Ketentuan,Laporan Kemajuan.,Pasal 75 ayat (1) huruf d,"laporan, kemajuan",
Perdirjen_07_2021,Perdirjen Nomor 07 Tahun 2021,Perdirjen,2021,07,BAB XI,Ketentuan Penutup,,,75,1,d,5,Ketentuan,"Demikian untuk menjadi maklum dan mohon kabar hasilnya. Direktur Pengendalian SDPPI / Ka.Balmon Kelas I / Kelas II / Kalokamon, …………………………………………….. NIP: ……………………………………… Tembusan:",Pasal 75 ayat (1) huruf d angka 5,"kelas, demikian, menjadi, maklum, mohon",
Perdirjen_07_2021,Perdirjen Nomor 07 Tahun 2021,Perdirjen,2021,07,BAB XI,Ketentuan Penutup,,,75,1,d,1,Ketentuan,Dirjen SDPPI;,Pasal 75 ayat (1) huruf d angka 1,"dirjen, sdppi",
Perdirjen_07_2021,Perdirjen Nomor 07 Tahun 2021,Perdirjen,2021,07,BAB XI,Ketentuan Penutup,,,75,1,d,2,Ketentuan,"Arsip. 32. Surat Bantuan Pendampingan Penggeledahan (Belum Terbit Penetapan) KOP SURAT DIREKTORAT PENGENDALIAN SDPPI / BALMON / LOKA Nomor : …../………./……………/20.. …………., ……………..20.. Klasifikasi : Segera Lampiran : - Hal : Bantuan Pendampingan Penggeledahan Kepada Yth. Yth. KAPOLDA ………… Cq DIRESKRIMSUS di …………..",Pasal 75 ayat (1) huruf d angka 2,"surat, bantuan, pendampingan, penggeledahan, arsip",
Perdirjen_07_2021,Perdirjen Nomor 07 Tahun 2021,Perdirjen,2021,07,BAB XI,Ketentuan Penutup,,,75,1,d,1,Ketentuan,DASAR :,Pasal 75 ayat (1) huruf d angka 1,dasar,
Perdirjen_07_2021,Perdirjen Nomor 07 Tahun 2021,Perdirjen,2021,07,BAB XI,Ketentuan Penutup,,,75,1,a,,Sanksi,"Pasal 6 ayat (1) huruf b, Pasal 7 ayat (2), Pasal 32, Pasal 33, Pasal 34 dan Pasal 107 ayat (1) Undang-Undang RI No. 8 Tahun 1981 tentang Kitab Undang-Undang Hukum Acara Pidana;",Pasal 75 ayat (1) huruf a,"tahun, kitab, hukum, acara, pidana",
Perdirjen_07_2021,Perdirjen Nomor 07 Tahun 2021,Perdirjen,2021,07,BAB XI,Ketentuan Penutup,,,75,1,b,,Ketentuan,Pasal 44 Undang-Undang Nomor 36 Tahun 1999 tentang Telekomunikasi;,Pasal 75 ayat (1) huruf b,"nomor, tahun, telekomunikasi",
Perdirjen_07_2021,Perdirjen Nomor 07 Tahun 2021,Perdirjen,2021,07,BAB XI,Ketentuan Penutup,,,75,1,c,,Ketentuan,"Laporan Kejadian Nomor : LK/…../……/20…., tanggal ..............;",Pasal 75 ayat (1) huruf c,"laporan, kejadian, nomor, tanggal",
Perdirjen_07_2021,Perdirjen Nomor 07 Tahun 2021,Perdirjen,2021,07,BAB XI,Ketentuan Penutup,,,75,1,d,,Ketentuan,"Surat Perintah Penyidikan Nomor : Sprin Sidik/…./……/20…, tanggal ……..;",Pasal 75 ayat (1) huruf d,"surat, perintah, penyidikan, nomor, sprin",
Perdirjen_07_2021,Perdirjen Nomor 07 Tahun 2021,Perdirjen,2021,07,BAB XI,Ketentuan Penutup,,,75,1,e,,Ketentuan,"Surat Pemberitahuan Dimulainya Penyidikan Nomor : SPDP/…../…..…/20..., tanggal ………",Pasal 75 ayat (1) huruf e,"surat, pemberitahuan, dimulainya, penyidikan, nomor",
Perdirjen_07_2021,Perdirjen Nomor 07 Tahun 2021,Perdirjen,2021,07,BAB XI,Ketentuan Penutup,,,75,1,f,,Ketentuan,Surat Perintah Penggeledahan Nomor : SPG ……/……/…….. tanggal ………………,Pasal 75 ayat (1) huruf f,"surat, perintah, penggeledahan, nomor, tanggal",
Perdirjen_07_2021,Perdirjen Nomor 07 Tahun 2021,Perdirjen,2021,07,BAB XI,Ketentuan Penutup,,,75,1,f,2,Sanksi,"Sehubungan dengan rujukan tersebut diatas, bersama ini disampaikan bahwa dari hasil penyidikan tindak pidana di bidang Telekomunikasi berupa ........, sebagaimana dimaksud dalam Pasal …… Jo Pasal …….. Undang-Undang No. 36 Tahun 1999 tentang Telekomunikasi Jo Pasal 55 ayat (1) ke 1 KUH Pidana, dengan tersangka masih dalam penyidikan, memerlukan tindakan penggeledahan terhadap rumah yang terletak di……………………………………",Pasal 75 ayat (1) huruf f angka 2,"penyidikan, pidana, telekomunikasi, sehubungan, rujukan",
Perdirjen_07_2021,Perdirjen Nomor 07 Tahun 2021,Perdirjen,2021,07,BAB XI,Ketentuan Penutup,,,75,1,f,3,Ketentuan,"Untuk keperluan tersebut diatas, dimohon bantuan Dir ….. dapat menunjuk personil Korwas PPNS Ditreskrimsus Polda .... sebanyak ..... orang guna mendampingi PPNS ..... melakukan penggeledahan dimaksud.",Pasal 75 ayat (1) huruf f angka 3,"ppns, keperluan, tersebut, diatas, dimohon",
Perdirjen_07_2021,Perdirjen Nomor 07 Tahun 2021,Perdirjen,2021,07,BAB XI,Ketentuan Penutup,,,75,1,f,4,Ketentuan,Sebagai bahan pertimbangan bersama ini dilampirkan adminitrasi penyidikan berupa:,Pasal 75 ayat (1) huruf f angka 4,"bahan, pertimbangan, bersama, dilampirkan, adminitrasi",
Perdirjen_07_2021,Perdirjen Nomor 07 Tahun 2021,Perdirjen,2021,07,BAB XI,Ketentuan Penutup,,,75,1,a,,Ketentuan,"Laporan Kejadian Nomor : LK/…../….…/20…., tanggal ..............;",Pasal 75 ayat (1) huruf a,"laporan, kejadian, nomor, tanggal",
Perdirjen_07_2021,Perdirjen Nomor 07 Tahun 2021,Perdirjen,2021,07,BAB XI,Ketentuan Penutup,,,75,1,b,,Ketentuan,"Surat Perintah Penyidikan Nomor : Sprin Sidik/…./……/20…, tanggal ……..;",Pasal 75 ayat (1) huruf b,"surat, perintah, penyidikan, nomor, sprin",
Perdirjen_07_2021,Perdirjen Nomor 07 Tahun 2021,Perdirjen,2021,07,BAB XI,Ketentuan Penutup,,,75,1,c,,Ketentuan,"Surat Pemberitahuan dimulainya Penyidikan Nomor : SPDP/…../….…/20..., tanggal ………",Pasal 75 ayat (1) huruf c,"surat, pemberitahuan, dimulainya, penyidikan, nomor",
Perdirjen_07_2021,Perdirjen Nomor 07 Tahun 2021,Perdirjen,2021,07,BAB XI,Ketentuan Penutup,,,75,1,d,,Ketentuan,Laporan Kemajuan.,Pasal 75 ayat (1) huruf d,"laporan, kemajuan",
Perdirjen_07_2021,Perdirjen Nomor 07 Tahun 2021,Perdirjen,2021,07,BAB XI,Ketentuan Penutup,,,75,1,d,5,Ketentuan,"Demikian untuk menjadi maklum dan mohon kabar hasilnya. Direktur Pengendalian SDPPI / Ka.Balmon Kelas I / Kelas II / Kalokamon, …………………………………………….. NIP: ……………………………………… Tembusan:",Pasal 75 ayat (1) huruf d angka 5,"kelas, demikian, menjadi, maklum, mohon",
Perdirjen_07_2021,Perdirjen Nomor 07 Tahun 2021,Perdirjen,2021,07,BAB XI,Ketentuan Penutup,,,75,1,d,1,Ketentuan,Dirjen SDPPI;,Pasal 75 ayat (1) huruf d angka 1,"dirjen, sdppi",
Perdirjen_07_2021,Perdirjen Nomor 07 Tahun 2021,Perdirjen,2021,07,BAB XI,Ketentuan Penutup,,,75,1,d,2,Ketentuan,"Arsip. 33. Surat Permohonan Penetapan Penggeledahan Ke Pengadilan Negeri (Penggeledahan Sudah Dilaksanakan) (Atasan Selaku PPNS) (Sudah Ada Tersangka) KOP SURAT DIREKTORAT PENGENDALIAN SDPPI / BALMON / LOKA Pro Justitia Nomor : B/………./……………/20.. …………., ……………..20.. Klasifikasi : Biasa Lampiran : 1 (satu) berkas Hal : Laporan Guna Memperoleh Penetapan Penggeledahan Kepada Yth. Yth. KETUA PENGADILAN NEGERI ………… di …………..",Pasal 75 ayat (1) huruf d angka 2,"penggeledahan, surat, penetapan, pengadilan, negeri",
Perdirjen_07_2021,Perdirjen Nomor 07 Tahun 2021,Perdirjen,2021,07,BAB XI,Ketentuan Penutup,,,75,1,d,1,Ketentuan,DASAR :,Pasal 75 ayat (1) huruf d angka 1,dasar,
Perdirjen_07_2021,Perdirjen Nomor 07 Tahun 2021,Perdirjen,2021,07,BAB XI,Ketentuan Penutup,,,75,1,a,,Ketentuan,"Pasal Pasal 6 Ayat (1) huruf b, Pasal 7 Ayat (2), Pasal 32, Pasal 33 Ayat",Pasal 75 ayat (1) huruf a,,
Perdirjen_07_2021,Perdirjen Nomor 07 Tahun 2021,Perdirjen,2021,07,BAB XI,Ketentuan Penutup,,,75,1,,,Ketentuan,", Pasal 35, dan Pasal 36 Undang-Undang Nomor 8 Tahun 1981 tentang KUHAP;",Pasal 75 ayat (1),"nomor, tahun, kuhap",
Perdirjen_07_2021,Perdirjen Nomor 07 Tahun 2021,Perdirjen,2021,07,BAB XI,Ketentuan Penutup,,,75,1,b,,Ketentuan,Pasal 44 Ayat (2) Undang-Undang Nomor 36 Tahun 1999 tentang Telekomunikasi;,Pasal 75 ayat (1) huruf b,"nomor, tahun, telekomunikasi",
Perdirjen_07_2021,Perdirjen Nomor 07 Tahun 2021,Perdirjen,2021,07,BAB XI,Ketentuan Penutup,,,75,1,c,,Ketentuan,"Laporan Kejadian Nomor : …………….., tanggal …………………..;",Pasal 75 ayat (1) huruf c,"laporan, kejadian, nomor, tanggal",
Perdirjen_07_2021,Perdirjen Nomor 07 Tahun 2021,Perdirjen,2021,07,BAB XI,Ketentuan Penutup,,,75,1,d,,Ketentuan,"Surat Perintah Penyidikan Nomor : ………., tanggal ……………;",Pasal 75 ayat (1) huruf d,"surat, perintah, penyidikan, nomor, tanggal",
Perdirjen_07_2021,Perdirjen Nomor 07 Tahun 2021,Perdirjen,2021,07,BAB XI,Ketentuan Penutup,,,75,1,e,,Ketentuan,"Surat Perintah Penggeledahan Nomor : ........., tanggal......",Pasal 75 ayat (1) huruf e,"surat, perintah, penggeledahan, nomor, tanggal",
Perdirjen_07_2021,Perdirjen Nomor 07 Tahun 2021,Perdirjen,2021,07,BAB XI,Ketentuan Penutup,,,75,1,e,2,Sanksi,"Sehubungan dengan rujukan tersebut diatas, bersama ini diberitahukan kepada Ketua bahwa dalam rangka kepentingan penyidikan dan karena keadaan yang sangat perlu dan mendesak, telah dilakukan penggeledahan terhadap rumah tinggal yang terletak di ......... yang diduga sebagai tempat/sarana untuk melakukan tindak pidana di bidang Telekomunikasi berupa ....., yang diduga dilakukan oleh tersangka (……………/ Masih Dalam Penyidikan) sebagaimana dimaksud dalam Pasal …… Jo Pasal …….. Undang-Undang No. 36 Tahun 1999 tentang Telekomunikasi Jo Pasal 55 ayat (1) ke 1 KUH Pidana.",Pasal 75 ayat (1) huruf e angka 2,"penyidikan, diduga, pidana, telekomunikasi, sehubungan",
Perdirjen_07_2021,Perdirjen Nomor 07 Tahun 2021,Perdirjen,2021,07,BAB XI,Ketentuan Penutup,,,75,1,e,3,Ketentuan,"Sehubungan dengan hal tersebut diatas, guna kepentingan penyidikan dimohon kepada Ketua untuk dapat menerbitkan Surat Penetapan persetujuan penggeledahan dimaksud.",Pasal 75 ayat (1) huruf e angka 3,"sehubungan, tersebut, diatas, guna, kepentingan",
Perdirjen_07_2021,Perdirjen Nomor 07 Tahun 2021,Perdirjen,2021,07,BAB XI,Ketentuan Penutup,,,75,1,e,4,Ketentuan,Sebagai bahan pertimbangan bersama ini dilampirkan kelengkapan administrasi penyidikannya:,Pasal 75 ayat (1) huruf e angka 4,"bahan, pertimbangan, bersama, dilampirkan, kelengkapan",
Perdirjen_07_2021,Perdirjen Nomor 07 Tahun 2021,Perdirjen,2021,07,BAB XI,Ketentuan Penutup,,,75,1,a,,Ketentuan,Laporan Kejadian;,Pasal 75 ayat (1) huruf a,"laporan, kejadian",
Perdirjen_07_2021,Perdirjen Nomor 07 Tahun 2021,Perdirjen,2021,07,BAB XI,Ketentuan Penutup,,,75,1,b,,Ketentuan,Surat Perintah Penyidikan;,Pasal 75 ayat (1) huruf b,"surat, perintah, penyidikan",
Perdirjen_07_2021,Perdirjen Nomor 07 Tahun 2021,Perdirjen,2021,07,BAB XI,Ketentuan Penutup,,,75,1,c,,Ketentuan,Surat Pemberitahuan Dimulainya Penyidikan;,Pasal 75 ayat (1) huruf c,"surat, pemberitahuan, dimulainya, penyidikan",
Perdirjen_07_2021,Perdirjen Nomor 07 Tahun 2021,Perdirjen,2021,07,BAB XI,Ketentuan Penutup,,,75,1,d,,Ketentuan,Surat Perintah Penggeledahan;,Pasal 75 ayat (1) huruf d,"surat, perintah, penggeledahan",
Perdirjen_07_2021,Perdirjen Nomor 07 Tahun 2021,Perdirjen,2021,07,BAB XI,Ketentuan Penutup,,,75,1,e,,Ketentuan,Berita Acara Penggeledahan;,Pasal 75 ayat (1) huruf e,"berita, acara, penggeledahan",
Perdirjen_07_2021,Perdirjen Nomor 07 Tahun 2021,Perdirjen,2021,07,BAB XI,Ketentuan Penutup,,,75,1,f,,Ketentuan,"Laporan Kemajuan Penyidikan. 5. Demikian untuk menjadi maklum dan mengharapkan keputusannya. Direktur Pengendalian SDPPI / Ka.Balmon Kelas I / Kelas II / Kalokamon Selaku PPNS, …………………………………………….. NIP: ……………………………………… Tembusan:",Pasal 75 ayat (1) huruf f,"kelas, laporan, kemajuan, penyidikan, demikian",
Perdirjen_07_2021,Perdirjen Nomor 07 Tahun 2021,Perdirjen,2021,07,BAB XI,Ketentuan Penutup,,,75,1,f,1,Ketentuan,Dirjen SDPPI;,Pasal 75 ayat (1) huruf f angka 1,"dirjen, sdppi",
Perdirjen_07_2021,Perdirjen Nomor 07 Tahun 2021,Perdirjen,2021,07,BAB XI,Ketentuan Penutup,,,75,1,f,2,Ketentuan,"Arsip. 34. Surat Permohonan Penetapan Penggeledahan Ke Pengadilan Negeri (Penggeledahan Sudah Dilaksanakan) (Atasan Bukan Selaku PPNS) (Sudah Ada Tersangka) KOP SURAT DIREKTORAT PENGENDALIAN SDPPI / BALMON / LOKA Pro Justitia Nomor : B/………./……………/20.. …………., ……………..20.. Klasifikasi : Biasa Lampiran : 1 (satu) berkas Hal : Laporan Guna Memperoleh Penetapan Penggeledahan Kepada Yth. Yth. KETUA PENGADILAN NEGERI ………… di …………..",Pasal 75 ayat (1) huruf f angka 2,"penggeledahan, surat, penetapan, pengadilan, negeri",
Perdirjen_07_2021,Perdirjen Nomor 07 Tahun 2021,Perdirjen,2021,07,BAB XI,Ketentuan Penutup,,,75,1,f,1,Ketentuan,DASAR :,Pasal 75 ayat (1) huruf f angka 1,dasar,
Perdirjen_07_2021,Perdirjen Nomor 07 Tahun 2021,Perdirjen,2021,07,BAB XI,Ketentuan Penutup,,,75,1,a,,Ketentuan,"Pasal Pasal 6 Ayat (1) huruf b, Pasal 7 Ayat (2), Pasal 32, Pasal 33 Ayat",Pasal 75 ayat (1) huruf a,,
Perdirjen_07_2021,Perdirjen Nomor 07 Tahun 2021,Perdirjen,2021,07,BAB XI,Ketentuan Penutup,,,75,1,,,Ketentuan,", Pasal 35, dan Pasal 36 Undang-Undang Nomor 8 Tahun 1981 tentang KUHAP;",Pasal 75 ayat (1),"nomor, tahun, kuhap",
Perdirjen_07_2021,Perdirjen Nomor 07 Tahun 2021,Perdirjen,2021,07,BAB XI,Ketentuan Penutup,,,75,1,b,,Ketentuan,Pasal 44 Ayat (2) Undang-Undang Nomor 36 Tahun 1999 tentang Telekomunikasi;,Pasal 75 ayat (1) huruf b,"nomor, tahun, telekomunikasi",
Perdirjen_07_2021,Perdirjen Nomor 07 Tahun 2021,Perdirjen,2021,07,BAB XI,Ketentuan Penutup,,,75,1,c,,Ketentuan,"Laporan Kejadian Nomor : …………….., tanggal …………………..;",Pasal 75 ayat (1) huruf c,"laporan, kejadian, nomor, tanggal",
Perdirjen_07_2021,Perdirjen Nomor 07 Tahun 2021,Perdirjen,2021,07,BAB XI,Ketentuan Penutup,,,75,1,d,,Ketentuan,"Surat Perintah Penyidikan Nomor : ………., tanggal ……………;",Pasal 75 ayat (1) huruf d,"surat, perintah, penyidikan, nomor, tanggal",
Perdirjen_07_2021,Perdirjen Nomor 07 Tahun 2021,Perdirjen,2021,07,BAB XI,Ketentuan Penutup,,,75,1,e,,Ketentuan,"Surat Perintah Penggeledahan Nomor : ........., tanggal......",Pasal 75 ayat (1) huruf e,"surat, perintah, penggeledahan, nomor, tanggal",
Perdirjen_07_2021,Perdirjen Nomor 07 Tahun 2021,Perdirjen,2021,07,BAB XI,Ketentuan Penutup,,,75,1,e,3,Sanksi,"Sehubungan dengan rujukan tersebut diatas, bersama ini diberitahukan kepada Ketua bahwa dalam rangka kepentingan penyidikan dan karena keadaan yang sangat perlu dan mendesak, telah dilakukan penggeledahan terhadap rumah tinggal yang terletak di ......... yang diduga sebagai tempat/sarana untuk melakukan tindak pidana di bidang Telekomunikasi berupa ....., yang diduga dilakukan oleh tersangka (……………/ Masih Dalam Penyidikan) sebagaimana dimaksud dalam Pasal …… Jo Pasal …….. Undang-Undang No. 36 Tahun 1999 tentang Telekomunikasi Jo Pasal 55 ayat (1) ke 1 KUH Pidana.",Pasal 75 ayat (1) huruf e angka 3,"penyidikan, diduga, pidana, telekomunikasi, sehubungan",
Perdirjen_07_2021,Perdirjen Nomor 07 Tahun 2021,Perdirjen,2021,07,BAB XI,Ketentuan Penutup,,,75,1,e,3,Ketentuan,"Sehubungan dengan hal tersebut diatas, guna kepentingan penyidikan dimohon kepada Ketua untuk dapat menerbitkan Surat Penetapan persetujuan penggeledahan dimaksud.",Pasal 75 ayat (1) huruf e angka 3,"sehubungan, tersebut, diatas, guna, kepentingan",
Perdirjen_07_2021,Perdirjen Nomor 07 Tahun 2021,Perdirjen,2021,07,BAB XI,Ketentuan Penutup,,,75,1,e,4,Ketentuan,Sebagai bahan pertimbangan bersama ini dilampirkan kelengkapan administrasi penyidikannya:,Pasal 75 ayat (1) huruf e angka 4,"bahan, pertimbangan, bersama, dilampirkan, kelengkapan",
Perdirjen_07_2021,Perdirjen Nomor 07 Tahun 2021,Perdirjen,2021,07,BAB XI,Ketentuan Penutup,,,75,1,a,,Ketentuan,Laporan Kejadian;,Pasal 75 ayat (1) huruf a,"laporan, kejadian",
Perdirjen_07_2021,Perdirjen Nomor 07 Tahun 2021,Perdirjen,2021,07,BAB XI,Ketentuan Penutup,,,75,1,b,,Ketentuan,Surat Perintah Penyidikan;,Pasal 75 ayat (1) huruf b,"surat, perintah, penyidikan",
Perdirjen_07_2021,Perdirjen Nomor 07 Tahun 2021,Perdirjen,2021,07,BAB XI,Ketentuan Penutup,,,75,1,c,,Ketentuan,Surat Pemberitahuan Dimulainya Penyidikan;,Pasal 75 ayat (1) huruf c,"surat, pemberitahuan, dimulainya, penyidikan",
Perdirjen_07_2021,Perdirjen Nomor 07 Tahun 2021,Perdirjen,2021,07,BAB XI,Ketentuan Penutup,,,75,1,d,,Ketentuan,Surat Perintah Penggeledahan;,Pasal 75 ayat (1) huruf d,"surat, perintah, penggeledahan",
Perdirjen_07_2021,Perdirjen Nomor 07 Tahun 2021,Perdirjen,2021,07,BAB XI,Ketentuan Penutup,,,75,1,e,,Ketentuan,Berita Acara Penggeledahan;,Pasal 75 ayat (1) huruf e,"berita, acara, penggeledahan",
Perdirjen_07_2021,Perdirjen Nomor 07 Tahun 2021,Perdirjen,2021,07,BAB XI,Ketentuan Penutup,,,75,1,f,,Ketentuan,Laporan Kemajuan Penyidikan.,Pasal 75 ayat (1) huruf f,"laporan, kemajuan, penyidikan",
Perdirjen_07_2021,Perdirjen Nomor 07 Tahun 2021,Perdirjen,2021,07,BAB XI,Ketentuan Penutup,,,75,1,f,5,Ketentuan,"Demikian untuk menjadi maklum dan mengharapkan keputusannya. Mengetahui, Direktur Pengendalian SDPPI / Penyidik Pegawai Negeri Sipil, Ka.Balmon Kelas I / Kelas II / Kalokamon, …………………………………………….. …………………………………………….. NIP: ……………………………………… NIP: ……………………………………… Tembusan:",Pasal 75 ayat (1) huruf f angka 5,"kelas, demikian, menjadi, maklum, mengharapkan",
Perdirjen_07_2021,Perdirjen Nomor 07 Tahun 2021,Perdirjen,2021,07,BAB XI,Ketentuan Penutup,,,75,1,f,1,Ketentuan,Dirjen SDPPI;,Pasal 75 ayat (1) huruf f angka 1,"dirjen, sdppi",
Perdirjen_07_2021,Perdirjen Nomor 07 Tahun 2021,Perdirjen,2021,07,BAB XI,Ketentuan Penutup,,,75,1,f,2,Ketentuan,"Arsip. 35. Surat Permintaan Izin Khusus Penyitaan (Atasan Selaku PPNS) (Tersangka Sudah Ditetapkan) KOP SURAT DIREKTORAT PENGENDALIAN SDPPI / BALMON / LOKA Pro Justitia Nomor : B/………./……………/20.. …………., ……………..20.. Klasifikasi : Biasa Lampiran : 1 (satu) berkas Hal : Permintaan Izin Khusus Penyitaan Kepada Yth. Yth. KETUA PENGADILAN NEGERI ………… di …………..",Pasal 75 ayat (1) huruf f angka 2,"surat, permintaan, izin, khusus, penyitaan",
Perdirjen_07_2021,Perdirjen Nomor 07 Tahun 2021,Perdirjen,2021,07,BAB XI,Ketentuan Penutup,,,75,1,f,1,Ketentuan,DASAR :,Pasal 75 ayat (1) huruf f angka 1,dasar,
Perdirjen_07_2021,Perdirjen Nomor 07 Tahun 2021,Perdirjen,2021,07,BAB XI,Ketentuan Penutup,,,75,1,a,,Ketentuan,"Pasal Pasal 6 Ayat (1) huruf b, Pasal 7 Ayat (2), Pasal 32, Pasal 33 Ayat",Pasal 75 ayat (1) huruf a,,
Perdirjen_07_2021,Perdirjen Nomor 07 Tahun 2021,Perdirjen,2021,07,BAB XI,Ketentuan Penutup,,,75,1,,,Ketentuan,", Pasal 35, Pasal 36 dan Pasal 107 ayat (2) Undang-Undang Nomor 8 Tahun 1981 tentang KUHAP;",Pasal 75 ayat (1),"nomor, tahun, kuhap",
Perdirjen_07_2021,Perdirjen Nomor 07 Tahun 2021,Perdirjen,2021,07,BAB XI,Ketentuan Penutup,,,75,1,b,,Ketentuan,Pasal 44 Undang-Undang Nomor 36 Tahun 1999 tentang Telekomunikasi;,Pasal 75 ayat (1) huruf b,"nomor, tahun, telekomunikasi",
Perdirjen_07_2021,Perdirjen Nomor 07 Tahun 2021,Perdirjen,2021,07,BAB XI,Ketentuan Penutup,,,75,1,c,,Ketentuan,"Laporan Kejadian Nomor : …………….., tanggal …………………..;",Pasal 75 ayat (1) huruf c,"laporan, kejadian, nomor, tanggal",
Perdirjen_07_2021,Perdirjen Nomor 07 Tahun 2021,Perdirjen,2021,07,BAB XI,Ketentuan Penutup,,,75,1,d,,Ketentuan,"Surat Perintah Penyidikan Nomor : ………., tanggal ……………;",Pasal 75 ayat (1) huruf d,"surat, perintah, penyidikan, nomor, tanggal",
Perdirjen_07_2021,Perdirjen Nomor 07 Tahun 2021,Perdirjen,2021,07,BAB XI,Ketentuan Penutup,,,75,1,e,,Ketentuan,"Surat Pemberitahuan Dimualainya Penyidikan Nomor : .........,",Pasal 75 ayat (1) huruf e,"surat, pemberitahuan, dimualainya, penyidikan, nomor",
Perdirjen_07_2021,Perdirjen Nomor 07 Tahun 2021,Perdirjen,2021,07,BAB XI,Ketentuan Penutup,,,75,1,e,2,Sanksi,"Sehubungan dengan rujukan tersebut diatas, bersama ini diberitahukan bahwa berdasarkan hasil pemeriksaan terhadap saksi / tersangka, untuk kepentingan penyidikan diperlukan tindakan penyitaan terhadap barang / benda dari orang yang menguasai, atas nama : Jenis Kelamin : ……….. Agama : ………….. Pendidikan : ………………. Kewarganegaraan : ……………………. Alamat : ……………. benda/barang tersebut yang diduga ada hubungannya langsung dengan tindak pidana di bidang Telekomunikasi berupa ..... sebagaimana dimaksud dalam Pasal …… Jo Pasal …….. Undang-Undang No. 36 Tahun 1999 tentang Telekomunikasi Jo Pasal 55 ayat (1) ke 1 KUH Pidana, atas nama tersangka ……………….. , berupa :",Pasal 75 ayat (1) huruf e angka 2,"tersebut, tersangka, barang, benda, nama",
Perdirjen_07_2021,Perdirjen Nomor 07 Tahun 2021,Perdirjen,2021,07,BAB XI,Ketentuan Penutup,,,75,1,d,,Ketentuan,dst (BB yang mau disita). 3. Sebagai bahan pertimbangan bersama ini dilampirkan kelengkapan administrasi penyidikannya:,Pasal 75 ayat (1) huruf d,"disita, bahan, pertimbangan, bersama, dilampirkan",
Perdirjen_07_2021,Perdirjen Nomor 07 Tahun 2021,Perdirjen,2021,07,BAB XI,Ketentuan Penutup,,,75,1,a,,Ketentuan,Laporan Kejadian;,Pasal 75 ayat (1) huruf a,"laporan, kejadian",
Perdirjen_07_2021,Perdirjen Nomor 07 Tahun 2021,Perdirjen,2021,07,BAB XI,Ketentuan Penutup,,,75,1,b,,Ketentuan,Surat Perintah Penyidikan;,Pasal 75 ayat (1) huruf b,"surat, perintah, penyidikan",
Perdirjen_07_2021,Perdirjen Nomor 07 Tahun 2021,Perdirjen,2021,07,BAB XI,Ketentuan Penutup,,,75,1,c,,Ketentuan,Surat Pemberitahuan Dimulainya Penyidikan;,Pasal 75 ayat (1) huruf c,"surat, pemberitahuan, dimulainya, penyidikan",
Perdirjen_07_2021,Perdirjen Nomor 07 Tahun 2021,Perdirjen,2021,07,BAB XI,Ketentuan Penutup,,,75,1,d,,Ketentuan,Laporan Kemajuan Penyidikan.,Pasal 75 ayat (1) huruf d,"laporan, kemajuan, penyidikan",
Perdirjen_07_2021,Perdirjen Nomor 07 Tahun 2021,Perdirjen,2021,07,BAB XI,Ketentuan Penutup,,,75,1,d,4,Ketentuan,Guna keperluan tersebut diharapkan Ketua dapat menerbitkan Surat Ketetapan izin khusus penyitaan dimaksud.,Pasal 75 ayat (1) huruf d angka 4,"guna, keperluan, tersebut, diharapkan, ketua",
Perdirjen_07_2021,Perdirjen Nomor 07 Tahun 2021,Perdirjen,2021,07,BAB XI,Ketentuan Penutup,,,75,1,d,5,Ketentuan,"Demikian untuk menjadi maklum dan mengharapkan keputusannya. Direktur Pengendalian SDPPI / Ka.Balmon Kelas I / Kelas II / Kalokamon Selaku PPNS, …………………………………………….. NIP: ……………………………………… Tembusan:",Pasal 75 ayat (1) huruf d angka 5,"kelas, demikian, menjadi, maklum, mengharapkan",
Perdirjen_07_2021,Perdirjen Nomor 07 Tahun 2021,Perdirjen,2021,07,BAB XI,Ketentuan Penutup,,,75,1,d,1,Ketentuan,Dirjen SDPPI;,Pasal 75 ayat (1) huruf d angka 1,"dirjen, sdppi",
Perdirjen_07_2021,Perdirjen Nomor 07 Tahun 2021,Perdirjen,2021,07,BAB XI,Ketentuan Penutup,,,75,1,d,2,Ketentuan,"Arsip. 36. Surat Permintaan Izin Khusus Penyitaan (Atasan Selaku PPNS) (Tersangka Belum Ditetapkan) KOP SURAT DIREKTORAT PENGENDALIAN SDPPI / BALMON / LOKA Pro Justitia Nomor : B/………./……………/20.. …………., ……………..20.. Klasifikasi : Biasa Lampiran : 1 (satu) berkas Hal : Permintaan Izin Khusus Penyitaan Kepada Yth. Yth. KETUA PENGADILAN NEGERI ………… di …………..",Pasal 75 ayat (1) huruf d angka 2,"surat, permintaan, izin, khusus, penyitaan",
Perdirjen_07_2021,Perdirjen Nomor 07 Tahun 2021,Perdirjen,2021,07,BAB XI,Ketentuan Penutup,,,75,1,d,1,Ketentuan,DASAR :,Pasal 75 ayat (1) huruf d angka 1,dasar,
Perdirjen_07_2021,Perdirjen Nomor 07 Tahun 2021,Perdirjen,2021,07,BAB XI,Ketentuan Penutup,,,75,1,a,,Ketentuan,"Pasal Pasal 6 Ayat (1) huruf b, Pasal 7 Ayat (2), Pasal 32, Pasal 33 Ayat",Pasal 75 ayat (1) huruf a,,
Perdirjen_07_2021,Perdirjen Nomor 07 Tahun 2021,Perdirjen,2021,07,BAB XI,Ketentuan Penutup,,,75,1,,,Ketentuan,", Pasal 35, Pasal 36 dan Pasal 107 ayat (2) Undang-Undang Nomor 8 Tahun 1981 tentang KUHAP;",Pasal 75 ayat (1),"nomor, tahun, kuhap",
Perdirjen_07_2021,Perdirjen Nomor 07 Tahun 2021,Perdirjen,2021,07,BAB XI,Ketentuan Penutup,,,75,1,b,,Ketentuan,Pasal 44 Undang-Undang Nomor 36 Tahun 1999 tentang Telekomunikasi;,Pasal 75 ayat (1) huruf b,"nomor, tahun, telekomunikasi",
Perdirjen_07_2021,Perdirjen Nomor 07 Tahun 2021,Perdirjen,2021,07,BAB XI,Ketentuan Penutup,,,75,1,c,,Ketentuan,"Laporan Kejadian Nomor : …………….., tanggal …………………..;",Pasal 75 ayat (1) huruf c,"laporan, kejadian, nomor, tanggal",
Perdirjen_07_2021,Perdirjen Nomor 07 Tahun 2021,Perdirjen,2021,07,BAB XI,Ketentuan Penutup,,,75,1,d,,Ketentuan,"Surat Perintah Penyidikan Nomor : ………., tanggal ……………;",Pasal 75 ayat (1) huruf d,"surat, perintah, penyidikan, nomor, tanggal",
Perdirjen_07_2021,Perdirjen Nomor 07 Tahun 2021,Perdirjen,2021,07,BAB XI,Ketentuan Penutup,,,75,1,e,,Ketentuan,"Surat Pemberitahuan Dimualainya Penyidikan Nomor : .........,",Pasal 75 ayat (1) huruf e,"surat, pemberitahuan, dimualainya, penyidikan, nomor",
Perdirjen_07_2021,Perdirjen Nomor 07 Tahun 2021,Perdirjen,2021,07,BAB XI,Ketentuan Penutup,,,75,1,e,2,Sanksi,"Sehubungan dengan rujukan tersebut diatas, bersama ini diberitahukan bahwa berdasarkan hasil pemeriksaan terhadap saksi / tersangka, untuk kepentingan penyidikan diperlukan tindakan penyitaan terhadap barang / benda dari orang yang menguasai, atas nama : Jenis Kelamin : ……….. Agama : ………….. Pendidikan : ………………. Kewarganegaraan : ……………………. Alamat : ……………. benda/barang tersebut yang diduga ada hubungannya langsung dengan tindak pidana di bidang Telekomunikasi berupa ..... sebagaimana dimaksud dalam Pasal …… Jo Pasal …….. Undang-Undang No. 36 Tahun 1999 tentang Telekomunikasi Jo Pasal 55 ayat (1) ke 1 KUH Pidana, atas nama tersangka : MASIH DALAM PENYIDIKAN, berupa :",Pasal 75 ayat (1) huruf e angka 2,"tersebut, tersangka, penyidikan, barang, benda",
Perdirjen_07_2021,Perdirjen Nomor 07 Tahun 2021,Perdirjen,2021,07,BAB XI,Ketentuan Penutup,,,75,1,d,,Ketentuan,dst (BB yang mau disita). 3. Sebagai bahan pertimbangan bersama ini dilampirkan kelengkapan administrasi penyidikannya:,Pasal 75 ayat (1) huruf d,"disita, bahan, pertimbangan, bersama, dilampirkan",
Perdirjen_07_2021,Perdirjen Nomor 07 Tahun 2021,Perdirjen,2021,07,BAB XI,Ketentuan Penutup,,,75,1,a,,Ketentuan,Laporan Kejadian;,Pasal 75 ayat (1) huruf a,"laporan, kejadian",
Perdirjen_07_2021,Perdirjen Nomor 07 Tahun 2021,Perdirjen,2021,07,BAB XI,Ketentuan Penutup,,,75,1,b,,Ketentuan,Surat Perintah Penyidikan;,Pasal 75 ayat (1) huruf b,"surat, perintah, penyidikan",
Perdirjen_07_2021,Perdirjen Nomor 07 Tahun 2021,Perdirjen,2021,07,BAB XI,Ketentuan Penutup,,,75,1,c,,Ketentuan,Surat Pemberitahuan Dimulainya Penyidikan;,Pasal 75 ayat (1) huruf c,"surat, pemberitahuan, dimulainya, penyidikan",
Perdirjen_07_2021,Perdirjen Nomor 07 Tahun 2021,Perdirjen,2021,07,BAB XI,Ketentuan Penutup,,,75,1,d,,Ketentuan,Laporan Kemajuan Penyidikan.,Pasal 75 ayat (1) huruf d,"laporan, kemajuan, penyidikan",
Perdirjen_07_2021,Perdirjen Nomor 07 Tahun 2021,Perdirjen,2021,07,BAB XI,Ketentuan Penutup,,,75,1,d,4,Ketentuan,Guna keperluan tersebut diharapkan Ketua dapat menerbitkan Surat Ketetapan izin khusus penyitaan dimaksud.,Pasal 75 ayat (1) huruf d angka 4,"guna, keperluan, tersebut, diharapkan, ketua",
Perdirjen_07_2021,Perdirjen Nomor 07 Tahun 2021,Perdirjen,2021,07,BAB XI,Ketentuan Penutup,,,75,1,d,5,Ketentuan,"Demikian untuk menjadi maklum dan mengharapkan keputusannya. Direktur Pengendalian SDPPI / Ka.Balmon Kelas I / Kelas II / Kalokamon Selaku PPNS, …………………………………………….. NIP: ……………………………………… Tembusan:",Pasal 75 ayat (1) huruf d angka 5,"kelas, demikian, menjadi, maklum, mengharapkan",
Perdirjen_07_2021,Perdirjen Nomor 07 Tahun 2021,Perdirjen,2021,07,BAB XI,Ketentuan Penutup,,,75,1,d,1,Ketentuan,Dirjen SDPPI;,Pasal 75 ayat (1) huruf d angka 1,"dirjen, sdppi",
Perdirjen_07_2021,Perdirjen Nomor 07 Tahun 2021,Perdirjen,2021,07,BAB XI,Ketentuan Penutup,,,75,1,d,2,Ketentuan,"Arsip. 37. Surat Permintaan Izin Khusus Penyitaan (Atasan Bukan Selaku PPNS) (Tersangka Sudah Ditetapkan) KOP SURAT DIREKTORAT PENGENDALIAN SDPPI / BALMON / LOKA Pro Justitia Nomor : B/………./……………/20.. …………., ……………..20.. Klasifikasi : Biasa Lampiran : 1 (satu) berkas Hal : Permintaan Izin Khusus Penyitaan Kepada Yth. Yth. KETUA PENGADILAN NEGERI ………… di …………..",Pasal 75 ayat (1) huruf d angka 2,"surat, permintaan, izin, khusus, penyitaan",
Perdirjen_07_2021,Perdirjen Nomor 07 Tahun 2021,Perdirjen,2021,07,BAB XI,Ketentuan Penutup,,,75,1,d,1,Ketentuan,DASAR :,Pasal 75 ayat (1) huruf d angka 1,dasar,
Perdirjen_07_2021,Perdirjen Nomor 07 Tahun 2021,Perdirjen,2021,07,BAB XI,Ketentuan Penutup,,,75,1,a,,Ketentuan,"Pasal Pasal 6 Ayat (1) huruf b, Pasal 7 Ayat (2), Pasal 32, Pasal 33 Ayat",Pasal 75 ayat (1) huruf a,,
Perdirjen_07_2021,Perdirjen Nomor 07 Tahun 2021,Perdirjen,2021,07,BAB XI,Ketentuan Penutup,,,75,1,,,Ketentuan,", Pasal 35, Pasal 36 dan Pasal 107 ayat (2) Undang-Undang Nomor 8 Tahun 1981 tentang KUHAP;",Pasal 75 ayat (1),"nomor, tahun, kuhap",
Perdirjen_07_2021,Perdirjen Nomor 07 Tahun 2021,Perdirjen,2021,07,BAB XI,Ketentuan Penutup,,,75,1,b,,Ketentuan,Pasal 44 Undang-Undang Nomor 36 Tahun 1999 tentang Telekomunikasi;,Pasal 75 ayat (1) huruf b,"nomor, tahun, telekomunikasi",
Perdirjen_07_2021,Perdirjen Nomor 07 Tahun 2021,Perdirjen,2021,07,BAB XI,Ketentuan Penutup,,,75,1,c,,Ketentuan,"Laporan Kejadian Nomor : …………….., tanggal …………………..;",Pasal 75 ayat (1) huruf c,"laporan, kejadian, nomor, tanggal",
Perdirjen_07_2021,Perdirjen Nomor 07 Tahun 2021,Perdirjen,2021,07,BAB XI,Ketentuan Penutup,,,75,1,d,,Ketentuan,"Surat Perintah Penyidikan Nomor : ………., tanggal ……………;",Pasal 75 ayat (1) huruf d,"surat, perintah, penyidikan, nomor, tanggal",
Perdirjen_07_2021,Perdirjen Nomor 07 Tahun 2021,Perdirjen,2021,07,BAB XI,Ketentuan Penutup,,,75,1,e,,Ketentuan,"Surat Perintah Dimulainya Penyidikan Nomor : ........., tanggal......",Pasal 75 ayat (1) huruf e,"surat, perintah, dimulainya, penyidikan, nomor",
Perdirjen_07_2021,Perdirjen Nomor 07 Tahun 2021,Perdirjen,2021,07,BAB XI,Ketentuan Penutup,,,75,1,e,2,Sanksi,"Sehubungan dengan rujukan tersebut diatas, bersama ini diberitahukan bahwa berdasarkan hasil pemeriksaan terhadap saksi / tersangka ........., untuk kepentingan penyidikan diperlukan tindakan penyitaan terhadap barang / benda- dari orang yang menguasai, atas nama : Jenis Kelamin : ……….. Agama : ………….. Pendidikan : ………………. Kewarganegaraan : ……………………. Alamat : ……………. benda/barang tersebut yang diduga ada hubungannya langsung dengan tindak pidana di bidang Telekomunikasi berupa ..... sebagaimana dimaksud dalam Pasal …… Jo Pasal …….. Undang-Undang No. 36 Tahun 1999 tentang Telekomunikasi Pasal 55 ayat (1) ke 1 KUH Pidana, atas nama tersangka : …………………., berupa :",Pasal 75 ayat (1) huruf e angka 2,"tersebut, tersangka, barang, benda, nama",
Perdirjen_07_2021,Perdirjen Nomor 07 Tahun 2021,Perdirjen,2021,07,BAB XI,Ketentuan Penutup,,,75,1,d,,Ketentuan,dst (BB yang mau disita). 3. Sebagai bahan pertimbangan bersama ini dilampirkan kelengkapan administrasi penyidikannya:,Pasal 75 ayat (1) huruf d,"disita, bahan, pertimbangan, bersama, dilampirkan",
Perdirjen_07_2021,Perdirjen Nomor 07 Tahun 2021,Perdirjen,2021,07,BAB XI,Ketentuan Penutup,,,75,1,a,,Ketentuan,Laporan Kejadian;,Pasal 75 ayat (1) huruf a,"laporan, kejadian",
Perdirjen_07_2021,Perdirjen Nomor 07 Tahun 2021,Perdirjen,2021,07,BAB XI,Ketentuan Penutup,,,75,1,b,,Ketentuan,Surat Perintah Penyidikan;,Pasal 75 ayat (1) huruf b,"surat, perintah, penyidikan",
Perdirjen_07_2021,Perdirjen Nomor 07 Tahun 2021,Perdirjen,2021,07,BAB XI,Ketentuan Penutup,,,75,1,c,,Ketentuan,Surat Pemberitahuan Dimulainya Penyidikan;,Pasal 75 ayat (1) huruf c,"surat, pemberitahuan, dimulainya, penyidikan",
Perdirjen_07_2021,Perdirjen Nomor 07 Tahun 2021,Perdirjen,2021,07,BAB XI,Ketentuan Penutup,,,75,1,d,,Ketentuan,Laporan Kemajuan Penyidikan.,Pasal 75 ayat (1) huruf d,"laporan, kemajuan, penyidikan",
Perdirjen_07_2021,Perdirjen Nomor 07 Tahun 2021,Perdirjen,2021,07,BAB XI,Ketentuan Penutup,,,75,1,d,4,Ketentuan,Guna keperluan tersebut diharapkan Ketua dapat menerbitkan Surat Ketetapan izin khusus penyitaan dimaksud.,Pasal 75 ayat (1) huruf d angka 4,"guna, keperluan, tersebut, diharapkan, ketua",
Perdirjen_07_2021,Perdirjen Nomor 07 Tahun 2021,Perdirjen,2021,07,BAB XI,Ketentuan Penutup,,,75,1,d,5,Ketentuan,"Demikian untuk menjadi maklum dan mengharapkan keputusannya. Mengetahui, Direktur Pengendalian SDPPI / Penyidik Pegawai Negeri Sipil, Ka.Balmon Kelas I / Kelas II / Kalokamon, …………………………………………….. …………………………………………….. NIP: ……………………………………… NIP: ……………………………………… Tembusan:",Pasal 75 ayat (1) huruf d angka 5,"kelas, demikian, menjadi, maklum, mengharapkan",
Perdirjen_07_2021,Perdirjen Nomor 07 Tahun 2021,Perdirjen,2021,07,BAB XI,Ketentuan Penutup,,,75,1,d,1,Ketentuan,Dirjen SDPPI;,Pasal 75 ayat (1) huruf d angka 1,"dirjen, sdppi",
Perdirjen_07_2021,Perdirjen Nomor 07 Tahun 2021,Perdirjen,2021,07,BAB XI,Ketentuan Penutup,,,75,1,d,2,Ketentuan,"Arsip. 38. Surat Permintaan Izin Khusus Penyitaan (Atasan Bukan Selaku PPNS) (Tersangka Belum Ditetapkan) KOP SURAT DIREKTORAT PENGENDALIAN SDPPI / BALMON / LOKA Pro Justitia Nomor : B/………./……………/20.. …………., ……………..20.. Klasifikasi : Biasa Lampiran : 1 (satu) berkas Hal : Permintaan Izin Khusus Penyitaan Kepada Yth. Yth. KETUA PENGADILAN NEGERI ………… di …………..",Pasal 75 ayat (1) huruf d angka 2,"surat, permintaan, izin, khusus, penyitaan",
Perdirjen_07_2021,Perdirjen Nomor 07 Tahun 2021,Perdirjen,2021,07,BAB XI,Ketentuan Penutup,,,75,1,d,1,Ketentuan,DASAR :,Pasal 75 ayat (1) huruf d angka 1,dasar,
Perdirjen_07_2021,Perdirjen Nomor 07 Tahun 2021,Perdirjen,2021,07,BAB XI,Ketentuan Penutup,,,75,1,d,,Ketentuan,"Pasal Pasal 6 Ayat (1) huruf b, Pasal 7 Ayat (2), Pasal 32, Pasal 33 Ayat",Pasal 75 ayat (1) huruf d,,
Perdirjen_07_2021,Perdirjen Nomor 07 Tahun 2021,Perdirjen,2021,07,BAB XI,Ketentuan Penutup,,,75,1,,,Ketentuan,", Pasal 35, Pasal 36 dan Pasal 107 ayat (2) Undang-Undang Nomor 8 Tahun 1981 tentang KUHAP;",Pasal 75 ayat (1),"nomor, tahun, kuhap",
Perdirjen_07_2021,Perdirjen Nomor 07 Tahun 2021,Perdirjen,2021,07,BAB XI,Ketentuan Penutup,,,75,1,e,,Ketentuan,Pasal 44 Undang-Undang Nomor 36 Tahun 1999 tentang Telekomunikasi;,Pasal 75 ayat (1) huruf e,"nomor, tahun, telekomunikasi",
Perdirjen_07_2021,Perdirjen Nomor 07 Tahun 2021,Perdirjen,2021,07,BAB XI,Ketentuan Penutup,,,75,1,f,,Ketentuan,"Laporan Kejadian Nomor : …………….., tanggal …………………..;",Pasal 75 ayat (1) huruf f,"laporan, kejadian, nomor, tanggal",
Perdirjen_07_2021,Perdirjen Nomor 07 Tahun 2021,Perdirjen,2021,07,BAB XI,Ketentuan Penutup,,,75,1,d,,Ketentuan,"Surat Perintah Penyidikan Nomor : ………., tanggal ……………;",Pasal 75 ayat (1) huruf d,"surat, perintah, penyidikan, nomor, tanggal",
Perdirjen_07_2021,Perdirjen Nomor 07 Tahun 2021,Perdirjen,2021,07,BAB XI,Ketentuan Penutup,,,75,1,e,,Ketentuan,"Surat Perintah Dimulainya Penyidikan Nomor : ........., tanggal......",Pasal 75 ayat (1) huruf e,"surat, perintah, dimulainya, penyidikan, nomor",
Perdirjen_07_2021,Perdirjen Nomor 07 Tahun 2021,Perdirjen,2021,07,BAB XI,Ketentuan Penutup,,,75,1,e,3,Sanksi,"Sehubungan dengan rujukan tersebut diatas, bersama ini diberitahukan bahwa berdasarkan hasil pemeriksaan terhadap saksi / tersangka ........., untuk kepentingan penyidikan diperlukan tindakan penyitaan terhadap barang / benda- dari orang yang menguasai, atas nama : Jenis Kelamin : ……….. Agama : ………….. Pendidikan : ………………. Kewarganegaraan : ……………………. Alamat : ……………. benda/barang tersebut yang diduga ada hubungannya langsung dengan tindak pidana di bidang Telekomunikasi berupa ..... sebagaimana dimaksud dalam Pasal …… Jo Pasal …….. Undang-Undang No. 36 Tahun 1999 tentang Telekomunikasi Pasal 55 ayat (1) ke 1 KUH Pidana, atas nama tersangka : MASIH DALAM PENYIDIKAN, berupa :",Pasal 75 ayat (1) huruf e angka 3,"tersebut, tersangka, penyidikan, barang, benda",
Perdirjen_07_2021,Perdirjen Nomor 07 Tahun 2021,Perdirjen,2021,07,BAB XI,Ketentuan Penutup,,,75,1,d,,Ketentuan,dst (BB yang mau disita). 4. Sebagai bahan pertimbangan bersama ini dilampirkan kelengkapan administrasi penyidikannya:,Pasal 75 ayat (1) huruf d,"disita, bahan, pertimbangan, bersama, dilampirkan",
Perdirjen_07_2021,Perdirjen Nomor 07 Tahun 2021,Perdirjen,2021,07,BAB XI,Ketentuan Penutup,,,75,1,e,,Ketentuan,Laporan Kejadian;,Pasal 75 ayat (1) huruf e,"laporan, kejadian",
Perdirjen_07_2021,Perdirjen Nomor 07 Tahun 2021,Perdirjen,2021,07,BAB XI,Ketentuan Penutup,,,75,1,f,,Ketentuan,Surat Perintah Penyidikan;,Pasal 75 ayat (1) huruf f,"surat, perintah, penyidikan",
Perdirjen_07_2021,Perdirjen Nomor 07 Tahun 2021,Perdirjen,2021,07,BAB XI,Ketentuan Penutup,,,75,1,g,,Ketentuan,Surat Pemberitahuan Dimulainya Penyidikan;,Pasal 75 ayat (1) huruf g,"surat, pemberitahuan, dimulainya, penyidikan",
Perdirjen_07_2021,Perdirjen Nomor 07 Tahun 2021,Perdirjen,2021,07,BAB XI,Ketentuan Penutup,,,75,1,h,,Ketentuan,Laporan Kemajuan Penyidikan.,Pasal 75 ayat (1) huruf h,"laporan, kemajuan, penyidikan",
Perdirjen_07_2021,Perdirjen Nomor 07 Tahun 2021,Perdirjen,2021,07,BAB XI,Ketentuan Penutup,,,75,1,h,6,Ketentuan,Guna keperluan tersebut diharapkan Ketua dapat menerbitkan Surat Ketetapan izin khusus penyitaan dimaksud.,Pasal 75 ayat (1) huruf h angka 6,"guna, keperluan, tersebut, diharapkan, ketua",
Perdirjen_07_2021,Perdirjen Nomor 07 Tahun 2021,Perdirjen,2021,07,BAB XI,Ketentuan Penutup,,,75,1,h,7,Ketentuan,"Demikian untuk menjadi maklum dan mengharapkan keputusannya. Mengetahui, Direktur Pengendalian SDPPI / Penyidik Pegawai Negeri Sipil, Ka.Balmon Kelas I / Kelas II / Kalokamon, …………………………………………….. …………………………………………….. NIP: ……………………………………… NIP: ……………………………………… Tembusan:",Pasal 75 ayat (1) huruf h angka 7,"kelas, demikian, menjadi, maklum, mengharapkan",
Perdirjen_07_2021,Perdirjen Nomor 07 Tahun 2021,Perdirjen,2021,07,BAB XI,Ketentuan Penutup,,,75,1,h,1,Ketentuan,Dirjen SDPPI;,Pasal 75 ayat (1) huruf h angka 1,"dirjen, sdppi",
Perdirjen_07_2021,Perdirjen Nomor 07 Tahun 2021,Perdirjen,2021,07,BAB XI,Ketentuan Penutup,,,75,1,h,2,Sanksi,"Arsip. 39. Surat Perintah Penyitaan (Atasan Selaku PPNS) (Sudah Ada Ketetapan) KOP SURAT DIREKTORAT PENGENDALIAN SDPPI / BALMON / LOKA Pro Justitia SURAT PERINTAH PENYITAAN Pertimbangan : Bahwa untuk kepentingan tindak pidana diperlukan Tindakan penyitaan terhadap benda yang diduga ada kaitan langsung dengan Tindak Pidana di bidang Telekomunikasi yang terjadi, maka perlu dikeluarkan Surat Perintah ini. Dasar : 1. Pasal 1 butir 16, Pasal 6 Ayat (1) huruf b, Pasal 7 ayat (2) , Pasal 38, Pasal 39, Pasal 40, Pasal 41, Pasal 42, Pasal 44, Pasal 128, Pasal 129, Pasal 130, Pasal 131 Undang-undang Nomor 8 Tahun 1981 tentang Hukum Acara Pidana ;",Pasal 75 ayat (1) huruf h angka 2,"surat, perintah, penyitaan, pidana, tindak",
Perdirjen_07_2021,Perdirjen Nomor 07 Tahun 2021,Perdirjen,2021,07,BAB XI,Ketentuan Penutup,,,75,1,h,2,Ketentuan,Pasal 44 Undang-undang Republik Indonesia No. 36 tahun 1999 tentang Telekomunikasi;,Pasal 75 ayat (1) huruf h angka 2,"republik, indonesia, tahun, telekomunikasi",
Perdirjen_07_2021,Perdirjen Nomor 07 Tahun 2021,Perdirjen,2021,07,BAB XI,Ketentuan Penutup,,,75,1,h,3,Ketentuan,"Laporan Kejadian Nomor : ……., tanggal ……;",Pasal 75 ayat (1) huruf h angka 3,"laporan, kejadian, nomor, tanggal",
Perdirjen_07_2021,Perdirjen Nomor 07 Tahun 2021,Perdirjen,2021,07,BAB XI,Ketentuan Penutup,,,75,1,h,4,Ketentuan,"Surat Perintah Penyidikan Nomor : ……., tanggal ….;",Pasal 75 ayat (1) huruf h angka 4,"surat, perintah, penyidikan, nomor, tanggal",
Perdirjen_07_2021,Perdirjen Nomor 07 Tahun 2021,Perdirjen,2021,07,BAB XI,Ketentuan Penutup,,,75,1,h,5,Ketentuan,Surat Penetapan Ketua Pengadilan Negeri …. Nomor : ….. Diperintahkan Kepada : 1. Nama : …………………………………………. Pangkat/NIP : …………………………………………. Jabatan : ………………………………………….,Pasal 75 ayat (1) huruf h angka 5,"surat, penetapan, ketua, pengadilan, negeri",
Perdirjen_07_2021,Perdirjen Nomor 07 Tahun 2021,Perdirjen,2021,07,BAB XI,Ketentuan Penutup,,,75,1,h,2,Sanksi,Nama : …………………………………………. Pangkat/NIP : …………………………………………. Jabatan : …………………………………………. Dst. Untuk : 1. Melakukan penyitaan (benda/barang/dokumen/uang) yang diduga ada kaitannya dengan kasus tindak pidana di bidang Telekomunikasi berupa ……………… yang di duga dilakukan oleh tersangka …….. sebagaimana dimaksud dalam Pasal ……. Jo Pasal …….. Undang-Undang No. 36 Tahun 1999 tentang Telekomunikasi Jo Pasal 55 ayat (1) ke 1 KUH Pidana.,Pasal 75 ayat (1) huruf h angka 2,"pidana, telekomunikasi, nama, pangkat, jabatan",
Perdirjen_07_2021,Perdirjen Nomor 07 Tahun 2021,Perdirjen,2021,07,BAB XI,Ketentuan Penutup,,,75,1,h,2,Sanksi,"Setelah melaksanakan Surat Perintah ini pada kesempatan pertama diwajibkan membuat Berita Acara Penyitaannya. Dikeluarkan di : ……. Pada Tanggal ……. Direktur Pengendalian SDPPI/Kepala Yang menerima perintah UPT………. Selaku PPNS, Ttd (nama) ……………………… NIP. : ………………… 40. Surat Perintah Penyitaan (Atasan Selaku PPNS) (Belum Ada Ketetapan) KOP SURAT DIREKTORAT PENGENDALIAN SDPPI / BALMON / LOKA Pro Justitia SURAT PERINTAH PENYITAAN Pertimbangan : Bahwa untuk kepentingan tindak pidana diperlukan Tindakan penyitaan terhadap benda yang diduga ada kaitan langsung dengan Tindak Pidana di bidang Telekomunikasi yang terjadi, maka perlu dikeluarkan Surat Perintah ini. Dasar : 1. Pasal 1 butir 16, Pasal 6 Ayat (1) huruf b, Pasal 7 ayat (2) , Pasal 38, Pasal 39, Pasal 40, Pasal 41, Pasal 42, Pasal 44, Pasal 128, Pasal 129, Pasal 130, Pasal 131 Undang-undang Nomor 8 Tahun 1981 tentang Hukum Acara Pidana ;",Pasal 75 ayat (1) huruf h angka 2,"surat, perintah, penyitaan, pidana, acara",
Perdirjen_07_2021,Perdirjen Nomor 07 Tahun 2021,Perdirjen,2021,07,BAB XI,Ketentuan Penutup,,,75,1,h,2,Ketentuan,Pasal 44 Undang-undang Republik Indonesia No. 36 tahun 1999 tentang Telekomunikasi;,Pasal 75 ayat (1) huruf h angka 2,"republik, indonesia, tahun, telekomunikasi",
Perdirjen_07_2021,Perdirjen Nomor 07 Tahun 2021,Perdirjen,2021,07,BAB XI,Ketentuan Penutup,,,75,1,h,3,Ketentuan,"Laporan Kejadian Nomor : ……., tanggal ……;",Pasal 75 ayat (1) huruf h angka 3,"laporan, kejadian, nomor, tanggal",
Perdirjen_07_2021,Perdirjen Nomor 07 Tahun 2021,Perdirjen,2021,07,BAB XI,Ketentuan Penutup,,,75,1,h,4,Ketentuan,"Surat Perintah Penyidikan Nomor : ……., tanggal ….; Diperintahkan Kepada : 1. Nama : …………………………………………. Pangkat/NIP : …………………………………………. Jabatan : ………………………………………….",Pasal 75 ayat (1) huruf h angka 4,"surat, perintah, penyidikan, nomor, tanggal",
Perdirjen_07_2021,Perdirjen Nomor 07 Tahun 2021,Perdirjen,2021,07,BAB XI,Ketentuan Penutup,,,75,1,h,2,Sanksi,Nama : …………………………………………. Pangkat/NIP : …………………………………………. Jabatan : …………………………………………. Dst. Untuk : 1. Melakukan penyitaan (benda/barang/dokumen/uang) yang diduga ada kaitannya dengan kasus tindak pidana di bidang Telekomunikasi berupa ……………… yang di duga dilakukan oleh tersangka …….. sebagaimana dimaksud dalam Pasal ……. Jo Pasal …….. Undang-Undang No. 36 Tahun 1999 tentang Telekomunikasi Jo Pasal 55 ayat (1) ke 1 KUH Pidana. Setelah melaksanakan Surat Perintah ini pada kesempatan,Pasal 75 ayat (1) huruf h angka 2,"pidana, telekomunikasi, nama, pangkat, jabatan",
Perdirjen_07_2021,Perdirjen Nomor 07 Tahun 2021,Perdirjen,2021,07,BAB XI,Ketentuan Penutup,,,75,1,h,2,Sanksi,"pertama diwajibkan membuat Berita Acara Penyitaannya. Dikeluarkan di : ……. Pada Tanggal ……. Direktur Pengendalian SDPPI/Kepala Yang menerima perintah UPT………. Selaku PPNS, Ttd (nama) ……………………… NIP. : ………………… Surat Perintah Penyitaan (Atasan Bukan Selaku PPNS) (Sudah Ada Ketetapan) KOP SURAT DIREKTORAT PENGENDALIAN SDPPI / BALMON / LOKA Pro Justitia SURAT PERINTAH PENYITAAN Pertimbangan : Bahwa untuk kepentingan tindak pidana diperlukan Tindakan penyitaan terhadap benda yang diduga ada kaitan langsung dengan Tindak Pidana di bidang Telekomunikasi yang terjadi, maka perlu dikeluarkan Surat Perintah ini. Dasar : 1. Pasal 1 butir 16, Pasal 6 Ayat (1) huruf b, Pasal 7 ayat (2) , Pasal 38, Pasal 39, Pasal 40, Pasal 41, Pasal 42, Pasal 44, Pasal 128, Pasal 129, Pasal 130, Pasal 131 Undang-undang Nomor 8 Tahun 1981 tentang Hukum Acara Pidana ;",Pasal 75 ayat (1) huruf h angka 2,"perintah, surat, penyitaan, pidana, acara",
Perdirjen_07_2021,Perdirjen Nomor 07 Tahun 2021,Perdirjen,2021,07,BAB XI,Ketentuan Penutup,,,75,1,h,2,Ketentuan,Pasal 44 Undang-undang Republik Indonesia No. 36 tahun 1999 tentang Telekomunikasi;,Pasal 75 ayat (1) huruf h angka 2,"republik, indonesia, tahun, telekomunikasi",
Perdirjen_07_2021,Perdirjen Nomor 07 Tahun 2021,Perdirjen,2021,07,BAB XI,Ketentuan Penutup,,,75,1,h,3,Ketentuan,"Laporan Kejadian Nomor : ……., tanggal ……;",Pasal 75 ayat (1) huruf h angka 3,"laporan, kejadian, nomor, tanggal",
Perdirjen_07_2021,Perdirjen Nomor 07 Tahun 2021,Perdirjen,2021,07,BAB XI,Ketentuan Penutup,,,75,1,h,4,Ketentuan,"Surat Perintah Penyidikan Nomor : ……., tanggal ….;",Pasal 75 ayat (1) huruf h angka 4,"surat, perintah, penyidikan, nomor, tanggal",
Perdirjen_07_2021,Perdirjen Nomor 07 Tahun 2021,Perdirjen,2021,07,BAB XI,Ketentuan Penutup,,,75,1,h,5,Ketentuan,Surat Penetapan Ketua Pengadilan Negeri …. Nomor : ….. Diperintahkan Kepada : 1. Nama : …………………………………………. Pangkat/NIP : …………………………………………. Jabatan : ………………………………………….,Pasal 75 ayat (1) huruf h angka 5,"surat, penetapan, ketua, pengadilan, negeri",
Perdirjen_07_2021,Perdirjen Nomor 07 Tahun 2021,Perdirjen,2021,07,BAB XI,Ketentuan Penutup,,,75,1,h,2,Sanksi,Nama : …………………………………………. Pangkat/NIP : …………………………………………. Jabatan : …………………………………………. Untuk : 1. Melakukan penyitaan (benda/barang/dokumen/uang) yang diduga ada kaitannya dengan kasus tindak pidana di bidang Telekomunikasi berupa ……………… yang di duga dilakukan oleh tersangka …….. sebagaimana dimaksud dalam Pasal ……. Jo Pasal …….. Undang-Undang No. 36 Tahun 1999 tentang Telekomunikasi Jo Pasal 55 ayat (1) ke 1 KUH Pidana.,Pasal 75 ayat (1) huruf h angka 2,"pidana, telekomunikasi, nama, pangkat, jabatan",
Perdirjen_07_2021,Perdirjen Nomor 07 Tahun 2021,Perdirjen,2021,07,BAB XI,Ketentuan Penutup,,,75,1,h,2,Sanksi,"Setelah melaksanakan Surat Perintah ini pada kesempatan pertama diwajibkan membuat Berita Acara Penyitaannya. Dikeluarkan di : ……. Pada Tanggal ……. Yang menerima perintah Penyidik Pegawai Negeri Sipil, ……………………… ………………………….. NIP. : …………… NIP. : ………………… Mengetahui: Direktur Pengendalian SDPPI/Kepala UPT………. ………………………….. NIP. : ……………………………… Surat Perintah Penyitaan (Atasan Bukan Selaku PPNS) (Belum Ada Ketetapan) KOP SURAT DIREKTORAT PENGENDALIAN SDPPI / BALMON / LOKA Pro Justitia SURAT PERINTAH PENYITAAN Pertimbangan : Bahwa untuk kepentingan tindak pidana diperlukan Tindakan penyitaan terhadap benda yang diduga ada kaitan langsung dengan Tindak Pidana di bidang Telekomunikasi yang terjadi, maka perlu dikeluarkan Surat Perintah ini. Dasar : 1. Pasal 1 butir 16, Pasal 6 Ayat (1) huruf b, Pasal 7 ayat (2) , Pasal 38, Pasal 39, Pasal 40, Pasal 41, Pasal 42, Pasal 44, Pasal 128, Pasal 129, Pasal 130, Pasal 131 Undang-undang Nomor 8 Tahun 1981 tentang Hukum Acara Pidana ;",Pasal 75 ayat (1) huruf h angka 2,"surat, perintah, penyitaan, pidana, acara",
Perdirjen_07_2021,Perdirjen Nomor 07 Tahun 2021,Perdirjen,2021,07,BAB XI,Ketentuan Penutup,,,75,1,h,2,Ketentuan,Pasal 44 Undang-undang Republik Indonesia No. 36 tahun 1999 tentang Telekomunikasi;,Pasal 75 ayat (1) huruf h angka 2,"republik, indonesia, tahun, telekomunikasi",
Perdirjen_07_2021,Perdirjen Nomor 07 Tahun 2021,Perdirjen,2021,07,BAB XI,Ketentuan Penutup,,,75,1,h,3,Ketentuan,"Laporan Kejadian Nomor : ……., tanggal ……;",Pasal 75 ayat (1) huruf h angka 3,"laporan, kejadian, nomor, tanggal",
Perdirjen_07_2021,Perdirjen Nomor 07 Tahun 2021,Perdirjen,2021,07,BAB XI,Ketentuan Penutup,,,75,1,h,4,Ketentuan,"Surat Perintah Penyidikan Nomor : ……., tanggal ….; Diperintahkan Kepada : 1. Nama : …………………………………………. Pangkat/NIP : …………………………………………. Jabatan : ………………………………………….",Pasal 75 ayat (1) huruf h angka 4,"surat, perintah, penyidikan, nomor, tanggal",
Perdirjen_07_2021,Perdirjen Nomor 07 Tahun 2021,Perdirjen,2021,07,BAB XI,Ketentuan Penutup,,,75,1,h,2,Sanksi,Nama : …………………………………………. Pangkat/NIP : …………………………………………. Jabatan : …………………………………………. Untuk : 1. Melakukan penyitaan (benda/barang/dokumen/uang) yang diduga ada kaitannya dengan kasus tindak pidana di bidang Telekomunikasi berupa ……………… yang di duga dilakukan oleh tersangka …….. sebagaimana dimaksud dalam Pasal ……. Jo Pasal …….. Undang-Undang No. 36 Tahun 1999 tentang Telekomunikasi Jo Pasal 55 ayat (1) ke 1 KUH Pidana.,Pasal 75 ayat (1) huruf h angka 2,"pidana, telekomunikasi, nama, pangkat, jabatan",
Perdirjen_07_2021,Perdirjen Nomor 07 Tahun 2021,Perdirjen,2021,07,BAB XI,Ketentuan Penutup,,,75,1,h,2,Ketentuan,"Setelah melaksanakan Surat Perintah ini pada kesempatan pertama diwajibkan membuat Berita Acara Penyitaannya. Dikeluarkan di : ……. Pada Tanggal ……. Yang menerima perintah Penyidik Pegawai Negeri Sipil, ……………………… ………………………….. NIP. : …………… NIP. : ………………… Mengetahui: Direktur Pengendalian SDPPI/Kepala UPT………. ………………………….. NIP. : ……………………………… Berita Acara Penyitaan (Sudah Ada Izin Penetapan) KOP SURAT DIREKTORAT PENGENDALIAN SDPPI / BALMON / LOKA Pro Justitia BERITA ACARA PENYITAAN Pada hari ini ............. tanggal .................. bulan .................. tahun .................. Pukul ............ WIB, saya ………………………………., Pangkat/Gol ............................ NIP. .................................., selaku PPNS dari Kantor ………………………………., bersama- sama dengan :",Pasal 75 ayat (1) huruf h angka 2,"berita, acara, surat, perintah, tanggal",
Perdirjen_07_2021,Perdirjen Nomor 07 Tahun 2021,Perdirjen,2021,07,BAB XI,Ketentuan Penutup,,,75,1,h,1,Ketentuan,"Nama, Pangkat/Gol, NIP, Jabatan : …………………………………………",Pasal 75 ayat (1) huruf h angka 1,"nama, pangkat, jabatan",
Perdirjen_07_2021,Perdirjen Nomor 07 Tahun 2021,Perdirjen,2021,07,BAB XI,Ketentuan Penutup,,,75,1,h,2,Ketentuan,"Nama, Pangkat/Gol, NIP, Jabatan : ………………………………………… Masing-masing bertugas di kantor yang sama, berdasarkan :",Pasal 75 ayat (1) huruf h angka 2,"masing, nama, pangkat, jabatan, bertugas",
Perdirjen_07_2021,Perdirjen Nomor 07 Tahun 2021,Perdirjen,2021,07,BAB XI,Ketentuan Penutup,,,75,1,h,1,Ketentuan,"Laporan Kejadian, Nomor : LK/.……………………., tanggal …………………",Pasal 75 ayat (1) huruf h angka 1,"laporan, kejadian, nomor, tanggal",
Perdirjen_07_2021,Perdirjen Nomor 07 Tahun 2021,Perdirjen,2021,07,BAB XI,Ketentuan Penutup,,,75,1,h,2,Ketentuan,"Surat Perintah Penyidikan, Nomor : SPP/……………….. tanggal …………….",Pasal 75 ayat (1) huruf h angka 2,"surat, perintah, penyidikan, nomor, tanggal",
Perdirjen_07_2021,Perdirjen Nomor 07 Tahun 2021,Perdirjen,2021,07,BAB XI,Ketentuan Penutup,,,75,1,h,3,Ketentuan,Surat Penetapan Ketua Pengadilan Negeri …… Nomor ………….. tanggal ……………,Pasal 75 ayat (1) huruf h angka 3,"surat, penetapan, ketua, pengadilan, negeri",
Perdirjen_07_2021,Perdirjen Nomor 07 Tahun 2021,Perdirjen,2021,07,BAB XI,Ketentuan Penutup,,,75,1,h,4,Ketentuan,"Surat Perintah Penyitaan, Nomor : SPS. ………………, tanggal ..……………….. Telah melakukan penyitaan barang butki berupa:",Pasal 75 ayat (1) huruf h angka 4,"penyitaan, surat, perintah, nomor, tanggal",
Perdirjen_07_2021,Perdirjen Nomor 07 Tahun 2021,Perdirjen,2021,07,BAB XI,Ketentuan Penutup,,,75,1,h,1,Ketentuan,………………………………………………………………………………………………………..,Pasal 75 ayat (1) huruf h angka 1,,
Perdirjen_07_2021,Perdirjen Nomor 07 Tahun 2021,Perdirjen,2021,07,BAB XI,Ketentuan Penutup,,,75,1,h,2,Ketentuan,………………………………………………………………………………………………………..,Pasal 75 ayat (1) huruf h angka 2,,
Perdirjen_07_2021,Perdirjen Nomor 07 Tahun 2021,Perdirjen,2021,07,BAB XI,Ketentuan Penutup,,,75,1,h,3,Sanksi,"……………………………………………………………………………………………………….. Yang diduga ada kaitannya langsung maupun tidak langsung dengan perkara tindak pidana dibidang Telekomunikasi berupa …………. yang di duga dilakukan oleh tersangka (………………. / Masih Dalam Penyidikan) sebagaimana dimaksud dalam Pasal ….. Jo Pasal ..... Undang-Undang Nomor 36 tahun 1999 tentang Telekomunikasi Jo Pasal 55 Ayat (1) ke 1 KUH Pidana. Barang-barang tersebut disita di ………………..,dari (Pemilik/Penanggung jawab/menguasai) : Nama : ………………………………………………………….. Tempat, Tgl.Lahir : ………………………………………………………….. Kewarganegaraan : ………………………………………………………….. Agama : ………………………………………………………….. Pekerjaan : ………………………………………………………….. Alamat : ………………………………………………………….. Dengan disaksikan oleh : ………………………………………………………….",Pasal 75 ayat (1) huruf h angka 3,"langsung, pidana, telekomunikasi, barang, diduga",
Perdirjen_07_2021,Perdirjen Nomor 07 Tahun 2021,Perdirjen,2021,07,BAB XI,Ketentuan Penutup,,,75,1,h,1,Ketentuan,Nama : ……………………………………………………….. Pekerjaan : ……………………………………………………….. Alamat : ………………………………………………………..,Pasal 75 ayat (1) huruf h angka 1,"nama, pekerjaan, alamat",
Perdirjen_07_2021,Perdirjen Nomor 07 Tahun 2021,Perdirjen,2021,07,BAB XI,Ketentuan Penutup,,,75,1,h,2,Ketentuan,"Nama : ……………………………………………………….. Pekerjaan : ……………………………………………………….. Alamat : ……………………………………………………….. Adapun jalannya proses penyitaan sebagai berikut: Cth: Setelah menunjukan Surat Perintah Penyitaan dan Izin Pengadilan Negeri, PPNS Direktorat Jenderal SDPPI dengan didampingi Penyidik Polri/Korwas PPNS menjelaskan maksud kedatanganannya. selanjutnya melakukan penyitaan terhadap:",Pasal 75 ayat (1) huruf h angka 2,"penyitaan, ppns, nama, pekerjaan, alamat",
Perdirjen_07_2021,Perdirjen Nomor 07 Tahun 2021,Perdirjen,2021,07,BAB XI,Ketentuan Penutup,,,75,1,h,1,Ketentuan,"(Merk / Type, Model, Brand, Jumlah): …………………………………………………..",Pasal 75 ayat (1) huruf h angka 1,"merk, type, model, brand, jumlah",
Perdirjen_07_2021,Perdirjen Nomor 07 Tahun 2021,Perdirjen,2021,07,BAB XI,Ketentuan Penutup,,,75,1,h,2,Ketentuan,"(Merk / Type, Model, Brand, Jumlah): …………………………………………………..",Pasal 75 ayat (1) huruf h angka 2,"merk, type, model, brand, jumlah",
Perdirjen_07_2021,Perdirjen Nomor 07 Tahun 2021,Perdirjen,2021,07,BAB XI,Ketentuan Penutup,,,75,1,h,3,Ketentuan,"(Merk / Type, Model, Brand, Jumlah): …………………………………………………. 4. Dst. Dan atas penyitaan tersebut dibuatkan berita acara penyitaan dan tanda terima. Demikian Berita Acara Penyitaan ini dibuat dengan sebenarnya atas kekuatan sumpah jabatan, kemudian ditutup dan ditandatangani di ………………………………. pada tanggal, bulan dan tahun tersebut di atas. Yang menyerahkan, Yang melakukan penyitaan, Pemilik/Penguasa Barang, Penyidik PNS, (…………………………………….) (………………………………..) Saksi-saksi :",Pasal 75 ayat (1) huruf h angka 3,"penyitaan, tersebut, berita, acara, saksi",
Perdirjen_07_2021,Perdirjen Nomor 07 Tahun 2021,Perdirjen,2021,07,BAB XI,Ketentuan Penutup,,,75,1,h,1,Ketentuan,……………………… ttd : ……………………….,Pasal 75 ayat (1) huruf h angka 1,,
Perdirjen_07_2021,Perdirjen Nomor 07 Tahun 2021,Perdirjen,2021,07,BAB XI,Ketentuan Penutup,,,75,1,h,2,Ketentuan,"……………………… ttd : ………………………. Berita Acara Penyitaan (Belum Ada Izin Penetapan) KOP SURAT DIREKTORAT PENGENDALIAN SDPPI / BALMON / LOKA Pro Justitia BERITA ACARA PENYITAAN Pada hari ini ............. tanggal .................. bulan .................. tahun .................. Pukul ............ WIB, saya ………………………………., Pangkat/Gol ............................ NIP. .................................., selaku PPNS dari Kantor ………………………………., bersama- sama dengan :",Pasal 75 ayat (1) huruf h angka 2,"berita, acara, penyitaan, belum, izin",
Perdirjen_07_2021,Perdirjen Nomor 07 Tahun 2021,Perdirjen,2021,07,BAB XI,Ketentuan Penutup,,,75,1,h,1,Ketentuan,"Nama, Pangkat/Gol, NIP, Jabatan : …………………………………………",Pasal 75 ayat (1) huruf h angka 1,"nama, pangkat, jabatan",
Perdirjen_07_2021,Perdirjen Nomor 07 Tahun 2021,Perdirjen,2021,07,BAB XI,Ketentuan Penutup,,,75,1,h,2,Ketentuan,"Nama, Pangkat/Gol, NIP, Jabatan : ………………………………………… Masing-masing bertugas di kantor yang sama, berdasarkan :",Pasal 75 ayat (1) huruf h angka 2,"masing, nama, pangkat, jabatan, bertugas",
Perdirjen_07_2021,Perdirjen Nomor 07 Tahun 2021,Perdirjen,2021,07,BAB XI,Ketentuan Penutup,,,75,1,h,1,Ketentuan,"Laporan Kejadian, Nomor : LK/.……………………., tanggal …………………",Pasal 75 ayat (1) huruf h angka 1,"laporan, kejadian, nomor, tanggal",
Perdirjen_07_2021,Perdirjen Nomor 07 Tahun 2021,Perdirjen,2021,07,BAB XI,Ketentuan Penutup,,,75,1,h,2,Ketentuan,"Surat Perintah Penyidikan, Nomor : SPP/……………….. tanggal …………….",Pasal 75 ayat (1) huruf h angka 2,"surat, perintah, penyidikan, nomor, tanggal",
Perdirjen_07_2021,Perdirjen Nomor 07 Tahun 2021,Perdirjen,2021,07,BAB XI,Ketentuan Penutup,,,75,1,h,3,Ketentuan,"Surat Perintah Penyitaan, Nomor : SPS. ………………, tanggal ..……………….. Telah melakukan penyitaan barang butki berupa:",Pasal 75 ayat (1) huruf h angka 3,"penyitaan, surat, perintah, nomor, tanggal",
Perdirjen_07_2021,Perdirjen Nomor 07 Tahun 2021,Perdirjen,2021,07,BAB XI,Ketentuan Penutup,,,75,1,h,1,Ketentuan,………………………………………………………………………………………………………..,Pasal 75 ayat (1) huruf h angka 1,,
Perdirjen_07_2021,Perdirjen Nomor 07 Tahun 2021,Perdirjen,2021,07,BAB XI,Ketentuan Penutup,,,75,1,h,2,Ketentuan,………………………………………………………………………………………………………..,Pasal 75 ayat (1) huruf h angka 2,,
Perdirjen_07_2021,Perdirjen Nomor 07 Tahun 2021,Perdirjen,2021,07,BAB XI,Ketentuan Penutup,,,75,1,h,3,Sanksi,"……………………………………………………………………………………………………….. Yang diduga ada kaitannya langsung maupun tidak langsung dengan perkara tindak pidana dibidang Telekomunikasi berupa …………. yang di duga dilakukan oleh tersangka (………………. / Masih Dalam Penyidikan) sebagaimana dimaksud dalam Pasal ….. Jo Pasal ..... Undang-Undang Nomor 36 tahun 1999 tentang Telekomunikasi Jo Pasal 55 Ayat (1) ke 1 KUH Pidana. Barang-barang tersebut disita di ………………..,dari (Pemilik/Penanggung jawab/menguasai) : Nama : ………………………………………………………….. Tempat, Tgl.Lahir : ………………………………………………………….. Kewarganegaraan : ………………………………………………………….. Agama : ………………………………………………………….. Pekerjaan : ………………………………………………………….. Alamat : ………………………………………………………….. Dengan disaksikan oleh : ………………………………………………………….",Pasal 75 ayat (1) huruf h angka 3,"langsung, pidana, telekomunikasi, barang, diduga",
Perdirjen_07_2021,Perdirjen Nomor 07 Tahun 2021,Perdirjen,2021,07,BAB XI,Ketentuan Penutup,,,75,1,h,1,Ketentuan,Nama : ……………………………………………………….. Pekerjaan : ……………………………………………………….. Alamat : ………………………………………………………..,Pasal 75 ayat (1) huruf h angka 1,"nama, pekerjaan, alamat",
Perdirjen_07_2021,Perdirjen Nomor 07 Tahun 2021,Perdirjen,2021,07,BAB XI,Ketentuan Penutup,,,75,1,h,2,Ketentuan,"Nama : ……………………………………………………….. Pekerjaan : ……………………………………………………….. Alamat : ……………………………………………………….. Adapun jalannya proses penyitaan sebagai berikut: Cth: Setelah menunjukan Surat Perintah Penyitaan, PPNS Direktorat Jenderal SDPPI dengan didampingi Penyidik Polri/Korwas PPNS menjelaskan maksud kedatanganannya. selanjutnya melakukan penyitaan terhadap:",Pasal 75 ayat (1) huruf h angka 2,"penyitaan, ppns, nama, pekerjaan, alamat",
Perdirjen_07_2021,Perdirjen Nomor 07 Tahun 2021,Perdirjen,2021,07,BAB XI,Ketentuan Penutup,,,75,1,h,1,Ketentuan,"(Merk / Type, Model, Brand, Jumlah): …………………………………………………",Pasal 75 ayat (1) huruf h angka 1,"merk, type, model, brand, jumlah",
Perdirjen_07_2021,Perdirjen Nomor 07 Tahun 2021,Perdirjen,2021,07,BAB XI,Ketentuan Penutup,,,75,1,h,2,Ketentuan,"(Merk / Type, Model, Brand, Jumlah): …………………………………………………",Pasal 75 ayat (1) huruf h angka 2,"merk, type, model, brand, jumlah",
Perdirjen_07_2021,Perdirjen Nomor 07 Tahun 2021,Perdirjen,2021,07,BAB XI,Ketentuan Penutup,,,75,1,h,3,Ketentuan,"(Merk / Type, Model, Brand, Jumlah): …………………………………………………",Pasal 75 ayat (1) huruf h angka 3,"merk, type, model, brand, jumlah",
Perdirjen_07_2021,Perdirjen Nomor 07 Tahun 2021,Perdirjen,2021,07,BAB XI,Ketentuan Penutup,,,75,1,h,4,Ketentuan,"Dst. Dan atas penyitaan tersebut dibuatkan berita acara penyitaan dan tanda terima. Demikian Berita Acara Penyitaan ini dibuat dengan sebenarnya atas kekuatan sumpah jabatan, kemudian ditutup dan ditandatangani di ………………………………. pada tanggal, bulan dan tahun tersebut di atas. Yang menyerahkan, Yang melakukan penyitaan, Pemilik/Penguasa Barang, Penyidik PNS, (…………………………………….) (………………………………..) Saksi-saksi :",Pasal 75 ayat (1) huruf h angka 4,"penyitaan, tersebut, berita, acara, saksi",
Perdirjen_07_2021,Perdirjen Nomor 07 Tahun 2021,Perdirjen,2021,07,BAB XI,Ketentuan Penutup,,,75,1,h,1,Ketentuan,……………………… ttd : ……………………….,Pasal 75 ayat (1) huruf h angka 1,,
Perdirjen_07_2021,Perdirjen Nomor 07 Tahun 2021,Perdirjen,2021,07,BAB XI,Ketentuan Penutup,,,75,1,h,2,Ketentuan,"……………………… ttd : ………………………. Surat Tanda Penerimaan KOP SURAT DIREKTORAT PENGENDALIAN SDPPI / BALMON / LOKA Pro Justitia SURAT TANDA PENERIMAAN NOMOR: ……/STP/PPNS/…./20.. --------Yang bertanda dibawah ini Nama …………………………………. Pangkat/Gol/NIP ………………………….. dalam jabatan sebagai Penyidik Pegawai Negeri Sipil bidang Telekomunikasi pada Kantor tersebut diatas, telah menerima penyerahan barang- barang atau surat atau tulisan dari pemilik yang menguasai: Nama : ……………………………………….. Tempat/Tgl Lahir : …………, …………………………… Pekerjaan : ……………………………………….. Alamat : ……………………………………….. Dengan disaksikan oleh: --------------------------------------------------------------------",Pasal 75 ayat (1) huruf h angka 2,"surat, tanda, penerimaan, nama, barang",
Perdirjen_07_2021,Perdirjen Nomor 07 Tahun 2021,Perdirjen,2021,07,BAB XI,Ketentuan Penutup,,,75,1,h,1,Ketentuan,Nama : ……………………………………….. Pangkat/NIP : ……………………………………….. Jabatan : ………………………………………..,Pasal 75 ayat (1) huruf h angka 1,"nama, pangkat, jabatan",
Perdirjen_07_2021,Perdirjen Nomor 07 Tahun 2021,Perdirjen,2021,07,BAB XI,Ketentuan Penutup,,,75,1,h,2,Sanksi,"Nama : ……………………………………….. Pangkat/NIP : ……………………………………….. Jabatan : ……………………………………….. (benda/barang/dokumen/uang) sebagai barang bukti dalam perkara tindak pidana dibidang Telekomunikasi berupa ……………… yang diduga dilakukan oleh tersangka (………………. / Masih Dalam Penyidikan) sebagaimana dimaksud dalam Pasal ….. Jo Pasal ..... Undang-Undang Nomor 36 tahun 1999 tentang Telekomunikasi Jo Pasal 55 Ayat (1) ke 1 KUH Pidana, selanjutnya barang bukti tersebut disita guna pembuktian ditingkat penyidikan, penuntutan maupun peradilan. (benda/barang/dokumen/uang) tersebut adalah sebagai berikut: No Nama Barang Merk Type Jumlah Demikian Surat Tanda Penerimaan Barang bukti ini dibuat dengan sebenarnya atas kekuatan sumpah jabatan, kemudian ditutup dan ditandatangani di ………………………………. pada tanggal, bulan dan tahun tersebut di atas. ………….., …………. ……… 20.. Pemilik/yang menguasai Yang menerima, PENYIDIK PEGAWAI NEGERI SIPIL Nama : Pangkat/Gol/NIP : Jabatan : Tanda tangan : ……………………………………………. Tanda tangan saksi-saksi:",Pasal 75 ayat (1) huruf h angka 2,"barang, nama, jabatan, bukti, tersebut",
Perdirjen_07_2021,Perdirjen Nomor 07 Tahun 2021,Perdirjen,2021,07,BAB XI,Ketentuan Penutup,,,75,1,h,1,Ketentuan,………………………,Pasal 75 ayat (1) huruf h angka 1,,
Perdirjen_07_2021,Perdirjen Nomor 07 Tahun 2021,Perdirjen,2021,07,BAB XI,Ketentuan Penutup,,,75,1,h,2,Ketentuan,"……………………. Surat Bantuan Pendampingan Penyitaan KOP SURAT DIREKTORAT PENGENDALIAN SDPPI / BALMON / LOKA Nomor : …../………./……………/20.. …………., ……………..20.. Klasifikasi : Segera Lampiran : - Hal : Bantuan Pendampingan Penyitaan Kepada Yth. Yth. KAPOLDA ………… Cq DIRESKRIMSUS di …………..",Pasal 75 ayat (1) huruf h angka 2,"surat, bantuan, pendampingan, penyitaan, direktorat",
Perdirjen_07_2021,Perdirjen Nomor 07 Tahun 2021,Perdirjen,2021,07,BAB XI,Ketentuan Penutup,,,75,1,h,1,Ketentuan,DASAR :,Pasal 75 ayat (1) huruf h angka 1,dasar,
Perdirjen_07_2021,Perdirjen Nomor 07 Tahun 2021,Perdirjen,2021,07,BAB XI,Ketentuan Penutup,,,75,1,a,,Sanksi,"Pasal 1 butir 16, Pasal 6 Ayat (1) huruf b, Pasal 7 ayat (2) , Pasal 38, Pasal 39, Pasal 40, Pasal 41, Pasal 42 dan Pasal 44 Undang-undang Nomor 8 Tahun 1981 tentang Hukum Acara Pidana;",Pasal 75 ayat (1) huruf a,"butir, nomor, tahun, hukum, acara",
Perdirjen_07_2021,Perdirjen Nomor 07 Tahun 2021,Perdirjen,2021,07,BAB XI,Ketentuan Penutup,,,75,1,b,,Ketentuan,Pasal 44 Undang-Undang Nomor 36 Tahun 1999 tentang Telekomunikasi;,Pasal 75 ayat (1) huruf b,"nomor, tahun, telekomunikasi",
Perdirjen_07_2021,Perdirjen Nomor 07 Tahun 2021,Perdirjen,2021,07,BAB XI,Ketentuan Penutup,,,75,1,c,,Ketentuan,"Laporan Kejadian Nomor : LK/…../……/20…., tanggal ..............;",Pasal 75 ayat (1) huruf c,"laporan, kejadian, nomor, tanggal",
Perdirjen_07_2021,Perdirjen Nomor 07 Tahun 2021,Perdirjen,2021,07,BAB XI,Ketentuan Penutup,,,75,1,d,,Ketentuan,"Surat Perintah Penyidikan Nomor : Sprin Sidik/…./……/20…, tanggal ……..;",Pasal 75 ayat (1) huruf d,"surat, perintah, penyidikan, nomor, sprin",
Perdirjen_07_2021,Perdirjen Nomor 07 Tahun 2021,Perdirjen,2021,07,BAB XI,Ketentuan Penutup,,,75,1,e,,Ketentuan,"Surat Pemberitahuan Dimulainya Penyidikan Nomor : SPDP/…../…..…/20..., tanggal ………",Pasal 75 ayat (1) huruf e,"surat, pemberitahuan, dimulainya, penyidikan, nomor",
Perdirjen_07_2021,Perdirjen Nomor 07 Tahun 2021,Perdirjen,2021,07,BAB XI,Ketentuan Penutup,,,75,1,e,2,Sanksi,"Sehubungan dengan rujukan tersebut diatas, bersama ini disampaikan bahwa dari hasil penyidikan tindak pidana di bidang Telekomunikasi berupa ........, sebagaimana dimaksud dalam Pasal …… Jo Pasal …….. Undang-Undang Nomor 36 Tahun 1999 tentang Telekomunikasi Jo Pasal 55 ayat (1) ke 1 KUH Pidana, dengan tersangka masih dalam penyidikan, memerlukan tindakan penyitaan terhadap barang/benda dari seseorang yang menguasai atas nama : Nama lengkap : ……………………………………………………………… Tempat Lahir /tgl lhr : ………………......................................................... Jenis Kelamin : ……………………………………………………………… Kewarganegaraan : ………………......................................................... Agama : ……………………………………………………………… Pekerjaan : ……………………………………………………………… Tempat Tinggal : ………………………………………………………………",Pasal 75 ayat (1) huruf e angka 2,"penyidikan, pidana, telekomunikasi, nama, tempat",
Perdirjen_07_2021,Perdirjen Nomor 07 Tahun 2021,Perdirjen,2021,07,BAB XI,Ketentuan Penutup,,,75,1,e,3,Ketentuan,"Untuk keperluan tersebut diatas, dimohon bantuan Dir ….. dapat menunjuk personil Korwas PPNS Ditreskrimsus Polda .... sebanyak ..... orang guna mendampingi PPNS ..... melakukan penyitaan terhadap barang- barang dimaksud.",Pasal 75 ayat (1) huruf e angka 3,"ppns, barang, keperluan, tersebut, diatas",
Perdirjen_07_2021,Perdirjen Nomor 07 Tahun 2021,Perdirjen,2021,07,BAB XI,Ketentuan Penutup,,,75,1,e,4,Ketentuan,Sebagai bahan pertimbangan bersama ini dilampirkan adminitrasi penyidikan berupa:,Pasal 75 ayat (1) huruf e angka 4,"bahan, pertimbangan, bersama, dilampirkan, adminitrasi",
Perdirjen_07_2021,Perdirjen Nomor 07 Tahun 2021,Perdirjen,2021,07,BAB XI,Ketentuan Penutup,,,75,1,a,,Ketentuan,"Laporan Kejadian Nomor : LK/…../….…/20…., tanggal ..............;",Pasal 75 ayat (1) huruf a,"laporan, kejadian, nomor, tanggal",
Perdirjen_07_2021,Perdirjen Nomor 07 Tahun 2021,Perdirjen,2021,07,BAB XI,Ketentuan Penutup,,,75,1,b,,Ketentuan,"Surat Perintah Penyidikan Nomor : Sprin Sidik/…./……/20…, tanggal ……..;",Pasal 75 ayat (1) huruf b,"surat, perintah, penyidikan, nomor, sprin",
Perdirjen_07_2021,Perdirjen Nomor 07 Tahun 2021,Perdirjen,2021,07,BAB XI,Ketentuan Penutup,,,75,1,c,,Ketentuan,"Surat Pemberitahuan dimulainya Penyidikan Nomor : SPDP/…../….…/20..., tanggal ………",Pasal 75 ayat (1) huruf c,"surat, pemberitahuan, dimulainya, penyidikan, nomor",
Perdirjen_07_2021,Perdirjen Nomor 07 Tahun 2021,Perdirjen,2021,07,BAB XI,Ketentuan Penutup,,,75,1,d,,Ketentuan,"Laporan Kemajuan. 5. Demikian untuk menjadi maklum dan mohon kabar hasilnya. Direktur Pengendalian SDPPI / Ka.Balmon Kelas I / Kelas II / Kalokamon, …………………………………………….. NIP: ……………………………………… Tembusan:",Pasal 75 ayat (1) huruf d,"kelas, laporan, kemajuan, demikian, menjadi",
Perdirjen_07_2021,Perdirjen Nomor 07 Tahun 2021,Perdirjen,2021,07,BAB XI,Ketentuan Penutup,,,75,1,d,1,Ketentuan,Dirjen SDPPI;,Pasal 75 ayat (1) huruf d angka 1,"dirjen, sdppi",
Perdirjen_07_2021,Perdirjen Nomor 07 Tahun 2021,Perdirjen,2021,07,BAB XI,Ketentuan Penutup,,,75,1,d,2,Ketentuan,"Arsip. Berita Acara Penyisihan Barang Bukti KOP SURAT DIREKTORAT PENGENDALIAN SDPPI / BALMON / LOKA Pro Justitia BERITA ACARA PENYISIHAN BARANG BUKTI Pada hari ini ............. tanggal .................. bulan .................. tahun .................. Pukul ............ WIB, saya ………………………………., Pangkat/Gol ............................ NIP. .................................., selaku PPNS dari Kantor ………………………………., bersama- sama dengan :",Pasal 75 ayat (1) huruf d angka 2,"berita, acara, penyisihan, barang, bukti",
Perdirjen_07_2021,Perdirjen Nomor 07 Tahun 2021,Perdirjen,2021,07,BAB XI,Ketentuan Penutup,,,75,1,d,1,Ketentuan,"Nama, Pangkat/Gol, NIP, Jabatan : …………………………………………",Pasal 75 ayat (1) huruf d angka 1,"nama, pangkat, jabatan",
Perdirjen_07_2021,Perdirjen Nomor 07 Tahun 2021,Perdirjen,2021,07,BAB XI,Ketentuan Penutup,,,75,1,d,2,Ketentuan,"Nama, Pangkat/Gol, NIP, Jabatan : ………………………………………… Masing-masing bertugas di kantor yang sama, berdasarkan :",Pasal 75 ayat (1) huruf d angka 2,"masing, nama, pangkat, jabatan, bertugas",
Perdirjen_07_2021,Perdirjen Nomor 07 Tahun 2021,Perdirjen,2021,07,BAB XI,Ketentuan Penutup,,,75,1,d,1,Ketentuan,"Laporan Kejadian, Nomor : LK/.……………………., tanggal …………………",Pasal 75 ayat (1) huruf d angka 1,"laporan, kejadian, nomor, tanggal",
Perdirjen_07_2021,Perdirjen Nomor 07 Tahun 2021,Perdirjen,2021,07,BAB XI,Ketentuan Penutup,,,75,1,d,2,Ketentuan,"Surat Perintah Penyidikan, Nomor : SPP/……………….. tanggal …………….",Pasal 75 ayat (1) huruf d angka 2,"surat, perintah, penyidikan, nomor, tanggal",
Perdirjen_07_2021,Perdirjen Nomor 07 Tahun 2021,Perdirjen,2021,07,BAB XI,Ketentuan Penutup,,,75,1,d,3,Sanksi,"Surat Perintah Penyitaan, Nomor : SPS. ………………, tanggal ..……………….. Dalam rangka kepentingan pengujian kesesuaian standar teknis alat telekomunikasi dan/atau perangkat telekomunikasi sehubungan dengan tindak pidana dibidang Telekomunikasi berupa …………. yang di duga dilakukan oleh tersangka (………………. / Masih Dalam Penyidikan) sebagaimana dimaksud dalam Pasal ….. Jo Pasal ..... Undang-Undang Nomor 36 tahun 1999 tentang Telekomunikasi Jo Pasal 55 Ayat (1) ke 1 KUH Pidana. Penyisihan barang – barang tersebut guna pembuktian pada tingkat penyidikan, penuntutan maupun peradilan. ------------------------------------------------------------------- Dengan disaksikan oleh : ………………………………………………………….",Pasal 75 ayat (1) huruf d angka 3,"telekomunikasi, nomor, pidana, penyidikan, barang",
Perdirjen_07_2021,Perdirjen Nomor 07 Tahun 2021,Perdirjen,2021,07,BAB XI,Ketentuan Penutup,,,75,1,d,1,Ketentuan,Nama : ……………………………………………………….. Pekerjaan : ……………………………………………………….. Alamat : ………………………………………………………..,Pasal 75 ayat (1) huruf d angka 1,"nama, pekerjaan, alamat",
Perdirjen_07_2021,Perdirjen Nomor 07 Tahun 2021,Perdirjen,2021,07,BAB XI,Ketentuan Penutup,,,75,1,d,2,Ketentuan,"Nama : ……………………………………………………….. Pekerjaan : ……………………………………………………….. Alamat : ……………………………………………………….. Jalannya pelaksanaan penyisihan sebagai berikut : Telah dilakukan penyitaan terhadap barang bukti alat telekomunikasi dan/atau perangkat telekomunikasi sebanyak ………………… dan kemudian disisihkan sebanyak ……………. Untuk kepentingan pengujian. Barang yang disisihkan kemudian dibungkus, diikat tali dan di lak. Demikian Berita Acara Penyisihan Barang Bukti ini dibuat dengan sebenarnya atas kekuatan sumpah jabatan, kemudian ditutup dan ditanda tangani oleh masing-masing sebagaimana tercantum dibawah ini di pada hari, tanggal, dan tahun tersebut di atas. Penyidik Pegawai Negeri Sipil, (…………………………………….) Saksi-saksi :",Pasal 75 ayat (1) huruf d angka 2,"barang, kemudian, penyisihan, bukti, telekomunikasi",
Perdirjen_07_2021,Perdirjen Nomor 07 Tahun 2021,Perdirjen,2021,07,BAB XI,Ketentuan Penutup,,,75,1,d,1,Ketentuan,……………………… ttd : ……………………….,Pasal 75 ayat (1) huruf d angka 1,,
Perdirjen_07_2021,Perdirjen Nomor 07 Tahun 2021,Perdirjen,2021,07,BAB XI,Ketentuan Penutup,,,75,1,d,2,Ketentuan,"……………………… ttd : ………………………. Surat Permohonan Penetapan Penyitaan Ke Pengadilan Negeri (Penyitaan Sudah Dilaksanakan) (Atasan Selaku PPNS) KOP SURAT DIREKTORAT PENGENDALIAN SDPPI / BALMON / LOKA Pro Justitia Nomor : B/………./……………/20.. …………., ……………..20.. Klasifikasi : Biasa Lampiran : 1 (satu) berkas Hal : Laporan Guna Memperoleh Penetapan Penyitaan Kepada Yth. Yth. KETUA PENGADILAN NEGERI ………… di …………..",Pasal 75 ayat (1) huruf d angka 2,"penyitaan, surat, penetapan, pengadilan, negeri",
Perdirjen_07_2021,Perdirjen Nomor 07 Tahun 2021,Perdirjen,2021,07,BAB XI,Ketentuan Penutup,,,75,1,d,1,Ketentuan,DASAR :,Pasal 75 ayat (1) huruf d angka 1,dasar,
Perdirjen_07_2021,Perdirjen Nomor 07 Tahun 2021,Perdirjen,2021,07,BAB XI,Ketentuan Penutup,,,75,1,a,,Ketentuan,"Pasal 6 Ayat (1) huruf b, Pasal 7 Ayat (2), Pasal 38 ayat (2), Pasal 39 dan Pasal 42 Undang-Undang Nomor 8 Tahun 1981 tentang KUHAP;",Pasal 75 ayat (1) huruf a,"nomor, tahun, kuhap",
Perdirjen_07_2021,Perdirjen Nomor 07 Tahun 2021,Perdirjen,2021,07,BAB XI,Ketentuan Penutup,,,75,1,b,,Ketentuan,Pasal 44 Undang-Undang Nomor 36 Tahun 1999 tentang Telekomunikasi;,Pasal 75 ayat (1) huruf b,"nomor, tahun, telekomunikasi",
Perdirjen_07_2021,Perdirjen Nomor 07 Tahun 2021,Perdirjen,2021,07,BAB XI,Ketentuan Penutup,,,75,1,c,,Ketentuan,"Laporan Kejadian Nomor : …………….., tanggal …………………..;",Pasal 75 ayat (1) huruf c,"laporan, kejadian, nomor, tanggal",
Perdirjen_07_2021,Perdirjen Nomor 07 Tahun 2021,Perdirjen,2021,07,BAB XI,Ketentuan Penutup,,,75,1,d,,Ketentuan,"Surat Perintah Penyidikan Nomor : ………., tanggal ……………;",Pasal 75 ayat (1) huruf d,"surat, perintah, penyidikan, nomor, tanggal",
Perdirjen_07_2021,Perdirjen Nomor 07 Tahun 2021,Perdirjen,2021,07,BAB XI,Ketentuan Penutup,,,75,1,d,2,Sanksi,"Sehubungan dengan rujukan tersebut diatas, bersama ini diberitahukan kepada Ketua bahwa karena keadaan yang sangat perlu dan mendesak guna kepentingan penyidikan, telah dilakukan penyitaan benda/barang yang diduga ada hubungan langsung dengan tindak pidana di bidang Telekomunikasi berupa ...... yang diduga dilakukan oleh tersangka (……………./ Masih Dalam Penyidikan) sebagaimana dimaksud dalam Pasal …… Jo Pasal …….. Undang-Undang No. 36 Tahun 1999 tentang Telekomunikasi Jo Pasal 55 ayat (1) ke 1 KUH Pidana, dari saksi : Jenis kelamin : ………….. Umur : ......... tahun. Pekerjaan : ……………………. Kewarganegaraan : Indonesia. Alamat : ……………. Berupa :",Pasal 75 ayat (1) huruf d angka 2,"penyidikan, diduga, pidana, telekomunikasi, berupa",
Perdirjen_07_2021,Perdirjen Nomor 07 Tahun 2021,Perdirjen,2021,07,BAB XI,Ketentuan Penutup,,,75,1,d,3,Ketentuan,"Sehubungan dengan hal tersebut diatas, guna kepentingan penyidikan dimohon kepada Ketua untuk dapat menerbitkan Ketetapan persetujuan penyitaan dimaksud.",Pasal 75 ayat (1) huruf d angka 3,"sehubungan, tersebut, diatas, guna, kepentingan",
Perdirjen_07_2021,Perdirjen Nomor 07 Tahun 2021,Perdirjen,2021,07,BAB XI,Ketentuan Penutup,,,75,1,d,4,Ketentuan,Sebagai bahan pertimbangan bersama ini dilampirkan kelengkapan administrasi penyidikannya: a. Laporan Kejadian;,Pasal 75 ayat (1) huruf d angka 4,"bahan, pertimbangan, bersama, dilampirkan, kelengkapan",
Perdirjen_07_2021,Perdirjen Nomor 07 Tahun 2021,Perdirjen,2021,07,BAB XI,Ketentuan Penutup,,,75,1,b,,Ketentuan,Surat Perintah Penyidikan;,Pasal 75 ayat (1) huruf b,"surat, perintah, penyidikan",
Perdirjen_07_2021,Perdirjen Nomor 07 Tahun 2021,Perdirjen,2021,07,BAB XI,Ketentuan Penutup,,,75,1,c,,Ketentuan,Surat Pemberitahuan Dimulainya Penyidikan;,Pasal 75 ayat (1) huruf c,"surat, pemberitahuan, dimulainya, penyidikan",
Perdirjen_07_2021,Perdirjen Nomor 07 Tahun 2021,Perdirjen,2021,07,BAB XI,Ketentuan Penutup,,,75,1,d,,Ketentuan,Surat Perintah Penyitaan;,Pasal 75 ayat (1) huruf d,"surat, perintah, penyitaan",
Perdirjen_07_2021,Perdirjen Nomor 07 Tahun 2021,Perdirjen,2021,07,BAB XI,Ketentuan Penutup,,,75,1,e,,Ketentuan,Berita Acara Penyitaan;,Pasal 75 ayat (1) huruf e,"berita, acara, penyitaan",
Perdirjen_07_2021,Perdirjen Nomor 07 Tahun 2021,Perdirjen,2021,07,BAB XI,Ketentuan Penutup,,,75,1,f,,Ketentuan,Surat Tanda Penerimaan Barang Bukti;,Pasal 75 ayat (1) huruf f,"surat, tanda, penerimaan, barang, bukti",
Perdirjen_07_2021,Perdirjen Nomor 07 Tahun 2021,Perdirjen,2021,07,BAB XI,Ketentuan Penutup,,,75,1,g,,Ketentuan,Laporan Kemajuan Penyidikan.,Pasal 75 ayat (1) huruf g,"laporan, kemajuan, penyidikan",
Perdirjen_07_2021,Perdirjen Nomor 07 Tahun 2021,Perdirjen,2021,07,BAB XI,Ketentuan Penutup,,,75,1,g,5,Ketentuan,"Demikian untuk menjadi maklum dan mengharapkan keputusannya. Direktur Pengendalian SDPPI / Ka.Balmon Kelas I / Kelas II / Kalokamon Selaku PPNS, …………………………………………….. NIP: ……………………………………… Tembusan:",Pasal 75 ayat (1) huruf g angka 5,"kelas, demikian, menjadi, maklum, mengharapkan",
Perdirjen_07_2021,Perdirjen Nomor 07 Tahun 2021,Perdirjen,2021,07,BAB XI,Ketentuan Penutup,,,75,1,g,1,Ketentuan,Dirjen SDPPI;,Pasal 75 ayat (1) huruf g angka 1,"dirjen, sdppi",
Perdirjen_07_2021,Perdirjen Nomor 07 Tahun 2021,Perdirjen,2021,07,BAB XI,Ketentuan Penutup,,,75,1,g,2,Ketentuan,"Arsip. Surat Permohonan Penetapan Penyitaan Ke Pengadilan Negeri (Penyitaan Sudah Dilaksanakan) (Atasan Bukan Selaku PPNS) KOP SURAT DIREKTORAT PENGENDALIAN SDPPI / BALMON / LOKA Pro Justitia Nomor : B/………./……………/20.. …………., ……………..20.. Klasifikasi : Biasa Lampiran : 1 (satu) berkas Hal : Laporan Guna Memperoleh Penetapan Penyitaan Kepada Yth. Yth. KETUA PENGADILAN NEGERI ………… di …………..",Pasal 75 ayat (1) huruf g angka 2,"penyitaan, surat, penetapan, pengadilan, negeri",
Perdirjen_07_2021,Perdirjen Nomor 07 Tahun 2021,Perdirjen,2021,07,BAB XI,Ketentuan Penutup,,,75,1,g,1,Ketentuan,DASAR :,Pasal 75 ayat (1) huruf g angka 1,dasar,
Perdirjen_07_2021,Perdirjen Nomor 07 Tahun 2021,Perdirjen,2021,07,BAB XI,Ketentuan Penutup,,,75,1,a,,Ketentuan,"Pasal Pasal 6 Ayat (1) huruf b, Pasal 7 Ayat (2), Pasal 32, Pasal 33 Ayat",Pasal 75 ayat (1) huruf a,,
Perdirjen_07_2021,Perdirjen Nomor 07 Tahun 2021,Perdirjen,2021,07,BAB XI,Ketentuan Penutup,,,75,1,,,Ketentuan,", Pasal 35, dan Pasal 36 Undang-Undang Nomor 8 Tahun 1981 tentang KUHAP;",Pasal 75 ayat (1),"nomor, tahun, kuhap",
Perdirjen_07_2021,Perdirjen Nomor 07 Tahun 2021,Perdirjen,2021,07,BAB XI,Ketentuan Penutup,,,75,1,b,,Ketentuan,Pasal 44 Ayat (2) Undang-Undang Nomor 36 Tahun 1999 tentang Telekomunikasi;,Pasal 75 ayat (1) huruf b,"nomor, tahun, telekomunikasi",
Perdirjen_07_2021,Perdirjen Nomor 07 Tahun 2021,Perdirjen,2021,07,BAB XI,Ketentuan Penutup,,,75,1,c,,Ketentuan,"Laporan Kejadian Nomor : …………….., tanggal …………………..;",Pasal 75 ayat (1) huruf c,"laporan, kejadian, nomor, tanggal",
Perdirjen_07_2021,Perdirjen Nomor 07 Tahun 2021,Perdirjen,2021,07,BAB XI,Ketentuan Penutup,,,75,1,d,,Ketentuan,"Surat Perintah Penyidikan Nomor : ………., tanggal ……………;",Pasal 75 ayat (1) huruf d,"surat, perintah, penyidikan, nomor, tanggal",
Perdirjen_07_2021,Perdirjen Nomor 07 Tahun 2021,Perdirjen,2021,07,BAB XI,Ketentuan Penutup,,,75,1,d,3,Sanksi,"Sehubungan dengan rujukan tersebut diatas, bersama ini diberitahukan kepada Ketua bahwa karena keadaan yang sangat perlu dan mendesak guna kepentingan penyidikan, telah dilakukan penyitaan benda/barang yang diduga ada hubungan langsung dengan tindak pidana di bidang Telekomunikasi berupa ...... yang diduga dilakukan oleh tersangka (……………./ Masih Dalam Penyidikan) sebagaimana dimaksud dalam Pasal …… Jo Pasal …….. Undang-Undang No. 36 Tahun 1999 tentang Telekomunikasi Jo Pasal 55 ayat (1) ke 1 KUH Pidana, dari saksi : Jenis kelamin : ……………. Umur : ......... tahun Pekerjaan : ……………. Kewarganegaraan : Indonesia. Alamat : ……………. Berupa :",Pasal 75 ayat (1) huruf d angka 3,"penyidikan, diduga, pidana, telekomunikasi, berupa",
Perdirjen_07_2021,Perdirjen Nomor 07 Tahun 2021,Perdirjen,2021,07,BAB XI,Ketentuan Penutup,,,75,1,d,3,Ketentuan,"Sehubungan dengan hal tersebut diatas, guna kepentingan penyidikan dimohon kepada Ketua untuk dapat menerbitkan Ketetapan persetujuan penyitaan dimaksud. 4. Sebagai bahan pertimbangan bersama ini dilampirkan kelengkapan administrasi penyidikannya:",Pasal 75 ayat (1) huruf d angka 3,"sehubungan, tersebut, diatas, guna, kepentingan",
Perdirjen_07_2021,Perdirjen Nomor 07 Tahun 2021,Perdirjen,2021,07,BAB XI,Ketentuan Penutup,,,75,1,a,,Ketentuan,Laporan Kejadian;,Pasal 75 ayat (1) huruf a,"laporan, kejadian",
Perdirjen_07_2021,Perdirjen Nomor 07 Tahun 2021,Perdirjen,2021,07,BAB XI,Ketentuan Penutup,,,75,1,b,,Ketentuan,Surat Perintah Penyidikan;,Pasal 75 ayat (1) huruf b,"surat, perintah, penyidikan",
Perdirjen_07_2021,Perdirjen Nomor 07 Tahun 2021,Perdirjen,2021,07,BAB XI,Ketentuan Penutup,,,75,1,c,,Ketentuan,Surat Pemberitahuan Dimulainya Penyidikan;,Pasal 75 ayat (1) huruf c,"surat, pemberitahuan, dimulainya, penyidikan",
Perdirjen_07_2021,Perdirjen Nomor 07 Tahun 2021,Perdirjen,2021,07,BAB XI,Ketentuan Penutup,,,75,1,d,,Ketentuan,Surat Perintah Penyitaan;,Pasal 75 ayat (1) huruf d,"surat, perintah, penyitaan",
Perdirjen_07_2021,Perdirjen Nomor 07 Tahun 2021,Perdirjen,2021,07,BAB XI,Ketentuan Penutup,,,75,1,e,,Ketentuan,Berita Acara Penyitaan;,Pasal 75 ayat (1) huruf e,"berita, acara, penyitaan",
Perdirjen_07_2021,Perdirjen Nomor 07 Tahun 2021,Perdirjen,2021,07,BAB XI,Ketentuan Penutup,,,75,1,f,,Ketentuan,Surat Tanda Penerimaan Barang Bukti;,Pasal 75 ayat (1) huruf f,"surat, tanda, penerimaan, barang, bukti",
Perdirjen_07_2021,Perdirjen Nomor 07 Tahun 2021,Perdirjen,2021,07,BAB XI,Ketentuan Penutup,,,75,1,g,,Ketentuan,Laporan Kemajuan Penyidikan.,Pasal 75 ayat (1) huruf g,"laporan, kemajuan, penyidikan",
Perdirjen_07_2021,Perdirjen Nomor 07 Tahun 2021,Perdirjen,2021,07,BAB XI,Ketentuan Penutup,,,75,1,g,5,Ketentuan,"Demikian untuk menjadi maklum dan mengharapkan keputusannya. Mengetahui, Direktur Pengendalian SDPPI / Penyidik Pegawai Negeri Sipil, Ka.Balmon Kelas I / Kelas II / Kalokamon, …………………………………………….. …………………………………………….. NIP: ……………………………………… NIP: ……………………………………… Tembusan:",Pasal 75 ayat (1) huruf g angka 5,"kelas, demikian, menjadi, maklum, mengharapkan",
Perdirjen_07_2021,Perdirjen Nomor 07 Tahun 2021,Perdirjen,2021,07,BAB XI,Ketentuan Penutup,,,75,1,g,1,Ketentuan,Dirjen SDPPI;,Pasal 75 ayat (1) huruf g angka 1,"dirjen, sdppi",
Perdirjen_07_2021,Perdirjen Nomor 07 Tahun 2021,Perdirjen,2021,07,BAB XI,Ketentuan Penutup,,,75,1,g,2,Sanksi,"Arsip. Surat Perintah Penyegelan dan/atau Pembungkusan Barang Bukti (Atasan Selaku PPNS) KOP SURAT DIREKTORAT PENGENDALIAN SDPPI / BALMON / LOKA Pro Justitia SURAT PERINTAH PENYEGELAN DAN/ATAU PEMBUNGKUSAN BARANG BUKTI Pertimbangan : Bahwa untuk kepentingan penyitaan Barang Bukti yang diduga ada kaitanya dengan Tindak Pidana dibidang Telekomunikasi yang terjadi, namun karena ukuran, situasi, maupun kondisi barang bukti sedemikian rupa sehingga tidak dapat dipindahkan/dibawa ke Kantor atau dibungkus maka perlu dikeluarkan Surat Perintah ini. Dasar : 1. Pasal 7 ayat (2), Pasal 11, Pasal 38, Pasal 39, Pasal 44 dan Pasal 130 ayat (2) di KUHAP.",Pasal 75 ayat (1) huruf g angka 2,"surat, barang, bukti, perintah, penyegelan",
Perdirjen_07_2021,Perdirjen Nomor 07 Tahun 2021,Perdirjen,2021,07,BAB XI,Ketentuan Penutup,,,75,1,g,2,Ketentuan,Pasal 44 UU Nomor 36 Tahun 1999 Tentang Telekomunikasi.,Pasal 75 ayat (1) huruf g angka 2,"nomor, tahun, telekomunikasi",
Perdirjen_07_2021,Perdirjen Nomor 07 Tahun 2021,Perdirjen,2021,07,BAB XI,Ketentuan Penutup,,,75,1,g,3,Ketentuan,"Laporan Kejadian, Nomor : LK. ……………, tanggal ..…………..",Pasal 75 ayat (1) huruf g angka 3,"laporan, kejadian, nomor, tanggal",
Perdirjen_07_2021,Perdirjen Nomor 07 Tahun 2021,Perdirjen,2021,07,BAB XI,Ketentuan Penutup,,,75,1,g,4,Ketentuan,"Surat Perintah Penyidikan, Nomor : ……………. tanggal, ……..",Pasal 75 ayat (1) huruf g angka 4,"surat, perintah, penyidikan, nomor, tanggal",
Perdirjen_07_2021,Perdirjen Nomor 07 Tahun 2021,Perdirjen,2021,07,BAB XI,Ketentuan Penutup,,,75,1,g,5,Ketentuan,"Surat Perintah Penyitaan, Nomor : …………… tanggal, ………..",Pasal 75 ayat (1) huruf g angka 5,"surat, perintah, penyitaan, nomor, tanggal",
Perdirjen_07_2021,Perdirjen Nomor 07 Tahun 2021,Perdirjen,2021,07,BAB XI,Ketentuan Penutup,,,75,1,g,6,Ketentuan,Surat Penetapan Penyitaan Ketua Pengadilan Negeri ….. nomor …… tanggal …… Diperintahkan Kepada : 1. Nama : …………………………………………. Pangkat/NIP : …………………………………………. Jabatan : ………………………………………….,Pasal 75 ayat (1) huruf g angka 6,"surat, penetapan, penyitaan, ketua, pengadilan",
Perdirjen_07_2021,Perdirjen Nomor 07 Tahun 2021,Perdirjen,2021,07,BAB XI,Ketentuan Penutup,,,75,1,g,2,Sanksi,Nama : …………………………………………. Pangkat/NIP : …………………………………………. Jabatan : …………………………………………. Untuk : a. Melakukan penyegelan dan/atau pembungkusan terhadap …………….. yang diduga ada kaitanya dengan Tindak Pidana Bidang Telekomunikasi berupa ………… sebagaimana dimaksud dalam Pasal ……. Jo Pasal …….. Undang-Undang No. 36 Tahun 1999 tentang Telekomunikasi Jo Pasal 55 ayat (1) ke 1 KUH Pidana.,Pasal 75 ayat (1) huruf g angka 2,"pidana, telekomunikasi, nama, pangkat, jabatan",
Perdirjen_07_2021,Perdirjen Nomor 07 Tahun 2021,Perdirjen,2021,07,BAB XI,Ketentuan Penutup,,,75,1,b,,Sanksi,"Setelah melakukan penyegelan dan/atau pembungkusan, segera membuat Berita Acara penyegelan dan/atau pembungkusan. Dikeluarkan di : ……. Pada Tanggal ……. Direktur Pengendalian SDPPI/Kepala Yang menerima perintah UPT………. Selaku PPNS, (nama) ……………………… NIP. : ………………… Surat Perintah Pembungkusan dan/atau Penyegelan (Atasan Bukan Selaku PPNS) KOP SURAT DIREKTORAT PENGENDALIAN SDPPI / BALMON / LOKA Pro Justitia S SURAT PERINTAH PENYEGELAN DAN/ATAU PEMBUNGKUSAN BARANG BUKTI Pertimbangan : Bahwa untuk kepentingan penyitaan Barang Bukti yang diduga ada kaitanya dengan Tindak Pidana dibidang Telekomunikasi yang terjadi, namun karena ukuran, situasi, maupun kondisi barang bukti sedemikian rupa sehingga tidak dapat dipindahkan/dibawa ke Kantor atau dibungkus maka perlu dikeluarkan Surat Perintah ini. Dasar : 1. Pasal 7 ayat (2), Pasal 11, Pasal 38, Pasal 39, Pasal 44 dan Pasal 130 ayat (2) di KUHAP.",Pasal 75 ayat (1) huruf b,"penyegelan, pembungkusan, perintah, surat, barang",
Perdirjen_07_2021,Perdirjen Nomor 07 Tahun 2021,Perdirjen,2021,07,BAB XI,Ketentuan Penutup,,,75,1,b,2,Ketentuan,Pasal 44 UU Nomor 36 Tahun 1999 Tentang Telekomunikasi.,Pasal 75 ayat (1) huruf b angka 2,"nomor, tahun, telekomunikasi",
Perdirjen_07_2021,Perdirjen Nomor 07 Tahun 2021,Perdirjen,2021,07,BAB XI,Ketentuan Penutup,,,75,1,b,3,Ketentuan,"Laporan Kejadian, Nomor : LK. ……………, tanggal ..…………..",Pasal 75 ayat (1) huruf b angka 3,"laporan, kejadian, nomor, tanggal",
Perdirjen_07_2021,Perdirjen Nomor 07 Tahun 2021,Perdirjen,2021,07,BAB XI,Ketentuan Penutup,,,75,1,b,4,Ketentuan,"Surat Perintah Penyidikan, Nomor : ……………. tanggal, ……..",Pasal 75 ayat (1) huruf b angka 4,"surat, perintah, penyidikan, nomor, tanggal",
Perdirjen_07_2021,Perdirjen Nomor 07 Tahun 2021,Perdirjen,2021,07,BAB XI,Ketentuan Penutup,,,75,1,b,5,Ketentuan,"Surat Perintah Penyitaan, Nomor : …………… tanggal, ………..",Pasal 75 ayat (1) huruf b angka 5,"surat, perintah, penyitaan, nomor, tanggal",
Perdirjen_07_2021,Perdirjen Nomor 07 Tahun 2021,Perdirjen,2021,07,BAB XI,Ketentuan Penutup,,,75,1,b,6,Ketentuan,Surat Penetapan Penyitaan Ketua Pengadilan Negeri ….. nomor …… tanggal …… Diperintahkan Kepada : 1. Nama : …………………………………………. Pangkat/NIP : …………………………………………. Jabatan : ………………………………………….,Pasal 75 ayat (1) huruf b angka 6,"surat, penetapan, penyitaan, ketua, pengadilan",
Perdirjen_07_2021,Perdirjen Nomor 07 Tahun 2021,Perdirjen,2021,07,BAB XI,Ketentuan Penutup,,,75,1,b,2,Sanksi,Nama : …………………………………………. Pangkat/NIP : …………………………………………. Jabatan : …………………………………………. Untuk : a. Melakukan penyegelan dan/atau pembungkusan terhadap …………….. yang diduga ada kaitanya dengan Tindak Pidana Bidang Telekomunikasi berupa ………… sebagaimana dimaksud dalam Pasal ……. Jo Pasal …….. Undang-Undang No. 36 Tahun 1999 tentang Telekomunikasi Jo Pasal 55 ayat (1) ke 1 KUH Pidana.,Pasal 75 ayat (1) huruf b angka 2,"pidana, telekomunikasi, nama, pangkat, jabatan",
Perdirjen_07_2021,Perdirjen Nomor 07 Tahun 2021,Perdirjen,2021,07,BAB XI,Ketentuan Penutup,,,75,1,b,,Ketentuan,"Setelah melakukan penyegelan dan/atau pembungkusan, segera membuat Berita Acara penyegelan dan/atau pembungkusan. Dikeluarkan di : ……. Pada Tanggal ……. Yang menerima perintah Penyidik Pegawai Negeri Sipil, ……………………… ………………………….. NIP. : …………… NIP. : ………………… Mengetahui: Direktur Pengendalian SDPPI/Kepala UPT………. ………………………….. NIP. : ……………………………… Berita Acara Penyegelan dan/atau Pembungkusan Barang Bukti KOP SURAT DIREKTORAT PENGENDALIAN SDPPI / BALMON / LOKA Pro Justitia BERITA ACARA PENYEGELAN DAN/ATAU PEMBUNGKUSAN BARANG BUKTI Pada hari ini ............. tanggal .................. bulan .................. tahun .................. Pukul ............ WIB, saya ………………………………., Pangkat/Gol ............................ NIP. .................................., selaku PPNS dari Kantor ………………………………., bersama- sama dengan :",Pasal 75 ayat (1) huruf b,"penyegelan, pembungkusan, berita, acara, tanggal",
Perdirjen_07_2021,Perdirjen Nomor 07 Tahun 2021,Perdirjen,2021,07,BAB XI,Ketentuan Penutup,,,75,1,b,1,Ketentuan,"Nama, Pangkat/Gol, NIP, Jabatan : …………………………………………",Pasal 75 ayat (1) huruf b angka 1,"nama, pangkat, jabatan",
Perdirjen_07_2021,Perdirjen Nomor 07 Tahun 2021,Perdirjen,2021,07,BAB XI,Ketentuan Penutup,,,75,1,b,2,Ketentuan,"Nama, Pangkat/Gol, NIP, Jabatan : ………………………………………… Masing-masing bertugas di kantor yang sama, berdasarkan :",Pasal 75 ayat (1) huruf b angka 2,"masing, nama, pangkat, jabatan, bertugas",
Perdirjen_07_2021,Perdirjen Nomor 07 Tahun 2021,Perdirjen,2021,07,BAB XI,Ketentuan Penutup,,,75,1,b,1,Ketentuan,"Laporan Kejadian, Nomor : LK. ………………, tanggal ..………………..",Pasal 75 ayat (1) huruf b angka 1,"laporan, kejadian, nomor, tanggal",
Perdirjen_07_2021,Perdirjen Nomor 07 Tahun 2021,Perdirjen,2021,07,BAB XI,Ketentuan Penutup,,,75,1,b,2,Ketentuan,"Surat Perintah Penyitaan, Nomor : …/…………./……. Tanggal …………….",Pasal 75 ayat (1) huruf b angka 2,"surat, perintah, penyitaan, nomor, tanggal",
Perdirjen_07_2021,Perdirjen Nomor 07 Tahun 2021,Perdirjen,2021,07,BAB XI,Ketentuan Penutup,,,75,1,b,3,Sanksi,"Surat Perintah Penyegelan dan Pembungkusan, Nomor : SPB/………….. tanggal … Telah melakukan penyegelan dan atau pembungkusan barang bukti berupa : ……………………………………………………………………………………………………………… ……………………………………………………………………………………………………………… yang diduga ada kaitanya dengan Tindak Pidana Bidang Telekomunikasi berupa ………… sebagaimana dimaksud dalam Pasal ……. Jo Pasal …….. Undang-Undang No. 36 Tahun 1999 tentang Telekomunikasi Jo Pasal 55 ayat (1) ke 1 KUH Pidana. Dengan disaksikan oleh:",Pasal 75 ayat (1) huruf b angka 3,"penyegelan, pembungkusan, berupa, pidana, telekomunikasi",
Perdirjen_07_2021,Perdirjen Nomor 07 Tahun 2021,Perdirjen,2021,07,BAB XI,Ketentuan Penutup,,,75,1,b,1,Ketentuan,Nama : ……………………………………………………….. Pekerjaan : ……………………………………………………….. Alamat : ………………………………………………………..,Pasal 75 ayat (1) huruf b angka 1,"nama, pekerjaan, alamat",
Perdirjen_07_2021,Perdirjen Nomor 07 Tahun 2021,Perdirjen,2021,07,BAB XI,Ketentuan Penutup,,,75,1,b,2,Ketentuan,"Nama : ……………………………………………………….. Pekerjaan : ……………………………………………………….. Alamat : ……………………………………………………….. Uraian singkat jalannya penyegelan dan atau pembungkusan adalah dengan cara sebagai berikut: Barang Bukti dikumpulkan, didata disaksikan penguasa barang, kemudian dibungkus diikat diberi Label Barang Bukti di Lak segel dan ditandatangani PPNS dan dibuatkan Berita Acaranya Demikian Berita Acara Penyegelan dan atau Pembungkusan Barang Bukti ini dibuat dengan sebenarnya atas kekuatan sumpah jabatan, kemudian ditutup dan ditanda tangani di ………………………………. pada tanggal, …………. bulan ………… dan tahun Penyidik PNS, (………………………………..) Saksi-saksi :",Pasal 75 ayat (1) huruf b angka 2,"barang, bukti, penyegelan, pembungkusan, kemudian",
Perdirjen_07_2021,Perdirjen Nomor 07 Tahun 2021,Perdirjen,2021,07,BAB XI,Ketentuan Penutup,,,75,1,b,1,Ketentuan,…………………………………..,Pasal 75 ayat (1) huruf b angka 1,,
Perdirjen_07_2021,Perdirjen Nomor 07 Tahun 2021,Perdirjen,2021,07,BAB XI,Ketentuan Penutup,,,75,1,b,2,Sanksi,"………………………………….. Surat Ketetapan Tersangka (Alasan Selaku PPNS) KOP SURAT DIREKTORAT PENGENDALIAN SDPPI / BALMON / LOKA Pro Justitia SURAT KETETAPAN Tentang PENETAPAN TERSANGKA Pertimbangan : Berdasarkan dari hasil pemeriksaan yang dilakukan terhadap Saksi-Saksi, Barang Bukti dan gelar perkara, diperoleh keterangan yang cukup dan menyakin, bahwa seseorang patut diduga keras telah melakukan perbuatan tindak pidana di Bidang Telekomunikasi dan oleh sebab itu maka statusnya ditetapkan sebagai tersangka, sehingga dianggap perlu untuk mengeluarkan Surat Ketetapan ini. Dasar : 1. Pasal 1 butir 14 dan 26 Undang-Undang Nomor 8 Tahun 1981 tentang Hukum Acara Pidana;",Pasal 75 ayat (1) huruf b angka 2,"surat, ketetapan, tersangka, saksi, pidana",
Perdirjen_07_2021,Perdirjen Nomor 07 Tahun 2021,Perdirjen,2021,07,BAB XI,Ketentuan Penutup,,,75,1,b,2,Ketentuan,"Laporan Kejadian Nomor : LK/…../…..…/20.., tanggal ………;",Pasal 75 ayat (1) huruf b angka 2,"laporan, kejadian, nomor, tanggal",
Perdirjen_07_2021,Perdirjen Nomor 07 Tahun 2021,Perdirjen,2021,07,BAB XI,Ketentuan Penutup,,,75,1,b,3,Ketentuan,"Surat Perintah Penyidikan Nomor : SP.Sidik/…../…..…/20…., tanggal …….;",Pasal 75 ayat (1) huruf b angka 3,"surat, perintah, penyidikan, nomor, sidik",
Perdirjen_07_2021,Perdirjen Nomor 07 Tahun 2021,Perdirjen,2021,07,BAB XI,Ketentuan Penutup,,,75,1,b,4,Ketentuan,Berita Acara Pemeriksaan Saksi-Saksi;,Pasal 75 ayat (1) huruf b angka 4,"saksi, berita, acara, pemeriksaan",
Perdirjen_07_2021,Perdirjen Nomor 07 Tahun 2021,Perdirjen,2021,07,BAB XI,Ketentuan Penutup,,,75,1,b,5,Sanksi,"Hasil Gelar Perkara, tanggal ………………. MEMUTUSKAN Menetapkan : Status, seseorang : Nama Lengkap : …………………………………………. Tempat Lahir : …………………………………………. Umur / tanggal lahir : ……… tahun / ……………………. Jenis Kelamin : …………………………………………. Kebangsaan : …………………………………………. Agama : …………………………………………. Pekerjaan : …………………………………………. Pendidikan terakhir : …………………………………………. Tempat Tinggal : …………………………………………. Menjadi TERSANGKA sehubungan dengan Tindak Pidana di Bidang Telekomunikasi berupa ................., sebagaimana dimaksud dalam Pasal …… Jo Pasal …….. Undang-Undang No. 36 Tahun 1999 tentang Telekomunikasi Jo Pasal 55 ayat (1) ke 1 KUH Pidana, terhitung sejak tanggal surat ini dikeluarkan maka yang bersangkutan dapat dilakukan pemanggilan dan pemeriksaan sebagai tersangka. Ditetapkan di : ……………………………. Pada tanggal : ……………………………. Direktur Pengendalian SDPPI / Ka.Balmon Kelas I / Kelas II / Kalokamon Selaku PPNS, …………………………………………….. NIP: ……………………………………… Pada hari ini ...…… tanggal …….. bulan .….. tahun 20……., 1 (satu) lembar Surat Penetapan ini telah diterima oleh yang bersangkutan. Yang menyerahkan, Yang menyerahkan, .............................. Surat Ketetapan Tersangka (Atasan Bukan Selaku PPNS) KOP SURAT DIREKTORAT PENGENDALIAN SDPPI / BALMON / LOKA Pro Justitia SURAT KETETAPAN tentang PENETAPAN TERSANGKA Pertimbangan : Berdasarkan dari hasil pemeriksaan yang dilakukan terhadap Saksi-Saksi, Barang Bukti dan gelar perkara, diperoleh keterangan yang cukup dan menyakin, bahwa seseorang patut diduga keras telah melakukan perbuatan tindak pidana di Bidang Telekomunikasi dan oleh sebab itu maka statusnya ditetapkan sebagai tersangka, sehingga dianggap perlu untuk mengeluarkan Surat Ketetapan ini. Dasar : 1. Pasal 1 butir 14 dan 26 Undang-Undang Nomor 8 Tahun 1981 tentang Hukum Acara Pidana;",Pasal 75 ayat (1) huruf b angka 5,"surat, tanggal, tersangka, tahun, pidana",
Perdirjen_07_2021,Perdirjen Nomor 07 Tahun 2021,Perdirjen,2021,07,BAB XI,Ketentuan Penutup,,,75,1,b,2,Ketentuan,"Laporan Kejadian Nomor : LK/…../…..…/20.., tanggal ………;",Pasal 75 ayat (1) huruf b angka 2,"laporan, kejadian, nomor, tanggal",
Perdirjen_07_2021,Perdirjen Nomor 07 Tahun 2021,Perdirjen,2021,07,BAB XI,Ketentuan Penutup,,,75,1,b,3,Ketentuan,"Surat Perintah Penyidikan Nomor : SP.Sidik/…../…..…/20…., tanggal …….;",Pasal 75 ayat (1) huruf b angka 3,"surat, perintah, penyidikan, nomor, sidik",
Perdirjen_07_2021,Perdirjen Nomor 07 Tahun 2021,Perdirjen,2021,07,BAB XI,Ketentuan Penutup,,,75,1,b,4,Ketentuan,Berita Acara Pemeriksaan Saksi-Saksi;,Pasal 75 ayat (1) huruf b angka 4,"saksi, berita, acara, pemeriksaan",
Perdirjen_07_2021,Perdirjen Nomor 07 Tahun 2021,Perdirjen,2021,07,BAB XI,Ketentuan Penutup,,,75,1,b,5,Sanksi,"Hasil Gelar Perkara, tanggal ………………. MEMUTUSKAN Menetapkan : Status, seseorang : Nama Lengkap : …………………………………………. Tempat Lahir : …………………………………………. Umur / tanggal lahir : ……… tahun / ……………………. Jenis Kelamin : …………………………………………. Kebangsaan : …………………………………………. Agama : …………………………………………. Pekerjaan : …………………………………………. Pendidikan terakhir : …………………………………………. Tempat Tinggal : …………………………………………. Menjadi TERSANGKA sehubungan dengan Tindak Pidana di Bidang Telekomunikasi berupa ................., sebagaimana dimaksud dalam Pasal …… Jo Pasal …….. Undang-Undang No. 36 Tahun 1999 tentang Telekomunikasi Jo Pasal 55 ayat (1) ke 1 KUH Pidana, terhitung sejak tanggal surat ini dikeluarkan maka yang bersangkutan dapat dilakukan pemanggilan dan pemeriksaan sebagai tersangka. Ditetapkan di : ……………………………. Pada tanggal : ……………………………. Mengetahui, Penyidik Pegawai Negeri Sipil, Direktur Pengendalian SDPPI / Ka.Balmon Kelas I / Kelas II / Kalokamon Selaku PPNS …………………………………………….. …………………………………………….. NIP: ……………………………………… NIP: ……………………………………… Pada hari ini ...…… tanggal …….. bulan .….. tahun 20……., 1 (satu) lembar Surat Penetapan ini telah diterima oleh yang bersangkutan. Yang menyerahkan, Yang menyerahkan, .............................. .............................. Surat Penetapan Tersangka Melalui POLRI (Atasan Selaku PPNS) KOP SURAT DIREKTORAT PENGENDALIAN SDPPI / BALMON / LOKA Pro Justitia Nomor : R/………./……………/20.. …………., ……………..20.. Klasifikasi : Rahasia Lampiran : 1 (satu) berkas Hal : Penetapan Tersangka Kepada Yth. Yth. KEPALA KEJAKSAAN ……….. Melalui DIRESKRIMSUS POLDA ……. di …………..",Pasal 75 ayat (1) huruf b angka 5,"tanggal, tersangka, surat, tahun, penetapan",
Perdirjen_07_2021,Perdirjen Nomor 07 Tahun 2021,Perdirjen,2021,07,BAB XI,Ketentuan Penutup,,,75,1,b,1,Ketentuan,DASAR :,Pasal 75 ayat (1) huruf b angka 1,dasar,
Perdirjen_07_2021,Perdirjen Nomor 07 Tahun 2021,Perdirjen,2021,07,BAB XI,Ketentuan Penutup,,,75,1,a,,Sanksi,Pasal 109 ayat (1) Undang-Undang RI Nomor 8 Tahun 1981 tentang Kitab Undang-Undang Hukum Acara Pidana;,Pasal 75 ayat (1) huruf a,"nomor, tahun, kitab, hukum, acara",
Perdirjen_07_2021,Perdirjen Nomor 07 Tahun 2021,Perdirjen,2021,07,BAB XI,Ketentuan Penutup,,,75,1,b,,Ketentuan,Pasal 44 Undang-Undang Nomor 36 Tahun 1999 tentang Telekomunikasi;,Pasal 75 ayat (1) huruf b,"nomor, tahun, telekomunikasi",
Perdirjen_07_2021,Perdirjen Nomor 07 Tahun 2021,Perdirjen,2021,07,BAB XI,Ketentuan Penutup,,,75,1,c,,Ketentuan,"Laporan Kejadian Nomor : LK/…../….…/20…., tanggal ..............;",Pasal 75 ayat (1) huruf c,"laporan, kejadian, nomor, tanggal",
Perdirjen_07_2021,Perdirjen Nomor 07 Tahun 2021,Perdirjen,2021,07,BAB XI,Ketentuan Penutup,,,75,1,d,,Ketentuan,"Surat Perintah Penyidikan Nomor : Sprin Sidik/…./……/20…, tanggal ……..;",Pasal 75 ayat (1) huruf d,"surat, perintah, penyidikan, nomor, sprin",
Perdirjen_07_2021,Perdirjen Nomor 07 Tahun 2021,Perdirjen,2021,07,BAB XI,Ketentuan Penutup,,,75,1,e,,Ketentuan,"Surat kepada ......... Nomor : SPDP/…../…..…/20..., tanggal ……… perihal pemberitahuan dimulainya penyidikan.",Pasal 75 ayat (1) huruf e,"surat, kepada, nomor, spdp, tanggal",
Perdirjen_07_2021,Perdirjen Nomor 07 Tahun 2021,Perdirjen,2021,07,BAB XI,Ketentuan Penutup,,,75,1,f,,Ketentuan,"Surat Ketetapan Nomor : S. Tap/……/……./20…, tanggal ……… tentang Penetapan Tersangka an. ……..",Pasal 75 ayat (1) huruf f,"surat, ketetapan, nomor, tanggal, penetapan",
Perdirjen_07_2021,Perdirjen Nomor 07 Tahun 2021,Perdirjen,2021,07,BAB XI,Ketentuan Penutup,,,75,1,f,2,Sanksi,"Sehubungan dengan rujukan tersebut diatas, bersama ini disampaikan kepada Saudara bahwa sejak tanggal ………., telah ditetapkan sebagai tersangka : Nama lengkap : ……………………………………………………………. Tempat Lahir : ………………....................................................... Umur / tanggal lahir : …. tahun /…….……………………………………….. Jenis Kelamin : ……………………………………………………………. Kewarganegaraan : ………………....................................................... Agama : ……………………………………………………………. Pekerjaan : ……………………………………………………………. Pendidikan terakhir : ……………………………………………………………. Alamat/Tempat Tinggal : ……………………………………………………………. Dalam tindak pidana di bidang Telekomunikasi berupa ................., sebagaimana dimaksud dalam Pasal …… Jo Pasal …….. Undang-Undang No. 36 Tahun 1999 tentang Telekomunikasi Jo Pasal 55 ayat (1) ke 1 KUH Pidana; 3. Demikian untuk menjadi maklum. Direktur Pengendalian SDPPI / Ka.Balmon Kelas I / Kelas II / Kalokamon Selaku PPNS, …………………………………………….. NIP: ……………………………………… Tembusan:",Pasal 75 ayat (1) huruf f angka 2,"tanggal, tempat, lahir, tahun, pidana",
Perdirjen_07_2021,Perdirjen Nomor 07 Tahun 2021,Perdirjen,2021,07,BAB XI,Ketentuan Penutup,,,75,1,f,1,Ketentuan,Dirjen SDPPI;,Pasal 75 ayat (1) huruf f angka 1,"dirjen, sdppi",
Perdirjen_07_2021,Perdirjen Nomor 07 Tahun 2021,Perdirjen,2021,07,BAB XI,Ketentuan Penutup,,,75,1,f,2,Ketentuan,Pelapor;,Pasal 75 ayat (1) huruf f angka 2,pelapor,
Perdirjen_07_2021,Perdirjen Nomor 07 Tahun 2021,Perdirjen,2021,07,BAB XI,Ketentuan Penutup,,,75,1,f,3,Ketentuan,Terlapor;,Pasal 75 ayat (1) huruf f angka 3,terlapor,
Perdirjen_07_2021,Perdirjen Nomor 07 Tahun 2021,Perdirjen,2021,07,BAB XI,Ketentuan Penutup,,,75,1,f,4,Ketentuan,"Arsip. Surat Penetapan Tersangka Melalui POLRI (Atasan Bukan Selaku PPNS) KOP SURAT DIREKTORAT PENGENDALIAN SDPPI / BALMON / LOKA Pro Justitia Nomor : R/………./……………/20.. …………., ……………..20.. Klasifikasi : Rahasia Lampiran : 1 (satu) berkas Hal : Penetapan Tersangka Kepada Yth. Yth. KEPALA KEJAKSAAN ……….. Melalui DIRESKRIMSUS POLDA ……. di …………..",Pasal 75 ayat (1) huruf f angka 4,"surat, penetapan, tersangka, melalui, arsip",
Perdirjen_07_2021,Perdirjen Nomor 07 Tahun 2021,Perdirjen,2021,07,BAB XI,Ketentuan Penutup,,,75,1,f,1,Ketentuan,DASAR :,Pasal 75 ayat (1) huruf f angka 1,dasar,
Perdirjen_07_2021,Perdirjen Nomor 07 Tahun 2021,Perdirjen,2021,07,BAB XI,Ketentuan Penutup,,,75,1,a,,Sanksi,Pasal 109 ayat (1) Undang-Undang RI Nomor 8 Tahun 1981 tentang Kitab Undang-Undang Hukum Acara Pidana;,Pasal 75 ayat (1) huruf a,"nomor, tahun, kitab, hukum, acara",
Perdirjen_07_2021,Perdirjen Nomor 07 Tahun 2021,Perdirjen,2021,07,BAB XI,Ketentuan Penutup,,,75,1,b,,Ketentuan,Pasal 44 Undang-Undang Nomor 36 Tahun 1999 tentang Telekomunikasi;,Pasal 75 ayat (1) huruf b,"nomor, tahun, telekomunikasi",
Perdirjen_07_2021,Perdirjen Nomor 07 Tahun 2021,Perdirjen,2021,07,BAB XI,Ketentuan Penutup,,,75,1,c,,Ketentuan,"Laporan Kejadian Nomor : LK/…../….…/20…., tanggal ..............;",Pasal 75 ayat (1) huruf c,"laporan, kejadian, nomor, tanggal",
Perdirjen_07_2021,Perdirjen Nomor 07 Tahun 2021,Perdirjen,2021,07,BAB XI,Ketentuan Penutup,,,75,1,d,,Ketentuan,"Surat Perintah Penyidikan Nomor : Sprin Sidik/…./……/20…, tanggal ……..;",Pasal 75 ayat (1) huruf d,"surat, perintah, penyidikan, nomor, sprin",
Perdirjen_07_2021,Perdirjen Nomor 07 Tahun 2021,Perdirjen,2021,07,BAB XI,Ketentuan Penutup,,,75,1,e,,Ketentuan,"Surat kepada ......... Nomor : SPDP/…../…..…/20..., tanggal ……… perihal pemberitahuan dimulainya penyidikan.",Pasal 75 ayat (1) huruf e,"surat, kepada, nomor, spdp, tanggal",
Perdirjen_07_2021,Perdirjen Nomor 07 Tahun 2021,Perdirjen,2021,07,BAB XI,Ketentuan Penutup,,,75,1,f,,Ketentuan,"Surat Ketetapan Nomor : S. Tap/……/……./20…, tanggal ……… tentang Penetapan Tersangka an. ……..",Pasal 75 ayat (1) huruf f,"surat, ketetapan, nomor, tanggal, penetapan",
Perdirjen_07_2021,Perdirjen Nomor 07 Tahun 2021,Perdirjen,2021,07,BAB XI,Ketentuan Penutup,,,75,1,f,2,Sanksi,"Sehubungan dengan rujukan tersebut diatas, bersama ini disampaikan kepada Saudara bahwa sejak tanggal ………., telah ditetapkan sebagai tersangka : Nama lengkap : ……………………………………………………………. Tempat Lahir : ………………....................................................... Umur / tanggal lahir : …. tahun /…….………………………………………. Jenis Kelamin : …………………………………………………………… Kewarganegaraan : ………………...................................................... Agama : …………………………………………………………… Pekerjaan : …………………………………………………………… Pendidikan terakhir : …………………………………………………………… Alamat/Tempat Tinggal : …………………………………………………………… Dalam tindak pidana di bidang Telekomunikasi berupa ................., sebagaimana dimaksud dalam Pasal …… Jo Pasal …….. Undang-Undang No. 36 Tahun 1999 tentang Telekomunikasi Jo Pasal 55 ayat (1) ke 1 KUH Pidana; 3. Demikian untuk menjadi maklum. Mengetahui, Penyidik Pegawai Negeri Sipil, Direktur Pengendalian SDPPI / Ka.Balmon Kelas I / Kelas II / Kalokamon, …………………………………………….. …………………………………………….. NIP: ……………………………………… NIP: ……………………………………… Tembusan:",Pasal 75 ayat (1) huruf f angka 2,"tanggal, tempat, lahir, tahun, pidana",
Perdirjen_07_2021,Perdirjen Nomor 07 Tahun 2021,Perdirjen,2021,07,BAB XI,Ketentuan Penutup,,,75,1,f,1,Ketentuan,Dirjen SDPPI;,Pasal 75 ayat (1) huruf f angka 1,"dirjen, sdppi",
Perdirjen_07_2021,Perdirjen Nomor 07 Tahun 2021,Perdirjen,2021,07,BAB XI,Ketentuan Penutup,,,75,1,f,2,Ketentuan,Pelapor;,Pasal 75 ayat (1) huruf f angka 2,pelapor,
Perdirjen_07_2021,Perdirjen Nomor 07 Tahun 2021,Perdirjen,2021,07,BAB XI,Ketentuan Penutup,,,75,1,f,3,Ketentuan,Terlapor;,Pasal 75 ayat (1) huruf f angka 3,terlapor,
Perdirjen_07_2021,Perdirjen Nomor 07 Tahun 2021,Perdirjen,2021,07,BAB XI,Ketentuan Penutup,,,75,1,f,4,Ketentuan,"Arsip. Surat Bantuan Penyampaian Penetapan Tersangka KOP SURAT DIREKTORAT PENGENDALIAN SDPPI / BALMON / LOKA Nomor : B/………./……………/20.. …………., ……………..20.. Klasifikasi : Biasa Lampiran : 1 (satu) berkas Hal : Bantuan Penyampaian Surat Penetapan Tersangka Kepada Yth. Yth. DIREKTUR RESERSE KRIMINAL KHUSUS POLDA ……. Cq. KASI KORWAS PPNS di …………..",Pasal 75 ayat (1) huruf f angka 4,"surat, bantuan, penyampaian, penetapan, tersangka",
Perdirjen_07_2021,Perdirjen Nomor 07 Tahun 2021,Perdirjen,2021,07,BAB XI,Ketentuan Penutup,,,75,1,f,1,Ketentuan,DASAR :,Pasal 75 ayat (1) huruf f angka 1,dasar,
Perdirjen_07_2021,Perdirjen Nomor 07 Tahun 2021,Perdirjen,2021,07,BAB XI,Ketentuan Penutup,,,75,1,a,,Sanksi,"Pasal 6 ayat (1) b, Pasal 7 ayat (2), Pasal 107 dan Pasal 109 ayat (1) Undang-Undang RI Nomor 8 Tahun 1981 tentang Kitab Undang- Undang Hukum Acara Pidana;",Pasal 75 ayat (1) huruf a,"nomor, tahun, kitab, hukum, acara",
Perdirjen_07_2021,Perdirjen Nomor 07 Tahun 2021,Perdirjen,2021,07,BAB XI,Ketentuan Penutup,,,75,1,b,,Ketentuan,Pasal 44 Undang-Undang Nomor 36 Tahun 1999 tentang Telekomunikasi;,Pasal 75 ayat (1) huruf b,"nomor, tahun, telekomunikasi",
Perdirjen_07_2021,Perdirjen Nomor 07 Tahun 2021,Perdirjen,2021,07,BAB XI,Ketentuan Penutup,,,75,1,c,,Ketentuan,"Laporan Kejadian Nomor : LK/……./….…./20…., tanggal ……;",Pasal 75 ayat (1) huruf c,"laporan, kejadian, nomor, tanggal",
Perdirjen_07_2021,Perdirjen Nomor 07 Tahun 2021,Perdirjen,2021,07,BAB XI,Ketentuan Penutup,,,75,1,d,,Ketentuan,"Surat Perintah Penyidikan Nomor : Sprin Sidik/…../…..…./20…., tanggal ………..;",Pasal 75 ayat (1) huruf d,"surat, perintah, penyidikan, nomor, sprin",
Perdirjen_07_2021,Perdirjen Nomor 07 Tahun 2021,Perdirjen,2021,07,BAB XI,Ketentuan Penutup,,,75,1,e,,Ketentuan,Surat Pemberitahun Dimulainya Penyidikan Nomor : SPDP/…../……/20…. tanggal ……;,Pasal 75 ayat (1) huruf e,"surat, pemberitahun, dimulainya, penyidikan, nomor",
Perdirjen_07_2021,Perdirjen Nomor 07 Tahun 2021,Perdirjen,2021,07,BAB XI,Ketentuan Penutup,,,75,1,f,,Ketentuan,Surat ditujukan ke Kepala Kejaksaan …. melalui Direktur Reserse Kriminal Khusus Polda …. Nomor : SPDP/…../….…/20…. tanggal …… perihal penetapan tersangka.,Pasal 75 ayat (1) huruf f,"surat, ditujukan, kepala, kejaksaan, melalui",
Perdirjen_07_2021,Perdirjen Nomor 07 Tahun 2021,Perdirjen,2021,07,BAB XI,Ketentuan Penutup,,,75,1,f,2,Sanksi,"Sehubungan dengan hal tersebut diatas, bersama ini kami mohon bantuan Saudara untuk dapat menyampaikan Surat Penetapan Tersangka ke Kejaksaan …… terkait tindak pidana di Bidang Telekomunikasi berupa ................., sebagaimana dimaksud dalam Pasal …… Jo Pasal …….. Undang-Undang No. 36 Tahun 1999 tentang Telekomunikasi Jo Pasal 55 ayat (1) ke 1 KUH Pidana.",Pasal 75 ayat (1) huruf f angka 2,"pidana, telekomunikasi, sehubungan, tersebut, diatas",
Perdirjen_07_2021,Perdirjen Nomor 07 Tahun 2021,Perdirjen,2021,07,BAB XI,Ketentuan Penutup,,,75,1,f,3,Ketentuan,"Demikian untuk menjadi maklum dan atas kerjasama. Direktur Pengendalian SDPPI / Ka.Balmon Kelas I / Kelas II / Kalokamon, …………………………………………….. Tembusan:",Pasal 75 ayat (1) huruf f angka 3,"kelas, demikian, menjadi, maklum, kerjasama",
Perdirjen_07_2021,Perdirjen Nomor 07 Tahun 2021,Perdirjen,2021,07,BAB XI,Ketentuan Penutup,,,75,1,f,1,Ketentuan,Dirjen SDPPI;,Pasal 75 ayat (1) huruf f angka 1,"dirjen, sdppi",
Perdirjen_07_2021,Perdirjen Nomor 07 Tahun 2021,Perdirjen,2021,07,BAB XI,Ketentuan Penutup,,,75,1,f,2,Sanksi,"Arsip. Surat Panggilan Tersangka (Atasan Selaku PPNS) KOP SURAT DIREKTORAT PENGENDALIAN SDPPI / BALMON / LOKA Pro Justitia SURAT PANGGILAN Pertimbangan : Bahwa untuk kepentingan pemeriksaan dalam rangka penyidikan tindak pidana di Bidang Telekomunikasi, perlu memanggil seseorang untuk didengar keterangannya. Dasar : 1. Pasal 7 ayat (1) huruf g, Pasal 11 ayat (1), Pasal 112 ayat (1) dan ayat (2) dan Pasal 113 UU No. 8 Tahun 1981 tentang Kitab Undang-Undang Hukum Acara Pidana;",Pasal 75 ayat (1) huruf f angka 2,"surat, panggilan, pidana, arsip, tersangka",
Perdirjen_07_2021,Perdirjen Nomor 07 Tahun 2021,Perdirjen,2021,07,BAB XI,Ketentuan Penutup,,,75,1,f,2,Ketentuan,Pasal 44 Ayat (2) Undang-Undang Nomor 36 Tahun 1999 tentang Telekomunikasi;,Pasal 75 ayat (1) huruf f angka 2,"nomor, tahun, telekomunikasi",
Perdirjen_07_2021,Perdirjen Nomor 07 Tahun 2021,Perdirjen,2021,07,BAB XI,Ketentuan Penutup,,,75,1,f,3,Ketentuan,"Laporan Kejadian Nomor : LK/……./….…./20…., tanggal ……;",Pasal 75 ayat (1) huruf f angka 3,"laporan, kejadian, nomor, tanggal",
Perdirjen_07_2021,Perdirjen Nomor 07 Tahun 2021,Perdirjen,2021,07,BAB XI,Ketentuan Penutup,,,75,1,f,4,Ketentuan,"Surat Perintah Penyidikan Nomor: Sprin Sidik/…../…..…./20…., tanggal ………..",Pasal 75 ayat (1) huruf f angka 4,"surat, perintah, penyidikan, nomor, sprin",
Perdirjen_07_2021,Perdirjen Nomor 07 Tahun 2021,Perdirjen,2021,07,BAB XI,Ketentuan Penutup,,,75,1,f,5,Sanksi,"Surat Penetapan Tersangka Nomor : S. TAP/…../…..…/20… tanggal ……….. MEMANGGIL Nama : …………………………………………. Jenis Kelamin : …………………………………………. Pekerjaan : …………………………………………. Kewarganegaraan : …………………………………………. Tempat Tinggal / : …………………………………………. Alamat Untuk : menghadap kepada Penyidik Pegawai Negeri Sipil (PPNS) ………… (diisi nama PPNS) dan Tim di Kantor ………kamar nomor …. di Wib untuk didengar keterangan sebagai TERSANGKA dalam dugaan tindak pidana di bidang Telekomunikasi berupa ................., sebagaimana dimaksud dalam Pasal …… Jo Pasal …….. Undang-Undang No. 36 Tahun 1999 tentang Telekomunikasi Jo Pasal 55 ayat (1) ke 1 KUH Pidana. ………….., …………….. 20…. Direktur Pengendalian SDPPI / Ka.Balmon Kelas I / Kelas II / Kalokamon Selaku Penyidik Pegawai Negeri Sipil, …………………………………………….. NIP: ……………………………………… Pada hari ini ...…… tanggal …..….., 1 (satu) lembar dari Surat Panggilan ini telah diterima oleh : Yang menerima, Yang menyerahkan, (……………………..) (……………………..) PERHATIAN: Barang siapa yang dengan melawan hukum tidak menghadap sesudah dipanggil menurut undang-undang dapat dituntut berdasarkan ketentuan Pasal 216 KUHP. CATATAN: Berhubungan pemeriksaan belum selesai, agar datang kembali pada: NO HARI TANGGAL PUKUL TANDA TANGAN YANG PENYIDIK DIPERIKSA Surat Panggilan Tersangka (Atasan Bukan Selaku PPNS) KOP SURAT DIREKTORAT PENGENDALIAN SDPPI / BALMON / LOKA Pro Justitia SURAT PANGGILAN Pertimbangan : Bahwa untuk kepentingan pemeriksaan dalam rangka penyidikan tindak pidana di Bidang Telekomunikasi, perlu memanggil seseorang untuk didengar keterangannya. Dasar : 1. Pasal 7 ayat (1) huruf g, Pasal 11 ayat (1), Pasal 112 ayat (1) dan ayat (2) dan Pasal 113 UU No. 8 Tahun 1981 tentang Kitab Undang-Undang Hukum Acara Pidana;",Pasal 75 ayat (1) huruf f angka 5,"surat, pidana, tersangka, tanggal, penyidik",
Perdirjen_07_2021,Perdirjen Nomor 07 Tahun 2021,Perdirjen,2021,07,BAB XI,Ketentuan Penutup,,,75,1,f,2,Ketentuan,Pasal 44 Ayat (2) Undang-Undang Nomor 36 Tahun 1999 tentang Telekomunikasi;,Pasal 75 ayat (1) huruf f angka 2,"nomor, tahun, telekomunikasi",
Perdirjen_07_2021,Perdirjen Nomor 07 Tahun 2021,Perdirjen,2021,07,BAB XI,Ketentuan Penutup,,,75,1,f,3,Ketentuan,"Laporan Kejadian Nomor : LK/……./….…./20…., tanggal ……;",Pasal 75 ayat (1) huruf f angka 3,"laporan, kejadian, nomor, tanggal",
Perdirjen_07_2021,Perdirjen Nomor 07 Tahun 2021,Perdirjen,2021,07,BAB XI,Ketentuan Penutup,,,75,1,f,4,Ketentuan,"Surat Perintah Penyidikan Nomor: Sprin Sidik/…../…..…./20…., tanggal ………..",Pasal 75 ayat (1) huruf f angka 4,"surat, perintah, penyidikan, nomor, sprin",
Perdirjen_07_2021,Perdirjen Nomor 07 Tahun 2021,Perdirjen,2021,07,BAB XI,Ketentuan Penutup,,,75,1,f,5,Sanksi,"Surat Penetapan Tersangka Nomor : S. TAP/…../…..…/20… tanggal ……….. MEMANGGIL Nama : …………………………………………. Jenis Kelamin : …………………………………………. Pekerjaan : …………………………………………. Kewarganegaraan : …………………………………………. Tempat Tinggal / : …………………………………………. Alamat Untuk : menghadap kepada Penyidik Pegawai Negeri Sipil (PPNS) ………… (diisi nama PPNS) dan Tim di Kantor ………kamar nomor …. di Wib untuk didengar keterangan sebagai TERSANGKA dalam dugaan tindak pidana di bidang Telekomunikasi berupa ................., sebagaimana dimaksud dalam Pasal …… Jo Pasal …….. Undang-Undang No. 36 Tahun 1999 tentang Telekomunikasi Jo Pasal 55 ayat (1) ke 1 KUH Pidana. …………., ……………….. 20…… Mengetahui, Direktur Pengendalian SDPPI / Penyidik Pegawai Negeri Sipil, Ka.Balmon Kelas I / Kelas II / Kalokamon, …………………………………………….. …………………………………………….. NIP: ……………………………………… NIP: ……………………………………… Pada hari ini ...…… tanggal …..….., 1 (satu) lembar dari Surat Panggilan ini telah diterima oleh : Yang menerima, Yang menyerahkan, (……………………..) (……………………..) PERHATIAN: Barang siapa yang dengan melawan hukum tidak menghadap sesudah dipanggil menurut undang-undang dapat dituntut berdasarkan ketentuan Pasal 216 KUHP. CATATAN: Berhubungan pemeriksaan belum selesai, agar datang kembali pada: NO HARI TANGGAL PUKUL TANDA TANGAN YANG PENYIDIK DIPERIKSA LAPORAN KEMAJUAN (ATASAN SELAKU PPNS) KOP SURAT DIREKTORAT PENGENDALIAN SDPPI / BALMON / LOKA Nomor : B/………./……………/20.. …………., ……………..20.. Klasifikasi : Biasa Lampiran : 1 (satu) berkas Hal : Surat Pemberitahuan Perkembangan Hasil Penyidikan Kepada Yth. Yth. DIRESKRIMSUS POLDA ………… Cq KASI KORWAS PPNS di …………..",Pasal 75 ayat (1) huruf f angka 5,"surat, ppns, nomor, tanggal, penyidik",
Perdirjen_07_2021,Perdirjen Nomor 07 Tahun 2021,Perdirjen,2021,07,BAB XI,Ketentuan Penutup,,,75,1,f,1,Ketentuan,DASAR :,Pasal 75 ayat (1) huruf f angka 1,dasar,
Perdirjen_07_2021,Perdirjen Nomor 07 Tahun 2021,Perdirjen,2021,07,BAB XI,Ketentuan Penutup,,,75,1,a,,Ketentuan,"Pasal Pasal 6 Ayat (1) huruf b, Pasal 7 Ayat (2), Pasal 32, Pasal 33 Ayat",Pasal 75 ayat (1) huruf a,,
Perdirjen_07_2021,Perdirjen Nomor 07 Tahun 2021,Perdirjen,2021,07,BAB XI,Ketentuan Penutup,,,75,1,,,Ketentuan,", Pasal 35, dan Pasal 36 Undang-Undang Nomor 8 Tahun 1981 tentang KUHAP;",Pasal 75 ayat (1),"nomor, tahun, kuhap",
Perdirjen_07_2021,Perdirjen Nomor 07 Tahun 2021,Perdirjen,2021,07,BAB XI,Ketentuan Penutup,,,75,1,b,,Ketentuan,Pasal 44 Ayat (2) Undang-Undang Nomor 36 Tahun 1999 tentang Telekomunikasi;,Pasal 75 ayat (1) huruf b,"nomor, tahun, telekomunikasi",
Perdirjen_07_2021,Perdirjen Nomor 07 Tahun 2021,Perdirjen,2021,07,BAB XI,Ketentuan Penutup,,,75,1,c,,Ketentuan,"Laporan Kejadian Nomor : …………….., tanggal …………………..;",Pasal 75 ayat (1) huruf c,"laporan, kejadian, nomor, tanggal",
Perdirjen_07_2021,Perdirjen Nomor 07 Tahun 2021,Perdirjen,2021,07,BAB XI,Ketentuan Penutup,,,75,1,d,,Ketentuan,"Surat Perintah Penyidikan Nomor : ………., tanggal ……………;",Pasal 75 ayat (1) huruf d,"surat, perintah, penyidikan, nomor, tanggal",
Perdirjen_07_2021,Perdirjen Nomor 07 Tahun 2021,Perdirjen,2021,07,BAB XI,Ketentuan Penutup,,,75,1,e,,Ketentuan,"Surat Pemberitahuan dimulainya Penyidikan Nomor : .........,",Pasal 75 ayat (1) huruf e,"surat, pemberitahuan, dimulainya, penyidikan, nomor",
Perdirjen_07_2021,Perdirjen Nomor 07 Tahun 2021,Perdirjen,2021,07,BAB XI,Ketentuan Penutup,,,75,1,e,2,Sanksi,"Dengan ini diberitahukan bahwa dalam penyidikan perkara dugaan tindak pidana dibidang Telekomunikasi sebagaimana dimaksud dalam Pasal ……. , yang terjadi pada ……….. di ………….., kami telah berupaya mengambil langkah-langkah lanjutan sebagai berikut:",Pasal 75 ayat (1) huruf e angka 2,"langkah, diberitahukan, penyidikan, perkara, dugaan",
Perdirjen_07_2021,Perdirjen Nomor 07 Tahun 2021,Perdirjen,2021,07,BAB XI,Ketentuan Penutup,,,75,1,a,,Ketentuan,…………………………………;,Pasal 75 ayat (1) huruf a,,
Perdirjen_07_2021,Perdirjen Nomor 07 Tahun 2021,Perdirjen,2021,07,BAB XI,Ketentuan Penutup,,,75,1,b,,Ketentuan,…………………………………;,Pasal 75 ayat (1) huruf b,,
Perdirjen_07_2021,Perdirjen Nomor 07 Tahun 2021,Perdirjen,2021,07,BAB XI,Ketentuan Penutup,,,75,1,c,,Ketentuan,………………………………….,Pasal 75 ayat (1) huruf c,,
Perdirjen_07_2021,Perdirjen Nomor 07 Tahun 2021,Perdirjen,2021,07,BAB XI,Ketentuan Penutup,,,75,1,c,3,Ketentuan,"Demikian untuk menjadi maklum. Direktur Pengendalian SDPPI / Ka.Balmon Kelas I / Kelas II / Kalokamon Selaku PPNS, …………………………………………….. NIP: ……………………………………… Tembusan:",Pasal 75 ayat (1) huruf c angka 3,"kelas, demikian, menjadi, maklum, direktur",
Perdirjen_07_2021,Perdirjen Nomor 07 Tahun 2021,Perdirjen,2021,07,BAB XI,Ketentuan Penutup,,,75,1,c,1,Ketentuan,Dirjen SDPPI;,Pasal 75 ayat (1) huruf c angka 1,"dirjen, sdppi",
Perdirjen_07_2021,Perdirjen Nomor 07 Tahun 2021,Perdirjen,2021,07,BAB XI,Ketentuan Penutup,,,75,1,c,2,Ketentuan,"Arsip. Pakta Integritas PAKTA INTEGRITAS Saya yang bertanda tangan di bawah ini, dalam rangka Kegiatan Penindakan ………….. wilayah …….. pada …………………… yang ber alamat di ………………………………, dengan ini menyatakan bahwa saya :",Pasal 75 ayat (1) huruf c angka 2,"pakta, integritas, saya, arsip, bertanda",
Perdirjen_07_2021,Perdirjen Nomor 07 Tahun 2021,Perdirjen,2021,07,BAB XI,Ketentuan Penutup,,,75,1,c,1,Ketentuan,Tidak akan melakukan praktek KKN;,Pasal 75 ayat (1) huruf c angka 1,"melakukan, praktek",
Perdirjen_07_2021,Perdirjen Nomor 07 Tahun 2021,Perdirjen,2021,07,BAB XI,Ketentuan Penutup,,,75,1,c,2,Hak,Akan melaporkan kepada pihak yang berwajib/berwenang apabila mengetahui ada indikasi KKN di dalam proses kegiatan ini;,Pasal 75 ayat (1) huruf c angka 2,"melaporkan, kepada, pihak, berwajib, berwenang",
Perdirjen_07_2021,Perdirjen Nomor 07 Tahun 2021,Perdirjen,2021,07,BAB XI,Ketentuan Penutup,,,75,1,c,3,Ketentuan,"Dalam proses kegiatan ini, berjanji akan melaksanakan tugas secara bersih, transparan, dan professional dalam arti akan mengerahkan segala kemampuan dan sumber daya secara optimal untuk memberikan hasil kerja terbaik mulai dari penyiapan, pelaksanaan, dan penyelesaian kegiatan ini;",Pasal 75 ayat (1) huruf c angka 3,"kegiatan, proses, berjanji, melaksanakan, tugas",
Perdirjen_07_2021,Perdirjen Nomor 07 Tahun 2021,Perdirjen,2021,07,BAB XI,Ketentuan Penutup,,,75,1,c,4,Sanksi,"Apabila saya melanggar hal-hal yang telah saya nyatakan dalam PAKTA INTEGRITAS ini, saya bersedia dikenakan sanksi moral, sanksi administrasi serta dituntut ganti rugi dan pidana sesuai dengan ketentuan peraturan perundang-undangan yang berlaku. …………………….., Tanggal/Bulan/Tahun TIM PENINDAKAN ………………………………….. DI WILAYAH …………..………………… Tanda No Nama Jabatan/NIP/NRP Tangan WAKIL ……….. (SASARAN PENINDAKAN) Tanda No Nama Jabatan/NIP Tangan Rencana Penyidikan RENCANA PENYIDIKAN JUMLAH/IDENTITAS PERSONIL : ……. (…) personil",Pasal 75 ayat (1) huruf c angka 4,"saya, sanksi, penindakan, tanda, nama",
Perdirjen_07_2021,Perdirjen Nomor 07 Tahun 2021,Perdirjen,2021,07,BAB XI,Ketentuan Penutup,,,75,1,c,1,Ketentuan,Nama : ………… NIP : ………… Pangkat/Jabatan : ……….,Pasal 75 ayat (1) huruf c angka 1,"nama, pangkat, jabatan",
Perdirjen_07_2021,Perdirjen Nomor 07 Tahun 2021,Perdirjen,2021,07,BAB XI,Ketentuan Penutup,,,75,1,c,2,Ketentuan,Nama : ………… NIP : ………… Pangkat/Jabatan : ………. OBJEK/SASARAN/TARGET : 1. Objek : …………,Pasal 75 ayat (1) huruf c angka 2,"objek, nama, pangkat, jabatan, sasaran",
Perdirjen_07_2021,Perdirjen Nomor 07 Tahun 2021,Perdirjen,2021,07,BAB XI,Ketentuan Penutup,,,75,1,c,2,Ketentuan,Sasaran : …………,Pasal 75 ayat (1) huruf c angka 2,sasaran,
Perdirjen_07_2021,Perdirjen Nomor 07 Tahun 2021,Perdirjen,2021,07,BAB XI,Ketentuan Penutup,,,75,1,c,3,Ketentuan,Target : ………….. KEGIATAN DAN METODE : 1. Kegiatan : …………,Pasal 75 ayat (1) huruf c angka 3,"kegiatan, target, metode",
Perdirjen_07_2021,Perdirjen Nomor 07 Tahun 2021,Perdirjen,2021,07,BAB XI,Ketentuan Penutup,,,75,1,c,2,Ketentuan,Metode : ………… KARAKTERISTIK DAN ANATOMI : 1. Karakteristik : ………… PERKARA 2. Anatomi Perkara : ………… WAKTU : …. ………….. s/d …. …………. (…… bulan) SARANA DAN PRASARANA : 1. Sarana : …………,Pasal 75 ayat (1) huruf c angka 2,"karakteristik, anatomi, perkara, sarana, metode",
Perdirjen_07_2021,Perdirjen Nomor 07 Tahun 2021,Perdirjen,2021,07,BAB XI,Ketentuan Penutup,,,75,1,c,2,Sanksi,"Prasarana : ………… KEBUTUHAN ANGGARAN : Rp. …………………… KELENGKAPAN ADMINISTRASI : ………………… (sesuai admindik) Mengetahui, Direktur Pengendalian SDPPI / Penyidik Pegawai Negeri Sipil, Ka.Balmon Kelas I / Kelas II / Kalokamon Selaku PPNS, …………………………………………….. …………………………………………….. NIP: ……………………………………… NIP: ……………………………………… Sampul Berkas Perkara KOP SURAT DIREKTORAT PENGENDALIAN SDPPI / BALMON / LOKA Pro Justitia SAMPUL BERKAS PERKARA Nomor : BP/……/……/20… Kejadian Perkara Tindak Pidana : pada hari ….. tanggal … bulan… tahun … di …….…, yang beralamat di ………………………… Dilaporkan pada tanggal : ……………… Uraian singkat perkara pidana : …………, yang masuk dalam wilayah hukum Pengadilan ………………… yang diduga dilakukan tersangka ………………….., sebagaimana Pasal …..Jo Pasal …… Jo Pasal .... Undang-Undang No. 36 Tahun 1999 tentang Telekomunikasi Jo Pasal ..... Undang-Undang No. 11 Tahun 2020 tentang Cipta Kerja Jo Pasal 55 ayat (1) ke 1 KUH Pidana. Nama, Nama kecil, alias, Tanggal Ket Tempat tanggal lahir / umur, Jenis Kelamin, Nomor LK agama, ke warganegaraan, Pengalihan Mulai Penangguhan Pengeluaran Tem pat tinggal, pekerjaan Jenis Ditahan Penahanan Tahanan sudah pernah dihukum Penahanan berapa kali. …………………. LK/…./…/20…, tanggal ……. - - - - Belum pernah Dihukum Mengetahui: ………., …………………….. Direktur Pengendalian SDPPI / Penyidik Pegawai Negeri Sipil, Ka.Balmon Kelas I / Kelas II / Kalokamon Selaku PPNS, ……………………………… ……………………………… NIP: ………………..……… NIP: ………………..……… Mengetahui: Penyidik Pegawai Negeri Sipil, Direktur Pengendalian SDPPI / Ka.Balmon Kelas I / Kelas II / Kalokamon, ……………………………… ……………………………… NIP: ………………..……… NIP: ………………..……… Resume KOP SURAT DIREKTORAT PENGENDALIAN SDPPI / BALMON / LOKA Pro Justitia RESUME I. DASAR",Pasal 75 ayat (1) huruf c angka 2,"kelas, pengendalian, sdppi, balmon, tanggal",
Perdirjen_07_2021,Perdirjen Nomor 07 Tahun 2021,Perdirjen,2021,07,BAB XI,Ketentuan Penutup,,,75,1,c,1,Ketentuan,Laporan Kejadian Nomor : ……………….. tanggal …………..,Pasal 75 ayat (1) huruf c angka 1,"laporan, kejadian, nomor, tanggal",
Perdirjen_07_2021,Perdirjen Nomor 07 Tahun 2021,Perdirjen,2021,07,BAB XI,Ketentuan Penutup,,,75,1,c,2,Ketentuan,Surat Perintah Penyidikan Nomor : ……………… tanggal …………..,Pasal 75 ayat (1) huruf c angka 2,"surat, perintah, penyidikan, nomor, tanggal",
Perdirjen_07_2021,Perdirjen Nomor 07 Tahun 2021,Perdirjen,2021,07,BAB XI,Ketentuan Penutup,,,75,1,c,3,Sanksi,"Surat Pemberitahuan Dimulainya Penyidikan Nomor : ……………. tanggal …………. II. PERKARA Tindak pidana ……………….., yang diduga dilakukan oleh tersangka ………... , sebagaimana dimaksud dalam Pasal ……. Undang-Undang No. …… Tahun ….. tentang ………………………. III. FAKTA – FAKTA",Pasal 75 ayat (1) huruf c angka 3,"fakta, surat, pemberitahuan, dimulainya, penyidikan",
Perdirjen_07_2021,Perdirjen Nomor 07 Tahun 2021,Perdirjen,2021,07,BAB XI,Ketentuan Penutup,,,75,1,c,1,Ketentuan,Pemanggilan :,Pasal 75 ayat (1) huruf c angka 1,pemanggilan,
Perdirjen_07_2021,Perdirjen Nomor 07 Tahun 2021,Perdirjen,2021,07,BAB XI,Ketentuan Penutup,,,75,1,a,,Ketentuan,"Sesuai Surat Panggilan Nomor : ………………...…… tanggal …………., telah dilakukan pemeriksaan saksi ………………………………………………………..",Pasal 75 ayat (1) huruf a,"surat, panggilan, nomor, tanggal, pemeriksaan",
Perdirjen_07_2021,Perdirjen Nomor 07 Tahun 2021,Perdirjen,2021,07,BAB XI,Ketentuan Penutup,,,75,1,b,,Ketentuan,"Sesuai Surat Panggilan Nomor : ………………...…… tanggal …………., telah dilakukan pemeriksaan saksi ……………………………………………………….",Pasal 75 ayat (1) huruf b,"surat, panggilan, nomor, tanggal, pemeriksaan",
Perdirjen_07_2021,Perdirjen Nomor 07 Tahun 2021,Perdirjen,2021,07,BAB XI,Ketentuan Penutup,,,75,1,c,,Ketentuan,"Sesuai Surat Panggilan Nomor : ………………...…… tanggal …………., telah dilakukan pemeriksaan saksi ……………………………………………………….",Pasal 75 ayat (1) huruf c,"surat, panggilan, nomor, tanggal, pemeriksaan",
Perdirjen_07_2021,Perdirjen Nomor 07 Tahun 2021,Perdirjen,2021,07,BAB XI,Ketentuan Penutup,,,75,1,d,,Ketentuan,"Sesuai Surat Panggilan Nomor : ………………...…… tanggal …………., telah dilakukan pemeriksaan saksi ……………………………………………………….",Pasal 75 ayat (1) huruf d,"surat, panggilan, nomor, tanggal, pemeriksaan",
Perdirjen_07_2021,Perdirjen Nomor 07 Tahun 2021,Perdirjen,2021,07,BAB XI,Ketentuan Penutup,,,75,1,e,,Ketentuan,"Sesuai Surat Panggilan Nomor : ………………...…… tanggal …………., telah dilakukan pemeriksaan saksi ……………………………………………………….",Pasal 75 ayat (1) huruf e,"surat, panggilan, nomor, tanggal, pemeriksaan",
Perdirjen_07_2021,Perdirjen Nomor 07 Tahun 2021,Perdirjen,2021,07,BAB XI,Ketentuan Penutup,,,75,1,f,,Ketentuan,"Sesuai Surat Panggilan Nomor : ………………...…… tanggal …………., telah dilakukan pemeriksaan saksi ……………………………………………………….",Pasal 75 ayat (1) huruf f,"surat, panggilan, nomor, tanggal, pemeriksaan",
Perdirjen_07_2021,Perdirjen Nomor 07 Tahun 2021,Perdirjen,2021,07,BAB XI,Ketentuan Penutup,,,75,1,g,,Ketentuan,"Sesuai Surat Panggilan Nomor : ………………...…… tanggal …………., telah dilakukan pemeriksaan saksi ……………………………………………………….",Pasal 75 ayat (1) huruf g,"surat, panggilan, nomor, tanggal, pemeriksaan",
Perdirjen_07_2021,Perdirjen Nomor 07 Tahun 2021,Perdirjen,2021,07,BAB XI,Ketentuan Penutup,,,75,1,g,2,Ketentuan,"Penggeledahan, berdasarkan : Surat dari ……………… ditujukan ke Ketua Pengadilan ….., Nomor : ………… tanggal …., perihal permohonan ijin khusus penggeledahan dan telah dilakukan penggeledahan sebagaimana Berita Acara Penggeledahan tanggal …….",Pasal 75 ayat (1) huruf g angka 2,"penggeledahan, tanggal, surat, ditujukan, ketua",
Perdirjen_07_2021,Perdirjen Nomor 07 Tahun 2021,Perdirjen,2021,07,BAB XI,Ketentuan Penutup,,,75,1,g,3,Sanksi,"Penyitaan : Berdasarkan Surat Perintah Penyitaan Nomor : ………., tanggal …... telah dilakukan penyitaan terhadap barang bukti yang ada kaitannya dengan tindak pidana Bidang Minyak dan Gas Bumi yang terjadi sesuai Berita Acara Penyitaan, tanggal ….. atas nama ….., dan telah dimintakan Penetapan Sita sebagaimana Surat dari …… Nomor : ……., tanggal ….., perihal laporan guna memperoleh persetujuan penyitaan, serta telah dimintakan persetujuan penyitaan terhadap barang bukti, sesuai dengan Penetapan dari PN ….. Nomor : ….., tanggal ……. 4. Keterangan Saksi.",Pasal 75 ayat (1) huruf g angka 3,"penyitaan, tanggal, nomor, surat, barang",
Perdirjen_07_2021,Perdirjen Nomor 07 Tahun 2021,Perdirjen,2021,07,BAB XI,Ketentuan Penutup,,,75,1,a,,Ketentuan,Nama : ……….. Umur : ….. tahun Tempat / tanggal lahir : …../…….. Jenis kelamin : ……….. Agama : ……….. Pekerjaan : ……….. Kewarganegaraan : Indonesia Pendidikan terakhir : ……….. Alamat sekarang : ……….. Menerangkan : - Saat diperiksa saksi dalam keadaan sehat jasmani dan rohani - ……………… - ………………,Pasal 75 ayat (1) huruf a,"nama, umur, tahun, tempat, tanggal",
Perdirjen_07_2021,Perdirjen Nomor 07 Tahun 2021,Perdirjen,2021,07,BAB XI,Ketentuan Penutup,,,75,1,b,,Ketentuan,Nama : ……….. Umur : ….. tahun Tempat / tanggal lahir : …../…….. Jenis kelamin : ……….. Agama : ……….. Pekerjaan : ……….. Kewarganegaraan : Indonesia Pendidikan terakhir : ……….. Alamat sekarang : ……….. Menerangkan : - Saat diperiksa saksi dalam keadaan sehat jasmani dan rohani - ……………… - ………………,Pasal 75 ayat (1) huruf b,"nama, umur, tahun, tempat, tanggal",
Perdirjen_07_2021,Perdirjen Nomor 07 Tahun 2021,Perdirjen,2021,07,BAB XI,Ketentuan Penutup,,,75,1,b,5,Ketentuan,Keterangan Ahli,Pasal 75 ayat (1) huruf b angka 5,"keterangan, ahli",
Perdirjen_07_2021,Perdirjen Nomor 07 Tahun 2021,Perdirjen,2021,07,BAB XI,Ketentuan Penutup,,,75,1,a,,Ketentuan,Nama : ……….. Umur : ….. tahun Tempat / tanggal lahir : …../…….. Jenis kelamin : ……….. Agama : ……….. Pekerjaan : ……….. Kewarganegaraan : Indonesia Pendidikan terakhir : ……….. Alamat sekarang : ……….. Menerangkan : - Saat diperiksa saksi dalam keadaan sehat jasmani dan rohani - ……………… - ………………,Pasal 75 ayat (1) huruf a,"nama, umur, tahun, tempat, tanggal",
Perdirjen_07_2021,Perdirjen Nomor 07 Tahun 2021,Perdirjen,2021,07,BAB XI,Ketentuan Penutup,,,75,1,a,6,Ketentuan,Keterangan Tersangka.,Pasal 75 ayat (1) huruf a angka 6,"keterangan, tersangka",
Perdirjen_07_2021,Perdirjen Nomor 07 Tahun 2021,Perdirjen,2021,07,BAB XI,Ketentuan Penutup,,,75,1,a,,Ketentuan,Nama : ……….. Umur : ….. tahun Tempat / tanggal lahir : …../…….. Jenis kelamin : ……….. Agama : ……….. Pekerjaan : ……….. Kewarganegaraan : Indonesia Pendidikan terakhir : ……….. Alamat sekarang : ……….. Menerangkan : - Saat diperiksa saksi dalam keadaan sehat jasmani dan rohani - ……………… - ………………,Pasal 75 ayat (1) huruf a,"nama, umur, tahun, tempat, tanggal",
Perdirjen_07_2021,Perdirjen Nomor 07 Tahun 2021,Perdirjen,2021,07,BAB XI,Ketentuan Penutup,,,75,1,a,7,Ketentuan,Barang Bukti - ………………………. - ………………………. - ………………………. IV. PEMBAHASAN,Pasal 75 ayat (1) huruf a angka 7,"barang, bukti, pembahasan",
Perdirjen_07_2021,Perdirjen Nomor 07 Tahun 2021,Perdirjen,2021,07,BAB XI,Ketentuan Penutup,,,75,1,a,1,Ketentuan,Analisis Kasus,Pasal 75 ayat (1) huruf a angka 1,"analisis, kasus",
Perdirjen_07_2021,Perdirjen Nomor 07 Tahun 2021,Perdirjen,2021,07,BAB XI,Ketentuan Penutup,,,75,1,a,,Ketentuan,Bahwa………….,Pasal 75 ayat (1) huruf a,,
Perdirjen_07_2021,Perdirjen Nomor 07 Tahun 2021,Perdirjen,2021,07,BAB XI,Ketentuan Penutup,,,75,1,b,,Ketentuan,Bahwa………….,Pasal 75 ayat (1) huruf b,,
Perdirjen_07_2021,Perdirjen Nomor 07 Tahun 2021,Perdirjen,2021,07,BAB XI,Ketentuan Penutup,,,75,1,c,,Ketentuan,Bahwa………….,Pasal 75 ayat (1) huruf c,,
Perdirjen_07_2021,Perdirjen Nomor 07 Tahun 2021,Perdirjen,2021,07,BAB XI,Ketentuan Penutup,,,75,1,d,,Ketentuan,Bahwa………….,Pasal 75 ayat (1) huruf d,,
Perdirjen_07_2021,Perdirjen Nomor 07 Tahun 2021,Perdirjen,2021,07,BAB XI,Ketentuan Penutup,,,75,1,d,2,Definisi,"Analisa Yuridis Terhadap tersangka …………. dipersangkakan melanggar Pasal ………. Undang-Undang No. …….. tahun ……… tentang ……………………………………………… ”Setiap orang ............” Unsur – unsur pasal : Setiap orang Yang dimaksud dengan setiap orang dalam unsur ini adalah subyek hukum, yang meliputi orang dan badan hukum, yaitu : Tersangka : ……, Umur …. tahun, Lahir di ….., tanggal …., Jenis kelamin ...., Agama ...., Pekerjaan ……., Kewarganegaraan Indonesia, Pendidikan terakhir ...., Alamat ……….. Fakta-fakta :",Pasal 75 ayat (1) huruf d angka 2,"orang, setiap, unsur, tersangka, tahun",Badan Hukum
Perdirjen_07_2021,Perdirjen Nomor 07 Tahun 2021,Perdirjen,2021,07,BAB XI,Ketentuan Penutup,,,75,1,a,,Ketentuan,Benar tersangka ….. adalah ….. Alat Bukti sesuai pasal 184 KUHAP,Pasal 75 ayat (1) huruf a,"benar, tersangka, alat, bukti, kuhap",
Perdirjen_07_2021,Perdirjen Nomor 07 Tahun 2021,Perdirjen,2021,07,BAB XI,Ketentuan Penutup,,,75,1,a,,Ketentuan,Keterangan saksi : ………,Pasal 75 ayat (1) huruf a,"keterangan, saksi",
Perdirjen_07_2021,Perdirjen Nomor 07 Tahun 2021,Perdirjen,2021,07,BAB XI,Ketentuan Penutup,,,75,1,b,,Ketentuan,Surat. Sebagaimana terdapat dalam daftar barang bukti pada nomor urut,Pasal 75 ayat (1) huruf b,"surat, terdapat, daftar, barang, bukti",
Perdirjen_07_2021,Perdirjen Nomor 07 Tahun 2021,Perdirjen,2021,07,BAB XI,Ketentuan Penutup,,,75,1,c,,Ketentuan,"Keterangan tersangka. - Benar ….. Menyalahgunakan pengangkutan dan / niaga, Fakta-fakta :",Pasal 75 ayat (1) huruf c,"fakta, keterangan, tersangka, benar, menyalahgunakan",
Perdirjen_07_2021,Perdirjen Nomor 07 Tahun 2021,Perdirjen,2021,07,BAB XI,Ketentuan Penutup,,,75,1,a,,Ketentuan,Bahwa…,Pasal 75 ayat (1) huruf a,,
Perdirjen_07_2021,Perdirjen Nomor 07 Tahun 2021,Perdirjen,2021,07,BAB XI,Ketentuan Penutup,,,75,1,b,,Ketentuan,Bahwa… Alat Bukti sesuai pasal 184 KUHAP,Pasal 75 ayat (1) huruf b,"alat, bukti, kuhap",
Perdirjen_07_2021,Perdirjen Nomor 07 Tahun 2021,Perdirjen,2021,07,BAB XI,Ketentuan Penutup,,,75,1,a,,Ketentuan,Keterangan saksi : ………,Pasal 75 ayat (1) huruf a,"keterangan, saksi",
Perdirjen_07_2021,Perdirjen Nomor 07 Tahun 2021,Perdirjen,2021,07,BAB XI,Ketentuan Penutup,,,75,1,b,,Ketentuan,Keterangan Ahli : …..,Pasal 75 ayat (1) huruf b,"keterangan, ahli",
Perdirjen_07_2021,Perdirjen Nomor 07 Tahun 2021,Perdirjen,2021,07,BAB XI,Ketentuan Penutup,,,75,1,c,,Ketentuan,Surat. Sebagaimana terdapat dalam daftar barang bukti pada nomor urut :,Pasal 75 ayat (1) huruf c,"surat, terdapat, daftar, barang, bukti",
Perdirjen_07_2021,Perdirjen Nomor 07 Tahun 2021,Perdirjen,2021,07,BAB XI,Ketentuan Penutup,,,75,1,d,,Ketentuan,"Keterangan tersangka. - Benar ….. Bahan Bakar Minyak yang disubsidi Pemerintah, Fakta-fakta :",Pasal 75 ayat (1) huruf d,"fakta, keterangan, tersangka, benar, bahan",Pemerintah
Perdirjen_07_2021,Perdirjen Nomor 07 Tahun 2021,Perdirjen,2021,07,BAB XI,Ketentuan Penutup,,,75,1,a,,Ketentuan,Bahwa …..,Pasal 75 ayat (1) huruf a,,
Perdirjen_07_2021,Perdirjen Nomor 07 Tahun 2021,Perdirjen,2021,07,BAB XI,Ketentuan Penutup,,,75,1,b,,Ketentuan,Bahwa …. Alat Bukti sesuai pasal 184 KUHAP,Pasal 75 ayat (1) huruf b,"alat, bukti, kuhap",
Perdirjen_07_2021,Perdirjen Nomor 07 Tahun 2021,Perdirjen,2021,07,BAB XI,Ketentuan Penutup,,,75,1,a,,Ketentuan,Keterangan saksi : ………,Pasal 75 ayat (1) huruf a,"keterangan, saksi",
Perdirjen_07_2021,Perdirjen Nomor 07 Tahun 2021,Perdirjen,2021,07,BAB XI,Ketentuan Penutup,,,75,1,b,,Ketentuan,Keterangan Ahli: ………..,Pasal 75 ayat (1) huruf b,"keterangan, ahli",
Perdirjen_07_2021,Perdirjen Nomor 07 Tahun 2021,Perdirjen,2021,07,BAB XI,Ketentuan Penutup,,,75,1,c,,Ketentuan,Surat. Sebagaimana terdapat dalam daftar barang bukti pada nomor urut : …...,Pasal 75 ayat (1) huruf c,"surat, terdapat, daftar, barang, bukti",
Perdirjen_07_2021,Perdirjen Nomor 07 Tahun 2021,Perdirjen,2021,07,BAB XI,Ketentuan Penutup,,,75,1,d,,Sanksi,"Keterangan tersangka. - Benar ….. V. KESIMPULAN Berdasarkan keterangan dari saksi-saksi, surat, dan tersangka, penyidik berkesimpulan bahwa : Tersangka …… terbukti telah melakukan perbuatan tindak pidana bidang Telekomunikasi sebagaimana yang dimaksudkan dalam Pasal …… Jo Pasal …….. Undang-Undang No. 36 Tahun 1999 tentang Telekomunikasi Jo Pasal ...... No. 11 Tahun 2020 tentang Cipta Kerja Jo Pasal 55 ayat (1) ke 1 KUH Pidana ………., …………………….. Penyidik Pegawai Negeri Sipil, ……………………………… NIP: ………………..……… Daftar Saksi KOP SURAT DIREKTORAT PENGENDALIAN SDPPI / BALMON / LOKA Pro Justitia DAFTAR SAKSI JENIS ALAMAT / NO NAMA KELAMIN TEMPAT PEKERJAAN AGAMA KET L/P TINGGAL 1. 2. 3. 4. 5. 6. 7. 8. 9. 10. ………., …………………….. Penyidik Pegawai Negeri Sipil, ……………………………… NIP: ………………..……… Daftar Ahli KOP SURAT DIREKTORAT PENGENDALIAN SDPPI / BALMON / LOKA Pro Justitia DAFTAR AHLI JENIS ALAMAT / NO NAMA KELAMIN TEMPAT PEKERJAAN AGAMA KET L/P TINGGAL 1. 2. 3. 4. 5. 6. 7. 8. 9. 10. ………., …………………….. Penyidik Pegawai Negeri Sipil, ……………………………… NIP: ………………..……… Daftar Tersangka KOP SURAT DIREKTORAT PENGENDALIAN SDPPI / BALMON / LOKA Pro Justitia DAFTAR TERSANGKA NO NAMA ALAMAT PEKERJAAN PEKERJAAN AGAMA KET 1. 2. 3. 4. 5. 6. 7. 8. 9. 10. ………., …………………….. Penyidik Pegawai Negeri Sipil, ……………………………… NIP: ………………..……… Daftar Barang Bukti KOP SURAT DIREKTORAT PENGENDALIAN SDPPI / BALMON / LOKA Pro Justitia DAFTAR BARANG BUKTI JENIS DOKUMEN / DISITA NO KET BARANG TANGGAL DARI 1 2 3 4 5 1. 2. 3. 4. 5. 6. 7. 8. 9. ………., …………………….. Penyidik Pegawai Negeri Sipil, ……………………………… NIP: ………………..……… Surat Laporan Perkembangan Penyidikan KOP SURAT DIREKTORAT PENGENDALIAN SDPPI / BALMON / LOKA Nomor : …../………./……………/20.. …………., ……………..20.. Klasifikasi : Penting Lampiran : …….. Hal : Laporan Perkembangan Penyidikan Perkara Tindak Pidana Bidang Telekomunikasi Kepada Yth. Jaksa Penuntut Umum di tempat Sesuai dengan Surat Perintah Penyidikan nomor …………………. dan Surat Pemberitahuan Dimulainya Penyidikan nomor …………………………, bersama ini dengan hormat kami sampaikan proses penyidikan dugaan tindak pidana yang dilakukan oleh …………………………. di ………… sebagaimana dokumen berikut: No. Nama Surat Nomor Surat Tanggal Surat Tanda Tangan",Pasal 75 ayat (1) huruf d,"surat, daftar, penyidik, tersangka, pegawai",
Perdirjen_07_2021,Perdirjen Nomor 07 Tahun 2021,Perdirjen,2021,07,BAB XI,Ketentuan Penutup,,,75,1,d,1,Ketentuan,"Surat ……… …../……/……./….. … ………… ….. Kepala ……. Kami informasikan bahwa saat ini proses penyidikan sudah sampai pada tahap ……………………………………………………………………………………………… Demikian disampaikan, atas perhatian dan kerjasamanya diucapkan terima kasih. Direktur Pengendalian SDPPI / Ka.Balmon Kelas I / Kelas II / Kalokamon Selaku PPNS, …………………………………………….. Tembusan Yth:",Pasal 75 ayat (1) huruf d angka 1,"kelas, surat, kepala, kami, informasikan",
Perdirjen_07_2021,Perdirjen Nomor 07 Tahun 2021,Perdirjen,2021,07,BAB XI,Ketentuan Penutup,,,75,1,d,1,Ketentuan,Direktur Jenderal SDPPI;,Pasal 75 ayat (1) huruf d angka 1,"direktur, jenderal, sdppi",
Perdirjen_07_2021,Perdirjen Nomor 07 Tahun 2021,Perdirjen,2021,07,BAB XI,Ketentuan Penutup,,,75,1,d,2,Ketentuan,"Sekretaris Direktorat Jenderal SDPPI; Surat Permintaan Bantuan Penangkapan (Atasan Selaku PPNS) KOP SURAT DIREKTORAT PENGENDALIAN SDPPI / BALMON / LOKA Pro Justitia Nomor : R/………./……………/20.. …………., ……………..20.. Klasifikasi : Rahasia Lampiran : 1 (satu) berkas Hal : Permintaan Bantuan Penangkapan Kepada Yth. Yth. DIREKTUR RESERSE KRIMINAL KHUSUS POLDA ……. Cq. KASI KORWAS PPNS di …………..",Pasal 75 ayat (1) huruf d angka 2,"direktorat, sdppi, surat, permintaan, bantuan",
Perdirjen_07_2021,Perdirjen Nomor 07 Tahun 2021,Perdirjen,2021,07,BAB XI,Ketentuan Penutup,,,75,1,d,1,Ketentuan,DASAR :,Pasal 75 ayat (1) huruf d angka 1,dasar,
Perdirjen_07_2021,Perdirjen Nomor 07 Tahun 2021,Perdirjen,2021,07,BAB XI,Ketentuan Penutup,,,75,1,a,,Sanksi,"Pasal 6 ayat (1) huruf b, Pasal 7 ayat (2), Pasal 16, Pasal 17, Pasal 18, Pasal 19 dan Pasal 107 ayat (1) Undang-Undang RI Nomor 8 Tahun 1981 tentang Kitab Undang-Undang Hukum Acara Pidana;",Pasal 75 ayat (1) huruf a,"nomor, tahun, kitab, hukum, acara",
Perdirjen_07_2021,Perdirjen Nomor 07 Tahun 2021,Perdirjen,2021,07,BAB XI,Ketentuan Penutup,,,75,1,b,,Ketentuan,Pasal 44 Undang-Undang Nomor 36 Tahun 1999 tentang Telekomunikasi;,Pasal 75 ayat (1) huruf b,"nomor, tahun, telekomunikasi",
Perdirjen_07_2021,Perdirjen Nomor 07 Tahun 2021,Perdirjen,2021,07,BAB XI,Ketentuan Penutup,,,75,1,c,,Ketentuan,"Pasal 9 Peraturan Pemerintah Nomor: 43 Tahun 2012 tentang Tata Cara Pelaksanaan Koordinasi, Pengawasan, dan Pembinaan Terhadap Kepolisian Khusus, Penyidik Pengawai Negeri Sipil, dan Bentuk-bentuk Pengamanan Swakarsa;",Pasal 75 ayat (1) huruf c,"bentuk, nomor, tahun, tata, cara",Pemerintah
Perdirjen_07_2021,Perdirjen Nomor 07 Tahun 2021,Perdirjen,2021,07,BAB XI,Ketentuan Penutup,,,75,1,d,,Ketentuan,"Laporan Kejadian Nomor : LK/……./….…./20…., tanggal ……;",Pasal 75 ayat (1) huruf d,"laporan, kejadian, nomor, tanggal",
Perdirjen_07_2021,Perdirjen Nomor 07 Tahun 2021,Perdirjen,2021,07,BAB XI,Ketentuan Penutup,,,75,1,e,,Ketentuan,"Surat Perintah Penyidikan Nomor : Sprin Sidik/…../…..…./20…., tanggal ………..;",Pasal 75 ayat (1) huruf e,"surat, perintah, penyidikan, nomor, sprin",
Perdirjen_07_2021,Perdirjen Nomor 07 Tahun 2021,Perdirjen,2021,07,BAB XI,Ketentuan Penutup,,,75,1,f,,Ketentuan,Surat Pemberitahun Dimulainya Penyidikan Nomor : SPDP/…../……/20…. tanggal ……;,Pasal 75 ayat (1) huruf f,"surat, pemberitahun, dimulainya, penyidikan, nomor",
Perdirjen_07_2021,Perdirjen Nomor 07 Tahun 2021,Perdirjen,2021,07,BAB XI,Ketentuan Penutup,,,75,1,f,2,Sanksi,"Sehubungan dengan hal tersebut diatas, bersama ini kami mohon bantuan Saudara untuk dapat melakukan penangkapan terhadap tersangka: Nama : …………………………………………. Tempat Tinggal / Alamat : …………………………………………. Jenis Kelamin : …………………………………………. Pekerjaan : …………………………………………. Kewarganegaraan : …………………………………………. Sehubugan dengan tindak pidana di Bidang Telekomunikasi, sebagaimana dimaksud dalam Pasal …… Jo Pasal …….. Undang-Undang No. 36 Tahun 1999 tentang Telekomunikasi Jo Pasal 55 ayat (1) ke 1 KUH Pidana.",Pasal 75 ayat (1) huruf f angka 2,"pidana, telekomunikasi, sehubungan, tersebut, diatas",
Perdirjen_07_2021,Perdirjen Nomor 07 Tahun 2021,Perdirjen,2021,07,BAB XI,Ketentuan Penutup,,,75,1,f,3,Ketentuan,Terhadap tersangka dilakukan penangkapan dengan alasan ……………….,Pasal 75 ayat (1) huruf f angka 3,"tersangka, penangkapan, alasan",
Perdirjen_07_2021,Perdirjen Nomor 07 Tahun 2021,Perdirjen,2021,07,BAB XI,Ketentuan Penutup,,,75,1,f,4,Ketentuan,Sebagai bahan pertimbangan kami lampirkan:,Pasal 75 ayat (1) huruf f angka 4,"bahan, pertimbangan, kami, lampirkan",
Perdirjen_07_2021,Perdirjen Nomor 07 Tahun 2021,Perdirjen,2021,07,BAB XI,Ketentuan Penutup,,,75,1,f,1,Ketentuan,Laporan Kejadian;,Pasal 75 ayat (1) huruf f angka 1,"laporan, kejadian",
Perdirjen_07_2021,Perdirjen Nomor 07 Tahun 2021,Perdirjen,2021,07,BAB XI,Ketentuan Penutup,,,75,1,f,2,Ketentuan,Surat Perintah Penyidikan;,Pasal 75 ayat (1) huruf f angka 2,"surat, perintah, penyidikan",
Perdirjen_07_2021,Perdirjen Nomor 07 Tahun 2021,Perdirjen,2021,07,BAB XI,Ketentuan Penutup,,,75,1,f,3,Ketentuan,Surat Perintah Dimulainya Penyidikan;,Pasal 75 ayat (1) huruf f angka 3,"surat, perintah, dimulainya, penyidikan",
Perdirjen_07_2021,Perdirjen Nomor 07 Tahun 2021,Perdirjen,2021,07,BAB XI,Ketentuan Penutup,,,75,1,f,4,Ketentuan,"Laporan Kemajuan. 5. Demikian untuk menjadi maklum dan atas kerjasama . Direktur Pengendalian SDPPI / Ka.Balmon Kelas I / Kelas II / Kalokamon Selaku PPNS, …………………………………………….. NIP: ……………………………………… Tembusan:",Pasal 75 ayat (1) huruf f angka 4,"kelas, laporan, kemajuan, demikian, menjadi",
Perdirjen_07_2021,Perdirjen Nomor 07 Tahun 2021,Perdirjen,2021,07,BAB XI,Ketentuan Penutup,,,75,1,f,1,Ketentuan,Dirjen SDPPI;,Pasal 75 ayat (1) huruf f angka 1,"dirjen, sdppi",
Perdirjen_07_2021,Perdirjen Nomor 07 Tahun 2021,Perdirjen,2021,07,BAB XI,Ketentuan Penutup,,,75,1,f,2,Ketentuan,"Arsip. Surat Permintaan Bantuan Penangkapan (Atasan Bukan Selaku PPNS) KOP SURAT DIREKTORAT PENGENDALIAN SDPPI / BALMON / LOKA Pro Justitia Nomor : R/………./……………/20.. …………., ……………..20.. Klasifikasi : Rahasia Lampiran : 1 (satu) berkas Hal : Permintaan Bantuan Penangkapan Kepada Yth. Yth. DIREKTUR RESERSE KRIMINAL KHUSUS POLDA ……. Cq. KASI KORWAS PPNS di …………..",Pasal 75 ayat (1) huruf f angka 2,"surat, permintaan, bantuan, penangkapan, ppns",
Perdirjen_07_2021,Perdirjen Nomor 07 Tahun 2021,Perdirjen,2021,07,BAB XI,Ketentuan Penutup,,,75,1,f,1,Ketentuan,DASAR :,Pasal 75 ayat (1) huruf f angka 1,dasar,
Perdirjen_07_2021,Perdirjen Nomor 07 Tahun 2021,Perdirjen,2021,07,BAB XI,Ketentuan Penutup,,,75,1,a,,Sanksi,"Pasal 6 ayat (1) huruf b, Pasal 7 ayat (2), Pasal 16, Pasal 17, Pasal 18, Pasal 19 dan Pasal 107 ayat (1) Undang-Undang RI Nomor 8 Tahun 1981 tentang Kitab Undang-Undang Hukum Acara Pidana;",Pasal 75 ayat (1) huruf a,"nomor, tahun, kitab, hukum, acara",
Perdirjen_07_2021,Perdirjen Nomor 07 Tahun 2021,Perdirjen,2021,07,BAB XI,Ketentuan Penutup,,,75,1,b,,Ketentuan,Pasal 44 Undang-Undang Nomor 36 Tahun 1999 tentang Telekomunikasi;,Pasal 75 ayat (1) huruf b,"nomor, tahun, telekomunikasi",
Perdirjen_07_2021,Perdirjen Nomor 07 Tahun 2021,Perdirjen,2021,07,BAB XI,Ketentuan Penutup,,,75,1,c,,Ketentuan,"Pasal 9 Peraturan Pemerintah Nomor: 43 Tahun 2012 tentang Tata Cara Pelaksanaan Koordinasi, Pengawasan, dan Pembinaan Terhadap Kepolisian Khusus, Penyidik Pengawai Negeri Sipil, dan Bentuk-bentuk Pengamanan Swakarsa;",Pasal 75 ayat (1) huruf c,"bentuk, nomor, tahun, tata, cara",Pemerintah
Perdirjen_07_2021,Perdirjen Nomor 07 Tahun 2021,Perdirjen,2021,07,BAB XI,Ketentuan Penutup,,,75,1,d,,Ketentuan,"Laporan Kejadian Nomor : LK/……./….…./20…., tanggal ……;",Pasal 75 ayat (1) huruf d,"laporan, kejadian, nomor, tanggal",
Perdirjen_07_2021,Perdirjen Nomor 07 Tahun 2021,Perdirjen,2021,07,BAB XI,Ketentuan Penutup,,,75,1,e,,Ketentuan,"Surat Perintah Penyidikan Nomor : Sprin Sidik/…../…..…./20…., tanggal ………..;",Pasal 75 ayat (1) huruf e,"surat, perintah, penyidikan, nomor, sprin",
Perdirjen_07_2021,Perdirjen Nomor 07 Tahun 2021,Perdirjen,2021,07,BAB XI,Ketentuan Penutup,,,75,1,f,,Ketentuan,Surat Pemberitahun Dimulainya Penyidikan Nomor : SPDP/…../……/20…. tanggal ……;,Pasal 75 ayat (1) huruf f,"surat, pemberitahun, dimulainya, penyidikan, nomor",
Perdirjen_07_2021,Perdirjen Nomor 07 Tahun 2021,Perdirjen,2021,07,BAB XI,Ketentuan Penutup,,,75,1,f,2,Sanksi,"Sehubungan dengan hal tersebut diatas, bersama ini kami mohon bantuan Saudara untuk dapat melakukan penangkapan terhadap tersangka: Nama : …………………………………………. Tempat Tinggal / Alamat : …………………………………………. Jenis Kelamin : …………………………………………. Pekerjaan : …………………………………………. Kewarganegaraan : …………………………………………. Sehubugan dengan tindak pidana di Bidang Telekomunikasi, sebagaimana dimaksud dalam Pasal …… Jo Pasal …….. Undang-Undang No. 36 Tahun 1999 tentang Telekomunikasi Jo Pasal 55 ayat (1) ke 1 KUH Pidana.",Pasal 75 ayat (1) huruf f angka 2,"pidana, telekomunikasi, sehubungan, tersebut, diatas",
Perdirjen_07_2021,Perdirjen Nomor 07 Tahun 2021,Perdirjen,2021,07,BAB XI,Ketentuan Penutup,,,75,1,f,3,Ketentuan,Terhadap tersangka dilakukan penangkapan dengan alasan ……………….,Pasal 75 ayat (1) huruf f angka 3,"tersangka, penangkapan, alasan",
Perdirjen_07_2021,Perdirjen Nomor 07 Tahun 2021,Perdirjen,2021,07,BAB XI,Ketentuan Penutup,,,75,1,f,4,Ketentuan,Sebagai bahan pertimbangan kami lampirkan:,Pasal 75 ayat (1) huruf f angka 4,"bahan, pertimbangan, kami, lampirkan",
Perdirjen_07_2021,Perdirjen Nomor 07 Tahun 2021,Perdirjen,2021,07,BAB XI,Ketentuan Penutup,,,75,1,f,1,Ketentuan,Laporan Kejadian;,Pasal 75 ayat (1) huruf f angka 1,"laporan, kejadian",
Perdirjen_07_2021,Perdirjen Nomor 07 Tahun 2021,Perdirjen,2021,07,BAB XI,Ketentuan Penutup,,,75,1,f,2,Ketentuan,Surat Perintah Penyidikan;,Pasal 75 ayat (1) huruf f angka 2,"surat, perintah, penyidikan",
Perdirjen_07_2021,Perdirjen Nomor 07 Tahun 2021,Perdirjen,2021,07,BAB XI,Ketentuan Penutup,,,75,1,f,3,Ketentuan,Surat Perintah Dimulainya Penyidikan;,Pasal 75 ayat (1) huruf f angka 3,"surat, perintah, dimulainya, penyidikan",
Perdirjen_07_2021,Perdirjen Nomor 07 Tahun 2021,Perdirjen,2021,07,BAB XI,Ketentuan Penutup,,,75,1,f,4,Ketentuan,"Laporan Kemajuan. 5. Demikian untuk menjadi maklum dan atas kerjasama. Mengetahui, Penyidik Pegawai Negeri Sipil, Direktur Pengendalian SDPPI / Ka.Balmon Kelas I / Kelas II / Kalokamon, …………………………………………….. …………………………………………….. NIP: ……………………………………… NIP: ……………………………………… Tembusan:",Pasal 75 ayat (1) huruf f angka 4,"kelas, laporan, kemajuan, demikian, menjadi",
Perdirjen_07_2021,Perdirjen Nomor 07 Tahun 2021,Perdirjen,2021,07,BAB XI,Ketentuan Penutup,,,75,1,f,1,Ketentuan,Dirjen SDPPI;,Pasal 75 ayat (1) huruf f angka 1,"dirjen, sdppi",
Perdirjen_07_2021,Perdirjen Nomor 07 Tahun 2021,Perdirjen,2021,07,BAB XI,Ketentuan Penutup,,,75,1,f,2,Ketentuan,"Arsip. Surat Permintaan Bantuan Penahanan (Atasan Selaku PPNS) KOP SURAT DIREKTORAT PENGENDALIAN SDPPI / BALMON / LOKA Pro Justitia Nomor : R/………./……………/20.. …………., ……………..20.. Klasifikasi : Rahasia Lampiran : 1 (satu) berkas Hal : Permintaan Bantuan Penahanan Kepada Yth. Yth. DIREKTUR RESERSE KRIMINAL KHUSUS POLDA ……. Cq. KASI KORWAS PPNS di …………..",Pasal 75 ayat (1) huruf f angka 2,"surat, permintaan, bantuan, penahanan, ppns",
Perdirjen_07_2021,Perdirjen Nomor 07 Tahun 2021,Perdirjen,2021,07,BAB XI,Ketentuan Penutup,,,75,1,f,1,Ketentuan,DASAR :,Pasal 75 ayat (1) huruf f angka 1,dasar,
Perdirjen_07_2021,Perdirjen Nomor 07 Tahun 2021,Perdirjen,2021,07,BAB XI,Ketentuan Penutup,,,75,1,a,,Sanksi,"Pasal 6 ayat (1) huruf b, Pasal 7 ayat (2), Pasal 20, Pasal 21 dan Pasal 107 ayat (1) Undang-Undang RI Nomor 8 Tahun 1981 tentang Kitab Undang-Undang Hukum Acara Pidana;",Pasal 75 ayat (1) huruf a,"nomor, tahun, kitab, hukum, acara",
Perdirjen_07_2021,Perdirjen Nomor 07 Tahun 2021,Perdirjen,2021,07,BAB XI,Ketentuan Penutup,,,75,1,b,,Ketentuan,Pasal 44 Undang-Undang Nomor 36 Tahun 1999 tentang Telekomunikasi;,Pasal 75 ayat (1) huruf b,"nomor, tahun, telekomunikasi",
Perdirjen_07_2021,Perdirjen Nomor 07 Tahun 2021,Perdirjen,2021,07,BAB XI,Ketentuan Penutup,,,75,1,c,,Ketentuan,"Laporan Kejadian Nomor : LK/……./….…./20…., tanggal ……;",Pasal 75 ayat (1) huruf c,"laporan, kejadian, nomor, tanggal",
Perdirjen_07_2021,Perdirjen Nomor 07 Tahun 2021,Perdirjen,2021,07,BAB XI,Ketentuan Penutup,,,75,1,d,,Ketentuan,"Surat Perintah Penyidikan Nomor : Sprin Sidik/…../…..…./20…., tanggal ………..;",Pasal 75 ayat (1) huruf d,"surat, perintah, penyidikan, nomor, sprin",
Perdirjen_07_2021,Perdirjen Nomor 07 Tahun 2021,Perdirjen,2021,07,BAB XI,Ketentuan Penutup,,,75,1,e,,Ketentuan,Surat Pemberitahun Dimulainya Penyidikan Nomor : SPDP/…../……/20…. tanggal ……;,Pasal 75 ayat (1) huruf e,"surat, pemberitahun, dimulainya, penyidikan, nomor",
Perdirjen_07_2021,Perdirjen Nomor 07 Tahun 2021,Perdirjen,2021,07,BAB XI,Ketentuan Penutup,,,75,1,f,,Ketentuan,Surat ditujukan ke Kepala Kejaksaan …. melalui Direktur Reserse Kriminal Khusus Polda …. Nomor : SPDP/…../….…/20…. tanggal …… perihal penetapan tersangka.,Pasal 75 ayat (1) huruf f,"surat, ditujukan, kepala, kejaksaan, melalui",
Perdirjen_07_2021,Perdirjen Nomor 07 Tahun 2021,Perdirjen,2021,07,BAB XI,Ketentuan Penutup,,,75,1,f,2,Sanksi,"Sehubungan dengan hal tersebut diatas, bersama ini kami mohon bantuan Saudara untuk dapat melakukan penahanan terhadap tersangka: Nama : …………………………………………. Tempat Tinggal / Alamat : …………………………………………. Jenis Kelamin : …………………………………………. Pekerjaan : …………………………………………. Kewarganegaraan : …………………………………………. Sehubugan dengan tindak pidana di Bidang Telekomunikasi, sebagaimana dimaksud dalam Pasal …… Jo Pasal …….. Undang-Undang No. 36 Tahun 1999 tentang Telekomunikasi Jo Pasal 55 ayat (1) ke 1 KUH Pidana.",Pasal 75 ayat (1) huruf f angka 2,"pidana, telekomunikasi, sehubungan, tersebut, diatas",
Perdirjen_07_2021,Perdirjen Nomor 07 Tahun 2021,Perdirjen,2021,07,BAB XI,Ketentuan Penutup,,,75,1,f,3,Ketentuan,Terhadap tersangka dilakukan penahanan dengan alasan ……………….,Pasal 75 ayat (1) huruf f angka 3,"tersangka, penahanan, alasan",
Perdirjen_07_2021,Perdirjen Nomor 07 Tahun 2021,Perdirjen,2021,07,BAB XI,Ketentuan Penutup,,,75,1,f,4,Ketentuan,Sebagai bahan pertimbangan kami lampirkan:,Pasal 75 ayat (1) huruf f angka 4,"bahan, pertimbangan, kami, lampirkan",
Perdirjen_07_2021,Perdirjen Nomor 07 Tahun 2021,Perdirjen,2021,07,BAB XI,Ketentuan Penutup,,,75,1,f,1,Ketentuan,Laporan Kejadian;,Pasal 75 ayat (1) huruf f angka 1,"laporan, kejadian",
Perdirjen_07_2021,Perdirjen Nomor 07 Tahun 2021,Perdirjen,2021,07,BAB XI,Ketentuan Penutup,,,75,1,f,2,Ketentuan,Surat Perintah Penyidikan;,Pasal 75 ayat (1) huruf f angka 2,"surat, perintah, penyidikan",
Perdirjen_07_2021,Perdirjen Nomor 07 Tahun 2021,Perdirjen,2021,07,BAB XI,Ketentuan Penutup,,,75,1,f,3,Ketentuan,Surat Perintah Dimulainya Penyidikan;,Pasal 75 ayat (1) huruf f angka 3,"surat, perintah, dimulainya, penyidikan",
Perdirjen_07_2021,Perdirjen Nomor 07 Tahun 2021,Perdirjen,2021,07,BAB XI,Ketentuan Penutup,,,75,1,f,4,Ketentuan,"Laporan Kemajuan. Direktur Pengendalian SDPPI / Ka.Balmon Kelas I / Kelas II / Kalokamon Selaku PPNS, …………………………………………….. NIP: ……………………………………… Tembusan:",Pasal 75 ayat (1) huruf f angka 4,"kelas, laporan, kemajuan, direktur, pengendalian",
Perdirjen_07_2021,Perdirjen Nomor 07 Tahun 2021,Perdirjen,2021,07,BAB XI,Ketentuan Penutup,,,75,1,f,1,Ketentuan,Dirjen SDPPI;,Pasal 75 ayat (1) huruf f angka 1,"dirjen, sdppi",
Perdirjen_07_2021,Perdirjen Nomor 07 Tahun 2021,Perdirjen,2021,07,BAB XI,Ketentuan Penutup,,,75,1,f,2,Ketentuan,"Arsip. Surat Permintaan Bantuan Penahanan (Atasan Bukan Selaku PPNS) KOP SURAT DIREKTORAT PENGENDALIAN SDPPI / BALMON / LOKA Pro Justitia Nomor : R/………./……………/20.. …………., ……………..20.. Klasifikasi : Rahasia Lampiran : 1 (satu) berkas Hal : Permintaan Bantuan Penahanan Kepada Yth. Yth. DIREKTUR RESERSE KRIMINAL KHUSUS POLDA ……. Cq. KASI KORWAS PPNS di …………..",Pasal 75 ayat (1) huruf f angka 2,"surat, permintaan, bantuan, penahanan, ppns",
Perdirjen_07_2021,Perdirjen Nomor 07 Tahun 2021,Perdirjen,2021,07,BAB XI,Ketentuan Penutup,,,75,1,f,1,Ketentuan,DASAR :,Pasal 75 ayat (1) huruf f angka 1,dasar,
Perdirjen_07_2021,Perdirjen Nomor 07 Tahun 2021,Perdirjen,2021,07,BAB XI,Ketentuan Penutup,,,75,1,a,,Sanksi,"Pasal 6 ayat (1) huruf b, Pasal 7 ayat (2), Pasal 20, Pasal 21 dan Pasal 107 ayat (1) Undang-Undang RI Nomor 8 Tahun 1981 tentang Kitab Undang-Undang Hukum Acara Pidana;",Pasal 75 ayat (1) huruf a,"nomor, tahun, kitab, hukum, acara",
Perdirjen_07_2021,Perdirjen Nomor 07 Tahun 2021,Perdirjen,2021,07,BAB XI,Ketentuan Penutup,,,75,1,b,,Ketentuan,Pasal 44 Undang-Undang Nomor 36 Tahun 1999 tentang Telekomunikasi;,Pasal 75 ayat (1) huruf b,"nomor, tahun, telekomunikasi",
Perdirjen_07_2021,Perdirjen Nomor 07 Tahun 2021,Perdirjen,2021,07,BAB XI,Ketentuan Penutup,,,75,1,c,,Ketentuan,"Laporan Kejadian Nomor : LK/……./….…./20…., tanggal ……;",Pasal 75 ayat (1) huruf c,"laporan, kejadian, nomor, tanggal",
Perdirjen_07_2021,Perdirjen Nomor 07 Tahun 2021,Perdirjen,2021,07,BAB XI,Ketentuan Penutup,,,75,1,d,,Ketentuan,"Surat Perintah Penyidikan Nomor : Sprin Sidik/…../…..…./20…., tanggal ………..;",Pasal 75 ayat (1) huruf d,"surat, perintah, penyidikan, nomor, sprin",
Perdirjen_07_2021,Perdirjen Nomor 07 Tahun 2021,Perdirjen,2021,07,BAB XI,Ketentuan Penutup,,,75,1,e,,Ketentuan,Surat Pemberitahun Dimulainya Penyidikan Nomor : SPDP/…../……/20…. tanggal ……;,Pasal 75 ayat (1) huruf e,"surat, pemberitahun, dimulainya, penyidikan, nomor",
Perdirjen_07_2021,Perdirjen Nomor 07 Tahun 2021,Perdirjen,2021,07,BAB XI,Ketentuan Penutup,,,75,1,f,,Ketentuan,Surat ditujukan ke Kepala Kejaksaan …. melalui Direktur Reserse Kriminal Khusus Polda …. Nomor : SPDP/…../….…/20…. tanggal …… perihal penetapan tersangka.,Pasal 75 ayat (1) huruf f,"surat, ditujukan, kepala, kejaksaan, melalui",
Perdirjen_07_2021,Perdirjen Nomor 07 Tahun 2021,Perdirjen,2021,07,BAB XI,Ketentuan Penutup,,,75,1,f,2,Sanksi,"Sehubungan dengan hal tersebut diatas, bersama ini kami mohon bantuan Saudara untuk dapat melakukan penahanan terhadap tersangka: Nama : …………………………………………. Tempat Tinggal / Alamat : …………………………………………. Jenis Kelamin : …………………………………………. Pekerjaan : …………………………………………. Kewarganegaraan : …………………………………………. Sehubugan dengan tindak pidana di Bidang Telekomunikasi, sebagaimana dimaksud dalam Pasal …… Jo Pasal …….. Undang-Undang No. 36 Tahun 1999 tentang Telekomunikasi Jo Pasal 55 ayat (1) ke 1 KUH Pidana.",Pasal 75 ayat (1) huruf f angka 2,"pidana, telekomunikasi, sehubungan, tersebut, diatas",
Perdirjen_07_2021,Perdirjen Nomor 07 Tahun 2021,Perdirjen,2021,07,BAB XI,Ketentuan Penutup,,,75,1,f,3,Ketentuan,Terhadap tersangka dilakukan penahanan dengan alasan ……………….,Pasal 75 ayat (1) huruf f angka 3,"tersangka, penahanan, alasan",
Perdirjen_07_2021,Perdirjen Nomor 07 Tahun 2021,Perdirjen,2021,07,BAB XI,Ketentuan Penutup,,,75,1,f,4,Ketentuan,Sebagai bahan pertimbangan kami lampirkan:,Pasal 75 ayat (1) huruf f angka 4,"bahan, pertimbangan, kami, lampirkan",
Perdirjen_07_2021,Perdirjen Nomor 07 Tahun 2021,Perdirjen,2021,07,BAB XI,Ketentuan Penutup,,,75,1,f,1,Ketentuan,Laporan Kejadian;,Pasal 75 ayat (1) huruf f angka 1,"laporan, kejadian",
Perdirjen_07_2021,Perdirjen Nomor 07 Tahun 2021,Perdirjen,2021,07,BAB XI,Ketentuan Penutup,,,75,1,f,2,Ketentuan,Surat Perintah Penyidikan;,Pasal 75 ayat (1) huruf f angka 2,"surat, perintah, penyidikan",
Perdirjen_07_2021,Perdirjen Nomor 07 Tahun 2021,Perdirjen,2021,07,BAB XI,Ketentuan Penutup,,,75,1,f,3,Ketentuan,Surat Perintah Dimulainya Penyidikan;,Pasal 75 ayat (1) huruf f angka 3,"surat, perintah, dimulainya, penyidikan",
Perdirjen_07_2021,Perdirjen Nomor 07 Tahun 2021,Perdirjen,2021,07,BAB XI,Ketentuan Penutup,,,75,1,f,4,Ketentuan,"Laporan Kemajuan. Mengetahui, Penyidik Pegawai Negeri Sipil, Direktur Pengendalian SDPPI / Ka.Balmon Kelas I / Kelas II / Kalokamon, …………………………………………….. …………………………………………….. NIP: ……………………………………… NIP: ……………………………………… Tembusan:",Pasal 75 ayat (1) huruf f angka 4,"kelas, laporan, kemajuan, mengetahui, penyidik",
Perdirjen_07_2021,Perdirjen Nomor 07 Tahun 2021,Perdirjen,2021,07,BAB XI,Ketentuan Penutup,,,75,1,f,1,Ketentuan,Dirjen SDPPI;,Pasal 75 ayat (1) huruf f angka 1,"dirjen, sdppi",
Perdirjen_07_2021,Perdirjen Nomor 07 Tahun 2021,Perdirjen,2021,07,BAB XI,Ketentuan Penutup,,,75,1,f,2,Ketentuan,"Arsip. Surat Permintaan Bantuan Pencegahan KOP SURAT DIREKTORAT PENGENDALIAN SDPPI / BALMON / LOKA Nomor : R/………./……………/20.. …………., ……………..20.. Klasifikasi : Rahasia Lampiran : 1 (satu) berkas Hal : Permintaan Bantuan Pencegahan Kepada Yth. Yth. KABARESKRIM POLRI Cq. KARO KORWAS PPNS di …………..",Pasal 75 ayat (1) huruf f angka 2,"surat, permintaan, bantuan, pencegahan, arsip",
Perdirjen_07_2021,Perdirjen Nomor 07 Tahun 2021,Perdirjen,2021,07,BAB XI,Ketentuan Penutup,,,75,1,f,1,Ketentuan,DASAR :,Pasal 75 ayat (1) huruf f angka 1,dasar,
Perdirjen_07_2021,Perdirjen Nomor 07 Tahun 2021,Perdirjen,2021,07,BAB XI,Ketentuan Penutup,,,75,1,a,,Ketentuan,"Pasal 6 ayat (1) huruf b, Pasal 7 ayat (2), Pasal 21 dan Pasal 107 ayat",Pasal 75 ayat (1) huruf a,,
Perdirjen_07_2021,Perdirjen Nomor 07 Tahun 2021,Perdirjen,2021,07,BAB XI,Ketentuan Penutup,,,75,1,,,Sanksi,Undang-Undang RI Nomor 8 Tahun 1981 tentang Kitab Undang- Undang Hukum Acara Pidana;,Pasal 75 ayat (1),"nomor, tahun, kitab, hukum, acara",
Perdirjen_07_2021,Perdirjen Nomor 07 Tahun 2021,Perdirjen,2021,07,BAB XI,Ketentuan Penutup,,,75,1,b,,Ketentuan,Pasal 44 Undang-Undang Nomor 36 Tahun 1999 tentang Telekomunikasi;,Pasal 75 ayat (1) huruf b,"nomor, tahun, telekomunikasi",
Perdirjen_07_2021,Perdirjen Nomor 07 Tahun 2021,Perdirjen,2021,07,BAB XI,Ketentuan Penutup,,,75,1,c,,Ketentuan,"Laporan Kejadian Nomor : LK/……./….…./20…., tanggal ……;",Pasal 75 ayat (1) huruf c,"laporan, kejadian, nomor, tanggal",
Perdirjen_07_2021,Perdirjen Nomor 07 Tahun 2021,Perdirjen,2021,07,BAB XI,Ketentuan Penutup,,,75,1,d,,Ketentuan,"Surat Perintah Penyidikan Nomor : Sprin Sidik/…../…..…./20…., tanggal ………..;",Pasal 75 ayat (1) huruf d,"surat, perintah, penyidikan, nomor, sprin",
Perdirjen_07_2021,Perdirjen Nomor 07 Tahun 2021,Perdirjen,2021,07,BAB XI,Ketentuan Penutup,,,75,1,d,2,Sanksi,"Sehubungan dengan hal tersebut diatas, bersama ini kami mohon bantuan Saudara untuk dapat melakukan pencegahan terhadap tersangka: Nama : …………………………………………. Umur : …………………………………………. Pekerjaan : …………………………………………. Tempat Tinggal / Alamat : …………………………………………. Jenis Kelamin : …………………………………………. Nomor Paspor : …………………………………………. Kewarganegaraan : …………………………………………. Sehubugan dengan tindak pidana di Bidang Telekomunikasi, sebagaimana dimaksud dalam Pasal …… Jo Pasal …….. Undang-Undang No. 36 Tahun 1999 tentang Telekomunikasi Jo Pasal 55 ayat (1) ke 1 KUH Pidana.",Pasal 75 ayat (1) huruf d angka 2,"pidana, telekomunikasi, sehubungan, tersebut, diatas",
Perdirjen_07_2021,Perdirjen Nomor 07 Tahun 2021,Perdirjen,2021,07,BAB XI,Ketentuan Penutup,,,75,1,d,3,Ketentuan,Terhadap tersangka dilakukan pencegahan dengan alasan ……………….,Pasal 75 ayat (1) huruf d angka 3,"tersangka, pencegahan, alasan",
Perdirjen_07_2021,Perdirjen Nomor 07 Tahun 2021,Perdirjen,2021,07,BAB XI,Ketentuan Penutup,,,75,1,d,4,Ketentuan,Sebagai bahan pertimbangan kami lampirkan:,Pasal 75 ayat (1) huruf d angka 4,"bahan, pertimbangan, kami, lampirkan",
Perdirjen_07_2021,Perdirjen Nomor 07 Tahun 2021,Perdirjen,2021,07,BAB XI,Ketentuan Penutup,,,75,1,d,1,Ketentuan,Laporan Kejadian;,Pasal 75 ayat (1) huruf d angka 1,"laporan, kejadian",
Perdirjen_07_2021,Perdirjen Nomor 07 Tahun 2021,Perdirjen,2021,07,BAB XI,Ketentuan Penutup,,,75,1,d,2,Ketentuan,Surat Perintah Penyidikan;,Pasal 75 ayat (1) huruf d angka 2,"surat, perintah, penyidikan",
Perdirjen_07_2021,Perdirjen Nomor 07 Tahun 2021,Perdirjen,2021,07,BAB XI,Ketentuan Penutup,,,75,1,d,3,Ketentuan,Surat Perintah Dimulainya Penyidikan;,Pasal 75 ayat (1) huruf d angka 3,"surat, perintah, dimulainya, penyidikan",
Perdirjen_07_2021,Perdirjen Nomor 07 Tahun 2021,Perdirjen,2021,07,BAB XI,Ketentuan Penutup,,,75,1,d,4,Ketentuan,"Laporan Kemajuan. a.n. Direktur Jenderal SDPPI, Direktur Pengendalian SDPPI, …………………………………………….. Tembusan:",Pasal 75 ayat (1) huruf d angka 4,"direktur, sdppi, laporan, kemajuan, jenderal",
Perdirjen_07_2021,Perdirjen Nomor 07 Tahun 2021,Perdirjen,2021,07,BAB XI,Ketentuan Penutup,,,75,1,d,1,Ketentuan,Dirjen SDPPI;,Pasal 75 ayat (1) huruf d angka 1,"dirjen, sdppi",
Perdirjen_07_2021,Perdirjen Nomor 07 Tahun 2021,Perdirjen,2021,07,BAB XI,Ketentuan Penutup,,,75,1,d,2,Ketentuan,"Arsip. Surat Pengiriman Berkas Perkara (Atasan Selaku PPNS) KOP SURAT DIREKTORAT PENGENDALIAN SDPPI / BALMON / LOKA Pro Justitia Nomor : B/………./……………/20.. …………., ……………..20.. Klasifikasi : Biasa Lampiran : 3 (tiga) berkas Hal : Pengiriman Berkas Perkara Kepada Yth. Yth. KEPALA KEJAKSAAN …………. Melalui KEPALA KEPOLISIAN di …………..",Pasal 75 ayat (1) huruf d angka 2,"berkas, surat, pengiriman, perkara, kepala",
Perdirjen_07_2021,Perdirjen Nomor 07 Tahun 2021,Perdirjen,2021,07,BAB XI,Ketentuan Penutup,,,75,1,d,1,Sanksi,"Bersama ini dikirimkan Berkas Perkara Nomor : BP/………./……../20.. tanggal ……… dalam rangkap 3 (tiga) atas nama tersangka: Nama lengkap : …………………………………………………………….. Tempat Lahir /tgl lhr : ………………......................................................... Jenis Kelamin : ……………………………………………………………… Agama : ………………......................................................... Kewarganegaraan : ……………………………………………………………… Pekerjaan : ……………………………………………………………… Alamat Tinggal : ……………………………………………………………… dalam perkara tindak pidana di Bidang Telekomunikasi berupa ................., sebagaimana dimaksud dalam Pasal …… Jo Pasal …….. Undang-Undang No. 36 Tahun 1999 tentang Telekomunikasi Jo Pasal ...... No. 11 Tahun 2020 tentang Cipta Kerja Jo Pasal 55 ayat (1) ke 1 KUH Pidana.",Pasal 75 ayat (1) huruf d angka 1,"perkara, nama, pidana, telekomunikasi, tahun",
Perdirjen_07_2021,Perdirjen Nomor 07 Tahun 2021,Perdirjen,2021,07,BAB XI,Ketentuan Penutup,,,75,1,d,2,Ketentuan,Tersangka tersebut di atas tidak ditahan.,Pasal 75 ayat (1) huruf d angka 2,"tersangka, tersebut, ditahan",
Perdirjen_07_2021,Perdirjen Nomor 07 Tahun 2021,Perdirjen,2021,07,BAB XI,Ketentuan Penutup,,,75,1,d,3,Ketentuan,Barang-barang bukti yang tersebut dalam daftar barang bukti disimpan di ……,Pasal 75 ayat (1) huruf d angka 3,"barang, bukti, tersebut, daftar, disimpan",
Perdirjen_07_2021,Perdirjen Nomor 07 Tahun 2021,Perdirjen,2021,07,BAB XI,Ketentuan Penutup,,,75,1,d,4,Ketentuan,"Demikian untuk menjadi maklum dan mohon kabar perkembangan selanjutnya. Direktur Pengendalian SDPPI / Ka.Balmon Kelas I / Kelas II / Kalokamon Selaku PPNS, …………………………………………….. NIP: ……………………………………… Tembusan:",Pasal 75 ayat (1) huruf d angka 4,"kelas, demikian, menjadi, maklum, mohon",
Perdirjen_07_2021,Perdirjen Nomor 07 Tahun 2021,Perdirjen,2021,07,BAB XI,Ketentuan Penutup,,,75,1,d,1,Ketentuan,Dirjen SDPPI;,Pasal 75 ayat (1) huruf d angka 1,"dirjen, sdppi",
Perdirjen_07_2021,Perdirjen Nomor 07 Tahun 2021,Perdirjen,2021,07,BAB XI,Ketentuan Penutup,,,75,1,d,2,Ketentuan,"Arsip. Surat Pengiriman Berkas Perkara (Atasan Bukan Selaku PPNS) KOP SURAT DIREKTORAT PENGENDALIAN SDPPI / BALMON / LOKA Pro Justitia Nomor : B/………./……………/20.. …………., ……………..20.. Klasifikasi : Biasa Lampiran : 3 (tiga) berkas Hal : Pengiriman Berkas Perkara Kepada Yth. Yth. KEPALA KEJAKSAAN …………. Melalui KEPALA KEPOLISIAN di …………..",Pasal 75 ayat (1) huruf d angka 2,"berkas, surat, pengiriman, perkara, kepala",
Perdirjen_07_2021,Perdirjen Nomor 07 Tahun 2021,Perdirjen,2021,07,BAB XI,Ketentuan Penutup,,,75,1,d,1,Sanksi,"Bersama ini dikirimkan Berkas Perkara Nomor : BP/………./……../20.. tanggal ……… dalam rangkap 3 (tiga) atas nama tersangka: Nama lengkap : ……………………………………………………………… Tempat Lahir /tgl lhr : ………………......................................................... Jenis Kelamin : ……………………………………………………………… Agama : ………………......................................................... Kewarganegaraan : ……………………………………………………………… Pekerjaan : ……………………………………………………………… Alamat Tinggal : ……………………………………………………………… dalam perkara tindak pidana di Bidang Telekomunikasi berupa ................., sebagaimana dimaksud dalam Pasal …… Jo Pasal …….. Undang-Undang No. 36 Tahun 1999 tentang Telekomunikasi Jo Pasal ...... No. 11 Tahun 2020 tentang Cipta Kerja Jo Pasal 55 ayat (1) ke 1 KUH Pidana.",Pasal 75 ayat (1) huruf d angka 1,"perkara, nama, pidana, telekomunikasi, tahun",
Perdirjen_07_2021,Perdirjen Nomor 07 Tahun 2021,Perdirjen,2021,07,BAB XI,Ketentuan Penutup,,,75,1,d,2,Ketentuan,Tersangka tersebut di atas tidak ditahan.,Pasal 75 ayat (1) huruf d angka 2,"tersangka, tersebut, ditahan",
Perdirjen_07_2021,Perdirjen Nomor 07 Tahun 2021,Perdirjen,2021,07,BAB XI,Ketentuan Penutup,,,75,1,d,3,Ketentuan,Barang-barang bukti yang tersebut dalam daftar barang bukti disimpan di …………,Pasal 75 ayat (1) huruf d angka 3,"barang, bukti, tersebut, daftar, disimpan",
Perdirjen_07_2021,Perdirjen Nomor 07 Tahun 2021,Perdirjen,2021,07,BAB XI,Ketentuan Penutup,,,75,1,d,4,Ketentuan,"Demikian untuk menjadi maklum dan mohon kabar perkembangan selanjutnya. Mengetahui, Direktur Pengendalian SDPPI / Penyidik Pegawai Negeri Sipil, Ka.Balmon Kelas I / Kelas II / Kalokamon, …………………………………………….. …………………………………………….. NIP: ……………………………………… NIP: ……………………………………… Tembusan:",Pasal 75 ayat (1) huruf d angka 4,"kelas, demikian, menjadi, maklum, mohon",
Perdirjen_07_2021,Perdirjen Nomor 07 Tahun 2021,Perdirjen,2021,07,BAB XI,Ketentuan Penutup,,,75,1,d,1,Ketentuan,Dirjen SDPPI;,Pasal 75 ayat (1) huruf d angka 1,"dirjen, sdppi",
Perdirjen_07_2021,Perdirjen Nomor 07 Tahun 2021,Perdirjen,2021,07,BAB XI,Ketentuan Penutup,,,75,1,d,2,Ketentuan,"Arsip. Surat Permohonan Daftar Pencarian Orang (DPO) KOP SURAT DIREKTORAT PENGENDALIAN SDPPI / BALMON / LOKA Nomor : B/………./……………/20.. …………., ……………..20.. Klasifikasi : Biasa Lampiran : - Hal : Permohonan Daftar Pencarian Orang (DPO) Kepada Yth. Yth. DIREKTUR RESERSE KRIMINAL KHUSUS POLDA ……. Cq. KASI KORWAS PPNS di …………..",Pasal 75 ayat (1) huruf d angka 2,"surat, permohonan, daftar, pencarian, orang",
Perdirjen_07_2021,Perdirjen Nomor 07 Tahun 2021,Perdirjen,2021,07,BAB XI,Ketentuan Penutup,,,75,1,d,1,Ketentuan,DASAR :,Pasal 75 ayat (1) huruf d angka 1,dasar,
Perdirjen_07_2021,Perdirjen Nomor 07 Tahun 2021,Perdirjen,2021,07,BAB XI,Ketentuan Penutup,,,75,1,a,,Sanksi,"Pasal 6 ayat (1) huruf b, Pasal 7 ayat (2), Pasal 16, Pasal 17, Pasal 18, Pasal 19 dan Pasal 107 ayat (1) Undang-Undang RI Nomor 8 Tahun 1981 tentang Kitab Undang-Undang Hukum Acara Pidana;",Pasal 75 ayat (1) huruf a,"nomor, tahun, kitab, hukum, acara",
Perdirjen_07_2021,Perdirjen Nomor 07 Tahun 2021,Perdirjen,2021,07,BAB XI,Ketentuan Penutup,,,75,1,b,,Ketentuan,Pasal 44 Undang-Undang Nomor 36 Tahun 1999 tentang Telekomunikasi;,Pasal 75 ayat (1) huruf b,"nomor, tahun, telekomunikasi",
Perdirjen_07_2021,Perdirjen Nomor 07 Tahun 2021,Perdirjen,2021,07,BAB XI,Ketentuan Penutup,,,75,1,c,,Ketentuan,"Pasal 9 Peraturan Pemerintah Nomor: 43 Tahun 2012 tentang Tata Cara Pelaksanaan Koordinasi, Pengawasan, dan Pembinaan Terhadap Kepolisian Khusus, Penyidik Pengawai Negeri Sipil, dan Bentuk- bentuk Pengamanan Swakarsa;",Pasal 75 ayat (1) huruf c,"bentuk, nomor, tahun, tata, cara",Pemerintah
Perdirjen_07_2021,Perdirjen Nomor 07 Tahun 2021,Perdirjen,2021,07,BAB XI,Ketentuan Penutup,,,75,1,d,,Ketentuan,"Laporan Kejadian Nomor : LK/……./….…./20…., tanggal ……;",Pasal 75 ayat (1) huruf d,"laporan, kejadian, nomor, tanggal",
Perdirjen_07_2021,Perdirjen Nomor 07 Tahun 2021,Perdirjen,2021,07,BAB XI,Ketentuan Penutup,,,75,1,e,,Ketentuan,"Surat Perintah Penyidikan Nomor : Sprin Sidik/…../…..…./20…., tanggal ………..;",Pasal 75 ayat (1) huruf e,"surat, perintah, penyidikan, nomor, sprin",
Perdirjen_07_2021,Perdirjen Nomor 07 Tahun 2021,Perdirjen,2021,07,BAB XI,Ketentuan Penutup,,,75,1,e,2,Sanksi,"Sehubungan dengan hal tersebut diatas, bersama ini kami mohon bantuan Saudara untuk dapat menerbitkan daftar pencarian orang (DPO) terhadap tersangka: Nama : …………………………………………. Tempat Tinggal / Alamat : …………………………………………. Jenis Kelamin : …………………………………………. Pekerjaan : …………………………………………. Kewarganegaraan : …………………………………………. Sehubugan dengan tindak pidana di Bidang Telekomunikasi, sebagaimana dimaksud dalam Pasal …… Jo Pasal …….. Undang-Undang No. 36 Tahun 1999 tentang Telekomunikasi Jo Pasal 55 ayat (1) ke 1 KUH Pidana.",Pasal 75 ayat (1) huruf e angka 2,"pidana, telekomunikasi, sehubungan, tersebut, diatas",
Perdirjen_07_2021,Perdirjen Nomor 07 Tahun 2021,Perdirjen,2021,07,BAB XI,Ketentuan Penutup,,,75,1,e,3,Ketentuan,Terhadap tersangka dilakukan daftar pencarian orang (DPO) dengan alasan ……………,Pasal 75 ayat (1) huruf e angka 3,"tersangka, daftar, pencarian, orang, alasan",
Perdirjen_07_2021,Perdirjen Nomor 07 Tahun 2021,Perdirjen,2021,07,BAB XI,Ketentuan Penutup,,,75,1,e,4,Ketentuan,Sebagai bahan pertimbangan kami lampirkan:,Pasal 75 ayat (1) huruf e angka 4,"bahan, pertimbangan, kami, lampirkan",
Perdirjen_07_2021,Perdirjen Nomor 07 Tahun 2021,Perdirjen,2021,07,BAB XI,Ketentuan Penutup,,,75,1,e,1,Ketentuan,Laporan Kejadian;,Pasal 75 ayat (1) huruf e angka 1,"laporan, kejadian",
Perdirjen_07_2021,Perdirjen Nomor 07 Tahun 2021,Perdirjen,2021,07,BAB XI,Ketentuan Penutup,,,75,1,e,2,Ketentuan,Surat Perintah Penyidikan;,Pasal 75 ayat (1) huruf e angka 2,"surat, perintah, penyidikan",
Perdirjen_07_2021,Perdirjen Nomor 07 Tahun 2021,Perdirjen,2021,07,BAB XI,Ketentuan Penutup,,,75,1,e,3,Ketentuan,Surat Perintah Dimulainya Penyidikan;,Pasal 75 ayat (1) huruf e angka 3,"surat, perintah, dimulainya, penyidikan",
Perdirjen_07_2021,Perdirjen Nomor 07 Tahun 2021,Perdirjen,2021,07,BAB XI,Ketentuan Penutup,,,75,1,e,4,Ketentuan,Laporan Kemajuan. 5. Demikian untuk menjadi maklum dan atas kerjasama. Direktur Pengendalian SDPPI …………………………………………….. Tembusan:,Pasal 75 ayat (1) huruf e angka 4,"laporan, kemajuan, demikian, menjadi, maklum",
Perdirjen_07_2021,Perdirjen Nomor 07 Tahun 2021,Perdirjen,2021,07,BAB XI,Ketentuan Penutup,,,75,1,e,1,Ketentuan,Dirjen SDPPI;,Pasal 75 ayat (1) huruf e angka 1,"dirjen, sdppi",
Perdirjen_07_2021,Perdirjen Nomor 07 Tahun 2021,Perdirjen,2021,07,BAB XI,Ketentuan Penutup,,,75,1,e,2,Ketentuan,"Arsip. Surat Pengiriman Tersangka Dan Barang Bukti Dari POLRI (Atasan Selaku PPNS) KOP SURAT DIREKTORAT PENGENDALIAN SDPPI / BALMON / LOKA Nomor : B/………./……………/20.. …………., ……………..20.. Klasifikasi : Biasa Lampiran : - Hal : Pengiriman Berkas Perkara Kepada Yth. Yth. KEPALA KEJAKSAAN …………. di …………..",Pasal 75 ayat (1) huruf e angka 2,"surat, pengiriman, arsip, tersangka, barang",
Perdirjen_07_2021,Perdirjen Nomor 07 Tahun 2021,Perdirjen,2021,07,BAB XI,Ketentuan Penutup,,,75,1,e,1,Ketentuan,DASAR :,Pasal 75 ayat (1) huruf e angka 1,dasar,
Perdirjen_07_2021,Perdirjen Nomor 07 Tahun 2021,Perdirjen,2021,07,BAB XI,Ketentuan Penutup,,,75,1,a,,Ketentuan,"Pasal 8 ayat (3), Pasal 107 ayat (3) dan Pasal 110 ayat (4) KUHAP.",Pasal 75 ayat (1) huruf a,kuhap,
Perdirjen_07_2021,Perdirjen Nomor 07 Tahun 2021,Perdirjen,2021,07,BAB XI,Ketentuan Penutup,,,75,1,b,,Ketentuan,Surat Kepala Kejaksaan ……… Nomor : …… tanggal ............. perihal Hasil penyidikan sudah lengkap (P-21).,Pasal 75 ayat (1) huruf b,"surat, kepala, kejaksaan, nomor, tanggal",
Perdirjen_07_2021,Perdirjen Nomor 07 Tahun 2021,Perdirjen,2021,07,BAB XI,Ketentuan Penutup,,,75,1,c,,Ketentuan,Surat …… Nomor : …… tanggal ........ perihal Pengiriman Tersangka dan Barang Bukti,Pasal 75 ayat (1) huruf c,"surat, nomor, tanggal, perihal, pengiriman",
Perdirjen_07_2021,Perdirjen Nomor 07 Tahun 2021,Perdirjen,2021,07,BAB XI,Ketentuan Penutup,,,75,1,c,2,Sanksi,"Sehubungan dengan rujukan tersebut di atas, bersama ini dikirimkan ……… (……..) orang tersangka: Nama : …………………………………………. Tempat/Tanggal Lahir : …………………………………………. Jenis Kelamin : …………………………………………. Kewarganegaraan : …………………………………………. Agama : …………………………………………. Pekerjaan : …………………………………………. Alamat Tinggal : …………………………………………. Sehubugan dengan tindak pidana di Bidang Telekomunikasi, sebagaimana dimaksud dalam Pasal …… Jo Pasal …….. Undang-Undang No. 36 Tahun 1999 tentang Telekomunikasi Jo Pasal 55 ayat (1) ke 1 KUH Pidana.",Pasal 75 ayat (1) huruf c angka 2,"pidana, telekomunikasi, sehubungan, rujukan, tersebut",
Perdirjen_07_2021,Perdirjen Nomor 07 Tahun 2021,Perdirjen,2021,07,BAB XI,Ketentuan Penutup,,,75,1,c,3,Ketentuan,"Tersangka dilakukan/tidak dilakukan penahanan di ………………………., beserta Barang Bukti berupa: ----------- Sebagaimana terlampir dalam Daftar Barang Bukti ------------",Pasal 75 ayat (1) huruf c angka 3,"barang, bukti, tersangka, penahanan, beserta",
Perdirjen_07_2021,Perdirjen Nomor 07 Tahun 2021,Perdirjen,2021,07,BAB XI,Ketentuan Penutup,,,75,1,c,4,Ketentuan,"Apabila perkara tersebut telah mendapatkan putusan (vonis) Pengadilan, kiranya kepada kami dapat dikirimkan petikan Surat Keputusannya.",Pasal 75 ayat (1) huruf c angka 4,"perkara, tersebut, mendapatkan, putusan, vonis",
Perdirjen_07_2021,Perdirjen Nomor 07 Tahun 2021,Perdirjen,2021,07,BAB XI,Ketentuan Penutup,,,75,1,c,5,Ketentuan,"Demikian untuk menjadi maklum dan kabar perkembangan selanjutnya. Direktur Pengendalian SDPPI, …………………………………………….. Tembusan:",Pasal 75 ayat (1) huruf c angka 5,"demikian, menjadi, maklum, kabar, perkembangan",
Perdirjen_07_2021,Perdirjen Nomor 07 Tahun 2021,Perdirjen,2021,07,BAB XI,Ketentuan Penutup,,,75,1,c,1,Ketentuan,Dirjen SDPPI;,Pasal 75 ayat (1) huruf c angka 1,"dirjen, sdppi",
Perdirjen_07_2021,Perdirjen Nomor 07 Tahun 2021,Perdirjen,2021,07,BAB XI,Ketentuan Penutup,,,75,1,c,2,Ketentuan,"Arsip. Berita Acara Tempat Kejadian Perkara (TKP) KOP SURAT DIREKTORAT PENGENDALIAN SDPPI / BALMON / LOKA Pro Justitia BERITA ACARA TEMPAT KEJADIAN PERKARA (TKP) Pada hari ini ............. tanggal .................. bulan .................. tahun .................. Pukul ............ WIB, saya ………………………………., Pangkat/Gol ............................ NIP. .................................., selaku PPNS dari Kantor ………………………………., bersama- sama :",Pasal 75 ayat (1) huruf c angka 2,"berita, acara, tempat, kejadian, perkara",
Perdirjen_07_2021,Perdirjen Nomor 07 Tahun 2021,Perdirjen,2021,07,BAB XI,Ketentuan Penutup,,,75,1,c,1,Ketentuan,"Nama, Pangkat/Gol, NIP, Jabatan : …………………………………………",Pasal 75 ayat (1) huruf c angka 1,"nama, pangkat, jabatan",
Perdirjen_07_2021,Perdirjen Nomor 07 Tahun 2021,Perdirjen,2021,07,BAB XI,Ketentuan Penutup,,,75,1,c,2,Ketentuan,"Nama, Pangkat/Gol, NIP, Jabatan : …………………………………………",Pasal 75 ayat (1) huruf c angka 2,"nama, pangkat, jabatan",
Perdirjen_07_2021,Perdirjen Nomor 07 Tahun 2021,Perdirjen,2021,07,BAB XI,Ketentuan Penutup,,,75,1,c,3,Ketentuan,"Nama, Pangkat/Gol, NIP, Jabatan : ………………………………………… Masing-masing bertugas di kantor yang sama, berdasarkan Surat Perintah Tugas Nomor : ………………………., tanggal ……… bulan …………. Tahun ……….. Telah mendatangi dan memasuki Tempat Kejadian Perkara, dugaan pelanggaran Bidang Telekomunikasi, Nama ........................................................................ di Tempat/lokasi ....................................................................................................., Kab / Kota. ................................................. untuk melakukan penindakan atau sebagai wujud pengawasan, pengamatan, penelitian, atau pemeriksaan terhadap tempat pelanggaran dan atau pelanggar bidang telekomunikasi sesuai ketentuan dalam Undang-Undang Nomor 36 Tahun 1999 tentang Telekomunikasi, dengan melakukan Tindakan pengamanan, penaganan, pengolahan, serta mengundang / klarifikasi pelanggar untuk diminta keteranganya. Pelaksanaan diketahui/disaksikan………………………(pilih: Pemilik/yang menguasai/penghuni/terperiksa): Nama : ………………………………………………………….. Tempat, Tgl.Lahir : ………………………………………………………….. Kewarganegaraan : ………………………………………………………….. Agama : ………………………………………………………….. Pekerjaan : ………………………………………………………….. Alamat : ………………………………………………………….. Dengan disaksikan oleh : ………………………………………………………….",Pasal 75 ayat (1) huruf c angka 3,"tempat, nama, telekomunikasi, masing, nomor",
Perdirjen_07_2021,Perdirjen Nomor 07 Tahun 2021,Perdirjen,2021,07,BAB XI,Ketentuan Penutup,,,75,1,c,1,Ketentuan,Nama : ……………………………………………………….. Pekerjaan : ……………………………………………………….. Alamat : ………………………………………………………..,Pasal 75 ayat (1) huruf c angka 1,"nama, pekerjaan, alamat",
Perdirjen_07_2021,Perdirjen Nomor 07 Tahun 2021,Perdirjen,2021,07,BAB XI,Ketentuan Penutup,,,75,1,c,2,Ketentuan,"Nama : ……………………………………………………….. Pekerjaan : ……………………………………………………….. Alamat : ……………………………………………………….. Dengan hasil temuan Penindakan sebagai berikut : teridentifikasi (ada / tidak ada) penggunaan frekuensi radio dan atau perangkat telekomunikasi dengan catatan (Merk / Type, No. Seri, Jumlah dan kondisi / posisi) : Penggunaan frekuensi Radio On Air di : .......………………………, Alat Perangkat Telekomunikasi (Pilih yang mana) : dijual / diperdagangkan dan atau dirakit atau dibuat atau dipergunakan ……………………………………………………………………………………….…………………… …………….………………………………………………………………………..…………………… ………………………………………………………………………………………… di Tempat Kejadian Perkara pelanggaran Bidang Telekomunikasi (Pilih: dapat/Belum bisa) …………………. Menunjukan izin atau sertifikat, Adapun barang bukti terdiri dari (Merk / Type, Model, Brand, Jumlah) sebagai berikut : …………………………………………………………………………………………………………… …………………………………………………………………………………………………………… …………………………………………………………………………………………………………… Dari hasil pemeriksaan di TKP diduga telah ada penggunaan frekuensi …………….. (pilih: sudah atau belum) memiliki ISR/IPFR dan / serta perangkat telekomunikasi diduga ………………..(pilih: sudah / atau belum) bersertifikat. Dengan cara sebagai berikut : Pengamanan Barang Bukti, lalu dibuatkan Berita Acara oleh Penyidik PNS. Demikian Berita Acara Pemeriksaan di TKP ini dibuat dengan sebenarnya atas kekuatan sumpah jabatan, kemudian ditutup dan ditandatangani di ………………………………. Pada tanggal, bulan dan tahun tersebut di atas. Pemikik/Penguasa/Terperiksa, Penyidik PNS, (…………………………………….) (………………………………..) Saksi-saksi :",Pasal 75 ayat (1) huruf c angka 2,"telekomunikasi, pilih, berikut, penggunaan, frekuensi",
Perdirjen_07_2021,Perdirjen Nomor 07 Tahun 2021,Perdirjen,2021,07,BAB XI,Ketentuan Penutup,,,75,1,c,1,Ketentuan,…………………………………..,Pasal 75 ayat (1) huruf c angka 1,,
Perdirjen_07_2021,Perdirjen Nomor 07 Tahun 2021,Perdirjen,2021,07,BAB XI,Ketentuan Penutup,,,75,1,c,2,Sanksi,"………………………………….. Berita Acara Pemeriksaan Saksi/Tersangka KOP SURAT DIREKTORAT PENGENDALIAN SDPPI / BALMON / LOKA Pro Justitia BERITA ACARA PEMERIKSAAN (Saksi/Tersangka) Nomor : BAP/…………………………………………… ----- Pada hari ….…., tanggal … bulan …., tahun 20… (dua ribu ….) pukul ….. Wib, bertempat di kantor ….., Jl. …….., saya :-------------------------------------------------------- ----------------------------------------------- ………………………… --------------------------------- Pangkat ….., Nip….., Jabatan selaku Penyidik Pengawai Negeri Sipil (PPNS) yang ditugaskan pada kantor tersebut diatas, berdasarkan Surat Keputusan Menteri Hukum dan HAM Nomor : …… tanggal ….. (Sesuai Skep pengangkatan sbg PPNS) dan Surat Perintah Penyidikan Nomor : ……, tanggal ….., telah melakukan pemeriksaan terhadap seseorang yang mengaku, bernama : --------------------------------------------- Nama lengkap : ……………………………………………….---------------------------- Tempat Lahir : ……………………………………………….---------------------------- U m u r / tanggal lahir : …. tahun / ……...---------------------------------------------------- Jenis Kelamin : …......................................................---------------------------- Kebangsaan : ……………………………………………….---------------------------- A g a m a : …………………………………………...….---------------------------- Pekerjaan : …………………………........……………..---------------------------- Pendidikan terakhi : ………………………………………… …...---------------------------- Tempat Tinggal : ……………………………………………….---------------------------- ------ Ia (…….) diperiksa dan didengar keterangannya sebagai SAKSI/TERSANGKA dalam perkara tindak pidana dibidang Telekomunikasi berupa ..................., sebagaimana dimaksud dalam Pasal ……Jo Pasal ……. Undang-Undang No. 36 Tahun 1999 tentang Telekomunikasi Jo Pasal 55 ayat (1) ke 1 KUH Pidana, sesuai dengan Laporan Kejadian Nomor : …….., tanggal ………..----------------------------------------------- ----------------------------------------------------------------- ----- Atas pertanyaan yang diajukan oleh pemeriksa, yang diperiksa menjawab dan memberikan keterangan sebagai berikut : ------------------------------------------------------- ------------------------------- Demikian Berita Acara Pemeriksaan Saksi/Tersangka dibuatdan ditandatangani di…………… pada hari, tanggal, bulan dan tahun seperti tersebut diatas. Saksi/Tersangka, Penyidik Pegawai Negeri Sipil, …………………………………………….. NIP: ……………………………………… ……………………………… Berita Acara Pemeriksaan Ahli KOP SURAT DIREKTORAT PENGENDALIAN SDPPI / BALMON / LOKA Pro Justitia BERITA ACARA PEMERIKSAAN (AHLI) Nomor : BAP/…………………………………………… ----- Pada hari ….…., tanggal … bulan …., tahun 20… (dua ribu ….) pukul ….. Wib, bertempat di kantor ….., Jl. …….., saya :-------------------------------------------------------- -------------------------------- ----------------------------------------------- ………………………… --------------------------------- --------------- Pangkat ….., Nip….., Jabatan selaku Penyidik Pengawai Negeri Sipil (PPNS) yang ditugaskan pada kantor tersebut diatas, berdasarkan Surat Keputusan Menteri Hukum dan HAM Nomor : …… tanggal ….. (Sesuai Skep pengangkatan sbg PPNS) dan Surat Perintah Penyidikan Nomor : ……, tanggal ….., telah melakukan pemeriksaan terhadap seseorang yang mengaku, bernama : --------------------------------------------- Nama lengkap : ……………………………………………….---------------------------- --------------- Tempat Lahir : ……………………………………………….---------------------------- --------------- U m u r / tanggal lahir : …. tahun / ……...---------------------------------------------------- --------------- Jenis Kelamin : …......................................................---------------------------- ---------------- Kebangsaan : ……………………………………………….---------------------------- --------------- A g a m a : …………………………………………...….---------------------------- ---------------- Pekerjaan : …………………………........……………..---------------------------- ---------------- Pendidikan terakhi : ………………………………………… …...---------------------------- ---------------- Tempat Tinggal : ……………………………………………….---------------------------- --------------- ------ Ia (…….) diperiksa dan didengar keterangannya sebagai AHLI dalam perkara tindak pidana dibidang Telekomunikasi berupa ..................., sebagaimana dimaksud dalam Pasal ……Jo Pasal ……. Undang-Undang No. 36 Tahun 1999 tentang Telekomunikasi Jo Pasal 55 ayat (1) ke 1 KUH Pidana, sesuai dengan Laporan Kejadian Nomor : …….., tanggal ………..--------------------------------------------------------------------- ------------------------------------------- ----- Atas pertanyaan yang diajukan oleh pemeriksa, yang diperiksa menjawab dan memberikan keterangan sebagai berikut : ------------------------------------------------------- ------------------------------- Demikian Berita Acara Pemeriksaan Saksi/Tersangka dibuatdan ditandatangani di…………… pada hari, tanggal, bulan dan tahun seperti tersebut diatas. Saksi/Tersangka, Penyidik Pegawai Negeri Sipil, …………………………………………….. NIP: ……………………………………… ……………………………… Berita Acara Pengambilan Sumpah/Janji KOP SURAT DIREKTORAT PENGENDALIAN SDPPI / BALMON / LOKA Pro Justitia BERITA ACARA PENGAMBILAN SUMPAH/JANJI (AHLI) Nomor : BAP/…………………………………………… ----- Pada hari ….…., tanggal … bulan …., tahun 20… (dua ribu ….) pukul ….. Wib, bertempat di kantor ….., Jl. …….., saya :-------------------------------------------------------- -------------------------------- ------------------------------------------------ ………………………… -------------------------------- --------------- Pangkat ….., Nip….., Jabatan selaku Penyidik Pengawai Negeri Sipil (PPNS) yang ditugaskan pada kantor tersebut diatas, berdasarkan Surat Keputusan Menteri Hukum dan HAM Nomor : …… tanggal ….. (Sesuai Skep pengangkatan sbg PPNS) dan Surat Perintah Penyidikan Nomor : ……, tanggal ….., telah melakukan Pengambilan Sumpah / JANJI terhadap seorang AHLI, bernama : -- Nama lengkap : ……………………………………………….---------------------------- --------------- Tempat Lahir : ……………………………………………….---------------------------- --------------- U m u r / tanggal lahir : …. tahun / ……...---------------------------------------------------- --------------- Jenis Kelamin : …......................................................---------------------------- ---------------- Kebangsaan : ……………………………………………….---------------------------- --------------- A g a m a : …………………………………………...….---------------------------- ---------------- Pekerjaan : …………………………........……………..---------------------------- ---------------- Pendidikan terakhir : ………………………………………… …...---------------------------- ---------------- Tempat Tinggal : ……………………………………………….---------------------------- --------------- ---- Sebelum memberikan keterangannya didepan Penyidik, Ia (……………) diambil sumpah selaku AHLI ........, dalam perkara tindak pidana dibidang Telekomunikasi berupa ..................., sebagaimana dimaksud dalam Pasal ……Jo Pasal ……. Undang- Undang No. 36 Tahun 1999 tentang Telekomunikasi Jo Pasal …. Undang-Undang No. 11 Tahun 2020 tentang Cipta Kerja Jp Pasal 55 ayat (1) ke 1 KUH Pidana, sesuai dengan Laporan Kejadian Nomor : …….., tanggal ……….., dengan disaksikan oleh : -------------- ---------------",Pasal 75 ayat (1) huruf c angka 2,"tanggal, nomor, tahun, surat, berita",Menteri
Perdirjen_07_2021,Perdirjen Nomor 07 Tahun 2021,Perdirjen,2021,07,BAB XI,Ketentuan Penutup,,,75,1,c,1,Ketentuan,Nama : ............................--------------------------------------------------------- ---------------- Pekerjaan : ............................--------------------------------------------------------- ---------------- Agama : ............................----------------------------------- -------------------------------------- Alamat : ..........................--------------------------- ------------------------------------------------,Pasal 75 ayat (1) huruf c angka 1,"nama, pekerjaan, agama, alamat",
Perdirjen_07_2021,Perdirjen Nomor 07 Tahun 2021,Perdirjen,2021,07,BAB XI,Ketentuan Penutup,,,75,1,c,2,Definisi,"Nama : ............................--------------------------------------------------------- ---------------- Pekerjaan : ............................--------------------------------------------------------- ---------------- Agama : ............................----------------------------------- -------------------------------------- Alamat : ..........................--------------------------- ------------------------------------------------ ----- Berdasarkan pasal 120 ayat (2) KUHAP, maka untuk memberikan keterangan menurut pengetahuannya yang sebaik-baiknya dan sebenar-benarnya akan bersumpah sesuai dengan agama ....... yang telah dianutnya, dengan mengucapkan lafal sumpah / janji sebagai berikut : ----- (ISLAM) : ”Demi Allah saya bersumpah, bahwa keterangan yang akan saya berikan dihadapan Penyidik adalah keterangan yang sebenar-benarnya dan tidak lain daripada yang sebenarnya, menurut pengetahuan dalam bidang keahlian saya”.---- ----------------------------------------------------------------- (KRISTEN PROTESTAN) : ” Demi Allah, Bapak, Putra dan Rokh Kudus, saya bersumpah, bahwa saya sebagai AHLI, akan menerangkan dengan sungguh-sungguh dan sebenarnya, tidak lain dari yang sebenarnya, Jika saya berdusta, saya akan mendapat hukuman dari Tuhan. Semoga Allah menolong saya”--------------------------------------------------------------------------- ----------------------------------------------------- ----- Selesai mengucapkan lafal sumpah / Janji, maka ia (yang diambil sumpah) berserta 2 (dua) orang saksi membubuhkan tanda tangannya dibawah ini :--------------- ----------------------------------- Saksi-saksi : Yang bersumpah,",Pasal 75 ayat (1) huruf c angka 2,"saya, bersumpah, keterangan, sumpah, allah",
Perdirjen_07_2021,Perdirjen Nomor 07 Tahun 2021,Perdirjen,2021,07,BAB XI,Ketentuan Penutup,,,75,1,c,1,Sanksi,"................................... : ....................... (…………………………) ----- Demikianlah Berita Acara Pengambilan sumpah AHLI ini dibuat dengan sebenar- benarnya atas kekuatan sumpah jabatan, kemudian ditutup dan ditandatangani di ................. pada hari, tanggal, bulan dan tahun seperti tersebut di atas.------------------ ------------------------------------------------------------------------------- Yang mengambil sumpah, ………………………………………... Berita Acara Penolakan Tanda Tangan Berita Acara Pemeriksaan Saksi/Tersangka KOP SURAT DIREKTORAT PENGENDALIAN SDPPI / BALMON / LOKA Pro Justitia BERITA ACARA PENOLAKAN TANDA TANGAN BERITA ACARA PEMERIKSAAN SAKSI/TERSANGKA Nomor : TLK/…………………………………………… ----- Pada hari ….…., tanggal … bulan …., tahun 20… (dua ribu ….) pukul ….. Wib, bertempat di kantor ….., Jl. …….., saya :-------------------------------------------------------- -------------------------------- ------------------------------------------------ ………………………… -------------------------------- --------------- Pangkat ….., Nip….., Jabatan selaku Penyidik Pengawai Negeri Sipil (PPNS) yang ditugaskan pada kantor tersebut diatas, berdasarkan Surat Keputusan Menteri Hukum dan HAM Nomor : …… tanggal ….. (Sesuai Skep pengangkatan sbg PPNS) dan Surat Perintah Penyidikan Nomor : ……, tanggal ….., telah melakukan pemeriksaan terhadap seseorang yang mengaku, bernama : ---------- Nama lengkap : ……………………………………………….---------------------------- --------------- Tempat Lahir : ……………………………………………….---------------------------- --------------- U m u r / tanggal lahir : …. tahun / ……...---------------------------------------------------- --------------- Jenis Kelamin : …......................................................---------------------------- ---------------- Kebangsaan : ……………………………………………….---------------------------- --------------- A g a m a : …………………………………………...….---------------------------- ---------------- Pekerjaan : …………………………........……………..---------------------------- ---------------- Pendidikan terakhi : ………………………………………… …...---------------------------- ---------------- Tempat Tinggal : ……………………………………………….---------------------------- --------------- ------ Ia (…….) diperiksa dan didengar keterangannya sebagai SAKSI/TERSANGKA dalam perkara tindak pidana dibidang Telekomunikasi berupa ..................., sebagaimana dimaksud dalam Pasal ……Jo Pasal ……. Undang-Undang No. 36 Tahun 1999 tentang Telekomunikasi Jo Pasal 55 ayat (1) ke 1 KUH Pidana, sesuai dengan Laporan Kejadian Nomor : …….., tanggal ………..----------- Bahwa saksi menolak menandatangani berita acara pemeriksaan dengan alasan: Demikian Berita Acara Penolakan Tanda Tangan Berita Acara Pemeriksaan Saksi/Tersangka dibuatdan ditandatangani di…………… pada hari, tanggal, bulan dan tahun seperti tersebut diatas. Saksi/Tersangka, Penyidik Pegawai Negeri Sipil, …………………………………………….. NIP: ……………………………………… ……………………………… Surat Perintah Penghentian Penyidikan (Atasan Selaku PPNS) KOP SURAT DIREKTORAT PENGENDALIAN SDPPI / BALMON / LOKA Pro Justitia SURAT PERINTAH PENGHENTIAN PENYIDIKAN Pertimbangan : Bahwa berdasarkan hasil penyidikan terhadap tersangka, saksi dan barang bukti, perbuatan pidana yang disangkakan kepada tersangka tidak cukup bukti atau tidak memenuhi unsur pasal dipersangkakan, atau peristiwa tersebut bukan merupakan tindak pidana atau penyidikan dihentikan demi hukum, sehingga perlu mengeluarkan Surat Perintah ini. Dasar : 1. Pasal 6 ayat (1) huruf b Pasal 7 ayat (2), dan Pasal 109 ayat (2) dan ayat (3) KUHAP.",Pasal 75 ayat (1) huruf c angka 1,"berita, acara, tanggal, saksi, tersangka",Menteri
Perdirjen_07_2021,Perdirjen Nomor 07 Tahun 2021,Perdirjen,2021,07,BAB XI,Ketentuan Penutup,,,75,1,c,2,Ketentuan,Pasal … Undang-undang Nomor : ……… Tahun ………… tentang ………………… ; tanggal ……………... ;,Pasal 75 ayat (1) huruf c angka 2,"nomor, tahun, tanggal",
Perdirjen_07_2021,Perdirjen Nomor 07 Tahun 2021,Perdirjen,2021,07,BAB XI,Ketentuan Penutup,,,75,1,c,4,Sanksi,"Resume hasil penyidikan tindak pidana di bidang ………… atas nama tersangka ………, sebagaimana dimaksud dalam Pasal ….. Undang-Undang Nomor : .......... Tahun …….............. tentang ....................................................... ;",Pasal 75 ayat (1) huruf c angka 4,"resume, hasil, penyidikan, tindak, pidana",
Perdirjen_07_2021,Perdirjen Nomor 07 Tahun 2021,Perdirjen,2021,07,BAB XI,Ketentuan Penutup,,,75,1,c,5,Ketentuan,Hasil Gelar Perkara tanggal ......................................……………… Diperintahkan Kepada : 1. Nama : …………………………………………. Pangkat/NIP : …………………………………………. Jabatan : ………………………………………….,Pasal 75 ayat (1) huruf c angka 5,"hasil, gelar, perkara, tanggal, diperintahkan",
Perdirjen_07_2021,Perdirjen Nomor 07 Tahun 2021,Perdirjen,2021,07,BAB XI,Ketentuan Penutup,,,75,1,c,2,Sanksi,"Nama : …………………………………………. Pangkat/NIP : …………………………………………. Jabatan : …………………………………………. Dst. Untuk : 1. Menghentikan penyidikan tindak pidana atas nama tersangka: Nama : ……………………………………………. Tempat/Tanggal Lahir : ……………………………………………. Jenis Kelamin : ……………………………………………. Agama : …………………………………………….. Kewarganegaraan : …………………………………………….. Pekerjaan : …………………………………………….. Alamat Tinggal : …………………………………………….. Dalam perkara tindak pidana di bidang ....... sebagaimana Terhitung mulai tanggal : ……………............................................ karena ………… (tidak cukup bukti atau tidak memenuhi unsur pasal yang dipersangkakan kepada tersangka, atau peristiwa tersebut bukan merupakan tindak pidana atau penyidikan dihentikan demi hukum).*",Pasal 75 ayat (1) huruf c angka 2,"nama, tindak, pidana, penyidikan, tersangka",
Perdirjen_07_2021,Perdirjen Nomor 07 Tahun 2021,Perdirjen,2021,07,BAB XI,Ketentuan Penutup,,,75,1,c,2,Ketentuan,Memberitahukan penghentian penyidikan kepada Kepala Kejaksaan ................ dan Kepala Kepolisian ............ serta pihak- pihak yang terkait.,Pasal 75 ayat (1) huruf c angka 2,"kepala, pihak, memberitahukan, penghentian, penyidikan",
Perdirjen_07_2021,Perdirjen Nomor 07 Tahun 2021,Perdirjen,2021,07,BAB XI,Ketentuan Penutup,,,75,1,c,3,Hak,Dalam hal tersangka ditahan segera dikeluarkan dan benda sitaan dikembalikan kepada yang berhak.,Pasal 75 ayat (1) huruf c angka 3,"tersangka, ditahan, segera, dikeluarkan, benda",
Perdirjen_07_2021,Perdirjen Nomor 07 Tahun 2021,Perdirjen,2021,07,BAB XI,Ketentuan Penutup,,,75,1,c,4,Sanksi,"Surat Perintah ini berlaku sejak tanggal dikeluarkan. Selesai. Dikeluarkan di : ……. Pada Tanggal ……. Yang menerima perintah Direktur Pengendalian SDPPI/Kepala UPT………. Selaku PPNS, ……………………… Ttd (nama) NIP. : ………………… Surat Perintah Penghentian Penyidikan (Atasan Selaku PPNS) KOP SURAT DIREKTORAT PENGENDALIAN SDPPI / BALMON / LOKA Pro Justitia SURAT PERINTAH PENGHENTIAN PENYIDIKAN Pertimbangan : Bahwa berdasarkan hasil penyidikan terhadap tersangka, saksi dan barang bukti, perbuatan pidana yang disangkakan kepada tersangka tidak cukup bukti atau tidak memenuhi unsur pasal dipersangkakan, atau peristiwa tersebut bukan merupakan tindak pidana atau penyidikan dihentikan demi hukum, sehingga perlu mengeluarkan Surat Perintah ini. Dasar : 1. Pasal 6 ayat (1) huruf b Pasal 7 ayat (2), dan Pasal 109 ayat (2) dan ayat (3) KUHAP.",Pasal 75 ayat (1) huruf c angka 4,"surat, perintah, penyidikan, tanggal, dikeluarkan",
Perdirjen_07_2021,Perdirjen Nomor 07 Tahun 2021,Perdirjen,2021,07,BAB XI,Ketentuan Penutup,,,75,1,c,2,Ketentuan,Pasal … Undang-undang Nomor : ……… Tahun ………… tentang ………………… ;,Pasal 75 ayat (1) huruf c angka 2,"nomor, tahun",
Perdirjen_07_2021,Perdirjen Nomor 07 Tahun 2021,Perdirjen,2021,07,BAB XI,Ketentuan Penutup,,,75,1,c,3,Ketentuan,Surat Pemberitahuan Dimulainya Penyidikan Nomor : …….... tanggal ……………... ;,Pasal 75 ayat (1) huruf c angka 3,"surat, pemberitahuan, dimulainya, penyidikan, nomor",
Perdirjen_07_2021,Perdirjen Nomor 07 Tahun 2021,Perdirjen,2021,07,BAB XI,Ketentuan Penutup,,,75,1,c,4,Sanksi,"Resume hasil penyidikan tindak pidana di bidang ………… atas nama tersangka ………, sebagaimana dimaksud dalam Pasal ….. Undang-Undang Nomor : .......... Tahun …….............. tentang .....................;",Pasal 75 ayat (1) huruf c angka 4,"resume, hasil, penyidikan, tindak, pidana",
Perdirjen_07_2021,Perdirjen Nomor 07 Tahun 2021,Perdirjen,2021,07,BAB XI,Ketentuan Penutup,,,75,1,c,5,Ketentuan,Hasil Gelar Perkara tanggal ..........................; Diperintahkan Kepada : 1. Nama : ……………………….. Pangkat/NIP : ……………………….. Jabatan : ………………………..,Pasal 75 ayat (1) huruf c angka 5,"hasil, gelar, perkara, tanggal, diperintahkan",
Perdirjen_07_2021,Perdirjen Nomor 07 Tahun 2021,Perdirjen,2021,07,BAB XI,Ketentuan Penutup,,,75,1,c,2,Sanksi,"Nama : ……………………….. Pangkat/NIP : ……………………….. Jabatan : ……………………….. Untuk : 1. Menghentikan penyidikan tindak pidana atas nama tersangka: Nama : …………………………… Tempat/Tanggal Lahir : …………………………… Jenis Kelamin : …………………………… Agama : …………………………… Kewarganegaraan : …………………………… Pekerjaan : …………………………… Alamat Tinggal : …………………………… sebagaimana dimaksud dalam Pasal ..... Undang- Terhitung mulai tanggal : ……………........... karena ………… (tidak cukup bukti atau tidak memenuhi unsur pasal yang dipersangkakan kepada tersangka, atau peristiwa tersebut bukan merupakan tindak pidana atau penyidikan dihentikan demi hukum).*",Pasal 75 ayat (1) huruf c angka 2,"nama, penyidikan, tindak, pidana, tersangka",
Perdirjen_07_2021,Perdirjen Nomor 07 Tahun 2021,Perdirjen,2021,07,BAB XI,Ketentuan Penutup,,,75,1,c,2,Ketentuan,Memberitahukan penghentian penyidikan kepada Kepala Kejaksaan ................ dan Kepala Kepolisian ............ serta pihak-pihak yang terkait.,Pasal 75 ayat (1) huruf c angka 2,"kepala, pihak, memberitahukan, penghentian, penyidikan",
Perdirjen_07_2021,Perdirjen Nomor 07 Tahun 2021,Perdirjen,2021,07,BAB XI,Ketentuan Penutup,,,75,1,c,3,Sanksi,"Dalam hal tersangka ditahan segera dikeluarkan dan benda sitaan dikembalikan kepada yang berhak. 4. Surat Perintah ini berlaku sejak tanggal dikeluarkan. Selesai Dikeluarkan di : ………. Pada Tanggal …………… Yang menerima perintah Penyidik Pegawai Negeri Sipil ……………………… ………………………. NIP. …………… NIP. …………………. Mengetahui Direktur Pengendalian SDPPI/Kepala UPT………. ………………………….. NIP. ………………… DIREKTUR JENDERAL SUMBER DAYA DAN PERANGKAT POS DAN INFORMATIKA, ISMAIL LAMPIRAN VI PERATURAN DIREKTUR JENDERAL SUMBER DAYA DAN PERANGKAT POS DAN INFORMATIKA NOMOR 07 TAHUN 2021 TENTANG TATA CARA PEMBINAAN, PENGAWASAN, DAN PENGENAAN SANKSI TERHADAP PELANGGARAN PENGGUNAAN SPEKTRUM FREKUENSI RADIO DAN ALAT TELEKOMUNIKASI DAN/ATAU PERANGKAT TELEKOMUNIKASI FORMULIR TANDA TERIMA MASUK DAN KELUAR BARANG BUKTI TANDA TERIMA MASUK DAN/ATAU KELUAR BARANG BUKTI BARANG BUKTI PERANGKAT NO. JUMLAH PEMILIK KETERANGAN (Merk/Tipe, Model) MASUK KELUAR Persyaratan Proses:",Pasal 75 ayat (1) huruf c angka 3,"perangkat, dikeluarkan, direktur, masuk, keluar",
Perdirjen_07_2021,Perdirjen Nomor 07 Tahun 2021,Perdirjen,2021,07,BAB XI,Ketentuan Penutup,,,75,1,c,1,Ketentuan,Barang Bukti Diamankan:,Pasal 75 ayat (1) huruf c angka 1,"barang, bukti, diamankan",
Perdirjen_07_2021,Perdirjen Nomor 07 Tahun 2021,Perdirjen,2021,07,BAB XI,Ketentuan Penutup,,,75,1,a,,Ketentuan,Surat Perintah Tugas,Pasal 75 ayat (1) huruf a,"surat, perintah, tugas",
Perdirjen_07_2021,Perdirjen Nomor 07 Tahun 2021,Perdirjen,2021,07,BAB XI,Ketentuan Penutup,,,75,1,b,,Ketentuan,Berita Acara Pernyataan,Pasal 75 ayat (1) huruf b,"berita, acara, pernyataan",
Perdirjen_07_2021,Perdirjen Nomor 07 Tahun 2021,Perdirjen,2021,07,BAB XI,Ketentuan Penutup,,,75,1,c,,Ketentuan,Surat Tanda Penerimaan (STP),Pasal 75 ayat (1) huruf c,"surat, tanda, penerimaan",
Perdirjen_07_2021,Perdirjen Nomor 07 Tahun 2021,Perdirjen,2021,07,BAB XI,Ketentuan Penutup,,,75,1,c,2,Ketentuan,Barang Bukti Tahap 2/P.21:,Pasal 75 ayat (1) huruf c angka 2,"barang, bukti, tahap",
Perdirjen_07_2021,Perdirjen Nomor 07 Tahun 2021,Perdirjen,2021,07,BAB XI,Ketentuan Penutup,,,75,1,a,,Ketentuan,Surat Pelaksanaan Tahap 2,Pasal 75 ayat (1) huruf a,"surat, pelaksanaan, tahap",
Perdirjen_07_2021,Perdirjen Nomor 07 Tahun 2021,Perdirjen,2021,07,BAB XI,Ketentuan Penutup,,,75,1,b,,Ketentuan,Surat Kejaksaan tahap BP Lengkap P.21,Pasal 75 ayat (1) huruf b,"surat, kejaksaan, tahap, lengkap",
Perdirjen_07_2021,Perdirjen Nomor 07 Tahun 2021,Perdirjen,2021,07,BAB XI,Ketentuan Penutup,,,75,1,c,,Ketentuan,Surat Penetapan PN perihal penyitaan,Pasal 75 ayat (1) huruf c,"surat, penetapan, perihal, penyitaan",
Perdirjen_07_2021,Perdirjen Nomor 07 Tahun 2021,Perdirjen,2021,07,BAB XI,Ketentuan Penutup,,,75,1,c,3,Ketentuan,Barang Bukti Dikembalikan:,Pasal 75 ayat (1) huruf c angka 3,"barang, bukti, dikembalikan",
Perdirjen_07_2021,Perdirjen Nomor 07 Tahun 2021,Perdirjen,2021,07,BAB XI,Ketentuan Penutup,,,75,1,a,,Ketentuan,"Surat Permohonan dari Pemilik, Disposisi Atasan PPNS",Pasal 75 ayat (1) huruf a,"surat, permohonan, pemilik, disposisi, atasan",
Perdirjen_07_2021,Perdirjen Nomor 07 Tahun 2021,Perdirjen,2021,07,BAB XI,Ketentuan Penutup,,,75,1,b,,Ketentuan,Surat Perintah Pelaksanaan Pengembalian Barang Bukti,Pasal 75 ayat (1) huruf b,"surat, perintah, pelaksanaan, pengembalian, barang",
Perdirjen_07_2021,Perdirjen Nomor 07 Tahun 2021,Perdirjen,2021,07,BAB XI,Ketentuan Penutup,,,75,1,c,,Ketentuan,Salinan ISR dan/atau Sertifikasi Alat Telekomunikasi dan/atau Perangkat Telekomunikasi,Pasal 75 ayat (1) huruf c,"telekomunikasi, salinan, sertifikasi, alat, perangkat",
Perdirjen_07_2021,Perdirjen Nomor 07 Tahun 2021,Perdirjen,2021,07,BAB XI,Ketentuan Penutup,,,75,1,d,,Ketentuan,Berita Acara Pengembalian Barang Bukti,Pasal 75 ayat (1) huruf d,"berita, acara, pengembalian, barang, bukti",
Perdirjen_07_2021,Perdirjen Nomor 07 Tahun 2021,Perdirjen,2021,07,BAB XI,Ketentuan Penutup,,,75,1,d,4,Ketentuan,Barang Bukti Kegiatan Perampasan dan/atau Pemusnahan:,Pasal 75 ayat (1) huruf d angka 4,"barang, bukti, kegiatan, perampasan, pemusnahan",
Perdirjen_07_2021,Perdirjen Nomor 07 Tahun 2021,Perdirjen,2021,07,BAB XI,Ketentuan Penutup,,,75,1,a,,Ketentuan,Surat Keputusan Atasan PPNS perihal Barang Bukti yang Dirampas dan/atau dimusnahkan,Pasal 75 ayat (1) huruf a,"surat, keputusan, atasan, ppns, perihal",
Perdirjen_07_2021,Perdirjen Nomor 07 Tahun 2021,Perdirjen,2021,07,BAB XI,Ketentuan Penutup,,,75,1,b,,Ketentuan,Data Perkara dan Barang Bukti yang dirampas dan/atau dimusnahkan,Pasal 75 ayat (1) huruf b,"data, perkara, barang, bukti, dirampas",
Perdirjen_07_2021,Perdirjen Nomor 07 Tahun 2021,Perdirjen,2021,07,BAB XI,Ketentuan Penutup,,,75,1,c,,Ketentuan,"Surat Perintah Pelaksanaan Perampasan dan/atau Pemusnahan d. Berita Acara Pernyataan ………………, ……………………… PPNS, Petugas Pengawas Barang Bukti, …………………………………. ………………………………………….. Menyetujui, Atasan PPNS, ………………………………. DATA PERKARA DAN BARANG BUKTI DIAMANKAN UNTUK DILAKSANAKAN PERAMPASAN DAN/ATAU PEMUSNAHAN MEREK/TIPE, PERNYATAAN PPNS KETERANGAN TANGGAL JENIS DUGAAN NO. MODEL PEMILIK LOKASI KEJADIAN PERANGKAT PASAL PERANGKAT ADA TIDAK ……………………, …………………………",Pasal 75 ayat (1) huruf c,"ppns, perampasan, pemusnahan, pernyataan, barang",
Perdirjen_07_2021,Perdirjen Nomor 07 Tahun 2021,Perdirjen,2021,07,BAB XI,Ketentuan Penutup,,,75,1,c,1,Ketentuan,"Pelaksana Tugas, ………………………………..",Pasal 75 ayat (1) huruf c angka 1,"pelaksana, tugas",
Perdirjen_07_2021,Perdirjen Nomor 07 Tahun 2021,Perdirjen,2021,07,BAB XI,Ketentuan Penutup,,,75,1,c,2,Ketentuan,"Menyetujui, Atasan PPNS, ……………………………….",Pasal 75 ayat (1) huruf c angka 2,"menyetujui, atasan, ppns",
Perdirjen_07_2021,Perdirjen Nomor 07 Tahun 2021,Perdirjen,2021,07,BAB XI,Ketentuan Penutup,,,75,1,c,3,Ketentuan,"Petugas Pengelola Barang Bukti, ………………………………… DIREKTUR JENDERAL SUMBER DAYA DAN PERANGKAT POS DAN INFORMATIKA, ISMAIL",Pasal 75 ayat (1) huruf c angka 3,"petugas, pengelola, barang, bukti, direktur",
