doc_id,nama_dokumen,jenis,tahun,nomor,bab,nama_bab,bagian,paragraf,pasal,ayat,huruf,angka,tipe,isi,referensi,kata_kunci,entitas
Permen_9_2023,Permen Nomor 9 Tahun 2023,Permen,2023,9,BAB I,Ketentuan Umum,,,1,,,,Definisi,Dalam Peraturan Menteri ini yang dimaksud dengan:,Pasal 1,menteri,Menteri
Permen_9_2023,Permen Nomor 9 Tahun 2023,Permen,2023,9,BAB I,Ketentuan Umum,,,1,,,1,Ketentuan,"Telekomunikasi adalah setiap pemancaran, pengiriman dan atau penerimaan dari hasil informasi dalam bentuk tanda-tanda, isyarat, tulisan, gambar, suara, dan bunyi melalui sistem kawat, optik, radio, atau sistem elektromagnetik lainnya.",Pasal 1 angka 1,"tanda, sistem, telekomunikasi, setiap, pemancaran",
Permen_9_2023,Permen Nomor 9 Tahun 2023,Permen,2023,9,BAB I,Ketentuan Umum,,,1,,,2,Ketentuan,"Penyiaran adalah pemancarluasan siaran melalui sarana pemancaran dan/atau sarana transmisi di darat, di laut, atau di antariksa dengan menggunakan spektrum frekuensi radio melalui udara, kabel, dan/atau media lainnya untuk dapat diterima secara serentak dan bersamaan oleh masyarakat dengan perangkat penerima siaran.",Pasal 1 angka 2,"siaran, melalui, sarana, penyiaran, pemancarluasan",Masyarakat
Permen_9_2023,Permen Nomor 9 Tahun 2023,Permen,2023,9,BAB I,Ketentuan Umum,,,1,,,3,Ketentuan,"Spektrum Frekuensi Radio adalah gelombang elektromagnetik dengan frekuensi lebih kecil dari 3000 GHz yang merambat di udara dan/atau ruang angkasa yang berfungsi sebagai media pengiriman dan/atau penerimaan informasi untuk keperluan antara lain penyelenggaraan Telekomunikasi, penyelenggaraan Penyiaran, penerbangan, pelayaran, meteorologi, penginderaan jarak jauh, dan astronomi.",Pasal 1 angka 3,"frekuensi, penyelenggaraan, spektrum, radio, gelombang",
Permen_9_2023,Permen Nomor 9 Tahun 2023,Permen,2023,9,BAB I,Ketentuan Umum,,,1,,,4,Ketentuan,Pita Frekuensi Radio adalah bagian dari Spektrum Frekuensi Radio yang mempunyai lebar tertentu.,Pasal 1 angka 4,"frekuensi, radio, pita, spektrum, mempunyai",
Permen_9_2023,Permen Nomor 9 Tahun 2023,Permen,2023,9,BAB I,Ketentuan Umum,,,1,,,5,Ketentuan,Kanal Frekuensi Radio adalah bagian dari Pita Frekuensi Radio yang ditetapkan untuk suatu stasiun radio.,Pasal 1 angka 5,"radio, frekuensi, kanal, pita, ditetapkan",
Permen_9_2023,Permen Nomor 9 Tahun 2023,Permen,2023,9,BAB I,Ketentuan Umum,,,1,,,6,Definisi,Izin Pita Frekuensi Radio yang selanjutnya disingkat IPFR adalah izin penggunaan Spektrum Frekuensi Radio dalam bentuk Pita Frekuensi Radio berdasarkan persyaratan tertentu.,Pasal 1 angka 6,"frekuensi, radio, izin, pita, selanjutnya",
Permen_9_2023,Permen Nomor 9 Tahun 2023,Permen,2023,9,BAB I,Ketentuan Umum,,,1,,,7,Definisi,Izin Stasiun Radio yang selanjutnya disingkat ISR adalah izin penggunaan Spektrum Frekuensi Radio dalam bentuk Kanal Frekuensi Radio berdasarkan persyaratan tertentu.,Pasal 1 angka 7,"radio, izin, frekuensi, stasiun, selanjutnya",
Permen_9_2023,Permen Nomor 9 Tahun 2023,Permen,2023,9,BAB I,Ketentuan Umum,,,1,,,8,Ketentuan,Stasiun Radio adalah satu atau beberapa perangkat pemancar atau perangkat penerima atau gabungan dari perangkat pemancar radio dan penerima radio termasuk alat perlengkapan yang diperlukan di satu lokasi untuk menyelenggarakan komunikasi radio.,Pasal 1 angka 8,"radio, perangkat, satu, pemancar, penerima",
Permen_9_2023,Permen Nomor 9 Tahun 2023,Permen,2023,9,BAB I,Ketentuan Umum,,,1,,,9,Definisi,"Penerimaan Negara Bukan Pajak yang selanjutnya disingkat PNBP adalah pungutan yang dibayar oleh orang pribadi atau badan dengan memperoleh manfaat langsung maupun tidak langsung atas layanan atau pemanfaatan sumber daya dan hak yang diperoleh negara, berdasarkan peraturan perundang-undangan, yang menjadi penerimaan pemerintah pusat di luar penerimaan perpajakan dan hibah dan dikelola dalam mekanisme anggaran pendapatan dan belanja negara.",Pasal 1 angka 9,"penerimaan, negara, langsung, bukan, pajak","Pemerintah Pusat, Badan"
Permen_9_2023,Permen Nomor 9 Tahun 2023,Permen,2023,9,BAB I,Ketentuan Umum,,,1,,,10,Definisi,"Biaya Hak Penggunaan Spektrum Frekuensi Radio yang selanjutnya disebut BHP Spektrum Frekuensi Radio adalah kewajiban yang harus dibayar oleh setiap pemegang izin penggunaan Spektrum Frekuensi Radio. Catatan : - UU ITE No 11 Tahun 2008 Pasal 5 ayat 1 ""Informasi Elektronik dan/atau Dokumen Elektronik dan/atau hasil cetaknya merupakan alat bukti hukum yang sah."" - Dokumen ini telah ditandatangani secara elektronik menggunakansertifikat elektronikyang diterbitkanBSrE - 4 -",Pasal 1 angka 10,"spektrum, frekuensi, radio, elektronik, penggunaan",
Permen_9_2023,Permen Nomor 9 Tahun 2023,Permen,2023,9,BAB I,Ketentuan Umum,,,1,,,11,Definisi,Biaya Hak Penggunaan Spektrum Frekuensi Radio untuk Izin Pita Frekuensi Radio yang selanjutnya disebut BHP IPFR adalah kewajiban yang harus dibayar oleh setiap pemegang IPFR.,Pasal 1 angka 11,"frekuensi, radio, ipfr, biaya, penggunaan",
Permen_9_2023,Permen Nomor 9 Tahun 2023,Permen,2023,9,BAB I,Ketentuan Umum,,,1,,,12,Kewajiban,Biaya IPFR Tahunan adalah kewajiban yang harus dibayar oleh setiap pemegang IPFR setiap tahun.,Pasal 1 angka 12,"ipfr, setiap, biaya, tahunan, kewajiban",
Permen_9_2023,Permen Nomor 9 Tahun 2023,Permen,2023,9,BAB I,Ketentuan Umum,,,1,,,13,Definisi,Biaya Hak Penggunaan Spektrum Frekuensi Radio untuk Izin Stasiun Radio yang selanjutnya disebut BHP ISR adalah kewajiban yang harus dibayar oleh setiap pemegang ISR.,Pasal 1 angka 13,"radio, biaya, penggunaan, spektrum, frekuensi",
Permen_9_2023,Permen Nomor 9 Tahun 2023,Permen,2023,9,BAB I,Ketentuan Umum,,,1,,,14,Ketentuan,Alat Telekomunikasi adalah setiap alat perlengkapan yang digunakan dalam bertelekomunikasi.,Pasal 1 angka 14,"alat, telekomunikasi, setiap, perlengkapan, digunakan",
Permen_9_2023,Permen Nomor 9 Tahun 2023,Permen,2023,9,BAB I,Ketentuan Umum,,,1,,,15,Ketentuan,Perangkat Telekomunikasi adalah sekelompok Alat Telekomunikasi yang memungkinkan bertelekomunikasi.,Pasal 1 angka 15,"telekomunikasi, perangkat, sekelompok, alat, memungkinkan",
Permen_9_2023,Permen Nomor 9 Tahun 2023,Permen,2023,9,BAB I,Ketentuan Umum,,,1,,,16,Ketentuan,Sertifikat Alat Telekomunikasi dan/atau Perangkat Telekomunikasi adalah dokumen yang menyatakan kesesuaian tipe Alat Telekomunikasi dan/atau Perangkat Telekomunikasi terhadap standar teknis yang ditetapkan.,Pasal 1 angka 16,"telekomunikasi, alat, perangkat, sertifikat, dokumen",
Permen_9_2023,Permen Nomor 9 Tahun 2023,Permen,2023,9,BAB I,Ketentuan Umum,,,1,,,17,Definisi,Surat Pemberitahuan Pembayaran yang selanjutnya disingkat SPP adalah surat pemberitahuan besaran BHP Spektrum Frekuensi Radio atau besaran biaya Sertifikat Alat Telekomunikasi dan/atau Perangkat Telekomunikasi.,Pasal 1 angka 17,"surat, pemberitahuan, besaran, telekomunikasi, pembayaran",
Permen_9_2023,Permen Nomor 9 Tahun 2023,Permen,2023,9,BAB I,Ketentuan Umum,,,1,,,18,Ketentuan,Pengujian Alat Telekomunikasi dan/atau Perangkat Telekomunikasi adalah penilaian kesesuaian karakteristik Alat Telekomunikasi dan/atau Perangkat Telekomunikasi terhadap standar teknis yang berlaku melalui pengukuran.,Pasal 1 angka 18,"telekomunikasi, alat, perangkat, pengujian, penilaian",
Permen_9_2023,Permen Nomor 9 Tahun 2023,Permen,2023,9,BAB I,Ketentuan Umum,,,1,,,19,Definisi,Wajib Bayar adalah orang pribadi atau badan dari dalam negeri atau luar negeri yang mempunyai kewajiban membayar PNBP sesuai dengan ketentuan peraturan perundang-undangan.,Pasal 1 angka 19,"negeri, wajib, bayar, orang, pribadi",Badan
Permen_9_2023,Permen Nomor 9 Tahun 2023,Permen,2023,9,BAB I,Ketentuan Umum,,,1,,,20,Ketentuan,Hari adalah hari kalender.,Pasal 1 angka 20,"hari, kalender",
Permen_9_2023,Permen Nomor 9 Tahun 2023,Permen,2023,9,BAB I,Ketentuan Umum,,,1,,,21,Ketentuan,Menteri adalah menteri yang menyelenggarakan urusan pemerintahan di bidang komunikasi dan informatika.,Pasal 1 angka 21,"menteri, menyelenggarakan, urusan, pemerintahan, bidang",Menteri
Permen_9_2023,Permen Nomor 9 Tahun 2023,Permen,2023,9,BAB I,Ketentuan Umum,,,1,,,22,Ketentuan,Direktur Jenderal adalah Direktur Jenderal Sumber Daya dan Perangkat Pos dan Informatika.,Pasal 1 angka 22,"direktur, jenderal, sumber, daya, perangkat",
Permen_9_2023,Permen Nomor 9 Tahun 2023,Permen,2023,9,BAB I,Ketentuan Umum,,,1,,,23,Ketentuan,Kementerian adalah kementerian yang menyelenggarakan urusan pemerintahan di bidang komunikasi dan informatika.,Pasal 1 angka 23,"kementerian, menyelenggarakan, urusan, pemerintahan, bidang",Kementerian
Permen_9_2023,Permen Nomor 9 Tahun 2023,Permen,2023,9,BAB I,Ketentuan Umum,,,1,,,24,Ketentuan,Direktorat Jenderal adalah Direktorat Jenderal Sumber Daya dan Perangkat Pos dan Informatika.,Pasal 1 angka 24,"direktorat, jenderal, sumber, daya, perangkat",
Permen_9_2023,Permen Nomor 9 Tahun 2023,Permen,2023,9,BAB I,Ketentuan Umum,,,2,,,,Ketentuan,Jenis PNBP yang berlaku pada sektor sumber daya dan perangkat pos dan informatika meliputi penerimaan yang berasal dari:,Pasal 2,"jenis, pnbp, berlaku, sektor, sumber",
Permen_9_2023,Permen Nomor 9 Tahun 2023,Permen,2023,9,BAB I,Ketentuan Umum,,,2,,a,,Ketentuan,penggunaan Spektrum Frekuensi Radio;,Pasal 2 huruf a,"penggunaan, spektrum, frekuensi, radio",
Permen_9_2023,Permen Nomor 9 Tahun 2023,Permen,2023,9,BAB I,Ketentuan Umum,,,2,,b,,Ketentuan,penerbitan Sertifikat Alat Telekomunikasi dan/atau Perangkat Telekomunikasi;,Pasal 2 huruf b,"telekomunikasi, penerbitan, sertifikat, alat, perangkat",
Permen_9_2023,Permen Nomor 9 Tahun 2023,Permen,2023,9,BAB I,Ketentuan Umum,,,2,,c,,Ketentuan,Pengujian Alat Telekomunikasi dan/atau Perangkat Telekomunikasi;,Pasal 2 huruf c,"telekomunikasi, pengujian, alat, perangkat",
Permen_9_2023,Permen Nomor 9 Tahun 2023,Permen,2023,9,BAB I,Ketentuan Umum,,,2,,d,,Ketentuan,kalibrasi alat ukur; dan,Pasal 2 huruf d,"kalibrasi, alat, ukur",
Permen_9_2023,Permen Nomor 9 Tahun 2023,Permen,2023,9,BAB I,Ketentuan Umum,,,2,,e,,Sanksi,"denda administratif. Catatan : - UU ITE No 11 Tahun 2008 Pasal 5 ayat 1 ""Informasi Elektronik dan/atau Dokumen Elektronik dan/atau hasil cetaknya merupakan alat bukti hukum yang sah."" - Dokumen ini telah ditandatangani secara elektronik menggunakansertifikat elektronikyang diterbitkanBSrE - 5 -",Pasal 2 huruf e,"elektronik, dokumen, denda, administratif, catatan",
Permen_9_2023,Permen Nomor 9 Tahun 2023,Permen,2023,9,BAB II,Penerimaan Negara Bukan Pajak Dari Penggunaan Spektrum Frekuensi Radio,Bagian Kesatu,,3,1,,,Kewajiban,Pemegang izin penggunaan Spektrum Frekuensi Radio wajib membayar BHP Spektrum Frekuensi Radio.,Pasal 3 ayat (1),"spektrum, frekuensi, radio, pemegang, izin",
Permen_9_2023,Permen Nomor 9 Tahun 2023,Permen,2023,9,BAB II,Penerimaan Negara Bukan Pajak Dari Penggunaan Spektrum Frekuensi Radio,Bagian Kesatu,,3,2,,,Kewajiban,Kewajiban BHP Spektrum Frekuensi Radio sebagaimana dimaksud pada ayat (1) mulai dikenakan pada saat izin penggunaan Spektrum Frekuensi Radio diterbitkan.,Pasal 3 ayat (2),"spektrum, frekuensi, radio, kewajiban, mulai",
Permen_9_2023,Permen Nomor 9 Tahun 2023,Permen,2023,9,BAB II,Penerimaan Negara Bukan Pajak Dari Penggunaan Spektrum Frekuensi Radio,Bagian Kesatu,,3,3,,,Kewajiban,"Selain menjadi kewajiban bagi pemegang izin penggunaan Spektrum Frekuensi Radio sebagaimana dimaksud pada ayat (2), pembayaran BHP Spektrum Frekuensi Radio juga menjadi persyaratan dalam permohonan izin penggunaan Spektrum Frekuensi Radio.",Pasal 3 ayat (3),"spektrum, frekuensi, radio, menjadi, izin",
Permen_9_2023,Permen Nomor 9 Tahun 2023,Permen,2023,9,BAB II,Penerimaan Negara Bukan Pajak Dari Penggunaan Spektrum Frekuensi Radio,Bagian Kesatu,,3,4,,,Ketentuan,BHP Spektrum Frekuensi Radio sebagaimana dimaksud pada ayat (1) meliputi:,Pasal 3 ayat (4),"spektrum, frekuensi, radio, meliputi",
Permen_9_2023,Permen Nomor 9 Tahun 2023,Permen,2023,9,BAB II,Penerimaan Negara Bukan Pajak Dari Penggunaan Spektrum Frekuensi Radio,Bagian Kesatu,,3,4,a,,Ketentuan,BHP IPFR; dan,Pasal 3 ayat (4) huruf a,ipfr,
Permen_9_2023,Permen Nomor 9 Tahun 2023,Permen,2023,9,BAB II,Penerimaan Negara Bukan Pajak Dari Penggunaan Spektrum Frekuensi Radio,Bagian Kesatu,,3,4,b,,Ketentuan,BHP ISR.,Pasal 3 ayat (4) huruf b,,
Permen_9_2023,Permen Nomor 9 Tahun 2023,Permen,2023,9,BAB II,Penerimaan Negara Bukan Pajak Dari Penggunaan Spektrum Frekuensi Radio,Bagian Kesatu,,4,1,,,Kewajiban,Kewajiban membayar BHP Spektrum Frekuensi Radio sebagaimana dimaksud dalam Pasal 3 ayat (1) dikecualikan untuk penggunaan Spektrum Frekuensi Radio sebagai berikut:,Pasal 4 ayat (1),"spektrum, frekuensi, radio, kewajiban, membayar",
Permen_9_2023,Permen Nomor 9 Tahun 2023,Permen,2023,9,BAB II,Penerimaan Negara Bukan Pajak Dari Penggunaan Spektrum Frekuensi Radio,Bagian Kesatu,,4,1,a,,Ketentuan,Telekomunikasi khusus untuk keperluan pertahanan dan keamanan negara;,Pasal 4 ayat (1) huruf a,"telekomunikasi, khusus, keperluan, pertahanan, keamanan",
Permen_9_2023,Permen Nomor 9 Tahun 2023,Permen,2023,9,BAB II,Penerimaan Negara Bukan Pajak Dari Penggunaan Spektrum Frekuensi Radio,Bagian Kesatu,,4,1,b,,Ketentuan,Telekomunikasi khusus untuk keperluan dinas khusus;,Pasal 4 ayat (1) huruf b,"khusus, telekomunikasi, keperluan, dinas",
Permen_9_2023,Permen Nomor 9 Tahun 2023,Permen,2023,9,BAB II,Penerimaan Negara Bukan Pajak Dari Penggunaan Spektrum Frekuensi Radio,Bagian Kesatu,,4,1,c,,Ketentuan,Telekomunikasi khusus untuk keperluan instansi pemerintah yang digunakan oleh perwakilan negara asing di Indonesia ke dan/atau dari negara asal berdasarkan asas timbal balik;,Pasal 4 ayat (1) huruf c,"negara, telekomunikasi, khusus, keperluan, instansi","Pemerintah, Instansi"
Permen_9_2023,Permen Nomor 9 Tahun 2023,Permen,2023,9,BAB II,Penerimaan Negara Bukan Pajak Dari Penggunaan Spektrum Frekuensi Radio,Bagian Kesatu,,4,1,d,,Ketentuan,"penelitian, uji coba teknologi, dan/atau uji coba Alat Telekomunikasi dan/atau Perangkat Telekomunikasi atau Penyiaran yang tidak bersifat komersial yang dilaksanakan oleh instansi pemerintah dan/atau lembaga pendidikan dan pelatihan dalam negeri;",Pasal 4 ayat (1) huruf d,"coba, telekomunikasi, penelitian, teknologi, alat","Pemerintah, Instansi, Lembaga"
Permen_9_2023,Permen Nomor 9 Tahun 2023,Permen,2023,9,BAB II,Penerimaan Negara Bukan Pajak Dari Penggunaan Spektrum Frekuensi Radio,Bagian Kesatu,,4,1,e,,Ketentuan,kegiatan kenegaraan;,Pasal 4 ayat (1) huruf e,"kegiatan, kenegaraan",
Permen_9_2023,Permen Nomor 9 Tahun 2023,Permen,2023,9,BAB II,Penerimaan Negara Bukan Pajak Dari Penggunaan Spektrum Frekuensi Radio,Bagian Kesatu,,4,1,f,,Ketentuan,kegiatan tanggap darurat penanggulangan bencana; dan/atau,Pasal 4 ayat (1) huruf f,"kegiatan, tanggap, darurat, penanggulangan, bencana",
Permen_9_2023,Permen Nomor 9 Tahun 2023,Permen,2023,9,BAB II,Penerimaan Negara Bukan Pajak Dari Penggunaan Spektrum Frekuensi Radio,Bagian Kesatu,,4,1,g,,Ketentuan,penggunaan Spektrum Frekuensi Radio berdasarkan izin kelas.,Pasal 4 ayat (1) huruf g,"penggunaan, spektrum, frekuensi, radio, izin",
Permen_9_2023,Permen Nomor 9 Tahun 2023,Permen,2023,9,BAB II,Penerimaan Negara Bukan Pajak Dari Penggunaan Spektrum Frekuensi Radio,Bagian Kesatu,,4,2,,,Ketentuan,"Telekomunikasi khusus untuk keperluan dinas khusus sebagaimana dimaksud pada ayat (1) huruf b merupakan penggunaan Spektrum Frekuensi Radio untuk keperluan astronomi, pencarian dan pertolongan (search and rescue/SAR), keselamatan penerbangan, keselamatan pelayaran, meteorologi, klimatologi, dan geofisika, serta penginderaan jarak jauh. Catatan : - UU ITE No 11 Tahun 2008 Pasal 5 ayat 1 ""Informasi Elektronik dan/atau Dokumen Elektronik dan/atau hasil cetaknya merupakan alat bukti hukum yang sah."" - Dokumen ini telah ditandatangani secara elektronik menggunakansertifikat elektronikyang diterbitkanBSrE - 6 -",Pasal 4 ayat (2),"elektronik, khusus, keperluan, keselamatan, dokumen",
Permen_9_2023,Permen Nomor 9 Tahun 2023,Permen,2023,9,BAB II,Penerimaan Negara Bukan Pajak Dari Penggunaan Spektrum Frekuensi Radio,Bagian Kesatu,,4,3,,,Ketentuan,Kegiatan tanggap darurat penanggulangan bencana sebagaimana dimaksud pada ayat (1) huruf f dilaksanakan oleh instansi pemerintah yang memiliki tugas dan fungsi di bidang penanggulangan bencana.,Pasal 4 ayat (3),"penanggulangan, bencana, kegiatan, tanggap, darurat","Pemerintah, Instansi"
Permen_9_2023,Permen Nomor 9 Tahun 2023,Permen,2023,9,BAB II,Penerimaan Negara Bukan Pajak Dari Penggunaan Spektrum Frekuensi Radio,Bagian Kedua,Paragraf 1,5,,,,Ketentuan,Besaran BHP IPFR sebagaimana dimaksud dalam Pasal 3 ayat,Pasal 5,"besaran, ipfr",
Permen_9_2023,Permen Nomor 9 Tahun 2023,Permen,2023,9,BAB II,Penerimaan Negara Bukan Pajak Dari Penggunaan Spektrum Frekuensi Radio,Bagian Kedua,Paragraf 1,5,4,,,Ketentuan,huruf a ditetapkan melalui:,Pasal 5 ayat (4),"ditetapkan, melalui",
Permen_9_2023,Permen Nomor 9 Tahun 2023,Permen,2023,9,BAB II,Penerimaan Negara Bukan Pajak Dari Penggunaan Spektrum Frekuensi Radio,Bagian Kedua,Paragraf 1,5,4,a,,Ketentuan,mekanisme penghitungan dengan menggunakan formula; atau,Pasal 5 ayat (4) huruf a,"mekanisme, penghitungan, menggunakan, formula",
Permen_9_2023,Permen Nomor 9 Tahun 2023,Permen,2023,9,BAB II,Penerimaan Negara Bukan Pajak Dari Penggunaan Spektrum Frekuensi Radio,Bagian Kedua,Paragraf 1,5,4,b,,Ketentuan,mekanisme seleksi.,Pasal 5 ayat (4) huruf b,"mekanisme, seleksi",
Permen_9_2023,Permen Nomor 9 Tahun 2023,Permen,2023,9,BAB II,Penerimaan Negara Bukan Pajak Dari Penggunaan Spektrum Frekuensi Radio,Bagian Kedua,Paragraf 2,6,1,,,Ketentuan,Besaran BHP IPFR yang ditetapkan melalui mekanisme penghitungan dengan menggunakan formula sebagaimana dimaksud dalam Pasal 5 huruf a dihitung menggunakan formula sebagai berikut: BHP IPFR (Rupiah) = N × K × I × C × B,Pasal 6 ayat (1),"ipfr, menggunakan, formula, besaran, ditetapkan",
Permen_9_2023,Permen Nomor 9 Tahun 2023,Permen,2023,9,BAB II,Penerimaan Negara Bukan Pajak Dari Penggunaan Spektrum Frekuensi Radio,Bagian Kedua,Paragraf 2,6,2,,,Ketentuan,Formula sebagaimana dimaksud pada ayat (1) untuk penghitungan BHP IPFR untuk periode penggunaan 1 (satu) tahun.,Pasal 6 ayat (2),"formula, penghitungan, ipfr, periode, penggunaan",
Permen_9_2023,Permen Nomor 9 Tahun 2023,Permen,2023,9,BAB II,Penerimaan Negara Bukan Pajak Dari Penggunaan Spektrum Frekuensi Radio,Bagian Kedua,Paragraf 2,7,1,,,Ketentuan,Nilai N pada formula sebagaimana dimaksud dalam Pasal 6 ayat (1) merupakan faktor normalisasi untuk menjaga kestabilan PNBP dari BHP Spektrum Frekuensi Radio.,Pasal 7 ayat (1),"nilai, formula, faktor, normalisasi, menjaga",
Permen_9_2023,Permen Nomor 9 Tahun 2023,Permen,2023,9,BAB II,Penerimaan Negara Bukan Pajak Dari Penggunaan Spektrum Frekuensi Radio,Bagian Kedua,Paragraf 2,7,2,,,Ketentuan,Besaran nilai N sebagaimana dimaksud pada ayat (1) disesuaikan setiap tahunnya dengan menggunakan data indeks harga konsumen (IHK) yang diterbitkan oleh lembaga yang menyelenggarakan urusan pemerintahan di bidang kegiatan statistik.,Pasal 7 ayat (2),"besaran, nilai, disesuaikan, setiap, tahunnya",Lembaga
Permen_9_2023,Permen Nomor 9 Tahun 2023,Permen,2023,9,BAB II,Penerimaan Negara Bukan Pajak Dari Penggunaan Spektrum Frekuensi Radio,Bagian Kedua,Paragraf 2,7,3,,,Ketentuan,Penyesuaian besaran nilai N sebagaimana dimaksud pada ayat (2) dihitung menggunakan formula sebagai berikut: 𝐼𝐻𝐾𝑛−1,Pasal 7 ayat (3),"penyesuaian, besaran, nilai, dihitung, menggunakan",
Permen_9_2023,Permen Nomor 9 Tahun 2023,Permen,2023,9,BAB II,Penerimaan Negara Bukan Pajak Dari Penggunaan Spektrum Frekuensi Radio,Bagian Kedua,Paragraf 2,7,4,,,Ketentuan,"Data indeks 𝑁h 𝑝 a 𝑒 r 𝑛 g 𝑦𝑒 a 𝑠 𝑢𝑎𝑖 k 𝑎𝑛 on=sumen ×(𝑁IH 𝑛− K 1 ) sebagaimana 𝐼𝐻𝐾𝑛−2 dimaksud pada ayat (2) merupakan data indeks harga konsumen (IHK) umum Indonesia pada bulan Juni. Catatan : - UU ITE No 11 Tahun 2008 Pasal 5 ayat 1 ""Informasi Elektronik dan/atau Dokumen Elektronik dan/atau hasil cetaknya merupakan alat bukti hukum yang sah."" - Dokumen ini telah ditandatangani secara elektronik menggunakansertifikat elektronikyang diterbitkanBSrE - 7 -",Pasal 7 ayat (4),"elektronik, data, indeks, dokumen, sumen",
Permen_9_2023,Permen Nomor 9 Tahun 2023,Permen,2023,9,BAB II,Penerimaan Negara Bukan Pajak Dari Penggunaan Spektrum Frekuensi Radio,Bagian Kedua,Paragraf 2,7,5,,,Ketentuan,IHK dalam formula sebagaimana dimaksud pada n-1 ayat (3) merupakan data indeks harga konsumen (IHK) periode 1 (satu) tahun sebelum tahun penghitungan BHP IPFR.,Pasal 7 ayat (5),"tahun, formula, data, indeks, harga",
Permen_9_2023,Permen Nomor 9 Tahun 2023,Permen,2023,9,BAB II,Penerimaan Negara Bukan Pajak Dari Penggunaan Spektrum Frekuensi Radio,Bagian Kedua,Paragraf 2,7,6,,,Ketentuan,IHK dalam formula sebagaimana dimaksud pada ayat (3) n-2 merupakan data indeks harga konsumen (IHK) periode 2 (dua) tahun sebelum tahun penghitungan BHP IPFR.,Pasal 7 ayat (6),"tahun, formula, data, indeks, harga",
Permen_9_2023,Permen Nomor 9 Tahun 2023,Permen,2023,9,BAB II,Penerimaan Negara Bukan Pajak Dari Penggunaan Spektrum Frekuensi Radio,Bagian Kedua,Paragraf 2,7,7,,,Ketentuan,N dalam formula sebagaimana dimaksud pada ayat (3) n-1 merupakan besaran nilai N yang ditetapkan dalam jangka waktu 1 (satu) tahun sebelum tahun penghitungan BHP IPFR.,Pasal 7 ayat (7),"tahun, formula, besaran, nilai, ditetapkan",
Permen_9_2023,Permen Nomor 9 Tahun 2023,Permen,2023,9,BAB II,Penerimaan Negara Bukan Pajak Dari Penggunaan Spektrum Frekuensi Radio,Bagian Kedua,Paragraf 2,7,8,,,Ketentuan,Hasil penghitungan penyesuaian besaran nilai N sebagaimana dimaksud pada ayat (3) dibulatkan ke atas menjadi sebanyak 5 (lima) angka di belakang koma.,Pasal 7 ayat (8),"hasil, penghitungan, penyesuaian, besaran, nilai",
Permen_9_2023,Permen Nomor 9 Tahun 2023,Permen,2023,9,BAB II,Penerimaan Negara Bukan Pajak Dari Penggunaan Spektrum Frekuensi Radio,Bagian Kedua,Paragraf 2,8,1,,,Ketentuan,Nilai K pada formula sebagaimana dimaksud dalam Pasal 6 ayat (1) merupakan faktor penyesuaian pada tiap Pita Frekuensi Radio tertentu yang memiliki nilai ekonomi.,Pasal 8 ayat (1),"nilai, formula, faktor, penyesuaian, tiap",
Permen_9_2023,Permen Nomor 9 Tahun 2023,Permen,2023,9,BAB II,Penerimaan Negara Bukan Pajak Dari Penggunaan Spektrum Frekuensi Radio,Bagian Kedua,Paragraf 2,8,2,,,Ketentuan,"Nilai K sebagaimana dimaksud pada ayat (1) ditetapkan dengan mempertimbangkan nilai ekonomi dari Pita Frekuensi Radio yang digunakan berdasarkan jenis layanan, wilayah layanan, dan manfaat dari penggunaan frekuensi radio.",Pasal 8 ayat (2),"nilai, frekuensi, radio, layanan, ditetapkan",
Permen_9_2023,Permen Nomor 9 Tahun 2023,Permen,2023,9,BAB II,Penerimaan Negara Bukan Pajak Dari Penggunaan Spektrum Frekuensi Radio,Bagian Kedua,Paragraf 2,8,3,,,Ketentuan,Penetapan nilai K sebagaimana dimaksud pada ayat (2) menggunakan metode sebagai berikut:,Pasal 8 ayat (3),"penetapan, nilai, menggunakan, metode, berikut",
Permen_9_2023,Permen Nomor 9 Tahun 2023,Permen,2023,9,BAB II,Penerimaan Negara Bukan Pajak Dari Penggunaan Spektrum Frekuensi Radio,Bagian Kedua,Paragraf 2,8,3,a,,Ketentuan,"menggunakan nilai K pada Pita Frekuensi Radio lain yang memiliki karakteristik, ekosistem, jenis layanan, wilayah layanan, dan manfaat dari penggunaan yang sama;",Pasal 8 ayat (3) huruf a,"layanan, menggunakan, nilai, pita, frekuensi",
Permen_9_2023,Permen Nomor 9 Tahun 2023,Permen,2023,9,BAB II,Penerimaan Negara Bukan Pajak Dari Penggunaan Spektrum Frekuensi Radio,Bagian Kedua,Paragraf 2,8,3,b,,Ketentuan,benchmark dari negara lain; atau,Pasal 8 ayat (3) huruf b,"benchmark, negara",
Permen_9_2023,Permen Nomor 9 Tahun 2023,Permen,2023,9,BAB II,Penerimaan Negara Bukan Pajak Dari Penggunaan Spektrum Frekuensi Radio,Bagian Kedua,Paragraf 2,8,3,c,,Ketentuan,metode lain yang ditetapkan oleh Menteri setelah mendapatkan pertimbangan dari lembaga yang menyelenggarakan urusan pemerintahan di bidang pengawasan keuangan negara/daerah dan pembangunan nasional.,Pasal 8 ayat (3) huruf c,"metode, ditetapkan, menteri, setelah, mendapatkan","Menteri, Lembaga"
Permen_9_2023,Permen Nomor 9 Tahun 2023,Permen,2023,9,BAB II,Penerimaan Negara Bukan Pajak Dari Penggunaan Spektrum Frekuensi Radio,Bagian Kedua,Paragraf 2,8,4,,,Ketentuan,Besaran nilai K sebagaimana dimaksud pada ayat (2) dapat disesuaikan:,Pasal 8 ayat (4),"besaran, nilai, disesuaikan",
Permen_9_2023,Permen Nomor 9 Tahun 2023,Permen,2023,9,BAB II,Penerimaan Negara Bukan Pajak Dari Penggunaan Spektrum Frekuensi Radio,Bagian Kedua,Paragraf 2,8,4,a,,Ketentuan,berdasarkan hasil evaluasi; atau,Pasal 8 ayat (4) huruf a,"hasil, evaluasi",
Permen_9_2023,Permen Nomor 9 Tahun 2023,Permen,2023,9,BAB II,Penerimaan Negara Bukan Pajak Dari Penggunaan Spektrum Frekuensi Radio,Bagian Kedua,Paragraf 2,8,4,b,,Ketentuan,"dalam hal terdapat perubahan jenis layanan, wilayah layanan, dan/atau manfaat dari penggunaan Pita Frekuensi Radio.",Pasal 8 ayat (4) huruf b,"layanan, terdapat, perubahan, jenis, wilayah",
Permen_9_2023,Permen Nomor 9 Tahun 2023,Permen,2023,9,BAB II,Penerimaan Negara Bukan Pajak Dari Penggunaan Spektrum Frekuensi Radio,Bagian Kedua,Paragraf 2,8,5,,,Ketentuan,Evaluasi sebagaimana dimaksud pada ayat (4) huruf a dilaksanakan paling sedikit 1 (satu) kali dalam 5 (lima) tahun dengan mempertimbangkan:,Pasal 8 ayat (5),"evaluasi, dilaksanakan, paling, sedikit, satu",
Permen_9_2023,Permen Nomor 9 Tahun 2023,Permen,2023,9,BAB II,Penerimaan Negara Bukan Pajak Dari Penggunaan Spektrum Frekuensi Radio,Bagian Kedua,Paragraf 2,8,5,a,,Ketentuan,kondisi industri pemegang IPFR;,Pasal 8 ayat (5) huruf a,"kondisi, industri, pemegang, ipfr",
Permen_9_2023,Permen Nomor 9 Tahun 2023,Permen,2023,9,BAB II,Penerimaan Negara Bukan Pajak Dari Penggunaan Spektrum Frekuensi Radio,Bagian Kedua,Paragraf 2,8,5,b,,Ketentuan,optimalisasi penggunaan Spektrum Frekuensi Radio;,Pasal 8 ayat (5) huruf b,"optimalisasi, penggunaan, spektrum, frekuensi, radio",
Permen_9_2023,Permen Nomor 9 Tahun 2023,Permen,2023,9,BAB II,Penerimaan Negara Bukan Pajak Dari Penggunaan Spektrum Frekuensi Radio,Bagian Kedua,Paragraf 2,8,5,c,,Ketentuan,perubahan dan perkembangan teknologi; dan,Pasal 8 ayat (5) huruf c,"perubahan, perkembangan, teknologi",
Permen_9_2023,Permen Nomor 9 Tahun 2023,Permen,2023,9,BAB II,Penerimaan Negara Bukan Pajak Dari Penggunaan Spektrum Frekuensi Radio,Bagian Kedua,Paragraf 2,8,5,d,,Ketentuan,ekosistem Pita Frekuensi Radio.,Pasal 8 ayat (5) huruf d,"ekosistem, pita, frekuensi, radio",
Permen_9_2023,Permen Nomor 9 Tahun 2023,Permen,2023,9,BAB II,Penerimaan Negara Bukan Pajak Dari Penggunaan Spektrum Frekuensi Radio,Bagian Kedua,Paragraf 2,8,6,,,Ketentuan,"Dikecualikan dari ketentuan sebagaimana dimaksud pada ayat (5), evaluasi untuk nilai K yang digunakan pada penghitungan BHP IPFR berdasarkan mekanisme perubahan ISR menjadi IPFR dilaksanakan setelah berakhirnya masa penahapan pada Pita Frekuensi Radio tersebut. Catatan : - UU ITE No 11 Tahun 2008 Pasal 5 ayat 1 ""Informasi Elektronik dan/atau Dokumen Elektronik dan/atau hasil cetaknya merupakan alat bukti hukum yang sah."" - Dokumen ini telah ditandatangani secara elektronik menggunakansertifikat elektronikyang diterbitkanBSrE - 8 -",Pasal 8 ayat (6),"elektronik, ipfr, dokumen, dikecualikan, evaluasi",
Permen_9_2023,Permen Nomor 9 Tahun 2023,Permen,2023,9,BAB II,Penerimaan Negara Bukan Pajak Dari Penggunaan Spektrum Frekuensi Radio,Bagian Kedua,Paragraf 2,8,7,,,Ketentuan,Penyesuaian besaran nilai K sebagaimana dimaksud pada ayat (4) huruf b dilakukan dengan mempertimbangkan:,Pasal 8 ayat (7),"penyesuaian, besaran, nilai, mempertimbangkan",
Permen_9_2023,Permen Nomor 9 Tahun 2023,Permen,2023,9,BAB II,Penerimaan Negara Bukan Pajak Dari Penggunaan Spektrum Frekuensi Radio,Bagian Kedua,Paragraf 2,8,7,a,,Ketentuan,potensi ekonomi atas jenis layanan;,Pasal 8 ayat (7) huruf a,"potensi, ekonomi, jenis, layanan",
Permen_9_2023,Permen Nomor 9 Tahun 2023,Permen,2023,9,BAB II,Penerimaan Negara Bukan Pajak Dari Penggunaan Spektrum Frekuensi Radio,Bagian Kedua,Paragraf 2,8,7,b,,Ketentuan,kondisi ekonomi pada wilayah layanan; dan/atau,Pasal 8 ayat (7) huruf b,"kondisi, ekonomi, wilayah, layanan",
Permen_9_2023,Permen Nomor 9 Tahun 2023,Permen,2023,9,BAB II,Penerimaan Negara Bukan Pajak Dari Penggunaan Spektrum Frekuensi Radio,Bagian Kedua,Paragraf 2,8,7,c,,Ketentuan,dampak ekonomi atas kemanfaatan penggunaan Pita Frekuensi Radio.,Pasal 8 ayat (7) huruf c,"dampak, ekonomi, kemanfaatan, penggunaan, pita",
Permen_9_2023,Permen Nomor 9 Tahun 2023,Permen,2023,9,BAB II,Penerimaan Negara Bukan Pajak Dari Penggunaan Spektrum Frekuensi Radio,Bagian Kedua,Paragraf 2,8,8,,,Ketentuan,Hasil penghitungan nilai K sebagaimana dimaksud pada ayat (2) dibulatkan ke atas menjadi sebanyak 5 (lima) angka di belakang koma.,Pasal 8 ayat (8),"hasil, penghitungan, nilai, dibulatkan, menjadi",
Permen_9_2023,Permen Nomor 9 Tahun 2023,Permen,2023,9,BAB II,Penerimaan Negara Bukan Pajak Dari Penggunaan Spektrum Frekuensi Radio,Bagian Kedua,Paragraf 2,8,9,,,Ketentuan,Ketentuan lebih lanjut mengenai penetapan besaran nilai K sebagaimana dimaksud pada ayat (2) ditetapkan oleh Menteri.,Pasal 8 ayat (9),"lebih, lanjut, mengenai, penetapan, besaran",Menteri
Permen_9_2023,Permen Nomor 9 Tahun 2023,Permen,2023,9,BAB II,Penerimaan Negara Bukan Pajak Dari Penggunaan Spektrum Frekuensi Radio,Bagian Kedua,Paragraf 2,9,1,,,Ketentuan,Nilai I pada formula sebagaimana dimaksud dalam Pasal 6 ayat (1) merupakan indeks harga dasar Pita Frekuensi Radio sesuai dengan karakteristik propagasi Pita Frekuensi Radio.,Pasal 9 ayat (1),"pita, frekuensi, radio, nilai, formula",
Permen_9_2023,Permen Nomor 9 Tahun 2023,Permen,2023,9,BAB II,Penerimaan Negara Bukan Pajak Dari Penggunaan Spektrum Frekuensi Radio,Bagian Kedua,Paragraf 2,9,2,,,Ketentuan,Besaran nilai I sebagaimana dimaksud pada ayat (1) sesuai dengan ketentuan peraturan perundang- undangan.,Pasal 9 ayat (2),"besaran, nilai, perundang, undangan",
Permen_9_2023,Permen Nomor 9 Tahun 2023,Permen,2023,9,BAB II,Penerimaan Negara Bukan Pajak Dari Penggunaan Spektrum Frekuensi Radio,Bagian Kedua,Paragraf 2,10,1,,,Ketentuan,Nilai C pada formula sebagaimana dimaksud dalam Pasal 6 ayat (1) merupakan konstanta yang merepresentasikan jumlah total populasi penduduk dalam satuan kilopopulasi pada suatu wilayah layanan sesuai dengan IPFR yang ditetapkan.,Pasal 10 ayat (1),"nilai, formula, konstanta, merepresentasikan, jumlah",
Permen_9_2023,Permen Nomor 9 Tahun 2023,Permen,2023,9,BAB II,Penerimaan Negara Bukan Pajak Dari Penggunaan Spektrum Frekuensi Radio,Bagian Kedua,Paragraf 2,10,2,,,Ketentuan,Besaran nilai C sebagaimana dimaksud pada ayat (1) ditetapkan setiap tahun berdasarkan data yang diperoleh dari lembaga yang menyelenggarakan urusan pemerintahan di bidang kegiatan statistik.,Pasal 10 ayat (2),"besaran, nilai, ditetapkan, setiap, tahun",Lembaga
Permen_9_2023,Permen Nomor 9 Tahun 2023,Permen,2023,9,BAB II,Penerimaan Negara Bukan Pajak Dari Penggunaan Spektrum Frekuensi Radio,Bagian Kedua,Paragraf 2,10,3,,,Ketentuan,Besaran nilai C sebagaimana dimaksud pada ayat (2) ditetapkan dengan:,Pasal 10 ayat (3),"besaran, nilai, ditetapkan",
Permen_9_2023,Permen Nomor 9 Tahun 2023,Permen,2023,9,BAB II,Penerimaan Negara Bukan Pajak Dari Penggunaan Spektrum Frekuensi Radio,Bagian Kedua,Paragraf 2,10,3,a,,Ketentuan,menggunakan jumlah populasi penduduk Indonesia 1 (satu) tahun sebelumnya dalam suatu wilayah layanan sesuai dengan IPFR;,Pasal 10 ayat (3) huruf a,"menggunakan, jumlah, populasi, penduduk, indonesia",
Permen_9_2023,Permen Nomor 9 Tahun 2023,Permen,2023,9,BAB II,Penerimaan Negara Bukan Pajak Dari Penggunaan Spektrum Frekuensi Radio,Bagian Kedua,Paragraf 2,10,3,b,,Ketentuan,menggunakan satuan kilopopulasi; dan,Pasal 10 ayat (3) huruf b,"menggunakan, satuan, kilopopulasi",
Permen_9_2023,Permen Nomor 9 Tahun 2023,Permen,2023,9,BAB II,Penerimaan Negara Bukan Pajak Dari Penggunaan Spektrum Frekuensi Radio,Bagian Kedua,Paragraf 2,10,3,c,,Ketentuan,pembulatan ke atas menjadi sebanyak 2 (dua) angka di belakang koma.,Pasal 10 ayat (3) huruf c,"pembulatan, menjadi, sebanyak, belakang, koma",
Permen_9_2023,Permen Nomor 9 Tahun 2023,Permen,2023,9,BAB II,Penerimaan Negara Bukan Pajak Dari Penggunaan Spektrum Frekuensi Radio,Bagian Kedua,Paragraf 2,10,4,,,Ketentuan,Besaran nilai C sebagaimana dimaksud pada ayat (2) digunakan untuk penghitungan BHP IPFR dalam periode bulan Januari sampai dengan Desember.,Pasal 10 ayat (4),"besaran, nilai, digunakan, penghitungan, ipfr",
Permen_9_2023,Permen Nomor 9 Tahun 2023,Permen,2023,9,BAB II,Penerimaan Negara Bukan Pajak Dari Penggunaan Spektrum Frekuensi Radio,Bagian Kedua,Paragraf 2,11,1,,,Ketentuan,Nilai B pada formula sebagaimana dimaksud dalam Pasal 6 ayat (1) merupakan lebar Pita Frekuensi Radio yang dialokasikan sesuai IPFR yang ditetapkan.,Pasal 11 ayat (1),"nilai, formula, lebar, pita, frekuensi",
Permen_9_2023,Permen Nomor 9 Tahun 2023,Permen,2023,9,BAB II,Penerimaan Negara Bukan Pajak Dari Penggunaan Spektrum Frekuensi Radio,Bagian Kedua,Paragraf 2,11,2,,,Ketentuan,Lebar Pita Frekuensi Radio sebagaimana dimaksud pada ayat (1) termasuk memperhitungkan guardband.,Pasal 11 ayat (2),"lebar, pita, frekuensi, radio, termasuk",
Permen_9_2023,Permen Nomor 9 Tahun 2023,Permen,2023,9,BAB II,Penerimaan Negara Bukan Pajak Dari Penggunaan Spektrum Frekuensi Radio,Bagian Kedua,Paragraf 2,11,3,,,Ketentuan,"Guardband sebagaimana dimaksud pada ayat (2) merupakan Pita Frekuensi Radio yang berfungsi mencegah terjadinya gangguan yang merugikan (harmful interference). Catatan : - UU ITE No 11 Tahun 2008 Pasal 5 ayat 1 ""Informasi Elektronik dan/atau Dokumen Elektronik dan/atau hasil cetaknya merupakan alat bukti hukum yang sah."" - Dokumen ini telah ditandatangani secara elektronik menggunakansertifikat elektronikyang diterbitkanBSrE - 9 -",Pasal 11 ayat (3),"elektronik, dokumen, guardband, pita, frekuensi",
Permen_9_2023,Permen Nomor 9 Tahun 2023,Permen,2023,9,BAB II,Penerimaan Negara Bukan Pajak Dari Penggunaan Spektrum Frekuensi Radio,Bagian Kedua,Paragraf 2,11,4,,,Ketentuan,Besaran nilai B sebagaimana dimaksud pada ayat (1) menggunakan satuan Megahertz (MHz).,Pasal 11 ayat (4),"besaran, nilai, menggunakan, satuan, megahertz",
Permen_9_2023,Permen Nomor 9 Tahun 2023,Permen,2023,9,BAB II,Penerimaan Negara Bukan Pajak Dari Penggunaan Spektrum Frekuensi Radio,Bagian Kedua,Paragraf 2,12,,,,Ketentuan,"Besaran nilai N sebagaimana dimaksud dalam Pasal 7, besaran nilai K sebagaimana dimaksud dalam Pasal 8, besaran nilai C sebagaimana dimaksud dalam Pasal 10, dan besaran nilai B sebagaimana dimaksud dalam Pasal 11 ditetapkan oleh Menteri.",Pasal 12,"besaran, nilai, ditetapkan, menteri",Menteri
Permen_9_2023,Permen Nomor 9 Tahun 2023,Permen,2023,9,BAB II,Penerimaan Negara Bukan Pajak Dari Penggunaan Spektrum Frekuensi Radio,Bagian Kedua,Paragraf 2,13,1,,,Ketentuan,Penghitungan besaran BHP IPFR yang ditetapkan melalui mekanisme perubahan ISR menjadi IPFR diberlakukan bertahap.,Pasal 13 ayat (1),"ipfr, penghitungan, besaran, ditetapkan, melalui",
Permen_9_2023,Permen Nomor 9 Tahun 2023,Permen,2023,9,BAB II,Penerimaan Negara Bukan Pajak Dari Penggunaan Spektrum Frekuensi Radio,Bagian Kedua,Paragraf 2,13,2,,,Ketentuan,Penahapan sebagaimana dimaksud pada ayat (1) diberikan untuk jangka waktu paling lama 5 (lima) tahun.,Pasal 13 ayat (2),"penahapan, diberikan, jangka, waktu, paling",
Permen_9_2023,Permen Nomor 9 Tahun 2023,Permen,2023,9,BAB II,Penerimaan Negara Bukan Pajak Dari Penggunaan Spektrum Frekuensi Radio,Bagian Kedua,Paragraf 2,13,3,,,Ketentuan,Jangka waktu penahapan sebagaimana dimaksud pada ayat (2) ditetapkan oleh Menteri dengan mempertimbangkan paling sedikit:,Pasal 13 ayat (3),"jangka, waktu, penahapan, ditetapkan, menteri",Menteri
Permen_9_2023,Permen Nomor 9 Tahun 2023,Permen,2023,9,BAB II,Penerimaan Negara Bukan Pajak Dari Penggunaan Spektrum Frekuensi Radio,Bagian Kedua,Paragraf 2,13,3,a,,Ketentuan,ekosistem Pita Frekuensi Radio;,Pasal 13 ayat (3) huruf a,"ekosistem, pita, frekuensi, radio",
Permen_9_2023,Permen Nomor 9 Tahun 2023,Permen,2023,9,BAB II,Penerimaan Negara Bukan Pajak Dari Penggunaan Spektrum Frekuensi Radio,Bagian Kedua,Paragraf 2,13,3,b,,Kewajiban,kemampuan keuangan Wajib Bayar;,Pasal 13 ayat (3) huruf b,"kemampuan, keuangan, wajib, bayar",
Permen_9_2023,Permen Nomor 9 Tahun 2023,Permen,2023,9,BAB II,Penerimaan Negara Bukan Pajak Dari Penggunaan Spektrum Frekuensi Radio,Bagian Kedua,Paragraf 2,13,3,c,,Ketentuan,PNBP yang berasal dari BHP Spektrum Frekuensi Radio; dan,Pasal 13 ayat (3) huruf c,"pnbp, berasal, spektrum, frekuensi, radio",
Permen_9_2023,Permen Nomor 9 Tahun 2023,Permen,2023,9,BAB II,Penerimaan Negara Bukan Pajak Dari Penggunaan Spektrum Frekuensi Radio,Bagian Kedua,Paragraf 2,13,3,d,,Ketentuan,percepatan transformasi digital.,Pasal 13 ayat (3) huruf d,"percepatan, transformasi, digital",
Permen_9_2023,Permen Nomor 9 Tahun 2023,Permen,2023,9,BAB II,Penerimaan Negara Bukan Pajak Dari Penggunaan Spektrum Frekuensi Radio,Bagian Kedua,Paragraf 2,14,1,,,Ketentuan,Pemberlakuan bertahap dalam penghitungan besaran BHP IPFR melalui mekanisme perubahan ISR menjadi IPFR sebagaimana dimaksud dalam Pasal 13 ayat (1) dihitung menggunakan formula sebagai berikut:,Pasal 14 ayat (1),"ipfr, pemberlakuan, bertahap, penghitungan, besaran",
Permen_9_2023,Permen Nomor 9 Tahun 2023,Permen,2023,9,BAB II,Penerimaan Negara Bukan Pajak Dari Penggunaan Spektrum Frekuensi Radio,Bagian Kedua,Paragraf 2,14,1,a,,Ketentuan,tahun kesatu sebagai berikut: Tahun ke-1 Y = X + ((W × (100/T)% × Δ) – Z),Pasal 14 ayat (1) huruf a,"tahun, kesatu, berikut",
Permen_9_2023,Permen Nomor 9 Tahun 2023,Permen,2023,9,BAB II,Penerimaan Negara Bukan Pajak Dari Penggunaan Spektrum Frekuensi Radio,Bagian Kedua,Paragraf 2,14,1,b,,Ketentuan,tahun kedua sampai dengan tahun akhir masa penahapan (T) sebagai berikut: Tahun ke-W Y = X + (W × (100/T)% × Δ) w,Pasal 14 ayat (1) huruf b,"tahun, kedua, sampai, akhir, masa",
Permen_9_2023,Permen Nomor 9 Tahun 2023,Permen,2023,9,BAB II,Penerimaan Negara Bukan Pajak Dari Penggunaan Spektrum Frekuensi Radio,Bagian Kedua,Paragraf 2,14,2,,,Ketentuan,Tarif BHP IPFR pada periode 1 (satu) tahun sejak berakhirnya penahapan (T+1) sampai dengan masa laku IPFR berakhir dihitung menggunakan formula sebagaimana dimaksud dalam Pasal 6 ayat (1).,Pasal 14 ayat (2),"ipfr, tarif, periode, satu, tahun",
Permen_9_2023,Permen Nomor 9 Tahun 2023,Permen,2023,9,BAB II,Penerimaan Negara Bukan Pajak Dari Penggunaan Spektrum Frekuensi Radio,Bagian Kedua,Paragraf 2,14,3,,,Ketentuan,X sebagaimana dimaksud pada ayat (1) merupakan BHP ISR yang tertagih pada periode 1 (satu) tahun sebelum IPFR diterbitkan.,Pasal 14 ayat (3),"tertagih, periode, satu, tahun, sebelum",
Permen_9_2023,Permen Nomor 9 Tahun 2023,Permen,2023,9,BAB II,Penerimaan Negara Bukan Pajak Dari Penggunaan Spektrum Frekuensi Radio,Bagian Kedua,Paragraf 2,14,4,,,Ketentuan,W sebagaimana dimaksud pada ayat (1) merupakan angka bilangan bulat secara berurut dimulai dari angka 1 hingga angka T sesuai dengan periode tahun IPFR yang diberlakukan masa penahapan tersebut.,Pasal 14 ayat (4),"bilangan, bulat, berurut, dimulai, hingga",
Permen_9_2023,Permen Nomor 9 Tahun 2023,Permen,2023,9,BAB II,Penerimaan Negara Bukan Pajak Dari Penggunaan Spektrum Frekuensi Radio,Bagian Kedua,Paragraf 2,14,5,,,Ketentuan,Δ sebagaimana dimaksud pada ayat (1) merupakan selisih dari BHP IPFR yang menggunakan mekanisme formula untuk tahun pertama dengan BHP ISR yang tertagih pada periode 1 (satu) tahun sebelum IPFR diterbitkan.,Pasal 14 ayat (5),"ipfr, tahun, selisih, menggunakan, mekanisme",
Permen_9_2023,Permen Nomor 9 Tahun 2023,Permen,2023,9,BAB II,Penerimaan Negara Bukan Pajak Dari Penggunaan Spektrum Frekuensi Radio,Bagian Kedua,Paragraf 2,14,6,,,Ketentuan,"Nilai Δ sebagaimana dimaksud pada ayat (1) dihitung menggunakan formula sebagai berikut: Δ = (N × K × I × C × B) – X Catatan : - UU ITE No 11 Tahun 2008 Pasal 5 ayat 1 ""Informasi Elektronik dan/atau Dokumen Elektronik dan/atau hasil cetaknya merupakan alat bukti hukum yang sah."" - Dokumen ini telah ditandatangani secara elektronik menggunakansertifikat elektronikyang diterbitkanBSrE - 10 -",Pasal 14 ayat (6),"elektronik, dokumen, nilai, dihitung, menggunakan",
Permen_9_2023,Permen Nomor 9 Tahun 2023,Permen,2023,9,BAB II,Penerimaan Negara Bukan Pajak Dari Penggunaan Spektrum Frekuensi Radio,Bagian Kedua,Paragraf 2,14,7,,,Ketentuan,Z sebagaimana dimaksud pada ayat (1) merupakan faktor pengurang terhadap BHP IPFR tahun pertama yang dihitung berdasarkan selisih antara besaran BHP ISR yang telah dibayar untuk 365 (tiga ratus enam puluh lima) Hari terhitung sejak tanggal penerbitan atau perpanjangan ISR dan besaran BHP ISR yang telah dibayar untuk jumlah Hari tertentu terhitung sejak tanggal penerbitan atau perpanjangan ISR sampai dengan tanggal berlakunya BHP IPFR.,Pasal 14 ayat (7),"tanggal, ipfr, besaran, dibayar, hari",
Permen_9_2023,Permen Nomor 9 Tahun 2023,Permen,2023,9,BAB II,Penerimaan Negara Bukan Pajak Dari Penggunaan Spektrum Frekuensi Radio,Bagian Kedua,Paragraf 2,14,8,,,Kewajiban,Y sebagaimana dimaksud pada ayat (1) merupakan w besaran BHP IPFR yang harus dibayarkan pada tahun ke-W.,Pasal 14 ayat (8),"besaran, ipfr, dibayarkan, tahun",
Permen_9_2023,Permen Nomor 9 Tahun 2023,Permen,2023,9,BAB II,Penerimaan Negara Bukan Pajak Dari Penggunaan Spektrum Frekuensi Radio,Bagian Kedua,Paragraf 2,14,9,,,Ketentuan,"Besaran nilai X, nilai Δ, dan nilai Z sebagaimana dimaksud pada ayat (1) ditetapkan oleh Menteri.",Pasal 14 ayat (9),"nilai, besaran, ditetapkan, menteri",Menteri
Permen_9_2023,Permen Nomor 9 Tahun 2023,Permen,2023,9,BAB II,Penerimaan Negara Bukan Pajak Dari Penggunaan Spektrum Frekuensi Radio,Bagian Kedua,Paragraf 2,15,1,,,Ketentuan,Besaran BHP IPFR yang ditetapkan melalui mekanisme penghitungan dengan menggunakan formula sebagaimana dimaksud dalam Pasal 6 ayat (1) berupa Biaya IPFR Tahunan.,Pasal 15 ayat (1),"ipfr, besaran, ditetapkan, melalui, mekanisme",
Permen_9_2023,Permen Nomor 9 Tahun 2023,Permen,2023,9,BAB II,Penerimaan Negara Bukan Pajak Dari Penggunaan Spektrum Frekuensi Radio,Bagian Kedua,Paragraf 2,15,2,,,Ketentuan,Besaran BHP IPFR yang ditetapkan melalui mekanisme penghitungan dengan menggunakan formula sebagaimana dimaksud pada ayat (1) ditetapkan oleh Menteri.,Pasal 15 ayat (2),"ditetapkan, besaran, ipfr, melalui, mekanisme",Menteri
Permen_9_2023,Permen Nomor 9 Tahun 2023,Permen,2023,9,BAB II,Penerimaan Negara Bukan Pajak Dari Penggunaan Spektrum Frekuensi Radio,Bagian Kedua,Paragraf 2,16,1,,,Kewajiban,Biaya IPFR Tahunan sebagaimana dimaksud dalam Pasal 15 ayat (1) untuk tahun kesatu wajib dibayar lunas paling lambat pada tanggal jatuh tempo sebagaimana tercantum dalam SPP.,Pasal 16 ayat (1),"biaya, ipfr, tahunan, tahun, kesatu",
Permen_9_2023,Permen Nomor 9 Tahun 2023,Permen,2023,9,BAB II,Penerimaan Negara Bukan Pajak Dari Penggunaan Spektrum Frekuensi Radio,Bagian Kedua,Paragraf 2,16,2,,,Ketentuan,SPP sebagaimana dimaksud pada ayat (1) diterbitkan oleh pejabat kuasa pengelola PNBP sesuai dengan penetapan Pita Frekuensi Radio berdasarkan ketentuan peraturan perundang-undangan.,Pasal 16 ayat (2),"diterbitkan, pejabat, kuasa, pengelola, pnbp",
Permen_9_2023,Permen Nomor 9 Tahun 2023,Permen,2023,9,BAB II,Penerimaan Negara Bukan Pajak Dari Penggunaan Spektrum Frekuensi Radio,Bagian Kedua,Paragraf 2,16,3,,,Ketentuan,"Dalam hal Biaya IPFR Tahunan untuk tahun kesatu sebagaimana dimaksud pada ayat (1) tidak dibayar lunas atau dibayarkan setelah tanggal jatuh tempo, penetapan Pita Frekuensi Radio dibatalkan oleh Menteri dan SPP dinyatakan batal dan tidak berlaku.",Pasal 16 ayat (3),"biaya, ipfr, tahunan, tahun, kesatu",Menteri
Permen_9_2023,Permen Nomor 9 Tahun 2023,Permen,2023,9,BAB II,Penerimaan Negara Bukan Pajak Dari Penggunaan Spektrum Frekuensi Radio,Bagian Kedua,Paragraf 2,16,4,,,Kewajiban,Biaya IPFR Tahunan sebagaimana dimaksud dalam Pasal 15 ayat (1) untuk tahun kedua dan tahun berikutnya sampai dengan masa laku IPFR berakhir wajib dibayar lunas setiap tahun paling lambat pada tanggal jatuh tempo pembayaran Biaya IPFR Tahunan.,Pasal 16 ayat (4),"ipfr, tahun, biaya, tahunan, kedua",
Permen_9_2023,Permen Nomor 9 Tahun 2023,Permen,2023,9,BAB II,Penerimaan Negara Bukan Pajak Dari Penggunaan Spektrum Frekuensi Radio,Bagian Kedua,Paragraf 2,16,5,,,Ketentuan,Tanggal jatuh tempo pembayaran Biaya IPFR Tahunan sebagaimana dimaksud pada ayat (4) merupakan 1 (satu) Hari sebelum tanggal dan bulan mulai berlaku IPFR.,Pasal 16 ayat (5),"tanggal, ipfr, jatuh, tempo, pembayaran",
Permen_9_2023,Permen Nomor 9 Tahun 2023,Permen,2023,9,BAB II,Penerimaan Negara Bukan Pajak Dari Penggunaan Spektrum Frekuensi Radio,Bagian Kedua,Paragraf 2,16,6,,,Sanksi,"Dalam hal Biaya IPFR Tahunan untuk tahun kedua atau tahun berikutnya sampai dengan masa laku IPFR berakhir tidak dibayar lunas atau dibayarkan setelah tanggal jatuh tempo, pemegang IPFR dikenai sanksi sesuai dengan ketentuan peraturan perundang-undangan. Catatan : - UU ITE No 11 Tahun 2008 Pasal 5 ayat 1 ""Informasi Elektronik dan/atau Dokumen Elektronik dan/atau hasil cetaknya merupakan alat bukti hukum yang sah."" - Dokumen ini telah ditandatangani secara elektronik menggunakansertifikat elektronikyang diterbitkanBSrE - 11 -",Pasal 16 ayat (6),"ipfr, tahun, elektronik, dokumen, biaya",
Permen_9_2023,Permen Nomor 9 Tahun 2023,Permen,2023,9,BAB II,Penerimaan Negara Bukan Pajak Dari Penggunaan Spektrum Frekuensi Radio,Bagian Kedua,Paragraf 3,17,1,,,Ketentuan,BHP IPFR yang ditetapkan melalui mekanisme seleksi sebagaimana dimaksud dalam Pasal 5 huruf b diperuntukkan bagi pemegang IPFR yang diterbitkan melalui mekanisme seleksi.,Pasal 17 ayat (1),"ipfr, melalui, mekanisme, seleksi, ditetapkan",
Permen_9_2023,Permen Nomor 9 Tahun 2023,Permen,2023,9,BAB II,Penerimaan Negara Bukan Pajak Dari Penggunaan Spektrum Frekuensi Radio,Bagian Kedua,Paragraf 3,17,2,,,Ketentuan,Seleksi sebagaimana dimaksud pada ayat (1) terdiri atas:,Pasal 17 ayat (2),"seleksi, terdiri",
Permen_9_2023,Permen Nomor 9 Tahun 2023,Permen,2023,9,BAB II,Penerimaan Negara Bukan Pajak Dari Penggunaan Spektrum Frekuensi Radio,Bagian Kedua,Paragraf 3,17,2,a,,Ketentuan,seleksi dengan penawaran harga (lelang harga); dan/atau,Pasal 17 ayat (2) huruf a,"harga, seleksi, penawaran, lelang",
Permen_9_2023,Permen Nomor 9 Tahun 2023,Permen,2023,9,BAB II,Penerimaan Negara Bukan Pajak Dari Penggunaan Spektrum Frekuensi Radio,Bagian Kedua,Paragraf 3,17,2,b,,Ketentuan,seleksi tanpa penawaran harga melalui metode beauty contest.,Pasal 17 ayat (2) huruf b,"seleksi, tanpa, penawaran, harga, melalui",
Permen_9_2023,Permen Nomor 9 Tahun 2023,Permen,2023,9,BAB II,Penerimaan Negara Bukan Pajak Dari Penggunaan Spektrum Frekuensi Radio,Bagian Kedua,Paragraf 3,17,3,,,Ketentuan,Besaran BHP IPFR yang ditetapkan melalui mekanisme seleksi sebagaimana dimaksud pada ayat (1) berupa:,Pasal 17 ayat (3),"besaran, ipfr, ditetapkan, melalui, mekanisme",
Permen_9_2023,Permen Nomor 9 Tahun 2023,Permen,2023,9,BAB II,Penerimaan Negara Bukan Pajak Dari Penggunaan Spektrum Frekuensi Radio,Bagian Kedua,Paragraf 3,17,3,a,,Ketentuan,biaya izin awal; dan,Pasal 17 ayat (3) huruf a,"biaya, izin, awal",
Permen_9_2023,Permen Nomor 9 Tahun 2023,Permen,2023,9,BAB II,Penerimaan Negara Bukan Pajak Dari Penggunaan Spektrum Frekuensi Radio,Bagian Kedua,Paragraf 3,17,3,b,,Ketentuan,Biaya IPFR Tahunan.,Pasal 17 ayat (3) huruf b,"biaya, ipfr, tahunan",
Permen_9_2023,Permen Nomor 9 Tahun 2023,Permen,2023,9,BAB II,Penerimaan Negara Bukan Pajak Dari Penggunaan Spektrum Frekuensi Radio,Bagian Kedua,Paragraf 3,18,1,,,Ketentuan,Besaran biaya izin awal yang diperoleh berdasarkan mekanisme seleksi dengan penawaran harga (lelang harga) sebagaimana dimaksud dalam Pasal 17 ayat (2) huruf a paling tinggi sebesar 2 (dua) kali dari harga penawaran masing-masing pemenang seleksi.,Pasal 18 ayat (1),"harga, seleksi, penawaran, masing, besaran",
Permen_9_2023,Permen Nomor 9 Tahun 2023,Permen,2023,9,BAB II,Penerimaan Negara Bukan Pajak Dari Penggunaan Spektrum Frekuensi Radio,Bagian Kedua,Paragraf 3,18,2,,,Ketentuan,Besaran biaya izin awal yang diperoleh berdasarkan mekanisme seleksi tanpa penawaran harga melalui metode beauty contest sebagaimana dimaksud dalam Pasal 17 ayat (2) huruf b paling tinggi sebesar 2 (dua) kali dari harga dasar penawaran.,Pasal 18 ayat (2),"penawaran, harga, besaran, biaya, izin",
Permen_9_2023,Permen Nomor 9 Tahun 2023,Permen,2023,9,BAB II,Penerimaan Negara Bukan Pajak Dari Penggunaan Spektrum Frekuensi Radio,Bagian Kedua,Paragraf 3,18,3,,,Ketentuan,Besaran biaya izin awal yang diperoleh berdasarkan gabungan mekanisme seleksi dengan penawaran harga (lelang harga) dan mekanisme seleksi tanpa penawaran harga melalui metode beauty contest sebagaimana dimaksud dalam Pasal 17 ayat (2) paling tinggi sebesar 2 (dua) kali dari harga penawaran masing-masing pemenang seleksi.,Pasal 18 ayat (3),"harga, seleksi, penawaran, mekanisme, masing",
Permen_9_2023,Permen Nomor 9 Tahun 2023,Permen,2023,9,BAB II,Penerimaan Negara Bukan Pajak Dari Penggunaan Spektrum Frekuensi Radio,Bagian Kedua,Paragraf 3,18,4,,,Ketentuan,"Penentuan besaran biaya izin awal sebagaimana dimaksud pada ayat (1), ayat (2), dan ayat (3) mempertimbangkan:",Pasal 18 ayat (4),"penentuan, besaran, biaya, izin, awal",
Permen_9_2023,Permen Nomor 9 Tahun 2023,Permen,2023,9,BAB II,Penerimaan Negara Bukan Pajak Dari Penggunaan Spektrum Frekuensi Radio,Bagian Kedua,Paragraf 3,18,4,a,,Ketentuan,kondisi industri telekomunikasi; dan/atau,Pasal 18 ayat (4) huruf a,"kondisi, industri, telekomunikasi",
Permen_9_2023,Permen Nomor 9 Tahun 2023,Permen,2023,9,BAB II,Penerimaan Negara Bukan Pajak Dari Penggunaan Spektrum Frekuensi Radio,Bagian Kedua,Paragraf 3,18,4,b,,Ketentuan,PNBP yang berasal dari penggunaan Spektrum Frekuensi Radio.,Pasal 18 ayat (4) huruf b,"pnbp, berasal, penggunaan, spektrum, frekuensi",
Permen_9_2023,Permen Nomor 9 Tahun 2023,Permen,2023,9,BAB II,Penerimaan Negara Bukan Pajak Dari Penggunaan Spektrum Frekuensi Radio,Bagian Kedua,Paragraf 3,19,,,,Ketentuan,Menteri menetapkan besaran dan skema pembayaran Biaya IPFR Tahunan sebagaimana dimaksud dalam Pasal 17 ayat (3) huruf b dengan mempertimbangkan:,Pasal 19,"menteri, menetapkan, besaran, skema, pembayaran",Menteri
Permen_9_2023,Permen Nomor 9 Tahun 2023,Permen,2023,9,BAB II,Penerimaan Negara Bukan Pajak Dari Penggunaan Spektrum Frekuensi Radio,Bagian Kedua,Paragraf 3,19,,a,,Ketentuan,kondisi industri telekomunikasi;,Pasal 19 huruf a,"kondisi, industri, telekomunikasi",
Permen_9_2023,Permen Nomor 9 Tahun 2023,Permen,2023,9,BAB II,Penerimaan Negara Bukan Pajak Dari Penggunaan Spektrum Frekuensi Radio,Bagian Kedua,Paragraf 3,19,,b,,Ketentuan,PNBP yang berasal dari penggunaan Spektrum Frekuensi Radio; dan/atau,Pasal 19 huruf b,"pnbp, berasal, penggunaan, spektrum, frekuensi",
Permen_9_2023,Permen Nomor 9 Tahun 2023,Permen,2023,9,BAB II,Penerimaan Negara Bukan Pajak Dari Penggunaan Spektrum Frekuensi Radio,Bagian Kedua,Paragraf 3,19,,c,,Ketentuan,"pertimbangan dari lembaga yang menyelenggarakan urusan pemerintahan di bidang pengawasan keuangan negara/daerah dan pembangunan nasional. Catatan : - UU ITE No 11 Tahun 2008 Pasal 5 ayat 1 ""Informasi Elektronik dan/atau Dokumen Elektronik dan/atau hasil cetaknya merupakan alat bukti hukum yang sah."" - Dokumen ini telah ditandatangani secara elektronik menggunakansertifikat elektronikyang diterbitkanBSrE - 12 -",Pasal 19 huruf c,"elektronik, dokumen, pertimbangan, lembaga, menyelenggarakan",Lembaga
Permen_9_2023,Permen Nomor 9 Tahun 2023,Permen,2023,9,BAB II,Penerimaan Negara Bukan Pajak Dari Penggunaan Spektrum Frekuensi Radio,Bagian Kedua,Paragraf 3,20,,,,Ketentuan,Besaran dan mekanisme pembayaran biaya izin awal dan Biaya IPFR Tahunan sebagaimana dimaksud dalam Pasal 17 ayat (3) ditetapkan oleh Menteri berdasarkan hasil seleksi sesuai dengan ketentuan peraturan perundang-undangan.,Pasal 20,"biaya, besaran, mekanisme, pembayaran, izin",Menteri
Permen_9_2023,Permen Nomor 9 Tahun 2023,Permen,2023,9,BAB II,Penerimaan Negara Bukan Pajak Dari Penggunaan Spektrum Frekuensi Radio,Bagian Kedua,Paragraf 3,21,1,,,Kewajiban,Biaya izin awal sebagaimana dimaksud dalam Pasal 20 wajib dibayar lunas paling lambat pada tanggal jatuh tempo sebagaimana tercantum dalam SPP.,Pasal 21 ayat (1),"biaya, izin, awal, wajib, dibayar",
Permen_9_2023,Permen Nomor 9 Tahun 2023,Permen,2023,9,BAB II,Penerimaan Negara Bukan Pajak Dari Penggunaan Spektrum Frekuensi Radio,Bagian Kedua,Paragraf 3,21,2,,,Ketentuan,SPP sebagaimana dimaksud pada ayat (1) diterbitkan oleh pejabat kuasa pengelola PNBP sesuai dengan penetapan pemenang seleksi berdasarkan ketentuan peraturan perundang-undangan.,Pasal 21 ayat (2),"diterbitkan, pejabat, kuasa, pengelola, pnbp",
Permen_9_2023,Permen Nomor 9 Tahun 2023,Permen,2023,9,BAB II,Penerimaan Negara Bukan Pajak Dari Penggunaan Spektrum Frekuensi Radio,Bagian Kedua,Paragraf 3,21,3,,,Ketentuan,"Dalam hal biaya izin awal sebagaimana dimaksud pada ayat (1) tidak dibayar lunas atau dibayarkan setelah tanggal jatuh tempo, penetapan pemenang seleksi sebagaimana dimaksud pada ayat (2) dibatalkan oleh Menteri dan SPP dinyatakan batal dan tidak berlaku.",Pasal 21 ayat (3),"biaya, izin, awal, dibayar, lunas",Menteri
Permen_9_2023,Permen Nomor 9 Tahun 2023,Permen,2023,9,BAB II,Penerimaan Negara Bukan Pajak Dari Penggunaan Spektrum Frekuensi Radio,Bagian Kedua,Paragraf 3,22,1,,,Kewajiban,Biaya IPFR Tahunan sebagaimana dimaksud dalam Pasal 20 untuk tahun kesatu wajib dibayar lunas paling lambat pada tanggal jatuh tempo sebagaimana tercantum dalam SPP.,Pasal 22 ayat (1),"biaya, ipfr, tahunan, tahun, kesatu",
Permen_9_2023,Permen Nomor 9 Tahun 2023,Permen,2023,9,BAB II,Penerimaan Negara Bukan Pajak Dari Penggunaan Spektrum Frekuensi Radio,Bagian Kedua,Paragraf 3,22,2,,,Ketentuan,SPP sebagaimana dimaksud pada ayat (1) diterbitkan oleh pejabat kuasa pengelola PNBP sesuai dengan penetapan pemenang seleksi berdasarkan ketentuan peraturan perundang-undangan.,Pasal 22 ayat (2),"diterbitkan, pejabat, kuasa, pengelola, pnbp",
Permen_9_2023,Permen Nomor 9 Tahun 2023,Permen,2023,9,BAB II,Penerimaan Negara Bukan Pajak Dari Penggunaan Spektrum Frekuensi Radio,Bagian Kedua,Paragraf 3,22,3,,,Ketentuan,"Dalam kondisi diperlukan penataan ulang (refarming) pada Pita Frekuensi Radio hasil seleksi, pembayaran Biaya IPFR Tahunan untuk tahun kesatu dapat dilakukan setelah pelaksanaan penataan ulang (refarming) berakhir.",Pasal 22 ayat (3),"penataan, ulang, refarming, kondisi, diperlukan",
Permen_9_2023,Permen Nomor 9 Tahun 2023,Permen,2023,9,BAB II,Penerimaan Negara Bukan Pajak Dari Penggunaan Spektrum Frekuensi Radio,Bagian Kedua,Paragraf 3,22,4,,,Ketentuan,"Dalam hal Biaya IPFR Tahunan untuk tahun kesatu sebagaimana dimaksud pada ayat (1) tidak dibayar lunas atau dibayarkan setelah tanggal jatuh tempo, penetapan pemenang seleksi sebagaimana dimaksud pada ayat (2) dibatalkan oleh Menteri dan SPP dinyatakan batal dan tidak berlaku.",Pasal 22 ayat (4),"biaya, ipfr, tahunan, tahun, kesatu",Menteri
Permen_9_2023,Permen Nomor 9 Tahun 2023,Permen,2023,9,BAB II,Penerimaan Negara Bukan Pajak Dari Penggunaan Spektrum Frekuensi Radio,Bagian Kedua,Paragraf 3,22,5,,,Kewajiban,Biaya IPFR Tahunan sebagaimana dimaksud dalam Pasal 20 untuk tahun kedua dan tahun berikutnya sampai dengan masa laku IPFR berakhir wajib dibayar lunas setiap tahun paling lambat pada tanggal jatuh tempo pembayaran Biaya IPFR Tahunan.,Pasal 22 ayat (5),"ipfr, tahun, biaya, tahunan, kedua",
Permen_9_2023,Permen Nomor 9 Tahun 2023,Permen,2023,9,BAB II,Penerimaan Negara Bukan Pajak Dari Penggunaan Spektrum Frekuensi Radio,Bagian Kedua,Paragraf 3,22,6,,,Ketentuan,Tanggal jatuh tempo pembayaran Biaya IPFR Tahunan sebagaimana dimaksud pada ayat (5) merupakan 1 (satu) Hari sebelum tanggal dan bulan mulai berlaku IPFR.,Pasal 22 ayat (6),"tanggal, ipfr, jatuh, tempo, pembayaran",
Permen_9_2023,Permen Nomor 9 Tahun 2023,Permen,2023,9,BAB II,Penerimaan Negara Bukan Pajak Dari Penggunaan Spektrum Frekuensi Radio,Bagian Kedua,Paragraf 3,22,7,,,Sanksi,"Dalam hal Biaya IPFR Tahunan untuk tahun kedua atau tahun berikutnya sampai dengan masa laku IPFR berakhir tidak dibayar lunas atau dibayarkan setelah tanggal jatuh tempo, pemegang IPFR dikenai sanksi sesuai dengan ketentuan peraturan perundang-undangan. Catatan : - UU ITE No 11 Tahun 2008 Pasal 5 ayat 1 ""Informasi Elektronik dan/atau Dokumen Elektronik dan/atau hasil cetaknya merupakan alat bukti hukum yang sah."" - Dokumen ini telah ditandatangani secara elektronik menggunakansertifikat elektronikyang diterbitkanBSrE - 13 -",Pasal 22 ayat (7),"ipfr, tahun, elektronik, dokumen, biaya",
Permen_9_2023,Permen Nomor 9 Tahun 2023,Permen,2023,9,BAB II,Penerimaan Negara Bukan Pajak Dari Penggunaan Spektrum Frekuensi Radio,Bagian Kedua,Paragraf 3,23,,,,Ketentuan,IPFR diterbitkan setelah biaya izin awal sebagaimana dimaksud dalam Pasal 21 ayat (1) dan Biaya IPFR Tahunan untuk tahun kesatu sebagaimana dimaksud dalam Pasal 22 ayat (1) dibayar lunas.,Pasal 23,"ipfr, biaya, diterbitkan, setelah, izin",
Permen_9_2023,Permen Nomor 9 Tahun 2023,Permen,2023,9,BAB II,Penerimaan Negara Bukan Pajak Dari Penggunaan Spektrum Frekuensi Radio,Bagian Kedua,Paragraf 3,24,1,,,Ketentuan,"Dalam kondisi tertentu, BHP IPFR yang ditetapkan melalui mekanisme seleksi sebagaimana dimaksud dalam Pasal 17 dapat dikenai faktor pengurang.",Pasal 24 ayat (1),"kondisi, tertentu, ipfr, ditetapkan, melalui",
Permen_9_2023,Permen Nomor 9 Tahun 2023,Permen,2023,9,BAB II,Penerimaan Negara Bukan Pajak Dari Penggunaan Spektrum Frekuensi Radio,Bagian Kedua,Paragraf 3,24,2,,,Ketentuan,Kondisi tertentu sebagaimana dimaksud pada ayat (1) merupakan suatu kondisi yang menimbulkan adanya beban tambahan yang bersifat menambah biaya bagi pemegang IPFR.,Pasal 24 ayat (2),"kondisi, tertentu, suatu, menimbulkan, adanya",
Permen_9_2023,Permen Nomor 9 Tahun 2023,Permen,2023,9,BAB II,Penerimaan Negara Bukan Pajak Dari Penggunaan Spektrum Frekuensi Radio,Bagian Kedua,Paragraf 3,24,3,,,Ketentuan,Kondisi tertentu sebagaimana dimaksud pada ayat (2) meliputi:,Pasal 24 ayat (3),"kondisi, tertentu, meliputi",
Permen_9_2023,Permen Nomor 9 Tahun 2023,Permen,2023,9,BAB II,Penerimaan Negara Bukan Pajak Dari Penggunaan Spektrum Frekuensi Radio,Bagian Kedua,Paragraf 3,24,3,b,,Ketentuan,adanya biaya penggantian dari pengguna baru kepada pengguna lama akibat perubahan kebijakan perencanaan Spektrum Frekuensi Radio sesuai dengan ketentuan peraturan perundang-undangan;,Pasal 24 ayat (3) huruf b,"pengguna, adanya, biaya, penggantian, baru",
Permen_9_2023,Permen Nomor 9 Tahun 2023,Permen,2023,9,BAB II,Penerimaan Negara Bukan Pajak Dari Penggunaan Spektrum Frekuensi Radio,Bagian Kedua,Paragraf 3,24,3,c,,Kewajiban,adanya kewajiban khusus dari pemerintah kepada pemegang IPFR berupa:,Pasal 24 ayat (3) huruf c,"adanya, kewajiban, khusus, kepada, pemegang",Pemerintah
Permen_9_2023,Permen Nomor 9 Tahun 2023,Permen,2023,9,BAB II,Penerimaan Negara Bukan Pajak Dari Penggunaan Spektrum Frekuensi Radio,Bagian Kedua,Paragraf 3,24,3,c,1,Ketentuan,perluasan cakupan layanan di daerah nonekonomis; dan/atau,Pasal 24 ayat (3) huruf c angka 1,"perluasan, cakupan, layanan, daerah, nonekonomis",
Permen_9_2023,Permen Nomor 9 Tahun 2023,Permen,2023,9,BAB II,Penerimaan Negara Bukan Pajak Dari Penggunaan Spektrum Frekuensi Radio,Bagian Kedua,Paragraf 3,24,3,c,2,Ketentuan,"dukungan program strategis atau program pembangunan dalam pembangunan nasional,",Pasal 24 ayat (3) huruf c angka 2,"program, pembangunan, dukungan, strategis, nasional",
Permen_9_2023,Permen Nomor 9 Tahun 2023,Permen,2023,9,BAB II,Penerimaan Negara Bukan Pajak Dari Penggunaan Spektrum Frekuensi Radio,Bagian Kedua,Paragraf 3,24,3,d,,Ketentuan,kondisi lainnya yang ditetapkan oleh Menteri.,Pasal 24 ayat (3) huruf d,"kondisi, lainnya, ditetapkan, menteri",Menteri
Permen_9_2023,Permen Nomor 9 Tahun 2023,Permen,2023,9,BAB II,Penerimaan Negara Bukan Pajak Dari Penggunaan Spektrum Frekuensi Radio,Bagian Kedua,Paragraf 3,24,4,,,Ketentuan,Beban tambahan yang bersifat menambah biaya sebagaimana dimaksud pada ayat (2) yang diperhitungkan sebagai faktor pengurang sebagaimana dimaksud pada ayat (1) ditetapkan oleh Menteri.,Pasal 24 ayat (4),"beban, tambahan, bersifat, menambah, biaya",Menteri
Permen_9_2023,Permen Nomor 9 Tahun 2023,Permen,2023,9,BAB II,Penerimaan Negara Bukan Pajak Dari Penggunaan Spektrum Frekuensi Radio,Bagian Kedua,Paragraf 3,25,1,,,Ketentuan,BHP IPFR yang dapat dikenai faktor pengurang sebagaimana dimaksud dalam Pasal 24 ayat (1) meliputi:,Pasal 25 ayat (1),"ipfr, dikenai, faktor, pengurang, meliputi",
Permen_9_2023,Permen Nomor 9 Tahun 2023,Permen,2023,9,BAB II,Penerimaan Negara Bukan Pajak Dari Penggunaan Spektrum Frekuensi Radio,Bagian Kedua,Paragraf 3,25,1,a,,Ketentuan,biaya izin awal; dan/atau,Pasal 25 ayat (1) huruf a,"biaya, izin, awal",
Permen_9_2023,Permen Nomor 9 Tahun 2023,Permen,2023,9,BAB II,Penerimaan Negara Bukan Pajak Dari Penggunaan Spektrum Frekuensi Radio,Bagian Kedua,Paragraf 3,25,1,b,,Ketentuan,Biaya IPFR Tahunan.,Pasal 25 ayat (1) huruf b,"biaya, ipfr, tahunan",
Permen_9_2023,Permen Nomor 9 Tahun 2023,Permen,2023,9,BAB II,Penerimaan Negara Bukan Pajak Dari Penggunaan Spektrum Frekuensi Radio,Bagian Kedua,Paragraf 3,25,2,,,Ketentuan,Besaran faktor pengurang dihitung dengan mempertimbangkan paling sedikit:,Pasal 25 ayat (2),"besaran, faktor, pengurang, dihitung, mempertimbangkan",
Permen_9_2023,Permen Nomor 9 Tahun 2023,Permen,2023,9,BAB II,Penerimaan Negara Bukan Pajak Dari Penggunaan Spektrum Frekuensi Radio,Bagian Kedua,Paragraf 3,25,2,a,,Ketentuan,beban tambahan yang diperhitungkan sebagai faktor pengurang sebagaimana dimaksud dalam Pasal 24 ayat (4);,Pasal 25 ayat (2) huruf a,"beban, tambahan, diperhitungkan, faktor, pengurang",
Permen_9_2023,Permen Nomor 9 Tahun 2023,Permen,2023,9,BAB II,Penerimaan Negara Bukan Pajak Dari Penggunaan Spektrum Frekuensi Radio,Bagian Kedua,Paragraf 3,25,2,b,,Ketentuan,BHP IPFR yang ditetapkan melalui mekanisme seleksi untuk Pita Frekuensi Radio bersangkutan;,Pasal 25 ayat (2) huruf b,"ipfr, ditetapkan, melalui, mekanisme, seleksi",
Permen_9_2023,Permen Nomor 9 Tahun 2023,Permen,2023,9,BAB II,Penerimaan Negara Bukan Pajak Dari Penggunaan Spektrum Frekuensi Radio,Bagian Kedua,Paragraf 3,25,2,c,,Ketentuan,besaran PNBP yang berasal dari penggunaan Spektrum Frekuensi Radio; dan,Pasal 25 ayat (2) huruf c,"besaran, pnbp, berasal, penggunaan, spektrum",
Permen_9_2023,Permen Nomor 9 Tahun 2023,Permen,2023,9,BAB II,Penerimaan Negara Bukan Pajak Dari Penggunaan Spektrum Frekuensi Radio,Bagian Kedua,Paragraf 3,25,2,d,,Ketentuan,kondisi industri Telekomunikasi.,Pasal 25 ayat (2) huruf d,"kondisi, industri, telekomunikasi",
Permen_9_2023,Permen Nomor 9 Tahun 2023,Permen,2023,9,BAB II,Penerimaan Negara Bukan Pajak Dari Penggunaan Spektrum Frekuensi Radio,Bagian Kedua,Paragraf 3,25,3,,,Ketentuan,"Tata cara penghitungan besaran faktor pengurang ditetapkan oleh Menteri setelah mendapatkan pertimbangan dari lembaga yang menyelenggarakan urusan pemerintahan di bidang pengawasan keuangan negara/daerah dan pembangunan nasional. Catatan : - UU ITE No 11 Tahun 2008 Pasal 5 ayat 1 ""Informasi Elektronik dan/atau Dokumen Elektronik dan/atau hasil cetaknya merupakan alat bukti hukum yang sah."" - Dokumen ini telah ditandatangani secara elektronik menggunakansertifikat elektronikyang diterbitkanBSrE - 14 -",Pasal 25 ayat (3),"elektronik, dokumen, tata, cara, penghitungan","Menteri, Lembaga"
Permen_9_2023,Permen Nomor 9 Tahun 2023,Permen,2023,9,BAB II,Penerimaan Negara Bukan Pajak Dari Penggunaan Spektrum Frekuensi Radio,Bagian Kedua,Paragraf 3,26,1,,,Ketentuan,Menteri menetapkan faktor pengurang yang paling sedikit meliputi:,Pasal 26 ayat (1),"menteri, menetapkan, faktor, pengurang, paling",Menteri
Permen_9_2023,Permen Nomor 9 Tahun 2023,Permen,2023,9,BAB II,Penerimaan Negara Bukan Pajak Dari Penggunaan Spektrum Frekuensi Radio,Bagian Kedua,Paragraf 3,26,1,a,,Ketentuan,besaran faktor pengurang;,Pasal 26 ayat (1) huruf a,"besaran, faktor, pengurang",
Permen_9_2023,Permen Nomor 9 Tahun 2023,Permen,2023,9,BAB II,Penerimaan Negara Bukan Pajak Dari Penggunaan Spektrum Frekuensi Radio,Bagian Kedua,Paragraf 3,26,1,b,,Ketentuan,skema penerapan faktor pengurang; dan,Pasal 26 ayat (1) huruf b,"skema, penerapan, faktor, pengurang",
Permen_9_2023,Permen Nomor 9 Tahun 2023,Permen,2023,9,BAB II,Penerimaan Negara Bukan Pajak Dari Penggunaan Spektrum Frekuensi Radio,Bagian Kedua,Paragraf 3,26,1,c,,Ketentuan,waktu dan/atau periode penerapan faktor pengurang.,Pasal 26 ayat (1) huruf c,"waktu, periode, penerapan, faktor, pengurang",
Permen_9_2023,Permen Nomor 9 Tahun 2023,Permen,2023,9,BAB II,Penerimaan Negara Bukan Pajak Dari Penggunaan Spektrum Frekuensi Radio,Bagian Kedua,Paragraf 3,26,2,,,Ketentuan,"Dalam menetapkan faktor pengurang sebagaimana dimaksud pada ayat (1), Menteri dapat berkoordinasi dengan menteri yang menyelenggarakan urusan pemerintahan di bidang keuangan.",Pasal 26 ayat (2),"menteri, menetapkan, faktor, pengurang, berkoordinasi",Menteri
Permen_9_2023,Permen Nomor 9 Tahun 2023,Permen,2023,9,BAB II,Penerimaan Negara Bukan Pajak Dari Penggunaan Spektrum Frekuensi Radio,Bagian Kedua,Paragraf 3,26,3,,,Ketentuan,Menteri melakukan pengawasan terhadap pelaksanaan beban tambahan yang diperhitungkan sebagai faktor pengurang sebagaimana dimaksud dalam Pasal 24 ayat (4).,Pasal 26 ayat (3),"menteri, melakukan, pengawasan, pelaksanaan, beban",Menteri
Permen_9_2023,Permen Nomor 9 Tahun 2023,Permen,2023,9,BAB II,Penerimaan Negara Bukan Pajak Dari Penggunaan Spektrum Frekuensi Radio,Bagian Kedua,Paragraf 4,27,1,,,Kewajiban,Pemegang IPFR dapat dikenai kewajiban penyerahan jaminan komitmen pembayaran Biaya IPFR Tahunan dalam bentuk bank garansi setiap tahun.,Pasal 27 ayat (1),"ipfr, pemegang, dikenai, kewajiban, penyerahan",
Permen_9_2023,Permen Nomor 9 Tahun 2023,Permen,2023,9,BAB II,Penerimaan Negara Bukan Pajak Dari Penggunaan Spektrum Frekuensi Radio,Bagian Kedua,Paragraf 4,27,2,,,Kewajiban,Kewajiban penyerahan jaminan komitmen pembayaran Biaya IPFR Tahunan sebagaimana dimaksud pada ayat (1) berlaku selama masa laku IPFR.,Pasal 27 ayat (2),"ipfr, kewajiban, penyerahan, jaminan, komitmen",
Permen_9_2023,Permen Nomor 9 Tahun 2023,Permen,2023,9,BAB II,Penerimaan Negara Bukan Pajak Dari Penggunaan Spektrum Frekuensi Radio,Bagian Kedua,Paragraf 4,27,3,,,Kewajiban,Ketentuan mengenai kewajiban penyerahan jaminan komitmen pembayaran Biaya IPFR Tahunan sebagaimana dimaksud pada ayat (1) ditetapkan oleh Menteri.,Pasal 27 ayat (3),"mengenai, kewajiban, penyerahan, jaminan, komitmen",Menteri
Permen_9_2023,Permen Nomor 9 Tahun 2023,Permen,2023,9,BAB II,Penerimaan Negara Bukan Pajak Dari Penggunaan Spektrum Frekuensi Radio,Bagian Kedua,Paragraf 5,28,1,,,Ketentuan,"Dalam hal terjadi migrasi, pemegang IPFR dikenai BHP IPFR pada Pita Frekuensi Radio hasil migrasi.",Pasal 28 ayat (1),"migrasi, ipfr, terjadi, pemegang, dikenai",
Permen_9_2023,Permen Nomor 9 Tahun 2023,Permen,2023,9,BAB II,Penerimaan Negara Bukan Pajak Dari Penggunaan Spektrum Frekuensi Radio,Bagian Kedua,Paragraf 5,28,2,,,Ketentuan,"Dalam hal Pita Frekuensi Radio hasil migrasi sebagaimana dimaksud pada ayat (1) belum ditentukan besaran BHP IPFR, penghitungan BHP IPFR untuk Pita Frekuensi Radio hasil migrasi menggunakan formula sebagaimana dimaksud dalam Pasal 6 ayat (1).",Pasal 28 ayat (2),"pita, frekuensi, radio, hasil, migrasi",
Permen_9_2023,Permen Nomor 9 Tahun 2023,Permen,2023,9,BAB II,Penerimaan Negara Bukan Pajak Dari Penggunaan Spektrum Frekuensi Radio,Bagian Kedua,Paragraf 6,29,1,,,Ketentuan,BHP IPFR dibayarkan melalui sistem pembayaran otomatis kepada Direktorat Jenderal.,Pasal 29 ayat (1),"ipfr, dibayarkan, melalui, sistem, pembayaran",
Permen_9_2023,Permen Nomor 9 Tahun 2023,Permen,2023,9,BAB II,Penerimaan Negara Bukan Pajak Dari Penggunaan Spektrum Frekuensi Radio,Bagian Kedua,Paragraf 6,29,2,,,Ketentuan,"BHP IPFR sebagaimana dimaksud pada ayat (1) disetor ke kas negara sesuai dengan ketentuan peraturan perundang-undangan. Catatan : - UU ITE No 11 Tahun 2008 Pasal 5 ayat 1 ""Informasi Elektronik dan/atau Dokumen Elektronik dan/atau hasil cetaknya merupakan alat bukti hukum yang sah."" - Dokumen ini telah ditandatangani secara elektronik menggunakansertifikat elektronikyang diterbitkanBSrE - 15 -",Pasal 29 ayat (2),"elektronik, dokumen, ipfr, disetor, negara",
Permen_9_2023,Permen Nomor 9 Tahun 2023,Permen,2023,9,BAB II,Penerimaan Negara Bukan Pajak Dari Penggunaan Spektrum Frekuensi Radio,Bagian Kedua,Paragraf 6,30,1,,,Ketentuan,Pemegang IPFR dapat mengakses informasi besaran Biaya IPFR Tahunan untuk tahun kedua dan tahun berikutnya sebagaimana dimaksud dalam Pasal 16 ayat (4) dan Pasal 22 ayat (5) melalui fasilitas layanan perizinan Spektrum Frekuensi Radio paling cepat 60 (enam puluh) Hari sebelum jatuh tempo pembayaran Biaya IPFR Tahunan.,Pasal 30 ayat (1),"ipfr, biaya, tahunan, tahun, pemegang",
Permen_9_2023,Permen Nomor 9 Tahun 2023,Permen,2023,9,BAB II,Penerimaan Negara Bukan Pajak Dari Penggunaan Spektrum Frekuensi Radio,Bagian Kedua,Paragraf 6,30,2,,,Ketentuan,"Dalam hal besaran Biaya IPFR Tahunan sebagaimana dimaksud pada ayat (1) belum atau tidak dapat diakses, Direktur Jenderal menyediakan informasi besaran BHP IPFR melalui pusat pelayanan terpadu yang dapat diakses oleh pemegang IPFR.",Pasal 30 ayat (2),"ipfr, besaran, diakses, biaya, tahunan",
Permen_9_2023,Permen Nomor 9 Tahun 2023,Permen,2023,9,BAB II,Penerimaan Negara Bukan Pajak Dari Penggunaan Spektrum Frekuensi Radio,Bagian Kedua,Paragraf 6,31,1,,,Ketentuan,Direktur Jenderal menerbitkan pengesahan IPFR untuk BHP IPFR yang telah dilunasi untuk tahun kedua dan/atau tahun berikutnya sampai dengan masa laku IPFR berakhir.,Pasal 31 ayat (1),"ipfr, tahun, direktur, jenderal, menerbitkan",
Permen_9_2023,Permen Nomor 9 Tahun 2023,Permen,2023,9,BAB II,Penerimaan Negara Bukan Pajak Dari Penggunaan Spektrum Frekuensi Radio,Bagian Kedua,Paragraf 6,31,2,,,Sanksi,"Dikecualikan dari ketentuan sebagaimana dimaksud pada ayat (1), pelunasan BHP IPFR terutang untuk IPFR yang telah dicabut atau berakhir masa lakunya tidak diterbitkan pengesahan IPFR.",Pasal 31 ayat (2),"ipfr, dikecualikan, pelunasan, terutang, dicabut",
Permen_9_2023,Permen Nomor 9 Tahun 2023,Permen,2023,9,BAB II,Penerimaan Negara Bukan Pajak Dari Penggunaan Spektrum Frekuensi Radio,Bagian Kedua,Paragraf 7,32,1,,,Ketentuan,Menteri dapat melakukan perubahan jatuh tempo pembayaran BHP IPFR menjadi lebih awal dari jatuh tempo pembayaran sebelumnya dengan pertimbangan:,Pasal 32 ayat (1),"jatuh, tempo, pembayaran, menteri, melakukan",Menteri
Permen_9_2023,Permen Nomor 9 Tahun 2023,Permen,2023,9,BAB II,Penerimaan Negara Bukan Pajak Dari Penggunaan Spektrum Frekuensi Radio,Bagian Kedua,Paragraf 7,32,1,a,,Ketentuan,penyamaan masa laku IPFR;,Pasal 32 ayat (1) huruf a,"penyamaan, masa, laku, ipfr",
Permen_9_2023,Permen Nomor 9 Tahun 2023,Permen,2023,9,BAB II,Penerimaan Negara Bukan Pajak Dari Penggunaan Spektrum Frekuensi Radio,Bagian Kedua,Paragraf 7,32,1,b,,Ketentuan,target PNBP;,Pasal 32 ayat (1) huruf b,"target, pnbp",
Permen_9_2023,Permen Nomor 9 Tahun 2023,Permen,2023,9,BAB II,Penerimaan Negara Bukan Pajak Dari Penggunaan Spektrum Frekuensi Radio,Bagian Kedua,Paragraf 7,32,1,c,,Ketentuan,optimalisasi pemanfaatan PNBP; atau,Pasal 32 ayat (1) huruf c,"optimalisasi, pemanfaatan, pnbp",
Permen_9_2023,Permen Nomor 9 Tahun 2023,Permen,2023,9,BAB II,Penerimaan Negara Bukan Pajak Dari Penggunaan Spektrum Frekuensi Radio,Bagian Kedua,Paragraf 7,32,1,d,,Ketentuan,peningkatan kinerja industri Telekomunikasi.,Pasal 32 ayat (1) huruf d,"peningkatan, kinerja, industri, telekomunikasi",
Permen_9_2023,Permen Nomor 9 Tahun 2023,Permen,2023,9,BAB II,Penerimaan Negara Bukan Pajak Dari Penggunaan Spektrum Frekuensi Radio,Bagian Kedua,Paragraf 7,32,2,,,Kewajiban,"Dalam hal terjadi kelebihan pembayaran akibat perubahan jatuh tempo sebagaimana dimaksud pada ayat (1), Wajib Bayar dapat mengajukan permohonan pengembalian kelebihan pembayaran sesuai dengan ketentuan peraturan perundang-undangan.",Pasal 32 ayat (2),"kelebihan, pembayaran, terjadi, akibat, perubahan",
Permen_9_2023,Permen Nomor 9 Tahun 2023,Permen,2023,9,BAB II,Penerimaan Negara Bukan Pajak Dari Penggunaan Spektrum Frekuensi Radio,Bagian Kedua,Paragraf 7,32,3,,,Ketentuan,Kelebihan pembayaran sebagaimana dimaksud pada ayat,Pasal 32 ayat (3),"kelebihan, pembayaran",
Permen_9_2023,Permen Nomor 9 Tahun 2023,Permen,2023,9,BAB II,Penerimaan Negara Bukan Pajak Dari Penggunaan Spektrum Frekuensi Radio,Bagian Kedua,Paragraf 7,32,2,,,Ketentuan,dihitung sesuai dengan jumlah Hari maju dari jatuh tempo pembayaran pada periode tahun berjalan.,Pasal 32 ayat (2),"dihitung, jumlah, hari, maju, jatuh",
Permen_9_2023,Permen Nomor 9 Tahun 2023,Permen,2023,9,BAB II,Penerimaan Negara Bukan Pajak Dari Penggunaan Spektrum Frekuensi Radio,Bagian Kedua,Paragraf 7,32,4,,,Ketentuan,Kelebihan pembayaran sebagaimana dimaksud pada ayat,Pasal 32 ayat (4),"kelebihan, pembayaran",
Permen_9_2023,Permen Nomor 9 Tahun 2023,Permen,2023,9,BAB II,Penerimaan Negara Bukan Pajak Dari Penggunaan Spektrum Frekuensi Radio,Bagian Kedua,Paragraf 7,32,3,,,Ketentuan,"menggunakan formula sebagaimana dimaksud dalam Pasal 6 ayat (1) untuk periode tahun berjalan dikali jumlah Hari pengurangan dibagi 365 (tiga ratus enam puluh lima) Hari sebagai berikut: Kelebihan Pembayaran Jumlah Hari Pengurangan BHP IPFR = × BHP IPFR (Rupiah) 365 Tahun Berjalan Catatan : - UU ITE No 11 Tahun 2008 Pasal 5 ayat 1 ""Informasi Elektronik dan/atau Dokumen Elektronik dan/atau hasil cetaknya merupakan alat bukti hukum yang sah."" - Dokumen ini telah ditandatangani secara elektronik menggunakansertifikat elektronikyang diterbitkanBSrE - 16 -",Pasal 32 ayat (3),"tahun, hari, elektronik, berjalan, jumlah",
Permen_9_2023,Permen Nomor 9 Tahun 2023,Permen,2023,9,BAB II,Penerimaan Negara Bukan Pajak Dari Penggunaan Spektrum Frekuensi Radio,Bagian Kedua,Paragraf 8,33,,,,Ketentuan,"Pemegang IPFR dapat mengajukan keberatan, permohonan keringanan, atau permohonan pengembalian BHP IPFR sesuai dengan ketentuan peraturan perundang-undangan.",Pasal 33,"ipfr, permohonan, pemegang, mengajukan, keberatan",
Permen_9_2023,Permen Nomor 9 Tahun 2023,Permen,2023,9,BAB II,Penerimaan Negara Bukan Pajak Dari Penggunaan Spektrum Frekuensi Radio,Bagian Kedua,Paragraf 8,34,,,,Ketentuan,BHP IPFR yang telah dibayarkan tidak dapat dikembalikan dalam hal IPFR diakhiri sebelum masa laku berakhir atas dasar:,Pasal 34,"ipfr, dibayarkan, dikembalikan, diakhiri, sebelum",
Permen_9_2023,Permen Nomor 9 Tahun 2023,Permen,2023,9,BAB II,Penerimaan Negara Bukan Pajak Dari Penggunaan Spektrum Frekuensi Radio,Bagian Kedua,Paragraf 8,34,,a,,Ketentuan,permohonan penghentian IPFR oleh pemegang IPFR; atau,Pasal 34 huruf a,"ipfr, permohonan, penghentian, pemegang",
Permen_9_2023,Permen Nomor 9 Tahun 2023,Permen,2023,9,BAB II,Penerimaan Negara Bukan Pajak Dari Penggunaan Spektrum Frekuensi Radio,Bagian Kedua,Paragraf 8,34,,b,,Ketentuan,pencabutan IPFR.,Pasal 34 huruf b,"pencabutan, ipfr",
Permen_9_2023,Permen Nomor 9 Tahun 2023,Permen,2023,9,BAB II,Penerimaan Negara Bukan Pajak Dari Penggunaan Spektrum Frekuensi Radio,Bagian Kedua,Paragraf 9,35,,,,Ketentuan,Contoh penghitungan:,Pasal 35,"contoh, penghitungan",
Permen_9_2023,Permen Nomor 9 Tahun 2023,Permen,2023,9,BAB II,Penerimaan Negara Bukan Pajak Dari Penggunaan Spektrum Frekuensi Radio,Bagian Kedua,Paragraf 9,35,,a,,Ketentuan,besaran BHP IPFR untuk periode penggunaan 1 (satu) tahun sebagaimana dimaksud dalam Pasal 6 ayat (2);,Pasal 35 huruf a,"besaran, ipfr, periode, penggunaan, satu",
Permen_9_2023,Permen Nomor 9 Tahun 2023,Permen,2023,9,BAB II,Penerimaan Negara Bukan Pajak Dari Penggunaan Spektrum Frekuensi Radio,Bagian Kedua,Paragraf 9,35,,b,,Ketentuan,penyesuaian besaran nilai N sebagaimana dimaksud dalam Pasal 7 ayat (3);,Pasal 35 huruf b,"penyesuaian, besaran, nilai",
Permen_9_2023,Permen Nomor 9 Tahun 2023,Permen,2023,9,BAB II,Penerimaan Negara Bukan Pajak Dari Penggunaan Spektrum Frekuensi Radio,Bagian Kedua,Paragraf 9,35,,c,,Ketentuan,besaran BHP IPFR melalui mekanisme perubahan ISR menjadi IPFR sebagaimana dimaksud dalam Pasal 14 ayat (1);,Pasal 35 huruf c,"ipfr, besaran, melalui, mekanisme, perubahan",
Permen_9_2023,Permen Nomor 9 Tahun 2023,Permen,2023,9,BAB II,Penerimaan Negara Bukan Pajak Dari Penggunaan Spektrum Frekuensi Radio,Bagian Kedua,Paragraf 9,35,,d,,Ketentuan,besaran BHP IPFR sebagai akibat perubahan jatuh tempo pembayaran BHP IPFR sebagaimana dimaksud dalam Pasal 32 ayat (1); dan,Pasal 35 huruf d,"ipfr, besaran, akibat, perubahan, jatuh",
Permen_9_2023,Permen Nomor 9 Tahun 2023,Permen,2023,9,BAB II,Penerimaan Negara Bukan Pajak Dari Penggunaan Spektrum Frekuensi Radio,Bagian Kedua,Paragraf 9,35,,e,,Ketentuan,"kelebihan pembayaran BHP IPFR sebagai akibat perubahan jatuh tempo pembayaran BHP IPFR sebagaimana dimaksud dalam Pasal 32 ayat (4), ditetapkan oleh Direktur Jenderal.",Pasal 35 huruf e,"pembayaran, ipfr, kelebihan, akibat, perubahan",
Permen_9_2023,Permen Nomor 9 Tahun 2023,Permen,2023,9,BAB II,Penerimaan Negara Bukan Pajak Dari Penggunaan Spektrum Frekuensi Radio,Bagian Ketiga,Paragraf 1,36,1,,,Ketentuan,"Besaran BHP ISR sebagaimana dimaksud dalam Pasal 3 ayat (4) huruf b dihitung menggunakan formula sebagai berikut: (HDLP×Ib×b)+(HDDP×Ip×p) BHP ISR (Rupiah) = Catatan : - UU ITE No 11 Tahun 2008 Pasal 5 ayat 1 ""Informasi Elektronik dan/atau Dokumen Elektronik dan/atau hasil cetaknya merupakan alat bukti hukum yang sah."" - Dokumen ini telah ditandatangani secara elektronik menggunakansertifikat elektronikyang diterbitkanBSrE - 17 -",Pasal 36 ayat (1),"elektronik, dokumen, besaran, dihitung, menggunakan",
Permen_9_2023,Permen Nomor 9 Tahun 2023,Permen,2023,9,BAB II,Penerimaan Negara Bukan Pajak Dari Penggunaan Spektrum Frekuensi Radio,Bagian Ketiga,Paragraf 1,36,2,,,Ketentuan,Formula sebagaimana dimaksud pada ayat (1) untuk penghitungan BHP ISR untuk periode penggunaan 1 (satu) tahun.,Pasal 36 ayat (2),"formula, penghitungan, periode, penggunaan, satu",
Permen_9_2023,Permen Nomor 9 Tahun 2023,Permen,2023,9,BAB II,Penerimaan Negara Bukan Pajak Dari Penggunaan Spektrum Frekuensi Radio,Bagian Ketiga,Paragraf 1,36,3,,,Ketentuan,"Dalam hal diperlukan penghitungan BHP ISR untuk periode bulanan, formula sebagaimana dimaksud pada ayat (1) dikali jumlah bulan yang diperhitungkan dibagi 12 (dua belas) bulan.",Pasal 36 ayat (3),"bulan, diperlukan, penghitungan, periode, bulanan",
Permen_9_2023,Permen Nomor 9 Tahun 2023,Permen,2023,9,BAB II,Penerimaan Negara Bukan Pajak Dari Penggunaan Spektrum Frekuensi Radio,Bagian Ketiga,Paragraf 1,37,1,,,Ketentuan,Harga dasar lebar pita (HDLP) dalam formula sebagaimana dimaksud dalam Pasal 36 ayat (1) merupakan harga dasar untuk setiap penggunaan frekuensi radio dengan lebar Pita Frekuensi Radio (bandwidth) per 1 (satu) KHz.,Pasal 37 ayat (1),"harga, dasar, lebar, pita, frekuensi",
Permen_9_2023,Permen Nomor 9 Tahun 2023,Permen,2023,9,BAB II,Penerimaan Negara Bukan Pajak Dari Penggunaan Spektrum Frekuensi Radio,Bagian Ketiga,Paragraf 1,37,2,,,Ketentuan,Harga dasar daya pancar (HDDP) dalam formula sebagaimana dimaksud dalam Pasal 36 ayat (1) merupakan harga dasar untuk setiap daya pancar per 1 (satu) dBm pada suatu Kanal Frekuensi Radio tertentu.,Pasal 37 ayat (2),"harga, dasar, daya, pancar, hddp",
Permen_9_2023,Permen Nomor 9 Tahun 2023,Permen,2023,9,BAB II,Penerimaan Negara Bukan Pajak Dari Penggunaan Spektrum Frekuensi Radio,Bagian Ketiga,Paragraf 1,37,3,,,Ketentuan,Harga dasar lebar pita (HDLP) sebagaimana dimaksud pada ayat (1) dan harga dasar daya pancar (HDDP) sebagaimana dimaksud pada ayat (2) sesuai dengan ketentuan peraturan perundang-undangan berdasarkan zona penarifan BHP ISR.,Pasal 37 ayat (3),"harga, dasar, lebar, pita, hdlp",
Permen_9_2023,Permen Nomor 9 Tahun 2023,Permen,2023,9,BAB II,Penerimaan Negara Bukan Pajak Dari Penggunaan Spektrum Frekuensi Radio,Bagian Ketiga,Paragraf 1,37,4,,,Ketentuan,Penetapan wilayah di dalam zona penarifan ISR sebagaimana dimaksud pada ayat (3) ditinjau secara berkala paling sedikit 1 (satu) kali dalam 5 (lima) tahun dengan mempertimbangkan paling sedikit:,Pasal 37 ayat (4),"paling, sedikit, penetapan, wilayah, zona",
Permen_9_2023,Permen Nomor 9 Tahun 2023,Permen,2023,9,BAB II,Penerimaan Negara Bukan Pajak Dari Penggunaan Spektrum Frekuensi Radio,Bagian Ketiga,Paragraf 1,37,4,a,,Ketentuan,aspek kependudukan suatu wilayah; dan,Pasal 37 ayat (4) huruf a,"aspek, kependudukan, suatu, wilayah",
Permen_9_2023,Permen Nomor 9 Tahun 2023,Permen,2023,9,BAB II,Penerimaan Negara Bukan Pajak Dari Penggunaan Spektrum Frekuensi Radio,Bagian Ketiga,Paragraf 1,37,4,b,,Ketentuan,aspek ekonomi suatu wilayah.,Pasal 37 ayat (4) huruf b,"aspek, ekonomi, suatu, wilayah",
Permen_9_2023,Permen Nomor 9 Tahun 2023,Permen,2023,9,BAB II,Penerimaan Negara Bukan Pajak Dari Penggunaan Spektrum Frekuensi Radio,Bagian Ketiga,Paragraf 1,37,5,,,Ketentuan,"Dalam hal wilayah administratif dalam zona penarifan BHP ISR terjadi pemekaran menjadi 2 (dua) atau lebih wilayah administratif, zona penarifan BHP ISR untuk wilayah administratif hasil pemekaran tetap mengikuti zona penarifan BHP ISR sebelum terjadi pemekaran wilayah administratif sampai dengan ditetapkannya zona penarifan BHP ISR untuk wilayah administratif hasil pemekaran.",Pasal 37 ayat (5),"wilayah, administratif, zona, penarifan, pemekaran",
Permen_9_2023,Permen Nomor 9 Tahun 2023,Permen,2023,9,BAB II,Penerimaan Negara Bukan Pajak Dari Penggunaan Spektrum Frekuensi Radio,Bagian Ketiga,Paragraf 1,37,6,,,Ketentuan,Zona penarifan ISR sebagaimana dimaksud pada ayat (3) ditetapkan oleh Menteri.,Pasal 37 ayat (6),"zona, penarifan, ditetapkan, menteri",Menteri
Permen_9_2023,Permen Nomor 9 Tahun 2023,Permen,2023,9,BAB II,Penerimaan Negara Bukan Pajak Dari Penggunaan Spektrum Frekuensi Radio,Bagian Ketiga,Paragraf 1,38,1,,,Ketentuan,Indeks biaya penggunaan lebar pita (Ib) dalam formula sebagaimana dimaksud dalam Pasal 36 ayat (1) merupakan indeks untuk penggunaan lebar Pita Frekuensi Radio berdasarkan jenis penggunaan Spektrum Frekuensi Radio.,Pasal 38 ayat (1),"penggunaan, indeks, lebar, pita, frekuensi",
Permen_9_2023,Permen Nomor 9 Tahun 2023,Permen,2023,9,BAB II,Penerimaan Negara Bukan Pajak Dari Penggunaan Spektrum Frekuensi Radio,Bagian Ketiga,Paragraf 1,38,2,,,Ketentuan,"Indeks biaya daya pancar frekuensi radio (Ip) dalam formula sebagaimana dimaksud dalam Pasal 36 ayat (1) merupakan indeks untuk daya pancar frekuensi radio berdasarkan jenis penggunaan Spektrum Frekuensi Radio. Catatan : - UU ITE No 11 Tahun 2008 Pasal 5 ayat 1 ""Informasi Elektronik dan/atau Dokumen Elektronik dan/atau hasil cetaknya merupakan alat bukti hukum yang sah."" - Dokumen ini telah ditandatangani secara elektronik menggunakansertifikat elektronikyang diterbitkanBSrE - 18 -",Pasal 38 ayat (2),"frekuensi, radio, elektronik, indeks, daya",
Permen_9_2023,Permen Nomor 9 Tahun 2023,Permen,2023,9,BAB II,Penerimaan Negara Bukan Pajak Dari Penggunaan Spektrum Frekuensi Radio,Bagian Ketiga,Paragraf 1,38,3,,,Ketentuan,Indeks biaya penggunaan lebar pita (Ib) sebagaimana dimaksud pada ayat (1) dan indeks biaya daya pancar frekuensi radio (Ip) sebagaimana dimaksud pada ayat (2) ditetapkan oleh Menteri berdasarkan jenis penggunaan Spektrum Frekuensi Radio.,Pasal 38 ayat (3),"indeks, biaya, penggunaan, frekuensi, radio",Menteri
Permen_9_2023,Permen Nomor 9 Tahun 2023,Permen,2023,9,BAB II,Penerimaan Negara Bukan Pajak Dari Penggunaan Spektrum Frekuensi Radio,Bagian Ketiga,Paragraf 1,38,4,,,Ketentuan,"Indeks biaya penggunaan lebar pita (Ib) dan indeks biaya daya pancar frekuensi radio (Ip) yang jenis penggunaan Spektrum Frekuensi Radionya belum ditetapkan oleh Menteri, mengikuti indeks biaya penggunaan lebar pita (Ib) dan indeks biaya daya pancar frekuensi radio (Ip) yang penggunaan Spektrum Frekuensi Radionya sejenis atau paling mendekati.",Pasal 38 ayat (4),"indeks, biaya, penggunaan, frekuensi, lebar",Menteri
Permen_9_2023,Permen Nomor 9 Tahun 2023,Permen,2023,9,BAB II,Penerimaan Negara Bukan Pajak Dari Penggunaan Spektrum Frekuensi Radio,Bagian Ketiga,Paragraf 1,38,5,,,Ketentuan,"Indeks biaya penggunaan lebar pita (Ib) sebagaimana dimaksud pada ayat (1), indeks biaya daya pancar frekuensi radio (Ip) sebagaimana dimaksud pada ayat (2), dan jenis penggunaan Spektrum Frekuensi Radio sebagaimana dimaksud pada ayat (3) dapat ditinjau dengan mempertimbangkan:",Pasal 38 ayat (5),"indeks, biaya, penggunaan, frekuensi, radio",
Permen_9_2023,Permen Nomor 9 Tahun 2023,Permen,2023,9,BAB II,Penerimaan Negara Bukan Pajak Dari Penggunaan Spektrum Frekuensi Radio,Bagian Ketiga,Paragraf 1,38,5,a,,Ketentuan,penyederhanaan perizinan Kanal Frekuensi Radio;,Pasal 38 ayat (5) huruf a,"penyederhanaan, perizinan, kanal, frekuensi, radio",
Permen_9_2023,Permen Nomor 9 Tahun 2023,Permen,2023,9,BAB II,Penerimaan Negara Bukan Pajak Dari Penggunaan Spektrum Frekuensi Radio,Bagian Ketiga,Paragraf 1,38,5,b,,Ketentuan,peningkatan utilitas dan manfaat Spektrum Frekuensi Radio;,Pasal 38 ayat (5) huruf b,"peningkatan, utilitas, manfaat, spektrum, frekuensi",
Permen_9_2023,Permen Nomor 9 Tahun 2023,Permen,2023,9,BAB II,Penerimaan Negara Bukan Pajak Dari Penggunaan Spektrum Frekuensi Radio,Bagian Ketiga,Paragraf 1,38,5,c,,Ketentuan,perubahan dan perkembangan teknologi penggunaan Spektrum Frekuensi Radio;,Pasal 38 ayat (5) huruf c,"perubahan, perkembangan, teknologi, penggunaan, spektrum",
Permen_9_2023,Permen Nomor 9 Tahun 2023,Permen,2023,9,BAB II,Penerimaan Negara Bukan Pajak Dari Penggunaan Spektrum Frekuensi Radio,Bagian Ketiga,Paragraf 1,38,5,d,,Ketentuan,nilai ekonomi Spektrum Frekuensi Radio;,Pasal 38 ayat (5) huruf d,"nilai, ekonomi, spektrum, frekuensi, radio",
Permen_9_2023,Permen Nomor 9 Tahun 2023,Permen,2023,9,BAB II,Penerimaan Negara Bukan Pajak Dari Penggunaan Spektrum Frekuensi Radio,Bagian Ketiga,Paragraf 1,38,5,e,,Ketentuan,kondisi industri pengguna Spektrum Frekuensi Radio;,Pasal 38 ayat (5) huruf e,"kondisi, industri, pengguna, spektrum, frekuensi",
Permen_9_2023,Permen Nomor 9 Tahun 2023,Permen,2023,9,BAB II,Penerimaan Negara Bukan Pajak Dari Penggunaan Spektrum Frekuensi Radio,Bagian Ketiga,Paragraf 1,38,5,f,,Ketentuan,percepatan transformasi digital; dan/atau,Pasal 38 ayat (5) huruf f,"percepatan, transformasi, digital",
Permen_9_2023,Permen Nomor 9 Tahun 2023,Permen,2023,9,BAB II,Penerimaan Negara Bukan Pajak Dari Penggunaan Spektrum Frekuensi Radio,Bagian Ketiga,Paragraf 1,38,5,g,,Ketentuan,program strategis nasional.,Pasal 38 ayat (5) huruf g,"program, strategis, nasional",
Permen_9_2023,Permen Nomor 9 Tahun 2023,Permen,2023,9,BAB II,Penerimaan Negara Bukan Pajak Dari Penggunaan Spektrum Frekuensi Radio,Bagian Ketiga,Paragraf 1,39,1,,,Ketentuan,Jumlah lebar Pita Frekuensi Radio dari seluruh Kanal Frekuensi Radio dalam 1 (satu) stasiun radio (b) dan jumlah daya pancar keluaran antena dalam 1 (satu) stasiun radio (p) dalam formula sebagaimana dimaksud dalam Pasal 36 ayat (1) sesuai dengan yang tercantum dalam ISR.,Pasal 39 ayat (1),"radio, jumlah, frekuensi, satu, stasiun",
Permen_9_2023,Permen Nomor 9 Tahun 2023,Permen,2023,9,BAB II,Penerimaan Negara Bukan Pajak Dari Penggunaan Spektrum Frekuensi Radio,Bagian Ketiga,Paragraf 1,39,2,,,Ketentuan,Jika dalam 1 (satu) Stasiun Radio terdapat penggunaan Kanal Frekuensi Radio dengan polarisasi yang sama yang digunakan pada lebih dari 1 (satu) pancaran (sektor) maka:,Pasal 39 ayat (2),"satu, radio, stasiun, terdapat, penggunaan",
Permen_9_2023,Permen Nomor 9 Tahun 2023,Permen,2023,9,BAB II,Penerimaan Negara Bukan Pajak Dari Penggunaan Spektrum Frekuensi Radio,Bagian Ketiga,Paragraf 1,39,2,a,,Ketentuan,jumlah lebar Pita Frekuensi Radio dari seluruh Kanal Frekuensi Radio dalam 1 (satu) Stasiun Radio (b) hanya dihitung 1 (satu) kali untuk Kanal Frekuensi Radio dengan polarisasi yang sama; dan,Pasal 39 ayat (2) huruf a,"radio, frekuensi, kanal, satu, jumlah",
Permen_9_2023,Permen Nomor 9 Tahun 2023,Permen,2023,9,BAB II,Penerimaan Negara Bukan Pajak Dari Penggunaan Spektrum Frekuensi Radio,Bagian Ketiga,Paragraf 1,39,2,b,,Ketentuan,jumlah daya pancar keluaran antena dalam 1 (satu) Stasiun Radio (p) merupakan penjumlahan dari seluruh daya pancar pada setiap sektor.,Pasal 39 ayat (2) huruf b,"daya, pancar, jumlah, keluaran, antena",
Permen_9_2023,Permen Nomor 9 Tahun 2023,Permen,2023,9,BAB II,Penerimaan Negara Bukan Pajak Dari Penggunaan Spektrum Frekuensi Radio,Bagian Ketiga,Paragraf 1,39,3,,,Ketentuan,"Jika dalam 1 (satu) stasiun radio terdapat penggunaan Kanal Frekuensi Radio dengan polarisasi yang berbeda maka BHP ISR dikenakan untuk setiap polarisasi yang berbeda. Catatan : - UU ITE No 11 Tahun 2008 Pasal 5 ayat 1 ""Informasi Elektronik dan/atau Dokumen Elektronik dan/atau hasil cetaknya merupakan alat bukti hukum yang sah."" - Dokumen ini telah ditandatangani secara elektronik menggunakansertifikat elektronikyang diterbitkanBSrE - 19 -",Pasal 39 ayat (3),"elektronik, radio, polarisasi, berbeda, dokumen",
Permen_9_2023,Permen Nomor 9 Tahun 2023,Permen,2023,9,BAB II,Penerimaan Negara Bukan Pajak Dari Penggunaan Spektrum Frekuensi Radio,Bagian Ketiga,Paragraf 2,40,,,,Ketentuan,Besaran BHP ISR angkasa dihitung menggunakan formula sebagai berikut: BHP ISR Angkasa (Rupiah) = HDLP×Ib×b,Pasal 40,"angkasa, besaran, dihitung, menggunakan, formula",
Permen_9_2023,Permen Nomor 9 Tahun 2023,Permen,2023,9,BAB II,Penerimaan Negara Bukan Pajak Dari Penggunaan Spektrum Frekuensi Radio,Bagian Ketiga,Paragraf 2,41,1,,,Ketentuan,Formula BHP ISR angkasa sebagaimana dimaksud dalam Pasal 40 digunakan untuk menghitung BHP ISR angkasa untuk:,Pasal 41 ayat (1),"angkasa, formula, digunakan, menghitung",
Permen_9_2023,Permen Nomor 9 Tahun 2023,Permen,2023,9,BAB II,Penerimaan Negara Bukan Pajak Dari Penggunaan Spektrum Frekuensi Radio,Bagian Ketiga,Paragraf 2,41,1,a,,Ketentuan,satelit geostationary satellite orbit konvensional dengan 1 (satu) pancaran wide beam;,Pasal 41 ayat (1) huruf a,"satelit, geostationary, satellite, orbit, konvensional",
Permen_9_2023,Permen Nomor 9 Tahun 2023,Permen,2023,9,BAB II,Penerimaan Negara Bukan Pajak Dari Penggunaan Spektrum Frekuensi Radio,Bagian Ketiga,Paragraf 2,41,1,b,,Ketentuan,lebih dari 1 (satu) satelit dalam 1 (satu) konstelasi satelit; dan/atau,Pasal 41 ayat (1) huruf b,"satu, satelit, lebih, konstelasi",
Permen_9_2023,Permen Nomor 9 Tahun 2023,Permen,2023,9,BAB II,Penerimaan Negara Bukan Pajak Dari Penggunaan Spektrum Frekuensi Radio,Bagian Ketiga,Paragraf 2,41,1,c,,Ketentuan,satelit yang menggunakan lebih dari 1 (satu) beam (multi spot beam).,Pasal 41 ayat (1) huruf c,"beam, satelit, menggunakan, lebih, satu",
Permen_9_2023,Permen Nomor 9 Tahun 2023,Permen,2023,9,BAB II,Penerimaan Negara Bukan Pajak Dari Penggunaan Spektrum Frekuensi Radio,Bagian Ketiga,Paragraf 2,41,2,,,Ketentuan,Dalam menghitung BHP ISR angkasa sebagaimana dimaksud pada ayat (1) berlaku ketentuan sebagai berikut:,Pasal 41 ayat (2),"menghitung, angkasa, berlaku, berikut",
Permen_9_2023,Permen Nomor 9 Tahun 2023,Permen,2023,9,BAB II,Penerimaan Negara Bukan Pajak Dari Penggunaan Spektrum Frekuensi Radio,Bagian Ketiga,Paragraf 2,41,2,a,,Ketentuan,ISR angkasa untuk satelit geostationary satellite orbit konvensional dengan 1 (satu) pancaran wide beam:,Pasal 41 ayat (2) huruf a,"angkasa, satelit, geostationary, satellite, orbit",
Permen_9_2023,Permen Nomor 9 Tahun 2023,Permen,2023,9,BAB II,Penerimaan Negara Bukan Pajak Dari Penggunaan Spektrum Frekuensi Radio,Bagian Ketiga,Paragraf 2,41,2,a,1,Ketentuan,dikenai 1 (satu) BHP ISR angkasa untuk seluruh atau beberapa transponder; dan,Pasal 41 ayat (2) huruf a angka 1,"dikenai, satu, angkasa, seluruh, beberapa",
Permen_9_2023,Permen Nomor 9 Tahun 2023,Permen,2023,9,BAB II,Penerimaan Negara Bukan Pajak Dari Penggunaan Spektrum Frekuensi Radio,Bagian Ketiga,Paragraf 2,41,2,a,2,Ketentuan,"lebar pita (b) merupakan penjumlahan seluruh lebar pita frekuensi radio yang digunakan oleh setiap transponder,",Pasal 41 ayat (2) huruf a angka 2,"lebar, pita, penjumlahan, seluruh, frekuensi",
Permen_9_2023,Permen Nomor 9 Tahun 2023,Permen,2023,9,BAB II,Penerimaan Negara Bukan Pajak Dari Penggunaan Spektrum Frekuensi Radio,Bagian Ketiga,Paragraf 2,41,2,b,,Ketentuan,ISR angkasa yang menggunakan lebih dari 1 (satu) satelit dalam 1 (satu) konstelasi satelit:,Pasal 41 ayat (2) huruf b,"satu, satelit, angkasa, menggunakan, lebih",
Permen_9_2023,Permen Nomor 9 Tahun 2023,Permen,2023,9,BAB II,Penerimaan Negara Bukan Pajak Dari Penggunaan Spektrum Frekuensi Radio,Bagian Ketiga,Paragraf 2,41,2,b,1,Ketentuan,dikenai 1 (satu) BHP ISR angkasa untuk keseluruhan satelit dalam sistem konstelasi satelit;,Pasal 41 ayat (2) huruf b angka 1,"satelit, dikenai, satu, angkasa, keseluruhan",
Permen_9_2023,Permen Nomor 9 Tahun 2023,Permen,2023,9,BAB II,Penerimaan Negara Bukan Pajak Dari Penggunaan Spektrum Frekuensi Radio,Bagian Ketiga,Paragraf 2,41,2,b,2,Ketentuan,lebar pita (b) merupakan penjumlahan seluruh lebar pita frekuensi radio untuk frekuensi radio dan polarisasi yang berbeda yang digunakan oleh setiap satelit dalam sistem konstelasi satelit; dan,Pasal 41 ayat (2) huruf b angka 2,"lebar, pita, frekuensi, radio, satelit",
Permen_9_2023,Permen Nomor 9 Tahun 2023,Permen,2023,9,BAB II,Penerimaan Negara Bukan Pajak Dari Penggunaan Spektrum Frekuensi Radio,Bagian Ketiga,Paragraf 2,41,2,b,3,Ketentuan,"frekuensi radio dan polarisasi yang digunakan berulang (re-use) hanya diperhitungkan satu kali,",Pasal 41 ayat (2) huruf b angka 3,"frekuensi, radio, polarisasi, digunakan, berulang",
Permen_9_2023,Permen Nomor 9 Tahun 2023,Permen,2023,9,BAB II,Penerimaan Negara Bukan Pajak Dari Penggunaan Spektrum Frekuensi Radio,Bagian Ketiga,Paragraf 2,41,2,c,,Ketentuan,ISR angkasa yang menggunakan lebih dari 1 (satu) beam (multi spot beam):,Pasal 41 ayat (2) huruf c,"beam, angkasa, menggunakan, lebih, satu",
Permen_9_2023,Permen Nomor 9 Tahun 2023,Permen,2023,9,BAB II,Penerimaan Negara Bukan Pajak Dari Penggunaan Spektrum Frekuensi Radio,Bagian Ketiga,Paragraf 2,41,2,c,1,Ketentuan,dikenai 1 (satu) BHP ISR angkasa untuk keseluruhan beam dalam sistem satelit;,Pasal 41 ayat (2) huruf c angka 1,"dikenai, satu, angkasa, keseluruhan, beam",
Permen_9_2023,Permen Nomor 9 Tahun 2023,Permen,2023,9,BAB II,Penerimaan Negara Bukan Pajak Dari Penggunaan Spektrum Frekuensi Radio,Bagian Ketiga,Paragraf 2,41,2,c,2,Ketentuan,lebar pita (b) merupakan penjumlahan seluruh lebar pita frekuensi radio untuk frekuensi radio dan polarisasi yang berbeda yang digunakan oleh setiap beam dalam sistem satelit; dan,Pasal 41 ayat (2) huruf c angka 2,"lebar, pita, frekuensi, radio, penjumlahan",
Permen_9_2023,Permen Nomor 9 Tahun 2023,Permen,2023,9,BAB II,Penerimaan Negara Bukan Pajak Dari Penggunaan Spektrum Frekuensi Radio,Bagian Ketiga,Paragraf 2,41,2,c,3,Ketentuan,"frekuensi radio dan polarisasi yang digunakan berulang (re-use) hanya diperhitungkan satu kali, Catatan : - UU ITE No 11 Tahun 2008 Pasal 5 ayat 1 ""Informasi Elektronik dan/atau Dokumen Elektronik dan/atau hasil cetaknya merupakan alat bukti hukum yang sah."" - Dokumen ini telah ditandatangani secara elektronik menggunakansertifikat elektronikyang diterbitkanBSrE - 20 -",Pasal 41 ayat (2) huruf c angka 3,"elektronik, dokumen, frekuensi, radio, polarisasi",
Permen_9_2023,Permen Nomor 9 Tahun 2023,Permen,2023,9,BAB II,Penerimaan Negara Bukan Pajak Dari Penggunaan Spektrum Frekuensi Radio,Bagian Ketiga,Paragraf 2,41,2,d,,Ketentuan,ISR angkasa yang menggunakan gabungan dari lebih dari 1 (satu) satelit dalam 1 (satu) konstelasi satelit dan lebih dari 1 (satu) beam (multi spot beam) berlaku ketentuan sebagaimana dimaksud pada huruf b dan huruf c.,Pasal 41 ayat (2) huruf d,"satu, lebih, satelit, beam, angkasa",
Permen_9_2023,Permen Nomor 9 Tahun 2023,Permen,2023,9,BAB II,Penerimaan Negara Bukan Pajak Dari Penggunaan Spektrum Frekuensi Radio,Bagian Ketiga,Paragraf 2,41,3,,,Ketentuan,Besaran harga dasar lebar pita (HDLP) dalam formula BHP ISR angkasa sebagaimana dimaksud dalam Pasal 40 ditentukan berdasarkan zona 3 penarifan BHP ISR.,Pasal 41 ayat (3),"besaran, harga, dasar, lebar, pita",
Permen_9_2023,Permen Nomor 9 Tahun 2023,Permen,2023,9,BAB II,Penerimaan Negara Bukan Pajak Dari Penggunaan Spektrum Frekuensi Radio,Bagian Ketiga,Paragraf 3,42,1,,,Ketentuan,Zona harga dasar lebar pita (HDLP) dan harga dasar daya pancar (HDDP) untuk menghitung BHP ISR untuk Penyiaran ditentukan berdasarkan wilayah layanan siaran sesuai dengan ketentuan peraturan perundang- undangan.,Pasal 42 ayat (1),"harga, dasar, zona, lebar, pita",
Permen_9_2023,Permen Nomor 9 Tahun 2023,Permen,2023,9,BAB II,Penerimaan Negara Bukan Pajak Dari Penggunaan Spektrum Frekuensi Radio,Bagian Ketiga,Paragraf 3,42,2,,,Ketentuan,"Dalam hal pada wilayah layanan siaran sebagaimana dimaksud pada ayat (1) terdapat lebih dari 1 (satu) zona penarifan BHP ISR, penghitungan BHP ISR menggunakan zona dengan harga dasar lebar pita (HDLP) dan harga dasar daya pancar (HDDP) tertinggi.",Pasal 42 ayat (2),"zona, harga, dasar, wilayah, layanan",
Permen_9_2023,Permen Nomor 9 Tahun 2023,Permen,2023,9,BAB II,Penerimaan Negara Bukan Pajak Dari Penggunaan Spektrum Frekuensi Radio,Bagian Ketiga,Paragraf 4,43,,,,Ketentuan,BHP ISR untuk perpanjangan ISR dihitung dengan menggunakan formula sebagaimana dimaksud dalam Pasal 36 ayat (1).,Pasal 43,"perpanjangan, dihitung, menggunakan, formula",
Permen_9_2023,Permen Nomor 9 Tahun 2023,Permen,2023,9,BAB II,Penerimaan Negara Bukan Pajak Dari Penggunaan Spektrum Frekuensi Radio,Bagian Ketiga,Paragraf 5,44,1,,,Kewajiban,BHP ISR untuk tahun kesatu wajib dibayar lunas paling lambat 30 (tiga puluh) Hari terhitung sejak tanggal SPP diterbitkan.,Pasal 44 ayat (1),"tahun, kesatu, wajib, dibayar, lunas",
Permen_9_2023,Permen Nomor 9 Tahun 2023,Permen,2023,9,BAB II,Penerimaan Negara Bukan Pajak Dari Penggunaan Spektrum Frekuensi Radio,Bagian Ketiga,Paragraf 5,44,2,,,Ketentuan,SPP sebagaimana dimaksud pada ayat (1) diterbitkan oleh pejabat kuasa pengelola PNBP pada tanggal yang sama dengan tanggal permohonan ISR disetujui.,Pasal 44 ayat (2),"tanggal, diterbitkan, pejabat, kuasa, pengelola",
Permen_9_2023,Permen Nomor 9 Tahun 2023,Permen,2023,9,BAB II,Penerimaan Negara Bukan Pajak Dari Penggunaan Spektrum Frekuensi Radio,Bagian Ketiga,Paragraf 5,44,3,,,Ketentuan,"Dalam hal BHP ISR untuk tahun kesatu sebagaimana dimaksud pada ayat (1) tidak dibayar lunas atau dibayarkan setelah tanggal jatuh tempo, persetujuan permohonan ISR dibatalkan dan SPP dinyatakan batal dan tidak berlaku.",Pasal 44 ayat (3),"tahun, kesatu, dibayar, lunas, dibayarkan",
Permen_9_2023,Permen Nomor 9 Tahun 2023,Permen,2023,9,BAB II,Penerimaan Negara Bukan Pajak Dari Penggunaan Spektrum Frekuensi Radio,Bagian Ketiga,Paragraf 5,44,4,,,Ketentuan,"SPP sebagaimana dimaksud pada ayat (2) dapat diakses melalui fasilitas layanan perizinan Spektrum Frekuensi Radio. Catatan : - UU ITE No 11 Tahun 2008 Pasal 5 ayat 1 ""Informasi Elektronik dan/atau Dokumen Elektronik dan/atau hasil cetaknya merupakan alat bukti hukum yang sah."" - Dokumen ini telah ditandatangani secara elektronik menggunakansertifikat elektronikyang diterbitkanBSrE - 21 -",Pasal 44 ayat (4),"elektronik, dokumen, diakses, melalui, fasilitas",
Permen_9_2023,Permen Nomor 9 Tahun 2023,Permen,2023,9,BAB II,Penerimaan Negara Bukan Pajak Dari Penggunaan Spektrum Frekuensi Radio,Bagian Ketiga,Paragraf 5,44,5,,,Kewajiban,"Dalam hal SPP sebagaimana dimaksud pada ayat (4) belum atau tidak dapat diakses, Direktur Jenderal menyediakan SPP melalui pusat pelayanan terpadu yang dapat diakses oleh Wajib Bayar.",Pasal 44 ayat (5),"diakses, belum, direktur, jenderal, menyediakan",
Permen_9_2023,Permen Nomor 9 Tahun 2023,Permen,2023,9,BAB II,Penerimaan Negara Bukan Pajak Dari Penggunaan Spektrum Frekuensi Radio,Bagian Ketiga,Paragraf 5,45,1,,,Kewajiban,BHP ISR untuk tahun kedua dan tahun berikutnya sampai dengan masa laku ISR berakhir wajib dibayar lunas setiap tahun paling lambat pada tanggal jatuh tempo pembayaran BHP ISR tahunan.,Pasal 45 ayat (1),"tahun, kedua, berikutnya, sampai, masa",
Permen_9_2023,Permen Nomor 9 Tahun 2023,Permen,2023,9,BAB II,Penerimaan Negara Bukan Pajak Dari Penggunaan Spektrum Frekuensi Radio,Bagian Ketiga,Paragraf 5,45,2,,,Ketentuan,Tanggal jatuh tempo pembayaran BHP ISR tahunan sebagaimana dimaksud pada ayat (1) merupakan 1 (satu) Hari sebelum tanggal dan bulan mulai berlaku ISR.,Pasal 45 ayat (2),"tanggal, jatuh, tempo, pembayaran, tahunan",
Permen_9_2023,Permen Nomor 9 Tahun 2023,Permen,2023,9,BAB II,Penerimaan Negara Bukan Pajak Dari Penggunaan Spektrum Frekuensi Radio,Bagian Ketiga,Paragraf 5,45,3,,,Sanksi,"Dalam hal BHP ISR untuk tahun kedua atau tahun berikutnya sampai dengan masa laku ISR berakhir tidak dibayar lunas atau dibayarkan setelah tanggal jatuh tempo, pemegang ISR dikenai sanksi sesuai dengan ketentuan peraturan perundang-undangan.",Pasal 45 ayat (3),"tahun, kedua, berikutnya, sampai, masa",
Permen_9_2023,Permen Nomor 9 Tahun 2023,Permen,2023,9,BAB II,Penerimaan Negara Bukan Pajak Dari Penggunaan Spektrum Frekuensi Radio,Bagian Ketiga,Paragraf 5,46,1,,,Ketentuan,Pemegang ISR dapat mengakses informasi besaran BHP ISR sebagaimana dimaksud dalam Pasal 45 ayat (1) melalui fasilitas layanan perizinan Spektrum Frekuensi Radio paling cepat 60 (enam puluh) Hari sebelum jatuh tempo pembayaran BHP ISR tahunan.,Pasal 46 ayat (1),"pemegang, mengakses, informasi, besaran, melalui",
Permen_9_2023,Permen Nomor 9 Tahun 2023,Permen,2023,9,BAB II,Penerimaan Negara Bukan Pajak Dari Penggunaan Spektrum Frekuensi Radio,Bagian Ketiga,Paragraf 5,46,2,,,Ketentuan,"Dalam hal besaran BHP ISR sebagaimana dimaksud pada ayat (1) belum atau tidak dapat diakses, Direktur Jenderal menyediakan informasi besaran BHP ISR melalui pusat pelayanan terpadu yang dapat diakses oleh pemegang ISR.",Pasal 46 ayat (2),"besaran, diakses, belum, direktur, jenderal",
Permen_9_2023,Permen Nomor 9 Tahun 2023,Permen,2023,9,BAB II,Penerimaan Negara Bukan Pajak Dari Penggunaan Spektrum Frekuensi Radio,Bagian Ketiga,Paragraf 5,47,1,,,Ketentuan,Pembayaran BHP ISR sebagaimana dimaksud dalam Pasal 44 ayat (1) dan Pasal 45 ayat (1) dibayarkan melalui sistem pembayaran otomatis kepada Direktorat Jenderal.,Pasal 47 ayat (1),"pembayaran, dibayarkan, melalui, sistem, otomatis",
Permen_9_2023,Permen Nomor 9 Tahun 2023,Permen,2023,9,BAB II,Penerimaan Negara Bukan Pajak Dari Penggunaan Spektrum Frekuensi Radio,Bagian Ketiga,Paragraf 5,47,2,,,Ketentuan,BHP ISR sebagaimana dimaksud pada ayat (1) disetor ke kas negara sesuai dengan ketentuan peraturan perundang-undangan.,Pasal 47 ayat (2),"disetor, negara, perundang, undangan",
Permen_9_2023,Permen Nomor 9 Tahun 2023,Permen,2023,9,BAB II,Penerimaan Negara Bukan Pajak Dari Penggunaan Spektrum Frekuensi Radio,Bagian Ketiga,Paragraf 5,47,3,,,Ketentuan,"Selain melalui sistem pembayaran otomatis sebagaimana dimaksud pada ayat (1), pembayaran BHP ISR oleh instansi pemerintah dapat dilakukan melalui pemindahbukuan sesuai dengan ketentuan peraturan perundang-undangan.",Pasal 47 ayat (3),"melalui, pembayaran, selain, sistem, otomatis","Pemerintah, Instansi"
Permen_9_2023,Permen Nomor 9 Tahun 2023,Permen,2023,9,BAB II,Penerimaan Negara Bukan Pajak Dari Penggunaan Spektrum Frekuensi Radio,Bagian Ketiga,Paragraf 5,48,1,,,Ketentuan,Direktur Jenderal menerbitkan pengesahan ISR untuk BHP ISR yang telah dilunasi untuk tahun kedua dan/atau tahun berikutnya sampai dengan masa laku ISR berakhir.,Pasal 48 ayat (1),"tahun, direktur, jenderal, menerbitkan, pengesahan",
Permen_9_2023,Permen Nomor 9 Tahun 2023,Permen,2023,9,BAB II,Penerimaan Negara Bukan Pajak Dari Penggunaan Spektrum Frekuensi Radio,Bagian Ketiga,Paragraf 5,48,2,,,Sanksi,"Dikecualikan dari ketentuan sebagaimana dimaksud pada ayat (1), pelunasan BHP ISR terutang untuk ISR yang telah dicabut atau berakhir masa lakunya tidak diterbitkan pengesahan ISR. Catatan : - UU ITE No 11 Tahun 2008 Pasal 5 ayat 1 ""Informasi Elektronik dan/atau Dokumen Elektronik dan/atau hasil cetaknya merupakan alat bukti hukum yang sah."" - Dokumen ini telah ditandatangani secara elektronik menggunakansertifikat elektronikyang diterbitkanBSrE - 22 -",Pasal 48 ayat (2),"elektronik, dokumen, dikecualikan, pelunasan, terutang",
Permen_9_2023,Permen Nomor 9 Tahun 2023,Permen,2023,9,BAB II,Penerimaan Negara Bukan Pajak Dari Penggunaan Spektrum Frekuensi Radio,Bagian Ketiga,Paragraf 6,49,1,,,Ketentuan,"Pemegang ISR yang memiliki 2 (dua) atau lebih ISR dengan jatuh tempo pembayaran BHP ISR berbeda, dapat mengajukan permohonan perubahan jatuh tempo pembayaran BHP ISR kepada Direktur Jenderal.",Pasal 49 ayat (1),"jatuh, tempo, pembayaran, pemegang, memiliki",
Permen_9_2023,Permen Nomor 9 Tahun 2023,Permen,2023,9,BAB II,Penerimaan Negara Bukan Pajak Dari Penggunaan Spektrum Frekuensi Radio,Bagian Ketiga,Paragraf 6,49,2,,,Ketentuan,Perubahan jatuh tempo pembayaran sebagaimana dimaksud pada ayat (1) dilaksanakan dengan ketentuan:,Pasal 49 ayat (2),"perubahan, jatuh, tempo, pembayaran, dilaksanakan",
Permen_9_2023,Permen Nomor 9 Tahun 2023,Permen,2023,9,BAB II,Penerimaan Negara Bukan Pajak Dari Penggunaan Spektrum Frekuensi Radio,Bagian Ketiga,Paragraf 6,49,2,a,,Kewajiban,tidak mengurangi besaran BHP ISR yang harus dibayar; dan,Pasal 49 ayat (2) huruf a,"mengurangi, besaran, dibayar",
Permen_9_2023,Permen Nomor 9 Tahun 2023,Permen,2023,9,BAB II,Penerimaan Negara Bukan Pajak Dari Penggunaan Spektrum Frekuensi Radio,Bagian Ketiga,Paragraf 6,49,2,b,,Ketentuan,BHP ISR yang telah dibayarkan pada tahun berjalan tidak dapat dikembalikan.,Pasal 49 ayat (2) huruf b,"dibayarkan, tahun, berjalan, dikembalikan",
Permen_9_2023,Permen Nomor 9 Tahun 2023,Permen,2023,9,BAB II,Penerimaan Negara Bukan Pajak Dari Penggunaan Spektrum Frekuensi Radio,Bagian Ketiga,Paragraf 6,49,3,,,Ketentuan,Perubahan jatuh tempo pembayaran sebagaimana dimaksud pada ayat (1) tidak mengubah masa laku ISR.,Pasal 49 ayat (3),"perubahan, jatuh, tempo, pembayaran, mengubah",
Permen_9_2023,Permen Nomor 9 Tahun 2023,Permen,2023,9,BAB II,Penerimaan Negara Bukan Pajak Dari Penggunaan Spektrum Frekuensi Radio,Bagian Ketiga,Paragraf 6,49,4,,,Ketentuan,Alur proses permohonan perubahan jatuh tempo pembayaran BHP ISR sebagaimana dimaksud pada ayat (1) ditetapkan oleh Direktur Jenderal.,Pasal 49 ayat (4),"alur, proses, permohonan, perubahan, jatuh",
Permen_9_2023,Permen Nomor 9 Tahun 2023,Permen,2023,9,BAB II,Penerimaan Negara Bukan Pajak Dari Penggunaan Spektrum Frekuensi Radio,Bagian Ketiga,Paragraf 7,50,,,,Ketentuan,"Pemegang ISR dapat mengajukan keberatan, permohonan keringanan, atau permohonan pengembalian BHP ISR sesuai dengan ketentuan peraturan perundang-undangan.",Pasal 50,"permohonan, pemegang, mengajukan, keberatan, keringanan",
Permen_9_2023,Permen Nomor 9 Tahun 2023,Permen,2023,9,BAB II,Penerimaan Negara Bukan Pajak Dari Penggunaan Spektrum Frekuensi Radio,Bagian Ketiga,Paragraf 7,51,,,,Ketentuan,BHP ISR yang telah dibayarkan tidak dapat dikembalikan dalam hal ISR diakhiri sebelum masa laku berakhir atas dasar:,Pasal 51,"dibayarkan, dikembalikan, diakhiri, sebelum, masa",
Permen_9_2023,Permen Nomor 9 Tahun 2023,Permen,2023,9,BAB II,Penerimaan Negara Bukan Pajak Dari Penggunaan Spektrum Frekuensi Radio,Bagian Ketiga,Paragraf 7,51,,a,,Ketentuan,permohonan penghentian ISR oleh pemegang ISR; atau,Pasal 51 huruf a,"permohonan, penghentian, pemegang",
Permen_9_2023,Permen Nomor 9 Tahun 2023,Permen,2023,9,BAB II,Penerimaan Negara Bukan Pajak Dari Penggunaan Spektrum Frekuensi Radio,Bagian Ketiga,Paragraf 7,51,,b,,Ketentuan,pencabutan ISR.,Pasal 51 huruf b,pencabutan,
Permen_9_2023,Permen Nomor 9 Tahun 2023,Permen,2023,9,BAB II,Penerimaan Negara Bukan Pajak Dari Penggunaan Spektrum Frekuensi Radio,Bagian Ketiga,Paragraf 8,52,,,,Ketentuan,Contoh penghitungan:,Pasal 52,"contoh, penghitungan",
Permen_9_2023,Permen Nomor 9 Tahun 2023,Permen,2023,9,BAB II,Penerimaan Negara Bukan Pajak Dari Penggunaan Spektrum Frekuensi Radio,Bagian Ketiga,Paragraf 8,52,,a,,Ketentuan,BHP ISR sebagaimana dimaksud dalam Pasal 36 ayat (1);,Pasal 52 huruf a,,
Permen_9_2023,Permen Nomor 9 Tahun 2023,Permen,2023,9,BAB II,Penerimaan Negara Bukan Pajak Dari Penggunaan Spektrum Frekuensi Radio,Bagian Ketiga,Paragraf 8,52,,b,,Ketentuan,BHP ISR angkasa sebagaimana dimaksud dalam Pasal 40; dan,Pasal 52 huruf b,angkasa,
Permen_9_2023,Permen Nomor 9 Tahun 2023,Permen,2023,9,BAB II,Penerimaan Negara Bukan Pajak Dari Penggunaan Spektrum Frekuensi Radio,Bagian Ketiga,Paragraf 8,52,,c,,Ketentuan,"besaran BHP ISR sebagai akibat perubahan jatuh tempo pembayaran BHP ISR sebagaimana dimaksud dalam Pasal 49 ayat (1), ditetapkan oleh Direktur Jenderal. Catatan : - UU ITE No 11 Tahun 2008 Pasal 5 ayat 1 ""Informasi Elektronik dan/atau Dokumen Elektronik dan/atau hasil cetaknya merupakan alat bukti hukum yang sah."" - Dokumen ini telah ditandatangani secara elektronik menggunakansertifikat elektronikyang diterbitkanBSrE - 23 -",Pasal 52 huruf c,"elektronik, dokumen, besaran, akibat, perubahan",
Permen_9_2023,Permen Nomor 9 Tahun 2023,Permen,2023,9,BAB III,"Penerimaan Negara Bukan Pajak Dari Penerbitan Sertifikat Alat Telekomunikasi Dan/Atau Perangkat Telekomunikasi, Pengujian Alat Telekomunikasi Dan/Atau Perangkat Telekomunikasi, Dan Kalibrasi Alat Ukur",Bagian Kesatu,,53,1,,,Ketentuan,Tarif biaya penerbitan Sertifikat Alat Telekomunikasi dan/atau Perangkat Telekomunikasi sebagaimana dimaksud dalam Pasal 2 huruf b ditetapkan berdasarkan pada:,Pasal 53 ayat (1),"telekomunikasi, tarif, biaya, penerbitan, sertifikat",
Permen_9_2023,Permen Nomor 9 Tahun 2023,Permen,2023,9,BAB III,"Penerimaan Negara Bukan Pajak Dari Penerbitan Sertifikat Alat Telekomunikasi Dan/Atau Perangkat Telekomunikasi, Pengujian Alat Telekomunikasi Dan/Atau Perangkat Telekomunikasi, Dan Kalibrasi Alat Ukur",Bagian Kesatu,,53,1,a,,Ketentuan,kelompok Alat Telekomunikasi dan/atau Perangkat Telekomunikasi; dan,Pasal 53 ayat (1) huruf a,"telekomunikasi, kelompok, alat, perangkat",
Permen_9_2023,Permen Nomor 9 Tahun 2023,Permen,2023,9,BAB III,"Penerimaan Negara Bukan Pajak Dari Penerbitan Sertifikat Alat Telekomunikasi Dan/Atau Perangkat Telekomunikasi, Pengujian Alat Telekomunikasi Dan/Atau Perangkat Telekomunikasi, Dan Kalibrasi Alat Ukur",Bagian Kesatu,,53,1,b,,Ketentuan,laporan hasil uji atau test report.,Pasal 53 ayat (1) huruf b,"laporan, hasil, test, report",
Permen_9_2023,Permen Nomor 9 Tahun 2023,Permen,2023,9,BAB III,"Penerimaan Negara Bukan Pajak Dari Penerbitan Sertifikat Alat Telekomunikasi Dan/Atau Perangkat Telekomunikasi, Pengujian Alat Telekomunikasi Dan/Atau Perangkat Telekomunikasi, Dan Kalibrasi Alat Ukur",Bagian Kesatu,,53,2,,,Ketentuan,Kelompok Alat Telekomunikasi dan/atau Perangkat Telekomunikasi sebagaimana dimaksud pada ayat (1) huruf a terdiri dari:,Pasal 53 ayat (2),"telekomunikasi, kelompok, alat, perangkat, terdiri",
Permen_9_2023,Permen Nomor 9 Tahun 2023,Permen,2023,9,BAB III,"Penerimaan Negara Bukan Pajak Dari Penerbitan Sertifikat Alat Telekomunikasi Dan/Atau Perangkat Telekomunikasi, Pengujian Alat Telekomunikasi Dan/Atau Perangkat Telekomunikasi, Dan Kalibrasi Alat Ukur",Bagian Kesatu,,53,2,a,,Ketentuan,"telepon seluler, komputer genggam, dan komputer tablet; dan",Pasal 53 ayat (2) huruf a,"komputer, telepon, seluler, genggam, tablet",
Permen_9_2023,Permen Nomor 9 Tahun 2023,Permen,2023,9,BAB III,"Penerimaan Negara Bukan Pajak Dari Penerbitan Sertifikat Alat Telekomunikasi Dan/Atau Perangkat Telekomunikasi, Pengujian Alat Telekomunikasi Dan/Atau Perangkat Telekomunikasi, Dan Kalibrasi Alat Ukur",Bagian Kesatu,,53,2,b,,Ketentuan,"selain telepon seluler, komputer genggam, dan komputer tablet.",Pasal 53 ayat (2) huruf b,"komputer, selain, telepon, seluler, genggam",
Permen_9_2023,Permen Nomor 9 Tahun 2023,Permen,2023,9,BAB III,"Penerimaan Negara Bukan Pajak Dari Penerbitan Sertifikat Alat Telekomunikasi Dan/Atau Perangkat Telekomunikasi, Pengujian Alat Telekomunikasi Dan/Atau Perangkat Telekomunikasi, Dan Kalibrasi Alat Ukur",Bagian Kesatu,,53,3,,,Ketentuan,Laporan hasil uji atau test report sebagaimana dimaksud pada ayat (1) huruf b terdiri dari:,Pasal 53 ayat (3),"laporan, hasil, test, report, terdiri",
Permen_9_2023,Permen Nomor 9 Tahun 2023,Permen,2023,9,BAB III,"Penerimaan Negara Bukan Pajak Dari Penerbitan Sertifikat Alat Telekomunikasi Dan/Atau Perangkat Telekomunikasi, Pengujian Alat Telekomunikasi Dan/Atau Perangkat Telekomunikasi, Dan Kalibrasi Alat Ukur",Bagian Kesatu,,53,3,a,,Ketentuan,laporan hasil uji atau test report dari balai uji dalam negeri; dan,Pasal 53 ayat (3) huruf a,"laporan, hasil, test, report, balai",
Permen_9_2023,Permen Nomor 9 Tahun 2023,Permen,2023,9,BAB III,"Penerimaan Negara Bukan Pajak Dari Penerbitan Sertifikat Alat Telekomunikasi Dan/Atau Perangkat Telekomunikasi, Pengujian Alat Telekomunikasi Dan/Atau Perangkat Telekomunikasi, Dan Kalibrasi Alat Ukur",Bagian Kesatu,,53,3,b,,Ketentuan,laporan hasil uji atau test report dari balai uji luar negeri.,Pasal 53 ayat (3) huruf b,"laporan, hasil, test, report, balai",
Permen_9_2023,Permen Nomor 9 Tahun 2023,Permen,2023,9,BAB III,"Penerimaan Negara Bukan Pajak Dari Penerbitan Sertifikat Alat Telekomunikasi Dan/Atau Perangkat Telekomunikasi, Pengujian Alat Telekomunikasi Dan/Atau Perangkat Telekomunikasi, Dan Kalibrasi Alat Ukur",Bagian Kesatu,,53,4,,,Ketentuan,Balai uji luar negeri sebagaimana dimaksud pada ayat (3) huruf b terdiri dari:,Pasal 53 ayat (4),"balai, luar, negeri, terdiri",
Permen_9_2023,Permen Nomor 9 Tahun 2023,Permen,2023,9,BAB III,"Penerimaan Negara Bukan Pajak Dari Penerbitan Sertifikat Alat Telekomunikasi Dan/Atau Perangkat Telekomunikasi, Pengujian Alat Telekomunikasi Dan/Atau Perangkat Telekomunikasi, Dan Kalibrasi Alat Ukur",Bagian Kesatu,,53,4,a,,Ketentuan,balai uji luar negeri mutual recognition arrangement; dan,Pasal 53 ayat (4) huruf a,"balai, luar, negeri, mutual, recognition",
Permen_9_2023,Permen Nomor 9 Tahun 2023,Permen,2023,9,BAB III,"Penerimaan Negara Bukan Pajak Dari Penerbitan Sertifikat Alat Telekomunikasi Dan/Atau Perangkat Telekomunikasi, Pengujian Alat Telekomunikasi Dan/Atau Perangkat Telekomunikasi, Dan Kalibrasi Alat Ukur",Bagian Kesatu,,53,4,b,,Ketentuan,balai uji luar negeri non mutual recognition arrangement.,Pasal 53 ayat (4) huruf b,"balai, luar, negeri, mutual, recognition",
Permen_9_2023,Permen Nomor 9 Tahun 2023,Permen,2023,9,BAB III,"Penerimaan Negara Bukan Pajak Dari Penerbitan Sertifikat Alat Telekomunikasi Dan/Atau Perangkat Telekomunikasi, Pengujian Alat Telekomunikasi Dan/Atau Perangkat Telekomunikasi, Dan Kalibrasi Alat Ukur",Bagian Kesatu,,54,,,,Ketentuan,Tarif biaya penerbitan Sertifikat Alat Telekomunikasi dan/atau Perangkat Telekomunikasi yang ditetapkan berdasarkan ketentuan sebagaimana dimaksud dalam Pasal 53 ayat (1) dikelompokkan sebagai berikut:,Pasal 54,"telekomunikasi, tarif, biaya, penerbitan, sertifikat",
Permen_9_2023,Permen Nomor 9 Tahun 2023,Permen,2023,9,BAB III,"Penerimaan Negara Bukan Pajak Dari Penerbitan Sertifikat Alat Telekomunikasi Dan/Atau Perangkat Telekomunikasi, Pengujian Alat Telekomunikasi Dan/Atau Perangkat Telekomunikasi, Dan Kalibrasi Alat Ukur",Bagian Kesatu,,54,,a,,Ketentuan,Sertifikat Alat Telekomunikasi dan/atau Perangkat Telekomunikasi berdasarkan laporan hasil uji atau test report dari balai uji dalam negeri;,Pasal 54 huruf a,"telekomunikasi, sertifikat, alat, perangkat, laporan",
Permen_9_2023,Permen Nomor 9 Tahun 2023,Permen,2023,9,BAB III,"Penerimaan Negara Bukan Pajak Dari Penerbitan Sertifikat Alat Telekomunikasi Dan/Atau Perangkat Telekomunikasi, Pengujian Alat Telekomunikasi Dan/Atau Perangkat Telekomunikasi, Dan Kalibrasi Alat Ukur",Bagian Kesatu,,54,,b,,Ketentuan,"Sertifikat Alat Telekomunikasi dan/atau Perangkat Telekomunikasi berdasarkan laporan hasil uji atau test report dari balai uji luar negeri mutual recognition arrangement untuk Alat Telekomunikasi dan/atau Perangkat Telekomunikasi telepon seluler, komputer genggam, dan komputer tablet; Catatan : - UU ITE No 11 Tahun 2008 Pasal 5 ayat 1 ""Informasi Elektronik dan/atau Dokumen Elektronik dan/atau hasil cetaknya merupakan alat bukti hukum yang sah."" - Dokumen ini telah ditandatangani secara elektronik menggunakansertifikat elektronikyang diterbitkanBSrE - 24 -",Pasal 54 huruf b,"telekomunikasi, alat, elektronik, perangkat, hasil",
Permen_9_2023,Permen Nomor 9 Tahun 2023,Permen,2023,9,BAB III,"Penerimaan Negara Bukan Pajak Dari Penerbitan Sertifikat Alat Telekomunikasi Dan/Atau Perangkat Telekomunikasi, Pengujian Alat Telekomunikasi Dan/Atau Perangkat Telekomunikasi, Dan Kalibrasi Alat Ukur",Bagian Kesatu,,54,,c,,Ketentuan,Sertifikat Alat Telekomunikasi dan/atau Perangkat Telekomunikasi berdasarkan laporan hasil uji atau test report dari balai uji luar negeri:,Pasal 54 huruf c,"telekomunikasi, sertifikat, alat, perangkat, laporan",
Permen_9_2023,Permen Nomor 9 Tahun 2023,Permen,2023,9,BAB III,"Penerimaan Negara Bukan Pajak Dari Penerbitan Sertifikat Alat Telekomunikasi Dan/Atau Perangkat Telekomunikasi, Pengujian Alat Telekomunikasi Dan/Atau Perangkat Telekomunikasi, Dan Kalibrasi Alat Ukur",Bagian Kesatu,,54,,c,1,Ketentuan,non mutual recognition arrangement; atau,Pasal 54 huruf c angka 1,"mutual, recognition, arrangement",
Permen_9_2023,Permen Nomor 9 Tahun 2023,Permen,2023,9,BAB III,"Penerimaan Negara Bukan Pajak Dari Penerbitan Sertifikat Alat Telekomunikasi Dan/Atau Perangkat Telekomunikasi, Pengujian Alat Telekomunikasi Dan/Atau Perangkat Telekomunikasi, Dan Kalibrasi Alat Ukur",Bagian Kesatu,,54,,c,2,Ketentuan,"kombinasi mutual recognition arrangement dan non mutual recognition arrangement, untuk alat telekomunikasi dan/atau perangkat telekomunikasi telepon seluler, komputer genggam, dan komputer tablet;",Pasal 54 huruf c angka 2,"mutual, recognition, arrangement, telekomunikasi, komputer",
Permen_9_2023,Permen Nomor 9 Tahun 2023,Permen,2023,9,BAB III,"Penerimaan Negara Bukan Pajak Dari Penerbitan Sertifikat Alat Telekomunikasi Dan/Atau Perangkat Telekomunikasi, Pengujian Alat Telekomunikasi Dan/Atau Perangkat Telekomunikasi, Dan Kalibrasi Alat Ukur",Bagian Kesatu,,54,,d,,Ketentuan,"Sertifikat Alat Telekomunikasi dan/atau Perangkat Telekomunikasi berdasarkan kombinasi laporan hasil uji atau test report dari balai uji dalam negeri dan dari balai uji luar negeri mutual recognition arrangement untuk Alat Telekomunikasi dan/atau Perangkat Telekomunikasi telepon seluler, komputer genggam, dan komputer tablet;",Pasal 54 huruf d,"telekomunikasi, alat, perangkat, balai, negeri",
Permen_9_2023,Permen Nomor 9 Tahun 2023,Permen,2023,9,BAB III,"Penerimaan Negara Bukan Pajak Dari Penerbitan Sertifikat Alat Telekomunikasi Dan/Atau Perangkat Telekomunikasi, Pengujian Alat Telekomunikasi Dan/Atau Perangkat Telekomunikasi, Dan Kalibrasi Alat Ukur",Bagian Kesatu,,54,,e,,Ketentuan,Sertifikat Alat Telekomunikasi dan/atau Perangkat Telekomunikasi berdasarkan kombinasi laporan hasil uji atau test report dari:,Pasal 54 huruf e,"telekomunikasi, sertifikat, alat, perangkat, kombinasi",
Permen_9_2023,Permen Nomor 9 Tahun 2023,Permen,2023,9,BAB III,"Penerimaan Negara Bukan Pajak Dari Penerbitan Sertifikat Alat Telekomunikasi Dan/Atau Perangkat Telekomunikasi, Pengujian Alat Telekomunikasi Dan/Atau Perangkat Telekomunikasi, Dan Kalibrasi Alat Ukur",Bagian Kesatu,,54,,e,1,Ketentuan,balai uji dalam negeri dan balai uji luar negeri non mutual recognition arrangement; atau,Pasal 54 huruf e angka 1,"balai, negeri, luar, mutual, recognition",
Permen_9_2023,Permen Nomor 9 Tahun 2023,Permen,2023,9,BAB III,"Penerimaan Negara Bukan Pajak Dari Penerbitan Sertifikat Alat Telekomunikasi Dan/Atau Perangkat Telekomunikasi, Pengujian Alat Telekomunikasi Dan/Atau Perangkat Telekomunikasi, Dan Kalibrasi Alat Ukur",Bagian Kesatu,,54,,e,2,Ketentuan,"balai uji dalam negeri, balai uji luar negeri mutual recognition arrangement, dan balai uji luar negeri non mutual recognition arrangement, untuk Alat Telekomunikasi dan/atau Perangkat Telekomunikasi telepon seluler, komputer genggam, dan komputer tablet;",Pasal 54 huruf e angka 2,"balai, negeri, luar, mutual, recognition",
Permen_9_2023,Permen Nomor 9 Tahun 2023,Permen,2023,9,BAB III,"Penerimaan Negara Bukan Pajak Dari Penerbitan Sertifikat Alat Telekomunikasi Dan/Atau Perangkat Telekomunikasi, Pengujian Alat Telekomunikasi Dan/Atau Perangkat Telekomunikasi, Dan Kalibrasi Alat Ukur",Bagian Kesatu,,54,,f,,Ketentuan,"Sertifikat Alat Telekomunikasi dan/atau Perangkat Telekomunikasi berdasarkan laporan hasil uji atau test report dari balai uji luar negeri mutual recognition arrangement untuk Alat Telekomunikasi dan/atau Perangkat Telekomunikasi selain telepon seluler, komputer genggam, dan komputer tablet;",Pasal 54 huruf f,"telekomunikasi, alat, perangkat, komputer, sertifikat",
Permen_9_2023,Permen Nomor 9 Tahun 2023,Permen,2023,9,BAB III,"Penerimaan Negara Bukan Pajak Dari Penerbitan Sertifikat Alat Telekomunikasi Dan/Atau Perangkat Telekomunikasi, Pengujian Alat Telekomunikasi Dan/Atau Perangkat Telekomunikasi, Dan Kalibrasi Alat Ukur",Bagian Kesatu,,54,,g,,Ketentuan,Sertifikat Alat Telekomunikasi dan/atau Perangkat Telekomunikasi berdasarkan laporan hasil uji atau test report dari balai uji luar negeri:,Pasal 54 huruf g,"telekomunikasi, sertifikat, alat, perangkat, laporan",
Permen_9_2023,Permen Nomor 9 Tahun 2023,Permen,2023,9,BAB III,"Penerimaan Negara Bukan Pajak Dari Penerbitan Sertifikat Alat Telekomunikasi Dan/Atau Perangkat Telekomunikasi, Pengujian Alat Telekomunikasi Dan/Atau Perangkat Telekomunikasi, Dan Kalibrasi Alat Ukur",Bagian Kesatu,,54,,g,1,Ketentuan,non mutual recognition arrangement; atau,Pasal 54 huruf g angka 1,"mutual, recognition, arrangement",
Permen_9_2023,Permen Nomor 9 Tahun 2023,Permen,2023,9,BAB III,"Penerimaan Negara Bukan Pajak Dari Penerbitan Sertifikat Alat Telekomunikasi Dan/Atau Perangkat Telekomunikasi, Pengujian Alat Telekomunikasi Dan/Atau Perangkat Telekomunikasi, Dan Kalibrasi Alat Ukur",Bagian Kesatu,,54,,g,2,Ketentuan,"kombinasi mutual recognition arrangement dan non mutual recognition arrangement, untuk Alat Telekomunikasi dan/atau Perangkat Telekomunikasi selain telepon seluler, komputer genggam, dan komputer tablet;",Pasal 54 huruf g angka 2,"mutual, recognition, arrangement, telekomunikasi, komputer",
Permen_9_2023,Permen Nomor 9 Tahun 2023,Permen,2023,9,BAB III,"Penerimaan Negara Bukan Pajak Dari Penerbitan Sertifikat Alat Telekomunikasi Dan/Atau Perangkat Telekomunikasi, Pengujian Alat Telekomunikasi Dan/Atau Perangkat Telekomunikasi, Dan Kalibrasi Alat Ukur",Bagian Kesatu,,54,,h,,Ketentuan,"Sertifikat Alat Telekomunikasi dan/atau Perangkat Telekomunikasi berdasarkan kombinasi laporan hasil uji atau test report dari balai uji dalam negeri dan dari balai uji luar negeri mutual recognition arrangement untuk Alat Telekomunikasi dan/atau Perangkat Telekomunikasi selain telepon seluler, komputer genggam, dan komputer tablet;",Pasal 54 huruf h,"telekomunikasi, alat, perangkat, balai, negeri",
Permen_9_2023,Permen Nomor 9 Tahun 2023,Permen,2023,9,BAB III,"Penerimaan Negara Bukan Pajak Dari Penerbitan Sertifikat Alat Telekomunikasi Dan/Atau Perangkat Telekomunikasi, Pengujian Alat Telekomunikasi Dan/Atau Perangkat Telekomunikasi, Dan Kalibrasi Alat Ukur",Bagian Kesatu,,54,,i,,Ketentuan,Sertifikat Alat Telekomunikasi dan/atau Perangkat Telekomunikasi berdasarkan kombinasi laporan hasil uji dari:,Pasal 54 huruf i,"telekomunikasi, sertifikat, alat, perangkat, kombinasi",
Permen_9_2023,Permen Nomor 9 Tahun 2023,Permen,2023,9,BAB III,"Penerimaan Negara Bukan Pajak Dari Penerbitan Sertifikat Alat Telekomunikasi Dan/Atau Perangkat Telekomunikasi, Pengujian Alat Telekomunikasi Dan/Atau Perangkat Telekomunikasi, Dan Kalibrasi Alat Ukur",Bagian Kesatu,,54,,i,1,Ketentuan,"balai uji dalam negeri dan balai uji luar negeri non mutual recognition arrangement; atau Catatan : - UU ITE No 11 Tahun 2008 Pasal 5 ayat 1 ""Informasi Elektronik dan/atau Dokumen Elektronik dan/atau hasil cetaknya merupakan alat bukti hukum yang sah."" - Dokumen ini telah ditandatangani secara elektronik menggunakansertifikat elektronikyang diterbitkanBSrE - 25 -",Pasal 54 huruf i angka 1,"elektronik, balai, negeri, dokumen, luar",
Permen_9_2023,Permen Nomor 9 Tahun 2023,Permen,2023,9,BAB III,"Penerimaan Negara Bukan Pajak Dari Penerbitan Sertifikat Alat Telekomunikasi Dan/Atau Perangkat Telekomunikasi, Pengujian Alat Telekomunikasi Dan/Atau Perangkat Telekomunikasi, Dan Kalibrasi Alat Ukur",Bagian Kesatu,,54,,i,2,Ketentuan,"balai uji dalam negeri, balai uji luar negeri mutual recognition arrangement, dan balai uji luar negeri non mutual recognition arrangement, untuk Alat Telekomunikasi dan/atau Perangkat Telekomunikasi selain telepon seluler, komputer genggam, dan komputer tablet.",Pasal 54 huruf i angka 2,"balai, negeri, luar, mutual, recognition",
Permen_9_2023,Permen Nomor 9 Tahun 2023,Permen,2023,9,BAB III,"Penerimaan Negara Bukan Pajak Dari Penerbitan Sertifikat Alat Telekomunikasi Dan/Atau Perangkat Telekomunikasi, Pengujian Alat Telekomunikasi Dan/Atau Perangkat Telekomunikasi, Dan Kalibrasi Alat Ukur",Bagian Kesatu,,55,1,,,Kewajiban,Biaya penerbitan Sertifikat Alat Telekomunikasi dan/atau Perangkat Telekomunikasi wajib dibayar lunas paling lambat 14 (empat belas) Hari sejak SPP diterbitkan.,Pasal 55 ayat (1),"telekomunikasi, biaya, penerbitan, sertifikat, alat",
Permen_9_2023,Permen Nomor 9 Tahun 2023,Permen,2023,9,BAB III,"Penerimaan Negara Bukan Pajak Dari Penerbitan Sertifikat Alat Telekomunikasi Dan/Atau Perangkat Telekomunikasi, Pengujian Alat Telekomunikasi Dan/Atau Perangkat Telekomunikasi, Dan Kalibrasi Alat Ukur",Bagian Kesatu,,55,2,,,Ketentuan,SPP sebagaimana dimaksud pada ayat (1) diterbitkan pada tanggal yang sama dengan tanggal persetujuan atas permohonan Sertifikat Alat Telekomunikasi dan/atau Perangkat Telekomunikasi.,Pasal 55 ayat (2),"tanggal, telekomunikasi, diterbitkan, sama, persetujuan",
Permen_9_2023,Permen Nomor 9 Tahun 2023,Permen,2023,9,BAB III,"Penerimaan Negara Bukan Pajak Dari Penerbitan Sertifikat Alat Telekomunikasi Dan/Atau Perangkat Telekomunikasi, Pengujian Alat Telekomunikasi Dan/Atau Perangkat Telekomunikasi, Dan Kalibrasi Alat Ukur",Bagian Kesatu,,55,3,,,Ketentuan,SPP sebagaimana dimaksud pada ayat (2) dapat diakses melalui fasilitas layanan Sertifikat Alat Telekomunikasi dan/atau Perangkat Telekomunikasi.,Pasal 55 ayat (3),"telekomunikasi, diakses, melalui, fasilitas, layanan",
Permen_9_2023,Permen Nomor 9 Tahun 2023,Permen,2023,9,BAB III,"Penerimaan Negara Bukan Pajak Dari Penerbitan Sertifikat Alat Telekomunikasi Dan/Atau Perangkat Telekomunikasi, Pengujian Alat Telekomunikasi Dan/Atau Perangkat Telekomunikasi, Dan Kalibrasi Alat Ukur",Bagian Kedua,,56,,,,Ketentuan,Tarif Pengujian Alat Telekomunikasi dan/atau Perangkat Telekomunikasi sebagaimana dimaksud dalam Pasal 2 huruf c dikenakan untuk Pengujian Alat Telekomunikasi dan/atau Perangkat Telekomunikasi yang dilaksanakan melalui:,Pasal 56,"telekomunikasi, pengujian, alat, perangkat, tarif",
Permen_9_2023,Permen Nomor 9 Tahun 2023,Permen,2023,9,BAB III,"Penerimaan Negara Bukan Pajak Dari Penerbitan Sertifikat Alat Telekomunikasi Dan/Atau Perangkat Telekomunikasi, Pengujian Alat Telekomunikasi Dan/Atau Perangkat Telekomunikasi, Dan Kalibrasi Alat Ukur",Bagian Kedua,,56,,a,,Ketentuan,pengujian laboratorium (in house test); atau,Pasal 56 huruf a,"pengujian, laboratorium, house, test",
Permen_9_2023,Permen Nomor 9 Tahun 2023,Permen,2023,9,BAB III,"Penerimaan Negara Bukan Pajak Dari Penerbitan Sertifikat Alat Telekomunikasi Dan/Atau Perangkat Telekomunikasi, Pengujian Alat Telekomunikasi Dan/Atau Perangkat Telekomunikasi, Dan Kalibrasi Alat Ukur",Bagian Kedua,,56,,b,,Ketentuan,pengujian lapangan (on site test).,Pasal 56 huruf b,"pengujian, lapangan, site, test",
Permen_9_2023,Permen Nomor 9 Tahun 2023,Permen,2023,9,BAB III,"Penerimaan Negara Bukan Pajak Dari Penerbitan Sertifikat Alat Telekomunikasi Dan/Atau Perangkat Telekomunikasi, Pengujian Alat Telekomunikasi Dan/Atau Perangkat Telekomunikasi, Dan Kalibrasi Alat Ukur",Bagian Kedua,,57,,,,Ketentuan,Tarif Pengujian Alat Telekomunikasi dan/atau Perangkat Telekomunikasi sebagaimana dimaksud dalam Pasal 56 sesuai dengan ketentuan peraturan perundang-undangan.,Pasal 57,"telekomunikasi, tarif, pengujian, alat, perangkat",
Permen_9_2023,Permen Nomor 9 Tahun 2023,Permen,2023,9,BAB III,"Penerimaan Negara Bukan Pajak Dari Penerbitan Sertifikat Alat Telekomunikasi Dan/Atau Perangkat Telekomunikasi, Pengujian Alat Telekomunikasi Dan/Atau Perangkat Telekomunikasi, Dan Kalibrasi Alat Ukur",Bagian Kedua,,58,1,,,Ketentuan,"Tarif Pengujian Alat Telekomunikasi dan/atau Perangkat Telekomunikasi yang dilaksanakan melalui pengujian lapangan (on site test) sebagaimana dimaksud dalam Pasal 56 huruf b tidak termasuk biaya akomodasi, konsumsi, dan transportasi.",Pasal 58 ayat (1),"pengujian, telekomunikasi, tarif, alat, perangkat",
Permen_9_2023,Permen Nomor 9 Tahun 2023,Permen,2023,9,BAB III,"Penerimaan Negara Bukan Pajak Dari Penerbitan Sertifikat Alat Telekomunikasi Dan/Atau Perangkat Telekomunikasi, Pengujian Alat Telekomunikasi Dan/Atau Perangkat Telekomunikasi, Dan Kalibrasi Alat Ukur",Bagian Kedua,,58,2,,,Kewajiban,"Biaya akomodasi, konsumsi, dan transportasi sebagaimana dimaksud pada ayat (1) dibebankan kepada Wajib Bayar sesuai dengan ketentuan peraturan perundang-undangan.",Pasal 58 ayat (2),"biaya, akomodasi, konsumsi, transportasi, dibebankan",
Permen_9_2023,Permen Nomor 9 Tahun 2023,Permen,2023,9,BAB III,"Penerimaan Negara Bukan Pajak Dari Penerbitan Sertifikat Alat Telekomunikasi Dan/Atau Perangkat Telekomunikasi, Pengujian Alat Telekomunikasi Dan/Atau Perangkat Telekomunikasi, Dan Kalibrasi Alat Ukur",Bagian Kedua,,58,3,,,Kewajiban,"Wajib Bayar wajib memberikan jaminan keamanan, kehilangan, kerusakan alat ukur Perangkat Telekomunikasi dan perangkat pendukung yang digunakan, lingkungan kerja yang mendukung kesehatan, dan keselamatan kerja tim penguji selama pelaksanaan pengujian lapangan (on site test). Catatan : - UU ITE No 11 Tahun 2008 Pasal 5 ayat 1 ""Informasi Elektronik dan/atau Dokumen Elektronik dan/atau hasil cetaknya merupakan alat bukti hukum yang sah."" - Dokumen ini telah ditandatangani secara elektronik menggunakansertifikat elektronikyang diterbitkanBSrE - 26 -",Pasal 58 ayat (3),"elektronik, wajib, alat, perangkat, kerja",
Permen_9_2023,Permen Nomor 9 Tahun 2023,Permen,2023,9,BAB III,"Penerimaan Negara Bukan Pajak Dari Penerbitan Sertifikat Alat Telekomunikasi Dan/Atau Perangkat Telekomunikasi, Pengujian Alat Telekomunikasi Dan/Atau Perangkat Telekomunikasi, Dan Kalibrasi Alat Ukur",Bagian Kedua,,58,4,,,Kewajiban,Kewajiban memberikan jaminan sebagaimana dimaksud pada ayat (3) berdasarkan kesepakatan tertulis antara Wajib Bayar dengan unit pelaksana teknis di lingkungan Kementerian yang mempunyai tugas melaksanakan Pengujian Alat Telekomunikasi dan/atau Perangkat Telekomunikasi.,Pasal 58 ayat (4),"telekomunikasi, kewajiban, memberikan, jaminan, kesepakatan",Kementerian
Permen_9_2023,Permen Nomor 9 Tahun 2023,Permen,2023,9,BAB III,"Penerimaan Negara Bukan Pajak Dari Penerbitan Sertifikat Alat Telekomunikasi Dan/Atau Perangkat Telekomunikasi, Pengujian Alat Telekomunikasi Dan/Atau Perangkat Telekomunikasi, Dan Kalibrasi Alat Ukur",Bagian Kedua,,59,,,,Ketentuan,Ketentuan mengenai pengelolaan PNBP berupa Pengujian Alat Telekomunikasi dan/atau Perangkat Telekomunikasi sebagaimana dimaksud dalam Pasal 56 dan biaya sebagaimana dimaksud dalam Pasal 58 ayat (2) dan ayat (3) ditetapkan dengan keputusan unit pelaksana teknis di lingkungan Kementerian yang mempunyai tugas melaksanakan Pengujian Alat Telekomunikasi dan/atau Perangkat Telekomunikasi.,Pasal 59,"telekomunikasi, pengujian, alat, perangkat, mengenai",Kementerian
Permen_9_2023,Permen Nomor 9 Tahun 2023,Permen,2023,9,BAB III,"Penerimaan Negara Bukan Pajak Dari Penerbitan Sertifikat Alat Telekomunikasi Dan/Atau Perangkat Telekomunikasi, Pengujian Alat Telekomunikasi Dan/Atau Perangkat Telekomunikasi, Dan Kalibrasi Alat Ukur",Bagian Ketiga,,60,,,,Ketentuan,Kalibrasi alat ukur sebagaimana dimaksud dalam Pasal 2 huruf d dikenakan tarif sesuai dengan ketentuan peraturan perundang-undangan.,Pasal 60,"kalibrasi, alat, ukur, dikenakan, tarif",
Permen_9_2023,Permen Nomor 9 Tahun 2023,Permen,2023,9,BAB IV,Penerimaan Negara Bukan Pajak Dari Denda Administratif,,,61,,,,Sanksi,Denda administratif sebagaimana dimaksud dalam Pasal 2 huruf e berupa pengenaan denda administratif atas pelanggaran:,Pasal 61,"denda, administratif, berupa, pengenaan, pelanggaran",
Permen_9_2023,Permen Nomor 9 Tahun 2023,Permen,2023,9,BAB IV,Penerimaan Negara Bukan Pajak Dari Denda Administratif,,,61,,a,,Kewajiban,pemenuhan kewajiban penggunaan Spektrum Frekuensi Radio berdasarkan IPFR;,Pasal 61 huruf a,"pemenuhan, kewajiban, penggunaan, spektrum, frekuensi",
Permen_9_2023,Permen Nomor 9 Tahun 2023,Permen,2023,9,BAB IV,Penerimaan Negara Bukan Pajak Dari Denda Administratif,,,61,,b,,Kewajiban,pemenuhan kewajiban penggunaan Spektrum Frekuensi Radio berdasarkan ISR; dan,Pasal 61 huruf b,"pemenuhan, kewajiban, penggunaan, spektrum, frekuensi",
Permen_9_2023,Permen Nomor 9 Tahun 2023,Permen,2023,9,BAB IV,Penerimaan Negara Bukan Pajak Dari Denda Administratif,,,61,,c,,Kewajiban,pemenuhan kewajiban Sertifikat Alat Telekomunikasi dan/atau Perangkat Telekomunikasi.,Pasal 61 huruf c,"telekomunikasi, pemenuhan, kewajiban, sertifikat, alat",
Permen_9_2023,Permen Nomor 9 Tahun 2023,Permen,2023,9,BAB IV,Penerimaan Negara Bukan Pajak Dari Denda Administratif,,,62,,,,Sanksi,Pelanggaran pemenuhan kewajiban penggunaan Spektrum Frekuensi Radio berdasarkan IPFR yang dikenai denda administratif sebagaimana dimaksud dalam Pasal 61 huruf a meliputi:,Pasal 62,"pelanggaran, pemenuhan, kewajiban, penggunaan, spektrum",
Permen_9_2023,Permen Nomor 9 Tahun 2023,Permen,2023,9,BAB IV,Penerimaan Negara Bukan Pajak Dari Denda Administratif,,,62,,a,,Ketentuan,penggunaan Spektrum Frekuensi Radio tanpa perizinan berusaha dan/atau persetujuan dari Menteri;,Pasal 62 huruf a,"penggunaan, spektrum, frekuensi, radio, tanpa",Menteri
Permen_9_2023,Permen Nomor 9 Tahun 2023,Permen,2023,9,BAB IV,Penerimaan Negara Bukan Pajak Dari Denda Administratif,,,62,,b,,Ketentuan,pemegang IPFR yang menggunakan Alat Telekomunikasi dan/atau Perangkat Telekomunikasi yang belum memiliki Sertifikat Alat Telekomunikasi dan/atau Perangkat Telekomunikasi;,Pasal 62 huruf b,"telekomunikasi, alat, perangkat, pemegang, ipfr",
Permen_9_2023,Permen Nomor 9 Tahun 2023,Permen,2023,9,BAB IV,Penerimaan Negara Bukan Pajak Dari Denda Administratif,,,62,,c,,Kewajiban,pemegang IPFR yang tidak memenuhi kewajiban yang dipersyaratkan dalam dokumen seleksi;,Pasal 62 huruf c,"pemegang, ipfr, memenuhi, kewajiban, dipersyaratkan",
Permen_9_2023,Permen Nomor 9 Tahun 2023,Permen,2023,9,BAB IV,Penerimaan Negara Bukan Pajak Dari Denda Administratif,,,62,,d,,Ketentuan,"pemegang IPFR yang tidak melunasi BHP IPFR sampai dengan tanggal jatuh tempo; Catatan : - UU ITE No 11 Tahun 2008 Pasal 5 ayat 1 ""Informasi Elektronik dan/atau Dokumen Elektronik dan/atau hasil cetaknya merupakan alat bukti hukum yang sah."" - Dokumen ini telah ditandatangani secara elektronik menggunakansertifikat elektronikyang diterbitkanBSrE - 27 -",Pasal 62 huruf d,"elektronik, ipfr, dokumen, pemegang, melunasi",
Permen_9_2023,Permen Nomor 9 Tahun 2023,Permen,2023,9,BAB IV,Penerimaan Negara Bukan Pajak Dari Denda Administratif,,,62,,e,,Ketentuan,pemegang IPFR yang menggunakan Pita Frekuensi Radio tidak sesuai dengan peruntukannya;,Pasal 62 huruf e,"pemegang, ipfr, menggunakan, pita, frekuensi",
Permen_9_2023,Permen Nomor 9 Tahun 2023,Permen,2023,9,BAB IV,Penerimaan Negara Bukan Pajak Dari Denda Administratif,,,62,,f,,Ketentuan,pemegang IPFR yang melakukan kerja sama penggunaan Spektrum Frekuensi Radio tanpa persetujuan dari Menteri;,Pasal 62 huruf f,"pemegang, ipfr, melakukan, kerja, sama",Menteri
Permen_9_2023,Permen Nomor 9 Tahun 2023,Permen,2023,9,BAB IV,Penerimaan Negara Bukan Pajak Dari Denda Administratif,,,62,,g,,Ketentuan,pemegang IPFR yang melakukan pengalihan penggunaan frekuensi radio tanpa persetujuan dari Menteri; dan,Pasal 62 huruf g,"pemegang, ipfr, melakukan, pengalihan, penggunaan",Menteri
Permen_9_2023,Permen Nomor 9 Tahun 2023,Permen,2023,9,BAB IV,Penerimaan Negara Bukan Pajak Dari Denda Administratif,,,62,,h,,Ketentuan,pemegang IPFR yang melaksanakan kerja sama tidak sesuai dengan tujuan dan/atau prinsip sesuai dengan ketentuan peraturan perundang-undangan.,Pasal 62 huruf h,"pemegang, ipfr, melaksanakan, kerja, sama",
Permen_9_2023,Permen Nomor 9 Tahun 2023,Permen,2023,9,BAB IV,Penerimaan Negara Bukan Pajak Dari Denda Administratif,,,63,1,,,Sanksi,Pelanggaran pemenuhan kewajiban penggunaan Spektrum Frekuensi Radio berdasarkan ISR yang dikenai denda administratif sebagaimana dimaksud dalam Pasal 61 huruf b meliputi:,Pasal 63 ayat (1),"pelanggaran, pemenuhan, kewajiban, penggunaan, spektrum",
Permen_9_2023,Permen Nomor 9 Tahun 2023,Permen,2023,9,BAB IV,Penerimaan Negara Bukan Pajak Dari Denda Administratif,,,63,1,a,,Ketentuan,penggunaan Spektrum Frekuensi Radio tanpa perizinan berusaha dan/atau persetujuan dari Menteri;,Pasal 63 ayat (1) huruf a,"penggunaan, spektrum, frekuensi, radio, tanpa",Menteri
Permen_9_2023,Permen Nomor 9 Tahun 2023,Permen,2023,9,BAB IV,Penerimaan Negara Bukan Pajak Dari Denda Administratif,,,63,1,b,,Ketentuan,pemegang ISR yang tidak melunasi BHP ISR sampai dengan tanggal jatuh tempo;,Pasal 63 ayat (1) huruf b,"pemegang, melunasi, sampai, tanggal, jatuh",
Permen_9_2023,Permen Nomor 9 Tahun 2023,Permen,2023,9,BAB IV,Penerimaan Negara Bukan Pajak Dari Denda Administratif,,,63,1,c,,Ketentuan,pemegang ISR yang menggunakan frekuensi radio tidak sesuai dengan peruntukannya dan/atau mengoperasikan stasiun radio tidak sesuai dengan parameter teknis yang ditetapkan dalam ISR; dan,Pasal 63 ayat (1) huruf c,"radio, pemegang, menggunakan, frekuensi, peruntukannya",
Permen_9_2023,Permen Nomor 9 Tahun 2023,Permen,2023,9,BAB IV,Penerimaan Negara Bukan Pajak Dari Denda Administratif,,,63,1,d,,Ketentuan,pemegang izin stasiun radio angkasa yang tidak mendaftarkan stasiun bumi secara berkala setiap tahun.,Pasal 63 ayat (1) huruf d,"stasiun, pemegang, izin, radio, angkasa",
Permen_9_2023,Permen Nomor 9 Tahun 2023,Permen,2023,9,BAB IV,Penerimaan Negara Bukan Pajak Dari Denda Administratif,,,63,2,,,Kewajiban,Pelanggaran pemenuhan kewajiban penggunaan Spektrum Frekuensi Radio berdasarkan ISR berupa penggunaan Spektrum Frekuensi Radio tanpa perizinan berusaha dan/atau persetujuan dari Menteri sebagaimana dimaksud pada ayat (1) berlaku untuk pelanggaran yang terjadi pada frekuensi radio yang izin penggunaannya diberikan selain dalam bentuk IPFR atau izin kelas.,Pasal 63 ayat (2),"frekuensi, radio, pelanggaran, penggunaan, spektrum",Menteri
Permen_9_2023,Permen Nomor 9 Tahun 2023,Permen,2023,9,BAB IV,Penerimaan Negara Bukan Pajak Dari Denda Administratif,,,64,,,,Kewajiban,Pelanggaran pemenuhan kewajiban Sertifikat Alat Telekomunikasi dan/atau Perangkat Telekomunikasi sebagaimana dimaksud dalam Pasal 61 huruf c meliputi:,Pasal 64,"telekomunikasi, pelanggaran, pemenuhan, kewajiban, sertifikat",
Permen_9_2023,Permen Nomor 9 Tahun 2023,Permen,2023,9,BAB IV,Penerimaan Negara Bukan Pajak Dari Denda Administratif,,,64,,a,,Ketentuan,"membuat, merakit, dan/atau memasukkan Alat Telekomunikasi dan/atau Perangkat Telekomunikasi untuk diperdagangkan dan/atau digunakan di wilayah Negara Kesatuan Republik Indonesia yang tidak memiliki Sertifikat Alat Telekomunikasi dan/atau Perangkat Telekomunikasi;",Pasal 64 huruf a,"telekomunikasi, alat, perangkat, membuat, merakit",
Permen_9_2023,Permen Nomor 9 Tahun 2023,Permen,2023,9,BAB IV,Penerimaan Negara Bukan Pajak Dari Denda Administratif,,,64,,b,,Ketentuan,"membuat, merakit, dan/atau memasukkan Alat Telekomunikasi dan/atau Perangkat Telekomunikasi untuk diperdagangkan dan/atau digunakan di wilayah Negara Kesatuan Republik Indonesia yang tidak sesuai dengan Sertifikat Alat Telekomunikasi dan/atau Perangkat Telekomunikasi; Catatan : - UU ITE No 11 Tahun 2008 Pasal 5 ayat 1 ""Informasi Elektronik dan/atau Dokumen Elektronik dan/atau hasil cetaknya merupakan alat bukti hukum yang sah."" - Dokumen ini telah ditandatangani secara elektronik menggunakansertifikat elektronikyang diterbitkanBSrE - 28 -",Pasal 64 huruf b,"telekomunikasi, alat, elektronik, perangkat, dokumen",
Permen_9_2023,Permen Nomor 9 Tahun 2023,Permen,2023,9,BAB IV,Penerimaan Negara Bukan Pajak Dari Denda Administratif,,,64,,c,,Ketentuan,memperdagangkan Alat Telekomunikasi dan/atau Perangkat Telekomunikasi yang tidak memiliki Sertifikat Alat Telekomunikasi dan/atau Perangkat Telekomunikasi;,Pasal 64 huruf c,"telekomunikasi, alat, perangkat, memperdagangkan, memiliki",
Permen_9_2023,Permen Nomor 9 Tahun 2023,Permen,2023,9,BAB IV,Penerimaan Negara Bukan Pajak Dari Denda Administratif,,,64,,d,,Ketentuan,memperdagangkan Alat Telekomunikasi dan/atau Perangkat Telekomunikasi yang telah memiliki Sertifikat Alat Telekomunikasi dan/atau Perangkat Telekomunikasi yang tidak memenuhi standar teknis;,Pasal 64 huruf d,"telekomunikasi, alat, perangkat, memperdagangkan, memiliki",
Permen_9_2023,Permen Nomor 9 Tahun 2023,Permen,2023,9,BAB IV,Penerimaan Negara Bukan Pajak Dari Denda Administratif,,,64,,e,,Ketentuan,menggunakan Alat Telekomunikasi dan/atau Perangkat Telekomunikasi yang tidak memiliki Sertifikat Alat Telekomunikasi dan/atau Perangkat Telekomunikasi; dan,Pasal 64 huruf e,"telekomunikasi, alat, perangkat, menggunakan, memiliki",
Permen_9_2023,Permen Nomor 9 Tahun 2023,Permen,2023,9,BAB IV,Penerimaan Negara Bukan Pajak Dari Denda Administratif,,,64,,f,,Ketentuan,menggunakan Alat Telekomunikasi dan/atau Perangkat Telekomunikasi yang tidak memenuhi standar teknis.,Pasal 64 huruf f,"telekomunikasi, menggunakan, alat, perangkat, memenuhi",
Permen_9_2023,Permen Nomor 9 Tahun 2023,Permen,2023,9,BAB IV,Penerimaan Negara Bukan Pajak Dari Denda Administratif,,,65,1,,,Sanksi,Pengenaan denda administratif terhadap pelanggaran pemenuhan kewajiban sebagaimana dimaksud dalam Pasal 61 dihitung menggunakan formula sebagai berikut: Denda Administratif = Poin Pelanggaran x Tarif Denda Administratif,Pasal 65 ayat (1),"denda, administratif, pelanggaran, pengenaan, pemenuhan",
Permen_9_2023,Permen Nomor 9 Tahun 2023,Permen,2023,9,BAB IV,Penerimaan Negara Bukan Pajak Dari Denda Administratif,,,65,2,,,Sanksi,"Dikecualikan dari ketentuan sebagaimana dimaksud pada ayat (1), denda administratif untuk pelanggaran sebagaimana dimaksud dalam Pasal 62 huruf d dan Pasal 63 ayat (1) huruf b sebesar 2% (dua persen) per bulan dari jumlah PNBP terutang dan bagian dari bulan dihitung satu bulan penuh sesuai dengan ketentuan peraturan perundang-undangan.",Pasal 65 ayat (2),"bulan, dikecualikan, denda, administratif, pelanggaran",
Permen_9_2023,Permen Nomor 9 Tahun 2023,Permen,2023,9,BAB IV,Penerimaan Negara Bukan Pajak Dari Denda Administratif,,,66,1,,,Ketentuan,Poin pelanggaran dalam formula sebagaimana dimaksud dalam Pasal 65 ayat (1) dihitung menggunakan formula sebagai berikut: Poin Pelanggaran = Indeks Jenis Pelanggaran x Maksimum Poin x Persentase Bobot,Pasal 66 ayat (1),"poin, pelanggaran, formula, dihitung, menggunakan",
Permen_9_2023,Permen Nomor 9 Tahun 2023,Permen,2023,9,BAB IV,Penerimaan Negara Bukan Pajak Dari Denda Administratif,,,66,2,,,Sanksi,Tarif denda administratif pada formula sebagaimana dimaksud dalam Pasal 65 ayat (1) sesuai dengan ketentuan peraturan perundang-undangan.,Pasal 66 ayat (2),"tarif, denda, administratif, formula, perundang",
Permen_9_2023,Permen Nomor 9 Tahun 2023,Permen,2023,9,BAB IV,Penerimaan Negara Bukan Pajak Dari Denda Administratif,,,66,3,,,Kewajiban,Indeks jenis pelanggaran pada formula sebagaimana dimaksud pada ayat (1) untuk pelanggaran pemenuhan kewajiban penggunaan Spektrum Frekuensi Radio berdasarkan IPFR ditentukan dengan mempertimbangkan paling sedikit:,Pasal 66 ayat (3),"pelanggaran, indeks, jenis, formula, pemenuhan",
Permen_9_2023,Permen Nomor 9 Tahun 2023,Permen,2023,9,BAB IV,Penerimaan Negara Bukan Pajak Dari Denda Administratif,,,66,3,a,,Ketentuan,luas cakupan wilayah;,Pasal 66 ayat (3) huruf a,"luas, cakupan, wilayah",
Permen_9_2023,Permen Nomor 9 Tahun 2023,Permen,2023,9,BAB IV,Penerimaan Negara Bukan Pajak Dari Denda Administratif,,,66,3,b,,Ketentuan,jenis layanan penggunaan Spektrum Frekuensi Radio;,Pasal 66 ayat (3) huruf b,"jenis, layanan, penggunaan, spektrum, frekuensi",
Permen_9_2023,Permen Nomor 9 Tahun 2023,Permen,2023,9,BAB IV,Penerimaan Negara Bukan Pajak Dari Denda Administratif,,,66,3,c,,Ketentuan,jenis pita frekuensi radio; dan,Pasal 66 ayat (3) huruf c,"jenis, pita, frekuensi, radio",
Permen_9_2023,Permen Nomor 9 Tahun 2023,Permen,2023,9,BAB IV,Penerimaan Negara Bukan Pajak Dari Denda Administratif,,,66,3,d,,Ketentuan,zona penggunaan Spektrum Frekuensi Radio.,Pasal 66 ayat (3) huruf d,"zona, penggunaan, spektrum, frekuensi, radio",
Permen_9_2023,Permen Nomor 9 Tahun 2023,Permen,2023,9,BAB IV,Penerimaan Negara Bukan Pajak Dari Denda Administratif,,,66,4,,,Kewajiban,Indeks jenis pelanggaran pada formula sebagaimana dimaksud pada ayat (1) untuk pelanggaran pemenuhan kewajiban penggunaan Spektrum Frekuensi Radio berdasarkan ISR ditentukan dengan mempertimbangkan paling sedikit:,Pasal 66 ayat (4),"pelanggaran, indeks, jenis, formula, pemenuhan",
Permen_9_2023,Permen Nomor 9 Tahun 2023,Permen,2023,9,BAB IV,Penerimaan Negara Bukan Pajak Dari Denda Administratif,,,66,4,a,,Ketentuan,layanan penggunaan Spektrum Frekuensi Radio;,Pasal 66 ayat (4) huruf a,"layanan, penggunaan, spektrum, frekuensi, radio",
Permen_9_2023,Permen Nomor 9 Tahun 2023,Permen,2023,9,BAB IV,Penerimaan Negara Bukan Pajak Dari Denda Administratif,,,66,4,b,,Ketentuan,"jenis Pita Frekuensi Radio; dan Catatan : - UU ITE No 11 Tahun 2008 Pasal 5 ayat 1 ""Informasi Elektronik dan/atau Dokumen Elektronik dan/atau hasil cetaknya merupakan alat bukti hukum yang sah."" - Dokumen ini telah ditandatangani secara elektronik menggunakansertifikat elektronikyang diterbitkanBSrE - 29 -",Pasal 66 ayat (4) huruf b,"elektronik, dokumen, jenis, pita, frekuensi",
Permen_9_2023,Permen Nomor 9 Tahun 2023,Permen,2023,9,BAB IV,Penerimaan Negara Bukan Pajak Dari Denda Administratif,,,66,4,c,,Ketentuan,zona penggunaan Spektrum Frekuensi Radio.,Pasal 66 ayat (4) huruf c,"zona, penggunaan, spektrum, frekuensi, radio",
Permen_9_2023,Permen Nomor 9 Tahun 2023,Permen,2023,9,BAB IV,Penerimaan Negara Bukan Pajak Dari Denda Administratif,,,66,5,,,Kewajiban,Indeks jenis pelanggaran pada formula sebagaimana dimaksud pada ayat (1) untuk pelanggaran pemenuhan kewajiban Sertifikat Alat Telekomunikasi dan/atau Perangkat Telekomunikasi ditentukan dengan mempertimbangkan paling sedikit tarif tertinggi biaya Sertifikat Alat Telekomunikasi dan/atau Perangkat Telekomunikasi.,Pasal 66 ayat (5),"telekomunikasi, pelanggaran, sertifikat, alat, perangkat",
Permen_9_2023,Permen Nomor 9 Tahun 2023,Permen,2023,9,BAB IV,Penerimaan Negara Bukan Pajak Dari Denda Administratif,,,66,6,,,Kewajiban,"Indeks jenis pelanggaran pemenuhan kewajiban penggunaan Spektrum Frekuensi Radio berdasarkan IPFR, pemenuhan kewajiban penggunaan Spektrum Frekuensi Radio berdasarkan ISR, dan pemenuhan kewajiban Sertifikat Alat Telekomunikasi dan/atau Perangkat Telekomunikasi sebagaimana dimaksud pada ayat (3), ayat (4), dan ayat (5) tercantum dalam Lampiran yang merupakan bagian tidak terpisahkan dari Peraturan Menteri ini.",Pasal 66 ayat (6),"pemenuhan, kewajiban, penggunaan, spektrum, frekuensi",Menteri
Permen_9_2023,Permen Nomor 9 Tahun 2023,Permen,2023,9,BAB IV,Penerimaan Negara Bukan Pajak Dari Denda Administratif,,,66,7,,,Ketentuan,Maksimum poin dan persentase bobot pada formula sebagaimana dimaksud pada ayat (1) sesuai dengan ketentuan peraturan perundang-undangan.,Pasal 66 ayat (7),"maksimum, poin, persentase, bobot, formula",
Permen_9_2023,Permen Nomor 9 Tahun 2023,Permen,2023,9,BAB IV,Penerimaan Negara Bukan Pajak Dari Denda Administratif,,,67,1,,,Sanksi,Pemungutan denda administratif sebagaimana dimaksud dalam Pasal 61 dilakukan melalui penetapan denda administratif oleh pejabat kuasa pengelola PNBP.,Pasal 67 ayat (1),"denda, administratif, pemungutan, melalui, penetapan",
Permen_9_2023,Permen Nomor 9 Tahun 2023,Permen,2023,9,BAB IV,Penerimaan Negara Bukan Pajak Dari Denda Administratif,,,67,2,,,Sanksi,Penetapan denda administratif sebagaimana dimaksud pada ayat (1) berisi besaran denda administratif dan jatuh tempo pembayaran selama 30 (tiga puluh) Hari.,Pasal 67 ayat (2),"denda, administratif, penetapan, berisi, besaran",
Permen_9_2023,Permen Nomor 9 Tahun 2023,Permen,2023,9,BAB IV,Penerimaan Negara Bukan Pajak Dari Denda Administratif,,,67,3,,,Sanksi,"Dalam hal denda administratif tidak dibayar lunas sampai dengan berakhirnya jangka waktu sebagaimana dimaksud pada ayat (2), pejabat kuasa pengelola PNBP menerbitkan surat tagihan keterlambatan denda administratif sesuai dengan ketentuan peraturan perundang-undangan di bidang pengelolaan PNBP.",Pasal 67 ayat (3),"denda, administratif, pnbp, dibayar, lunas",
Permen_9_2023,Permen Nomor 9 Tahun 2023,Permen,2023,9,BAB IV,Penerimaan Negara Bukan Pajak Dari Denda Administratif,,,68,,,,Sanksi,Pengenaan denda administratif pelanggaran pemenuhan kewajiban penggunaan Spektrum Frekuensi Radio dan pemenuhan kewajiban Sertifikat Alat Telekomunikasi dan/atau Perangkat Telekomunikasi tidak menghilangkan kewajiban lainnya sesuai dengan ketentuan peraturan perundang- undangan.,Pasal 68,"kewajiban, pemenuhan, telekomunikasi, pengenaan, denda",
Permen_9_2023,Permen Nomor 9 Tahun 2023,Permen,2023,9,BAB IV,Penerimaan Negara Bukan Pajak Dari Denda Administratif,,,69,,,,Sanksi,"Alur prosedur pengenaan denda administratif terhadap pelanggaran pemenuhan kewajiban penggunaan Spektrum Frekuensi Radio dan pemenuhan kewajiban Sertifikat Alat Telekomunikasi dan/atau Perangkat Telekomunikasi ditetapkan oleh Direktur Jenderal. Catatan : - UU ITE No 11 Tahun 2008 Pasal 5 ayat 1 ""Informasi Elektronik dan/atau Dokumen Elektronik dan/atau hasil cetaknya merupakan alat bukti hukum yang sah."" - Dokumen ini telah ditandatangani secara elektronik menggunakansertifikat elektronikyang diterbitkanBSrE - 30 -",Pasal 69,"elektronik, pemenuhan, kewajiban, alat, telekomunikasi",
Permen_9_2023,Permen Nomor 9 Tahun 2023,Permen,2023,9,BAB V,Ketentuan Peralihan,,,70,,,,Hak,"Pada saat Peraturan Menteri ini mulai berlaku, SPP dan informasi besaran yang telah diterbitkan sebelum tanggal 22 November 2023, dinyatakan masih tetap berlaku sesuai dengan ketentuan Peraturan Menteri Komunikasi dan Informatika Nomor 19/PER.KOMINFO/10/2005 tentang Petunjuk Pelaksanaan Tarif atas Penerimaan Negara Bukan Pajak dari Biaya Hak Penggunaan Spektrum Frekuensi Radio, sebagaimana telah beberapa kali diubah, terakhir dengan Peraturan Menteri Komunikasi dan Informatika Nomor 24/PER/Kominfo/12/2010 tentang Perubahan Ketiga atas Peraturan Menteri Komunikasi dan Informatika Nomor 19/PER.KOMINFO/10/2005 tentang Petunjuk Pelaksanaan Tarif atas Penerimaan Negara Bukan Pajak dari Biaya Hak Penggunaan Spektrum Frekuensi Radio.",Pasal 70,"menteri, komunikasi, informatika, nomor, kominfo",Menteri
Permen_9_2023,Permen Nomor 9 Tahun 2023,Permen,2023,9,BAB V,Ketentuan Peralihan,,,71,,,,Sanksi,"Pada saat Peraturan Menteri ini mulai berlaku, ketentuan teknis mengenai tata cara pengenaan denda administratif, dinyatakan masih berlaku sepanjang tidak bertentangan dengan ketentuan dalam Peraturan Menteri ini.",Pasal 71,"menteri, berlaku, saat, mulai, teknis",Menteri
Permen_9_2023,Permen Nomor 9 Tahun 2023,Permen,2023,9,BAB VI,Ketentuan Penutup,,,72,,,,Ketentuan,Pada saat Peraturan Menteri ini mulai berlaku:,Pasal 72,"saat, menteri, mulai, berlaku",Menteri
Permen_9_2023,Permen Nomor 9 Tahun 2023,Permen,2023,9,BAB VI,Ketentuan Penutup,,,72,,a,,Hak,Peraturan Menteri Komunikasi dan Informatika Nomor 19/PER.KOMINFO/10/2005 tentang Petunjuk Pelaksanaan Tarif atas Penerimaan Negara Bukan Pajak dari Biaya Hak Penggunaan Spektrum Frekuensi Radio;,Pasal 72 huruf a,"menteri, komunikasi, informatika, nomor, kominfo",Menteri
Permen_9_2023,Permen Nomor 9 Tahun 2023,Permen,2023,9,BAB VI,Ketentuan Penutup,,,72,,b,,Ketentuan,Peraturan Menteri Komunikasi dan Informatika Nomor 21/PER.KOMINFO/10/2005 tentang Petunjuk Pelaksanaan Tarif atas Penerimaan Negara Bukan Pajak dari Biaya Sertifikasi dan Permohonan Pengujian Alat/Perangkat Telekomunikasi;,Pasal 72 huruf b,"menteri, komunikasi, informatika, nomor, kominfo",Menteri
Permen_9_2023,Permen Nomor 9 Tahun 2023,Permen,2023,9,BAB VI,Ketentuan Penutup,,,72,,c,,Hak,Peraturan Menteri Komunikasi dan Informatika Nomor 26/PER.Kominfo/9/2006 tentang Perubahan atas Peraturan Menteri Komunikasi dan Informatika Nomor 19/PER.KOMINFO/10/2005 tentang Petunjuk Pelaksanaan Tarif atas Penerimaan Negara Bukan Pajak dari Biaya Hak Penggunaan Spektrum Frekuensi Radio;,Pasal 72 huruf c,"menteri, komunikasi, informatika, nomor, kominfo",Menteri
Permen_9_2023,Permen Nomor 9 Tahun 2023,Permen,2023,9,BAB VI,Ketentuan Penutup,,,72,,d,,Hak,"Peraturan Menteri Komunikasi dan Informatika Nomor 25/PER.Kominfo/6/2009 tentang Perubahan Kedua atas Peraturan Menteri Komunikasi dan Informatika Nomor 19/PER.KOMINFO/10/2005 tentang Petunjuk Pelaksanaan Tarif atas Penerimaan Negara Bukan Pajak dari Biaya Hak Penggunaan Spektrum Frekuensi Radio; Catatan : - UU ITE No 11 Tahun 2008 Pasal 5 ayat 1 ""Informasi Elektronik dan/atau Dokumen Elektronik dan/atau hasil cetaknya merupakan alat bukti hukum yang sah."" - Dokumen ini telah ditandatangani secara elektronik menggunakansertifikat elektronikyang diterbitkanBSrE - 31 -",Pasal 72 huruf d,"elektronik, menteri, komunikasi, informatika, nomor",Menteri
Permen_9_2023,Permen Nomor 9 Tahun 2023,Permen,2023,9,BAB VI,Ketentuan Penutup,,,72,,e,,Hak,Peraturan Menteri Komunikasi dan Informatika Nomor 24/PER/Kominfo/12/2010 tentang Perubahan Ketiga atas Peraturan Menteri Komunikasi dan Informatika Nomor 19/PER.KOMINFO/10/2005 tentang Petunjuk Pelaksanaan Tarif atas Penerimaan Negara Bukan Pajak dari Biaya Hak Penggunaan Spektrum Frekuensi Radio;,Pasal 72 huruf e,"menteri, komunikasi, informatika, nomor, kominfo",Menteri
Permen_9_2023,Permen Nomor 9 Tahun 2023,Permen,2023,9,BAB VI,Ketentuan Penutup,,,72,,f,,Sanksi,"Bab VIII dalam Peraturan Menteri Komunikasi dan Informatika Nomor 7 Tahun 2021 tentang Penggunaan Spektrum Frekuensi Radio (Berita Negara Republik Indonesia Tahun 2021 Nomor 305), dicabut dan dinyatakan tidak berlaku.",Pasal 72 huruf f,"nomor, tahun, viii, menteri, komunikasi",Menteri
Permen_9_2023,Permen Nomor 9 Tahun 2023,Permen,2023,9,BAB VI,Ketentuan Penutup,,,73,,,,Kewajiban,"Peraturan Menteri ini mulai berlaku pada tanggal diundangkan. Agar setiap orang mengetahuinya, memerintahkan pengundangan Peraturan Menteri ini dengan penempatannya dalam Berita Negara Republik Indonesia. Ditetapkan di Jakarta pada tanggal 11 Desember 2023 MENTERI KOMUNIKASI DAN INFORMATIKA REPUBLIK INDONESIA, ttd BUDI ARIE SETIADI Diundangkan di Jakarta pada tanggal 13 Desember 2023 DIREKTUR JENDERAL PERATURAN PERUNDANG-UNDANGAN KEMENTERIAN HUKUM DAN HAK ASASI MANUSIA REPUBLIK INDONESIA, ttd ASEP N. MULYANA BERITA NEGARA REPUBLIK INDONESIA TAHUN 2023 NOMOR 995 Salinan sesuai dengan aslinya Kementerian Komunikasi dan Informatika Catatan : - UU ITE No 11 Tahun 2008 Pasal 5 ayat 1 ""Informasi Elektronik dan/atau Dokumen Elektronik dan/atau hasil cetaknya merupakan alat bukti hukum yang sah."" - Dokumen ini telah ditandatangani secara elektronik menggunakansertifikat elektronikyang diterbitkanBSrE LAMPIRAN PERATURAN MENTERI KOMUNIKASI DAN INFORMATIKA REPUBLIK INDONESIA NOMOR 9 TAHUN 2023 TENTANG PETUNJUK PELAKSANAAN PENETAPAN TARIF ATAS JENIS PENERIMAAN NEGARA BUKAN PAJAK YANG BERLAKU PADA SEKTOR SUMBER DAYA DAN PERANGKAT POS DAN INFORMATIKA INDEKS JENIS PELANGGARAN PEMENUHAN KEWAJIBAN PENGGUNAAN SPEKTRUM FREKUENSI RADIO BERDASARKAN IZIN PITA FREKUENSI RADIO, PEMENUHAN KEWAJIBAN PENGGUNAAN SPEKTRUM FREKUENSI RADIO BERDASARKAN IZIN STASIUN RADIO, DAN PEMENUHAN KEWAJIBAN SERTIFIKAT ALAT TELEKOMUNIKASI DAN/ATAU PERANGKAT TELEKOMUNIKASI A. Indeks Jenis Pelanggaran Pemenuhan Kewajiban Penggunaan Spektrum Frekuensi Radio Berdasarkan Izin Pita Frekuensi Radio JENIS PELANGGARAN INDEKS SATUAN PELANGGARAN",Pasal 73,"radio, republik, indonesia, frekuensi, menteri",Kementerian
Permen_9_2023,Permen Nomor 9 Tahun 2023,Permen,2023,9,BAB VI,Ketentuan Penutup,,,73,,,1,Ketentuan,Penggunaan Spektrum Frekuensi Radio Tanpa Perizinan Berusaha dan/atau Persetujuan dari Menteri,Pasal 73 angka 1,"penggunaan, spektrum, frekuensi, radio, tanpa",Menteri
Permen_9_2023,Permen Nomor 9 Tahun 2023,Permen,2023,9,BAB VI,Ketentuan Penutup,,,73,,a,,Ketentuan,"berjaringan (jika terhubung Setiap rentang pita frekuensi dengan lebih dari 4 base 1,00 radio yang dilanggar transceiver station)",Pasal 73 huruf a,"berjaringan, terhubung, setiap, rentang, pita",
Permen_9_2023,Permen Nomor 9 Tahun 2023,Permen,2023,9,BAB VI,Ketentuan Penutup,,,73,,b,,Ketentuan,"stand alone (jika tidak terhubung dengan base transceiver station lain atau 0,00100 Per base transceiver station terhubung dengan kurang dari 4 (empat) base transceiver station",Pasal 73 huruf b,"base, transceiver, station, terhubung, stand",
Permen_9_2023,Permen Nomor 9 Tahun 2023,Permen,2023,9,BAB VI,Ketentuan Penutup,,,73,,b,2,Kewajiban,"Pemegang IPFR yang tidak memenuhi kewajiban yang Sesuai dengan dokumen 1,00 dipersyaratkan dalam dokumen seleksi seleksi",Pasal 73 huruf b angka 2,"dokumen, seleksi, pemegang, ipfr, memenuhi",
Permen_9_2023,Permen Nomor 9 Tahun 2023,Permen,2023,9,BAB VI,Ketentuan Penutup,,,73,,b,3,Ketentuan,"Pemegang IPFR yang menggunakan Pita Frekuensi Setiap rentang pita frekuensi 0,50 Radio tidak sesuai dengan radio yang dilanggar peruntukannya",Pasal 73 huruf b angka 3,"pita, frekuensi, radio, pemegang, ipfr",
Permen_9_2023,Permen Nomor 9 Tahun 2023,Permen,2023,9,BAB VI,Ketentuan Penutup,,,73,,b,4,Ketentuan,"Pemegang IPFR yang melakukan kerja sama penggunaan Setiap rentang pita frekuensi 1,00 Spektrum Frekuensi Radio tanpa radio yang dilanggar persetujuan dari Menteri",Pasal 73 huruf b angka 4,"frekuensi, radio, pemegang, ipfr, melakukan",Menteri
Permen_9_2023,Permen Nomor 9 Tahun 2023,Permen,2023,9,BAB VI,Ketentuan Penutup,,,73,,b,5,Ketentuan,"Pemegang IPFR yang melakukan pengalihan penggunaan Per pengalihan penggunaan 1,00 frekuensi radio tanpa frekuensi radio persetujuan dari Menteri",Pasal 73 huruf b angka 5,"pengalihan, penggunaan, frekuensi, radio, pemegang",Menteri
Permen_9_2023,Permen Nomor 9 Tahun 2023,Permen,2023,9,BAB VI,Ketentuan Penutup,,,73,,b,6,Ketentuan,Pemegang IPFR yang melaksanakan kerja sama tidak sesuai dengan tujuan dan/atau prinsip sesuai dengan ketentuan peraturan perundang-undangan,Pasal 73 huruf b angka 6,"pemegang, ipfr, melaksanakan, kerja, sama",
Permen_9_2023,Permen Nomor 9 Tahun 2023,Permen,2023,9,BAB VI,Ketentuan Penutup,,,73,,a,,Ketentuan,"dalam 1 provinsi dengan Per persetujuan kerja sama jumlah base transceiver 0,010 penggunaan frekuensi radio station ≤ 4 Catatan : - UU ITE No 11 Tahun 2008 Pasal 5 ayat 1 ""Informasi Elektronik dan/atau Dokumen Elektronik dan/atau hasil cetaknya merupakan alat bukti hukum yang sah."" - Dokumen ini telah ditandatangani secara elektronik menggunakansertifikat elektronikyang diterbitkanBSrE - 2 -",Pasal 73 huruf a,"elektronik, dokumen, provinsi, persetujuan, kerja",
Permen_9_2023,Permen Nomor 9 Tahun 2023,Permen,2023,9,BAB VI,Ketentuan Penutup,,,73,,b,,Ketentuan,"dalam 1-5 provinsi 0,125 Per persetujuan kerja sama",Pasal 73 huruf b,"provinsi, persetujuan, kerja, sama",
Permen_9_2023,Permen Nomor 9 Tahun 2023,Permen,2023,9,BAB VI,Ketentuan Penutup,,,73,,c,,Ketentuan,"dalam 6-10 provinsi 0,250 penggunaan frekuensi radio",Pasal 73 huruf c,"provinsi, penggunaan, frekuensi, radio",
Permen_9_2023,Permen Nomor 9 Tahun 2023,Permen,2023,9,BAB VI,Ketentuan Penutup,,,73,,d,,Kewajiban,"dalam > 10 provinsi 0,500 B. Indeks Jenis Pelanggaran Pemenuhan Kewajiban Penggunaan Spektrum Frekuensi Radio Berdasarkan Izin Stasiun Radio",Pasal 73 huruf d,"radio, provinsi, indeks, jenis, pelanggaran",
Permen_9_2023,Permen Nomor 9 Tahun 2023,Permen,2023,9,BAB VI,Ketentuan Penutup,,,73,,d,1,Ketentuan,Penggunaan Spektrum Frekuensi Radio tanpa Perizinan Berusaha dan/atau persetujuan dari Menteri INDEKS INDEKS SATUAN KATEGORI BAND ZONA PELANGGARAN PELANGGARAN PELANGGARAN PERTAMA BERULANG,Pasal 73 huruf d angka 1,"pelanggaran, indeks, penggunaan, spektrum, frekuensi",Menteri
Permen_9_2023,Permen Nomor 9 Tahun 2023,Permen,2023,9,BAB VI,Ketentuan Penutup,,,73,,a,,Ketentuan,"PENYIARAN Zona-1 0,618 0,927 Zona-2 0,472 0,709 TV UHF Zona-3 0,363 0,544 Zona-4 0,241 0,361 Zona-5 0,120 0,180 Zona-1 0,037 0,056 Zona-2 0,029 0,056 Radio AM MF/HF Zona-3 0,021 0,056 Zona-4 0,014 0,056 Zona-5 0,007 0,056 Zona-1 0,034 0,051 Zona-2 0,027 0,040 Radio FM VHF Zona-3 0,020 0,030 Zona-4 0,013 0,020 Per 1 Zona-5 0,007 0,011 frekuensi Zona-1 0,020 0,031 radio Zona-2 0,016 0,031 MF/ HF Zona-3 0,012 0,031 Zona-4 0,008 0,031 Radio Zona-5 0,004 0,031 Digital Zona-1 0,016 0,024 (DRM) Zona-2 0,013 0,019 VHF Zona-3 0,010 0,014 Zona-4 0,006 0,010 Zona-5 0,003 0,005 Zona-1 0,087 0,131 Radio Zona-2 0,070 0,105 VHF Digital Zona-3 0,052 0,078 (DAB) Zona-4 0,035 0,052 Zona-5 0,017 0,026 Catatan : - UU ITE No 11 Tahun 2008 Pasal 5 ayat 1 ""Informasi Elektronik dan/atau Dokumen Elektronik dan/atau hasil cetaknya merupakan alat bukti hukum yang sah."" - Dokumen ini telah ditandatangani secara elektronik menggunakansertifikat elektronikyang diterbitkanBSrE - 3 - INDEKS INDEKS SATUAN KATEGORI BAND ZONA PELANGGARAN PELANGGARAN PELANGGARAN PERTAMA BERULANG",Pasal 73 huruf a,"zona, radio, elektronik, pelanggaran, digital",
Permen_9_2023,Permen Nomor 9 Tahun 2023,Permen,2023,9,BAB VI,Ketentuan Penutup,,,73,,b,,Ketentuan,"TETAP Zona-1 0,140 0,211 Point to Zona-2 0,112 0,168 Multipoint SHF Zona-3 0,078 0,118 (PMP) Zona-4 0,052 0,078 Zona-5 0,015 0,022 Zona-1 0,055 0,082 Zona-2 0,044 0,066 EHF Zona-3 0,033 0,049 Zona-4 0,022 0,033 Point to Point Zona-5 0,011 0,016 (PP) Zona-1 0,109 0,163 Zona-2 0,087 0,130 Per 1 SHF Zona-3 0,065 0,098 frekuensi Zona-4 0,043 0,065 radio Zona-5 0,022 0,033 Zona-1 0,039 0,059 Zona-2 0,032 0,047 EHF Zona-3 0,019 0,028 Zona-4 0,016 0,024 Studio-to- Zona-5 0,008 0,012 Transmitter Zona-1 0,063 0,094 Link (STL) TV Zona-2 0,050 0,075 SHF Zona-3 0,030 0,045 Zona-4 0,025 0,038 Zona-5 0,013 0,019",Pasal 73 huruf b,"zona, point, tetap, multipoint, frekuensi",
Permen_9_2023,Permen Nomor 9 Tahun 2023,Permen,2023,9,BAB VI,Ketentuan Penutup,,,73,,c,,Ketentuan,"BERGERAK DARAT (PRIVATE) Zona-1 0,036 0,055 Zona-2 0,029 0,044 Repeater Zona-3 0,022 0,033 Zona-4 0,015 0,022 Zona-5 0,007 0,011 Zona-1 0,024 0,037 Base Radio HF/ Zona-2 0,019 0,029 Station/ Konvensional VHF/ Zona-3 0,014 0,022 Per 1 frekuensi STL (Standard) UHF Zona-4 0,010 0,014 radio pada tiap Radio Alat Zona-5 0,005 0,007 Telekomunikasi Zona-1 0,0019 0,0028 dan/atau Zona-2 0,0015 0,0023 Perangkat HT Zona-3 0,0012 0,0018 Telekomunikasi Zona-4 0,0009 0,0013 Zona-5 0,0004 0,0006 Zona-1 0,080 0,119 Zona-2 0,064 0,095 Taxi VHF Zona-3 0,048 0,072 Zona-4 0,030 0,044 Zona-5 0,015 0,023 Catatan : - UU ITE No 11 Tahun 2008 Pasal 5 ayat 1 ""Informasi Elektronik dan/atau Dokumen Elektronik dan/atau hasil cetaknya merupakan alat bukti hukum yang sah."" - Dokumen ini telah ditandatangani secara elektronik menggunakansertifikat elektronikyang diterbitkanBSrE - 4 - INDEKS INDEKS SATUAN KATEGORI BAND ZONA PELANGGARAN PELANGGARAN PELANGGARAN PERTAMA BERULANG Zona-1 0,082 0,124 Zona-2 0,054 0,081 Taxi UHF Zona-3 0,049 0,074 Zona-4 0,027 0,041 Zona-5 0,016 0,025 Per 1 frekuensi Zona-1 0,009 0,013 radio pada tiap Zona-2 0,007 0,010 Alat Radio Paging VHF/UHF Zona-3 0,005 0,008 Telekomunikasi Zona-4 0,003 0,005 dan/atau Perangkat Zona-5 0,002 0,003 Telekomunikasi Zona-1 0,077 0,116 Zona-2 0,064 0,096 Radio UHF Zona-3 0,046 0,068 Trunking Zona-4 0,029 0,044 Zona-5 0,015 0,023",Pasal 73 huruf c,"zona, radio, telekomunikasi, alat, elektronik",
Permen_9_2023,Permen Nomor 9 Tahun 2023,Permen,2023,9,BAB VI,Ketentuan Penutup,,,73,,d,,Ketentuan,"BERGERAK DARAT (PUBLIK) Zona-1 0,026 0,039 Zona-2 0,028 0,042 Radio UHF Zona-3 0,021 0,032 Per 1 frekuensi Trunking radio pada tiap Zona-4 0,014 0,021 alat Zona-5 0,007 0,010 telekomunikasi Zona-1 0,023 0,035 Broadband dan/atau Wireless Zona-2 0,019 0,028 perangkat Access VHF/UHF Zona-3 0,014 0,021 telekomunikasi /Wireless Zona-4 0,009 0,014 Data Zona-5 0,005 0,007",Pasal 73 huruf d,"zona, radio, telekomunikasi, wireless, bergerak",
Permen_9_2023,Permen Nomor 9 Tahun 2023,Permen,2023,9,BAB VI,Ketentuan Penutup,,,73,,e,,Ketentuan,"SATELIT Zona-1 0,054 0,082 Zona-2 0,044 0,065 UHF Zona-3 0,033 0,049 Zona-4 0,022 0,033 Stasiun Zona-5 0,011 0,016 Bumi Tetap Zona-1 0,622 0,934 Zona-2 0,011 0,016 Per stasiun SHF Zona-3 0,010 0,015 bumi Zona-4 0,007 0,010 Zona-5 0,124 0,187 Zona-1 0,005 0,008 Zona-2 0,003 0,005 Stasiun Bumi VHF/UHF Zona-3 0,003 0,004 Bergerak Zona-4 0,002 0,003 Zona-5 0,001 0,002 Catatan : - UU ITE No 11 Tahun 2008 Pasal 5 ayat 1 ""Informasi Elektronik dan/atau Dokumen Elektronik dan/atau hasil cetaknya merupakan alat bukti hukum yang sah."" - Dokumen ini telah ditandatangani secara elektronik menggunakansertifikat elektronikyang diterbitkanBSrE - 5 - INDEKS INDEKS SATUAN KATEGORI BAND ZONA PELANGGARAN PELANGGARAN PELANGGARAN PERTAMA BERULANG",Pasal 73 huruf e,"zona, stasiun, bumi, elektronik, pelanggaran",
Permen_9_2023,Permen Nomor 9 Tahun 2023,Permen,2023,9,BAB VI,Ketentuan Penutup,,,73,,f,,Ketentuan,"DINAS LAINNYA Zona-1 0,020 0,031 Zona-2 0,016 0,024 HF Zona-3 0,012 0,018 Zona-4 0,008 0,012 Meteorologi, Zona-5 0,004 0,006 Klimatologi, Zona-1 0,052 0,079 dan Geofisika Zona-2 0,273 0,409 Per 1 SHF Zona-3 0,205 0,307 frekuensi Zona-4 0,136 0,205 radio Zona-5 0,068 0,102 Zona-1 0,082 0,124 Zona-2 0,066 0,099 Radio SHF Zona-3 0,047 0,071 Lokasi Zona-4 0,033 0,049 Zona-5 0,100 0,150 Per frekuensi Radio Amatir/KRAP 0,0019 0,0028 radio",Pasal 73 huruf f,"zona, radio, frekuensi, dinas, lainnya",
Permen_9_2023,Permen Nomor 9 Tahun 2023,Permen,2023,9,BAB VI,Ketentuan Penutup,,,73,,g,,Ketentuan,"Memancarkan frekuensi radio terkait keselamatan manusia (meliputi frekuensi penerbangan, navigasi, Per frekuensi 0,021 0,214 maritim, marabahaya, radio keperluan astronomi, atau pencarian dan pertolongan (search and rescue/SAR))",Pasal 73 huruf g,"frekuensi, radio, memancarkan, terkait, keselamatan",
Permen_9_2023,Permen Nomor 9 Tahun 2023,Permen,2023,9,BAB VI,Ketentuan Penutup,,,73,,g,2,Ketentuan,Pemegang ISR yang menggunakan frekuensi radio tidak sesuai dengan peruntukannya dan/atau mengoperasikan stasiun radio tidak sesuai dengan parameter teknis yang ditetapkan dalam ISR SATUAN KATEGORI BAND ZONA INDEKS PELANGGARAN,Pasal 73 huruf g angka 2,"radio, pemegang, menggunakan, frekuensi, peruntukannya",
Permen_9_2023,Permen Nomor 9 Tahun 2023,Permen,2023,9,BAB VI,Ketentuan Penutup,,,73,,a,,Ketentuan,"PENYIARAN Zona-1 0,618 Zona-2 0,472 TV UHF Zona-3 0,363 Zona-4 0,241 Zona-5 0,120 Per 1 frekuensi Zona-1 0,037 radio Zona-2 0,029 Radio AM MF/HF Zona-3 0,021 Zona-4 0,014 Zona-5 0,007 Catatan : - UU ITE No 11 Tahun 2008 Pasal 5 ayat 1 ""Informasi Elektronik dan/atau Dokumen Elektronik dan/atau hasil cetaknya merupakan alat bukti hukum yang sah."" - Dokumen ini telah ditandatangani secara elektronik menggunakansertifikat elektronikyang diterbitkanBSrE - 6 - SATUAN KATEGORI BAND ZONA INDEKS PELANGGARAN Zona-1 0,034 Zona-2 0,027 Radio FM VHF Zona-3 0,020 Zona-4 0,013 Zona-5 0,007 Zona-1 0,020 Zona-2 0,016 Radio Digital MF/HF Zona-3 0,012 (DRM) Zona-4 0,008 Zona-5 0,004 Per 1 frekuensi radio Zona-1 0,016 Zona-2 0,013 Radio Digital VHF Zona-3 0,010 (DRM) Zona-4 0,006 Zona-5 0,003 Zona-1 0,087 Zona-2 0,070 Radio Digital VHF Zona-3 0,052 (DAB) Zona-4 0,035 Zona-5 0,017",Pasal 73 huruf a,"zona, radio, elektronik, digital, frekuensi",
Permen_9_2023,Permen Nomor 9 Tahun 2023,Permen,2023,9,BAB VI,Ketentuan Penutup,,,73,,b,,Ketentuan,"TETAP Zona-1 0,140 Zona-2 0,112 Point to Multipoint SHF Zona-3 0,078 (PMP) Zona-4 0,052 Zona-5 0,015 Zona-1 0,055 Zona-2 0,044 EHF Zona-3 0,033 Zona-4 0,022 Point to Point Zona-5 0,011 (PP) Zona-1 0,109 Zona-2 0,087 Per 1 frekuensi SHF Zona-3 0,065 radio Zona-4 0,043 Zona-5 0,022 Zona-1 0,039 Zona-2 0,032 EHF Zona-3 0,019 Zona-4 0,016 Studio-to- Zona-5 0,008 Transmitter Link Zona-1 0,063 (STL) TV Zona-2 0,050 SHF Zona-3 0,030 Zona-4 0,025 Zona-5 0,013 Catatan : - UU ITE No 11 Tahun 2008 Pasal 5 ayat 1 ""Informasi Elektronik dan/atau Dokumen Elektronik dan/atau hasil cetaknya merupakan alat bukti hukum yang sah."" - Dokumen ini telah ditandatangani secara elektronik menggunakansertifikat elektronikyang diterbitkanBSrE - 7 - SATUAN KATEGORI BAND ZONA INDEKS PELANGGARAN",Pasal 73 huruf b,"zona, point, elektronik, dokumen, tetap",
Permen_9_2023,Permen Nomor 9 Tahun 2023,Permen,2023,9,BAB VI,Ketentuan Penutup,,,73,,c,,Ketentuan,"BERGERAK DARAT (PRIVATE) Zona-1 0,036 Zona-2 0,029 Repeater Zona-3 0,022 Zona-4 0,015 Zona-5 0,007 Zona-1 0,024 Base Zona-2 0,019 HF/ Radio Konvensional Station/ VHF/ Zona-3 0,014 (Standard) STL UHF Zona-4 0,010 Radio Zona-5 0,005 Zona-1 0,0019 Zona-2 0,0015 HT Zona-3 0,0012 Zona-4 0,0009 Zona-5 0,0004 Per 1 frekuensi Zona-1 0,080 radio pada tiap Alat Zona-2 0,064 Telekomunikasi VHF Zona-3 0,048 dan/atau Zona-4 0,030 Perangkat Zona-5 0,015 Telekomunikasi Taxi Zona-1 0,082 Zona-2 0,054 UHF Zona-3 0,049 Zona-4 0,027 Zona-5 0,016 Zona-1 0,009 Zona-2 0,007 Radio Paging VHF/UHF Zona-3 0,005 Zona-4 0,003 Zona-5 0,002 Zona-1 0,077 Zona-2 0,064 Radio Trunking UHF Zona-3 0,046 Zona-4 0,029 Zona-5 0,015",Pasal 73 huruf c,"zona, radio, telekomunikasi, bergerak, darat",
Permen_9_2023,Permen Nomor 9 Tahun 2023,Permen,2023,9,BAB VI,Ketentuan Penutup,,,73,,d,,Ketentuan,"BERGERAK DARAT (PUBLIK) Zona-1 0,026 Zona-2 0,028 Radio Trunking UHF Zona-3 0,021 Per 1 frekuensi radio pada tiap Zona-4 0,014 Alat Zona-5 0,007 Telekomunikasi Zona-1 0,023 dan/atau Broadband Wireless Zona-2 0,019 Perangkat Access /Wireless VHF/ UHF Zona-3 0,014 Telekomunikasi Data Zona-4 0,009 Zona-5 0,005 Catatan : - UU ITE No 11 Tahun 2008 Pasal 5 ayat 1 ""Informasi Elektronik dan/atau Dokumen Elektronik dan/atau hasil cetaknya merupakan alat bukti hukum yang sah."" - Dokumen ini telah ditandatangani secara elektronik menggunakansertifikat elektronikyang diterbitkanBSrE - 8 - SATUAN KATEGORI BAND ZONA INDEKS PELANGGARAN",Pasal 73 huruf d,"zona, elektronik, radio, alat, telekomunikasi",
Permen_9_2023,Permen Nomor 9 Tahun 2023,Permen,2023,9,BAB VI,Ketentuan Penutup,,,73,,e,,Ketentuan,"SATELIT Zona-1 0,054 Zona-2 0,044 UHF Zona-3 0,033 Zona-4 0,022 Stasiun Bumi Zona-5 0,011 Tetap Zona-1 0,622 Zona-2 0,011 SHF Zona-3 0,010 Per stasiun bumi Zona-4 0,007 Zona-5 0,124 Zona-1 0,005 Zona-2 0,003 Stasiun Bumi VHF/UHF Zona-3 0,003 Bergerak Zona-4 0,002 Zona-5 0,001",Pasal 73 huruf e,"zona, stasiun, bumi, satelit, tetap",
Permen_9_2023,Permen Nomor 9 Tahun 2023,Permen,2023,9,BAB VI,Ketentuan Penutup,,,73,,f,,Ketentuan,"DINAS LAINNYA Zona-1 0,020 Zona-2 0,016 HF Zona-3 0,012 Zona-4 0,008 Meteorologi, Zona-5 0,004 Klimatologi, dan Zona-1 0,052 Geofisika Zona-2 0,273 Per 1 frekuensi SHF Zona-3 0,205 radio Zona-4 0,136 Zona-5 0,068 Zona-1 0,082 Zona-2 0,066 Radio SHF Zona-3 0,047 Lokasi Zona-4 0,033 Zona-5 0,100 Per frekuensi Radio Amatir/KRAP 0,0019 radio",Pasal 73 huruf f,"zona, radio, frekuensi, dinas, lainnya",
Permen_9_2023,Permen Nomor 9 Tahun 2023,Permen,2023,9,BAB VI,Ketentuan Penutup,,,73,,g,,Ketentuan,"Memancarkan frekuensi radio terkait keselamatan manusia (meliputi frekuensi penerbangan, navigasi, maritim, Per frekuensi 0,021 marabahaya, keperluan astronomi, atau radio pencarian dan pertolongan (search and rescue/SAR)) Catatan : - UU ITE No 11 Tahun 2008 Pasal 5 ayat 1 ""Informasi Elektronik dan/atau Dokumen Elektronik dan/atau hasil cetaknya merupakan alat bukti hukum yang sah."" - Dokumen ini telah ditandatangani secara elektronik menggunakansertifikat elektronikyang diterbitkanBSrE - 9 -",Pasal 73 huruf g,"frekuensi, elektronik, radio, dokumen, memancarkan",
Permen_9_2023,Permen Nomor 9 Tahun 2023,Permen,2023,9,BAB VI,Ketentuan Penutup,,,73,,g,3,Kewajiban,"Pemegang izin stasiun radio angkasa yang tidak mendaftarkan stasiun bumi secara berkala setiap tahun INDEKS INDEKS SATUAN JENIS PELANGGARAN PELANGGARAN PELANGGARAN PELANGGARAN PERTAMA BERULANG Pemegang ISR angkasa yang tidak mendaftarkan stasiun bumi secara 0,0121 0,0182 Per-pelaporan berkala setiap tahun C. Indeks Jenis Pelanggaran Pemenuhan Kewajiban Sertifikat Alat Telekomunikasi dan/atau Perangkat Telekomunikasi SATUAN JENIS PELANGGARAN INDEKS PELANGGARAN",Pasal 73 huruf g angka 3,"pelanggaran, indeks, stasiun, jenis, pemegang",
Permen_9_2023,Permen Nomor 9 Tahun 2023,Permen,2023,9,BAB VI,Ketentuan Penutup,,,73,,g,1,Ketentuan,"Pelaku usaha yang membuat dan/atau merakit Alat Telekomunikasi dan/atau Perangkat Telekomunikasi untuk digunakan di wilayah Negara Kesatuan 0,16 Republik Indonesia yang tidak memiliki Sertifikat Alat Telekomunikasi dan/atau Perangkat Telekomunikasi",Pasal 73 huruf g angka 1,"telekomunikasi, alat, perangkat, pelaku, usaha",Pelaku Usaha
Permen_9_2023,Permen Nomor 9 Tahun 2023,Permen,2023,9,BAB VI,Ketentuan Penutup,,,73,,g,2,Ketentuan,"Pelaku usaha yang membuat dan/atau merakit Alat Telekomunikasi dan/atau Perangkat Telekomunikasi untuk diperdagangkan di wilayah Negara 0,48 Kesatuan Republik Indonesia yang tidak memiliki Sertifikat Alat Telekomunikasi dan/atau Perangkat Telekomunikasi",Pasal 73 huruf g angka 2,"telekomunikasi, alat, perangkat, pelaku, usaha",Pelaku Usaha
Permen_9_2023,Permen Nomor 9 Tahun 2023,Permen,2023,9,BAB VI,Ketentuan Penutup,,,73,,g,3,Ketentuan,"Pelaku usaha yang memasukkan Alat Telekomunikasi dan/atau Perangkat Per-tipe Alat Telekomunikasi untuk digunakan di Telekomunikasi wilayah Negara Kesatuan Republik 0,32 dan/atau Indonesia yang tidak memiliki Sertifikat Perangkat Alat Telekomunikasi dan/atau Perangkat Telekomunikasi Telekomunikasi",Pasal 73 huruf g angka 3,"telekomunikasi, alat, perangkat, pelaku, usaha",Pelaku Usaha
Permen_9_2023,Permen Nomor 9 Tahun 2023,Permen,2023,9,BAB VI,Ketentuan Penutup,,,73,,g,4,Ketentuan,"Pelaku usaha yang memasukkan Alat Telekomunikasi dan/atau Perangkat Telekomunikasi untuk diperdagangkan di wilayah Negara Kesatuan Republik 1,00 Indonesia yang tidak memiliki Sertifikat Alat Telekomunikasi dan/atau Perangkat Telekomunikasi",Pasal 73 huruf g angka 4,"telekomunikasi, alat, perangkat, pelaku, usaha",Pelaku Usaha
Permen_9_2023,Permen Nomor 9 Tahun 2023,Permen,2023,9,BAB VI,Ketentuan Penutup,,,73,,g,5,Ketentuan,"Pelaku usaha yang membuat dan/atau merakit Alat Telekomunikasi dan/atau Perangkat Telekomunikasi untuk digunakan di wilayah Negara Kesatuan 0,16 Republik Indonesia yang tidak sesuai dengan Sertifikat Alat Telekomunikasi dan/atau Perangkat Telekomunikasi Catatan : - UU ITE No 11 Tahun 2008 Pasal 5 ayat 1 ""Informasi Elektronik dan/atau Dokumen Elektronik dan/atau hasil cetaknya merupakan alat bukti hukum yang sah."" - Dokumen ini telah ditandatangani secara elektronik menggunakansertifikat elektronikyang diterbitkanBSrE - 10 - SATUAN JENIS PELANGGARAN INDEKS PELANGGARAN",Pasal 73 huruf g angka 5,"telekomunikasi, alat, elektronik, perangkat, dokumen",Pelaku Usaha
Permen_9_2023,Permen Nomor 9 Tahun 2023,Permen,2023,9,BAB VI,Ketentuan Penutup,,,73,,g,6,Ketentuan,"Pelaku usaha yang membuat dan/atau merakit Alat Telekomunikasi dan/atau Perangkat Telekomunikasi untuk diperdagangkan di wilayah Negara 0,16 Kesatuan Republik Indonesia yang tidak sesuai dengan Sertifikat Alat Telekomunikasi dan/atau Perangkat Telekomunikasi",Pasal 73 huruf g angka 6,"telekomunikasi, alat, perangkat, pelaku, usaha",Pelaku Usaha
Permen_9_2023,Permen Nomor 9 Tahun 2023,Permen,2023,9,BAB VI,Ketentuan Penutup,,,73,,g,7,Ketentuan,"Pelaku usaha yang memasukkan Alat Telekomunikasi dan/atau Perangkat Telekomunikasi untuk digunakan di wilayah Negara Kesatuan Republik 0,16 Indonesia yang tidak sesuai dengan Sertifikat Alat Telekomunikasi dan/atau Per-tipe Alat Perangkat Telekomunikasi Telekomunikasi dan/atau",Pasal 73 huruf g angka 7,"telekomunikasi, alat, perangkat, pelaku, usaha",Pelaku Usaha
Permen_9_2023,Permen Nomor 9 Tahun 2023,Permen,2023,9,BAB VI,Ketentuan Penutup,,,73,,g,8,Ketentuan,"Pelaku usaha yang memasukkan Alat Perangkat Telekomunikasi dan/atau Perangkat Telekomunikasi Telekomunikasi untuk diperdagangkan di wilayah Negara Kesatuan Republik 0,16 Indonesia yang tidak sesuai dengan Sertifikat Alat Telekomunikasi dan/atau Perangkat Telekomunikasi",Pasal 73 huruf g angka 8,"telekomunikasi, perangkat, alat, pelaku, usaha",Pelaku Usaha
Permen_9_2023,Permen Nomor 9 Tahun 2023,Permen,2023,9,BAB VI,Ketentuan Penutup,,,73,,g,9,Ketentuan,Memperdagangkan Alat Telekomunikasi dan/atau Perangkat Telekomunikasi yang tidak memiliki Sertifikat Alat Telekomunikasi dan/atau Perangkat Telekomunikasi Per-tipe Alat,Pasal 73 huruf g angka 9,"telekomunikasi, alat, perangkat, memperdagangkan, memiliki",
Permen_9_2023,Permen Nomor 9 Tahun 2023,Permen,2023,9,BAB VI,Ketentuan Penutup,,,73,,a,,Ketentuan,"Orang perseorangan 0,04 Telekomunikasi dan/atau",Pasal 73 huruf a,"orang, perseorangan, telekomunikasi",Orang Perseorangan
Permen_9_2023,Permen Nomor 9 Tahun 2023,Permen,2023,9,BAB VI,Ketentuan Penutup,,,73,,b,,Ketentuan,"Badan Usaha 0,40 Perangkat Telekomunikasi",Pasal 73 huruf b,"badan, usaha, perangkat, telekomunikasi",Badan Usaha
Permen_9_2023,Permen Nomor 9 Tahun 2023,Permen,2023,9,BAB VI,Ketentuan Penutup,,,73,,b,10,Ketentuan,Memperdagangkan Alat Telekomunikasi dan/atau Perangkat Telekomunikasi yang telah memiliki Sertifikat Alat Telekomunikasi dan/atau Perangkat Telekomunikasi namun tidak memenuhi standar teknis Per-tipe Alat,Pasal 73 huruf b angka 10,"telekomunikasi, alat, perangkat, memperdagangkan, memiliki",
Permen_9_2023,Permen Nomor 9 Tahun 2023,Permen,2023,9,BAB VI,Ketentuan Penutup,,,73,,a,,Ketentuan,"Orang perseorangan 0,02 Telekomunikasi dan/atau",Pasal 73 huruf a,"orang, perseorangan, telekomunikasi",Orang Perseorangan
Permen_9_2023,Permen Nomor 9 Tahun 2023,Permen,2023,9,BAB VI,Ketentuan Penutup,,,73,,b,,Ketentuan,"Badan Usaha 0,08 Perangkat Telekomunikasi",Pasal 73 huruf b,"badan, usaha, perangkat, telekomunikasi",Badan Usaha
Permen_9_2023,Permen Nomor 9 Tahun 2023,Permen,2023,9,BAB VI,Ketentuan Penutup,,,73,,b,11,Ketentuan,Menggunakan Alat Telekomunikasi dan/atau Perangkat Telekomunikasi yang tidak memiliki Sertifikat Alat Telekomunikasi dan/atau Perangkat Telekomunikasi,Pasal 73 huruf b angka 11,"telekomunikasi, alat, perangkat, menggunakan, memiliki",
Permen_9_2023,Permen Nomor 9 Tahun 2023,Permen,2023,9,BAB VI,Ketentuan Penutup,,,73,,a,,Ketentuan,"Orang perseorangan 0,00 Per-tipe Alat Telekomunikasi",Pasal 73 huruf a,"orang, perseorangan, tipe, alat, telekomunikasi",Orang Perseorangan
Permen_9_2023,Permen Nomor 9 Tahun 2023,Permen,2023,9,BAB VI,Ketentuan Penutup,,,73,,b,,Ketentuan,"Badan Usaha 0,20 dan/atau Perangkat Telekomunikasi",Pasal 73 huruf b,"badan, usaha, perangkat, telekomunikasi",Badan Usaha
Permen_9_2023,Permen Nomor 9 Tahun 2023,Permen,2023,9,BAB VI,Ketentuan Penutup,,,73,,c,,Ketentuan,"Instansi Pemerintah 0,20 Catatan : - UU ITE No 11 Tahun 2008 Pasal 5 ayat 1 ""Informasi Elektronik dan/atau Dokumen Elektronik dan/atau hasil cetaknya merupakan alat bukti hukum yang sah."" - Dokumen ini telah ditandatangani secara elektronik menggunakansertifikat elektronikyang diterbitkanBSrE - 11 - SATUAN JENIS PELANGGARAN INDEKS PELANGGARAN",Pasal 73 huruf c,"elektronik, dokumen, pelanggaran, instansi, catatan","Pemerintah, Instansi"
Permen_9_2023,Permen Nomor 9 Tahun 2023,Permen,2023,9,BAB VI,Ketentuan Penutup,,,73,,c,12,Ketentuan,Menggunakan Alat Telekomunikasi dan/atau Perangkat Telekomunikasi yang telah memiliki Sertifikat Alat Telekomunikasi dan/atau Perangkat Telekomunikasi namun tidak memenuhi standar teknis,Pasal 73 huruf c angka 12,"telekomunikasi, alat, perangkat, menggunakan, memiliki",
Permen_9_2023,Permen Nomor 9 Tahun 2023,Permen,2023,9,BAB VI,Ketentuan Penutup,,,73,,a,,Ketentuan,"Orang perseorangan 0,00 Per-tipe Alat Telekomunikasi",Pasal 73 huruf a,"orang, perseorangan, tipe, alat, telekomunikasi",Orang Perseorangan
Permen_9_2023,Permen Nomor 9 Tahun 2023,Permen,2023,9,BAB VI,Ketentuan Penutup,,,73,,b,,Ketentuan,"Badan Usaha 0,04 dan/atau Perangkat Telekomunikasi",Pasal 73 huruf b,"badan, usaha, perangkat, telekomunikasi",Badan Usaha
Permen_9_2023,Permen Nomor 9 Tahun 2023,Permen,2023,9,BAB VI,Ketentuan Penutup,,,73,,c,,Ketentuan,"Instansi Pemerintah 0,04 MENTERI KOMUNIKASI DAN INFORMATIKA REPUBLIK INDONESIA, ttd BUDI ARIE SETIADI Catatan : - UU ITE No 11 Tahun 2008 Pasal 5 ayat 1 ""Informasi Elektronik dan/atau Dokumen Elektronik dan/atau hasil cetaknya merupakan alat bukti hukum yang sah."" - Dokumen ini telah ditandatangani secara elektronik menggunakansertifikat elektronikyang diterbitkanBSrE",Pasal 73 huruf c,"elektronik, dokumen, instansi, menteri, komunikasi","Pemerintah, Instansi, Menteri"
