doc_id,nama_dokumen,jenis,tahun,nomor,bab,nama_bab,bagian,paragraf,pasal,ayat,huruf,angka,tipe,isi,referensi,kata_kunci,entitas
PP_28_2025,PP Nomor 28 Tahun 2025,PP,2025,28,BAB I,Ketentuan Umum,,,2,1,,,Ketentuan,Pemerintah Pusat menetapkan kebijakan penyelenggaraan PBBR.,Pasal 2 ayat (1),"pusat, menetapkan, kebijakan, penyelenggaraan, pbbr",Pemerintah Pusat
PP_28_2025,PP Nomor 28 Tahun 2025,PP,2025,28,BAB I,Ketentuan Umum,,,2,2,,,Ketentuan,"Ruang lingkup penyelenggaraan PBBR sebagaimana dimaksud pada ayat (1) meliputi: a. persyaratan dasar; b. PB; C. PB UMKU; d. norma, standar, prosedur, dan kriteria; e. layanan Sistem OSS; f. Pengawasan;",Pasal 2 ayat (2),"ruang, lingkup, penyelenggaraan, pbbr, meliputi",
PP_28_2025,PP Nomor 28 Tahun 2025,PP,2025,28,BAB I,Ketentuan Umum,,,2,2,g,,Sanksi,evaluasi . . -7 - g. evaluasi dan reformasi kebijakan; h. pendanaan; i. penyelesaian permasalahan dan hambatan; dan j. sanksi.,Pasal 2 ayat (2) huruf g,"evaluasi, reformasi, kebijakan, pendanaan, penyelesaian",
PP_28_2025,PP Nomor 28 Tahun 2025,PP,2025,28,BAB I,Ketentuan Umum,,,3,,,,Ketentuan,"Penyelenggaraan PBBR sebagaimana dimaksud dalam Pasal 2 bertujuan untuk meningkatkan ekosistem investasi dan kegiatan usaha, melalui:",Pasal 3,"penyelenggaraan, pbbr, bertujuan, meningkatkan, ekosistem",
PP_28_2025,PP Nomor 28 Tahun 2025,PP,2025,28,BAB I,Ketentuan Umum,,,3,,a,,Ketentuan,"pelaksanaan penerbitan persyaratan dasar, PB, dan PB UMKU secara lebih efektif dan sederhana; dan",Pasal 3 huruf a,"pelaksanaan, penerbitan, persyaratan, dasar, umku",
PP_28_2025,PP Nomor 28 Tahun 2025,PP,2025,28,BAB I,Ketentuan Umum,,,3,,b,,Ketentuan,"Pengawasan yang transparan, terstruktur, dan dapat dipertanggungjawabkan sesuai dengan ketentuan peraturan perundang-undangan.",Pasal 3 huruf b,"pengawasan, transparan, terstruktur, dipertanggungjawabkan, perundang",
PP_28_2025,PP Nomor 28 Tahun 2025,PP,2025,28,BAB I,Ketentuan Umum,,,4,1,,,Kewajiban,"Untuk melakukan kegiatan usaha, Pelaku Usaha wajib memiliki PB. (21 PB sebagaimana dimaksud pada ayat (1) diperoleh setelah Pelaku Usaha melakukan pemenuhan persyaratan dasar terlebih dahulu, kecuali diatur lain dalam Peraturan Pemerintah ini.",Pasal 4 ayat (1),"usaha, melakukan, pelaku, kegiatan, wajib","Pelaku Usaha, Pemerintah"
PP_28_2025,PP Nomor 28 Tahun 2025,PP,2025,28,BAB I,Ketentuan Umum,,,4,3,,,Kewajiban,"Apabila PB sebagaimana dimaksud pada ayat (1) perlu dilengkapi dengan perizinan berusaha untuk menunjang kegiatan usaha, Pelaku Usaha wajib memiliki PB UMKU. (41 Persyaratan dasar dan PB sebagaimana dimaksud pada ayat (21serta PB UMKU sebagaimana dimaksud pada ayat",Pasal 4 ayat (3),"usaha, umku, perlu, dilengkapi, perizinan",Pelaku Usaha
PP_28_2025,PP Nomor 28 Tahun 2025,PP,2025,28,BAB I,Ketentuan Umum,,,4,3,,,Ketentuan,diproses secara elektronik melalui Sistem OSS.,Pasal 4 ayat (3),"diproses, elektronik, melalui, sistem",
PP_28_2025,PP Nomor 28 Tahun 2025,PP,2025,28,BAB I,Ketentuan Umum,,,4,5,,,Ketentuan,Sistem OSS sebagaimana dimaksud pada ayat (4) terintegrasi secara elektronik dengan sistem di kementerian/lembaga.,Pasal 4 ayat (5),"sistem, terintegrasi, elektronik, kementerian, lembaga","Kementerian, Lembaga"
PP_28_2025,PP Nomor 28 Tahun 2025,PP,2025,28,BAB I,Ketentuan Umum,,,5,1,,,Ketentuan,Penyelenggaraan PB sebagaimana dimaksud dalam Pasal 2 ayat (2) huruf b dan/atau PB UMKU sebagaimana dimaksud dalam Pasal 2 ayat (2) huruf c meliputi sektor: a. kelautan dan perikanan; b. pertanian;,Pasal 5 ayat (1),"penyelenggaraan, umku, meliputi, sektor, kelautan",
PP_28_2025,PP Nomor 28 Tahun 2025,PP,2025,28,BAB I,Ketentuan Umum,,,5,1,c,,Ketentuan,"kehutanan . c. kehutanan; d. energi dan sumber daya mineral; e. ketenaganukliran; f. perindustrian; g. perdagangan dan metrologi legal; h. pekerjaan umum dan perumahan ralryat; i. transportasi; j. kesehatan, obat, dan makanan; k. pendidikan dan kebudayaan; l. pariwisata;",Pasal 5 ayat (1) huruf c,"kehutanan, energi, sumber, daya, mineral",
PP_28_2025,PP Nomor 28 Tahun 2025,PP,2025,28,BAB I,Ketentuan Umum,,,5,1,m,,Ketentuan,"keagamaan; n. pos, telekomunikasi, dan penyiaran; dan o. pertahanan dan keamanan. (21 Selain sektor sebagaimana dimaksud pada ayat (1), penyelenggaraan PB dan/atau PB UMKU meliputi pula sektor: a. ekonomi kreatif; b. informasi geospasial; c. ketenagakerjaan; d. perkoperasian; e. penanaman modal; f. penyelenggaraan sistem dan transaksi elektronik; dan g. lingkungan hidup.",Pasal 5 ayat (1) huruf m,"sektor, penyelenggaraan, keagamaan, telekomunikasi, penyiaran",
PP_28_2025,PP Nomor 28 Tahun 2025,PP,2025,28,BAB I,Ketentuan Umum,,,5,3,,,Ketentuan,PBBR pada masing-masing sektor sebagaimana dimaksud pada ayat (1) dan ayat (21meliputi pengaturan:,Pasal 5 ayat (3),"masing, pbbr, sektor, meliputi, pengaturan",
PP_28_2025,PP Nomor 28 Tahun 2025,PP,2025,28,BAB I,Ketentuan Umum,,,5,3,a,,Kewajiban,"kode KBLIIKBLI terkait, judul KBLI, ruang lingkup kegiatan, skala usaha, tingkat Risiko, PB, persyaratan, jangka waktu penerbitan, kewajiban, PB UMKU, parameter, dan kewenangan bagi PB setiap sektor;",Pasal 5 ayat (3) huruf a,"kode, kbliikbli, terkait, judul, kbli",
PP_28_2025,PP Nomor 28 Tahun 2025,PP,2025,28,BAB I,Ketentuan Umum,,,5,3,b,,Kewajiban,"nomenklatur PB UMKU, persyaratan, jangka waktu penerbitan, kewajiban, masa berlaku, parameter, dan kewenangan bagi PB UMKU setiap sektor; c. metode analisis Risiko; dan",Pasal 5 ayat (3) huruf b,"umku, nomenklatur, persyaratan, jangka, waktu",
PP_28_2025,PP Nomor 28 Tahun 2025,PP,2025,28,BAB I,Ketentuan Umum,,,5,3,d,,Ketentuan,standar kegiatan usaha dan/atau standar produk/jasa.,Pasal 5 ayat (3) huruf d,"standar, kegiatan, usaha, produk, jasa",
PP_28_2025,PP Nomor 28 Tahun 2025,PP,2025,28,BAB I,Ketentuan Umum,,,5,4,,,Kewajiban,"Kode KBLI/KBLI terkait, judul KBLI, ruang lingkup kegiatan, skala usaha, tingkat Risiko, PB, persyaratan, jangka waktu penerbitan, kewajiban, PB UMKU, parameter, dan kewenangan bagi PB setiap sektor sebagaimana dimaksud pada ayat (3) huruf a tercantum dalam Lampiran I yang merupakan bagian tidak terpisahkan dari Peraturan Pemerintah ini.",Pasal 5 ayat (4),"kbli, kode, terkait, judul, ruang",Pemerintah
PP_28_2025,PP Nomor 28 Tahun 2025,PP,2025,28,BAB I,Ketentuan Umum,,,5,5,,,Kewajiban,"Nomenklatur PB UMKU, persyaratan, jangka waktu penerbitan, kewajiban, masa berlaku, parameter, dan kewenangan bagi PB UMKU setiap sektor sebagaimana dimaksud pada ayat (3) huruf b tercantum dalam Lampiran II yang merupakan bagian tidak terpisahkan dari Peraturan Pemerintah ini.",Pasal 5 ayat (5),"umku, nomenklatur, persyaratan, jangka, waktu",Pemerintah
PP_28_2025,PP Nomor 28 Tahun 2025,PP,2025,28,BAB I,Ketentuan Umum,,,5,6,,,Ketentuan,Metode analisis Risiko sebagaimana dimaksud pada ayat,Pasal 5 ayat (6),"metode, analisis, risiko",
PP_28_2025,PP Nomor 28 Tahun 2025,PP,2025,28,BAB I,Ketentuan Umum,,,5,3,,,Ketentuan,huruf c tercantum dalam Lampiran III yang merupakan bagian tidak terpisahkan dari Peraturan Pemerintah ini. (71 Standar kegiatan usaha dan/atau standar produk/jasa sebagaimana dimaksud pada ayat (3) huruf d dan mekanisme penerbitannya diatur dengan peraturan menteri kepala lembaga. /,Pasal 5 ayat (3),"standar, tercantum, lampiran, terpisahkan, kegiatan","Pemerintah, Menteri, Lembaga"
PP_28_2025,PP Nomor 28 Tahun 2025,PP,2025,28,BAB I,Ketentuan Umum,,,5,8,,,Ketentuan,"Standar kegiatan usaha dan/atau standar produk/jasa serta mekanisme penerbitannya sebagaimana dimaksud pada ayat (71 menjadi pedoman bagi kementerian/lembaga, Pemerintah Daerah, Administrator KEK, dan Badan Pengusahaan KPBPB.",Pasal 5 ayat (8),"standar, kegiatan, usaha, produk, jasa","Pemerintah Daerah, Kementerian, Lembaga, Badan"
PP_28_2025,PP Nomor 28 Tahun 2025,PP,2025,28,BAB I,Ketentuan Umum,,,5,9,,,Ketentuan,Peraturan menteri/kepala lembaga sebagaimana dimaksud pada ayat (71 mengacu pada pedoman sebagaimana tercantum dalam Lampiran IV yang merupakan bagian tidak terpisahkan dari Peraturan Pemerintah ini.,Pasal 5 ayat (9),"menteri, kepala, lembaga, mengacu, pedoman","Pemerintah, Menteri, Lembaga"
PP_28_2025,PP Nomor 28 Tahun 2025,PP,2025,28,BAB I,Ketentuan Umum,,,5,10,,,Ketentuan,PB sebagaimana dimaksud pada ayat (1) dan ayat (2) memiliki masa berlaku sepanjang Pelaku Usaha melakukan kegiatan usaha.,Pasal 5 ayat (10),"usaha, memiliki, masa, berlaku, sepanjang",Pelaku Usaha
PP_28_2025,PP Nomor 28 Tahun 2025,PP,2025,28,BAB I,Ketentuan Umum,,,5,11,,,Ketentuan,Ketentuan sebagaimana dimaksud pada ayat (10) dikecualikan atas PB yang diberikan dalam rangka: a. pelaksanaan ketentuan/perjanjian internasional; b. pemanfaatan sumber daya alam;,Pasal 5 ayat (11),"dikecualikan, diberikan, rangka, pelaksanaan, perjanjian",
PP_28_2025,PP Nomor 28 Tahun 2025,PP,2025,28,BAB I,Ketentuan Umum,,,5,11,c,,Ketentuan,perdagangan bahan berbahaya dan/atau beracun; dan/atau,Pasal 5 ayat (11) huruf c,"perdagangan, bahan, berbahaya, beracun",
PP_28_2025,PP Nomor 28 Tahun 2025,PP,2025,28,BAB I,Ketentuan Umum,,,5,11,d,,Ketentuan,perdagangan. . . _10_,Pasal 5 ayat (11) huruf d,perdagangan,
PP_28_2025,PP Nomor 28 Tahun 2025,PP,2025,28,BAB I,Ketentuan Umum,,,5,11,d,,Ketentuan,"perdagangan barang atau bahan yang dibatasi peredarannya, yang masa berlakunya diatur dalam Undang-Undang, Peraturan Pemerintah, danf atau Peraturan Presiden.",Pasal 5 ayat (11) huruf d,"perdagangan, barang, bahan, dibatasi, peredarannya","Pemerintah, Presiden"
PP_28_2025,PP Nomor 28 Tahun 2025,PP,2025,28,BAB I,Ketentuan Umum,,,5,12,,,Ketentuan,Peraturan menteri/kepala lembaga sebagaimana dimaksud pada ayat (71 ditetapkan setelah berkoordinasi dengan menteri yang menyelenggarakan sinkronisasi dan koordinasi serta pengendalian pelaksanaan urusan kementerian dalam penyelenggaraan pemerintahan di bidang perekonomian.,Pasal 5 ayat (12),"menteri, kepala, lembaga, ditetapkan, setelah","Kementerian, Lembaga"
PP_28_2025,PP Nomor 28 Tahun 2025,PP,2025,28,BAB I,Ketentuan Umum,,,6,1,,,Larangan,"Kementerian/lembaga, Pemerintah Daerah, Administrator KEK, dan Badan Pengusahaan KPBPB dilarang menerbitkan persyaratan dasar, PB, dan PB UMKU di luar yang diatur dalam Peraturan Pemerintah ini. (21 Persyaratan dasar, PB, dan PB UMKU pada masing- masing sektor dilakukan pembinaan dan Pengawasan oleh menteri/kepala lembaga, gubernur, bupati lwali kota, kepala Administrator KEK, atau kepala Badan Pengusahaan KPBPB sesuai dengan kewenangan masing- masing.",Pasal 6 ayat (1),"masing, kepala, lembaga, administrator, badan","Pemerintah Daerah, Kementerian, Gubernur, Lembaga, Bupati, Badan"
PP_28_2025,PP Nomor 28 Tahun 2025,PP,2025,28,BAB I,Ketentuan Umum,,,7,,,,Ketentuan,Untuk melakukan kegiatan usaha sebagaimana dimaksud dalam Pasal 4 ayat (1) dilaksanakan melalui tahapan: a. memulai usaha; dan b. menjalankan usaha.,Pasal 7,"usaha, melakukan, kegiatan, dilaksanakan, melalui",
PP_28_2025,PP Nomor 28 Tahun 2025,PP,2025,28,BAB I,Ketentuan Umum,,,8,1,,,Ketentuan,Tahapan memulai usaha sebagaimana dimaksud dalam Pasal 7 huruf a meliputi: a. subtahapan pemenuhan legalitas usaha;,Pasal 8 ayat (1),"usaha, tahapan, memulai, meliputi, subtahapan",
PP_28_2025,PP Nomor 28 Tahun 2025,PP,2025,28,BAB I,Ketentuan Umum,,,8,1,b,,Kewajiban,"subtahapan pemenuhan persyaratan dasar berupa KKPR, dan PL untuk usaha dan/atau kegiatan yang tidak wajib Amdal atau UKL-UPL; dan",Pasal 8 ayat (1) huruf b,"subtahapan, pemenuhan, persyaratan, dasar, berupa",
PP_28_2025,PP Nomor 28 Tahun 2025,PP,2025,28,BAB I,Ketentuan Umum,,,8,1,c,,Ketentuan,subtahapan perolehan PB atau pengajuan PB berdasarkan kegiatan usaha.,Pasal 8 ayat (1) huruf c,"subtahapan, perolehan, pengajuan, kegiatan, usaha",
PP_28_2025,PP Nomor 28 Tahun 2025,PP,2025,28,BAB I,Ketentuan Umum,,,8,2,,,Ketentuan,Subtahapan pemenuhan legalitas usaha sebagaimana dimaksud pada ayat (1) huruf a bagi yang berbentuk badan usaha dilaksanakan sesuai dengan ketentuan peraturan perundang-undangan di bidang badan usaha.,Pasal 8 ayat (2),"usaha, badan, subtahapan, pemenuhan, legalitas",Badan Usaha
PP_28_2025,PP Nomor 28 Tahun 2025,PP,2025,28,BAB I,Ketentuan Umum,,,8,3,,,Kewajiban,"Subtahapan pemenuhan persyaratan dasar sebagaimana dimaksud pada ayat (1) huruf b berupa: a. KKPR berupa KKPR di darat atau KKPRL untuk lokasi usaha yang berada di laut; dan b. PL berupa SPPL bagi usaha danlatau kegiatan yang tidak wajib Amdal atau UKL-UPL. (41 Setelah melakukan subtahapan pemenuhan legalitas usaha sebagaimana dimaksud pada ayat (2) dan subtahapan pemenuhan persyaratan dasar sebagaimana dimaksud pada ayat (3), Pelaku Usaha menyampaikan permohonan perolehan atau pengajuan PB berdasarkan kegiatan usaha sebagaimana dimaksud pada ayat (1) huruf c.",Pasal 8 ayat (3),"usaha, subtahapan, pemenuhan, berupa, persyaratan",Pelaku Usaha
PP_28_2025,PP Nomor 28 Tahun 2025,PP,2025,28,BAB I,Ketentuan Umum,,,9,1,,,Ketentuan,"Setelah memenuhi tahapan memulai usaha sebagaimana dimaksud dalam Pasal 7 huruf a, Pelaku Usaha memenuhi tahapan menjalankan usaha sebagaimana dimaksud dalam Pasal 7 huruf b. (21 Tahapan menjalankan usaha sebagaimana dimaksud pada ayat (1) meliputi: a. subtahapan persiapan; dan b. subtahapan operasional dan/atau komersial.",Pasal 9 ayat (1),"usaha, tahapan, memenuhi, menjalankan, subtahapan",Pelaku Usaha
PP_28_2025,PP Nomor 28 Tahun 2025,PP,2025,28,BAB I,Ketentuan Umum,,,10,1,,,Kewajiban,Subtahapan persiapan sebagaimana dimaksud dalam Pasal 9 ayat (2) huruf a terdiri atas kegiatan: a. pengadaan tanah; b. pemenuhan persyaratan dasar berupa PL bagi usaha dan kegiatan yang wajib Amdal atau UKL-UPL dan PBG bagi Pelaku Usaha yang akan melakukan pembangunan Bangunan Gedung; c. pembangunan Bangunan Gedung; d. pengadaan peralatan atau sarana; e. pengadaan sumber daya manusia; -t2- f. pemenuhan standar usaha; dan/atau g. pemenuhan persyaratan PB. (21 Subtahapan operasional dan/atau komersial sebagaimana dimaksud dalam Pasal 9 ayat (21 huruf b terdiri atas kegiatan:,Pasal 10 ayat (1),"kegiatan, pengadaan, pemenuhan, usaha, subtahapan",Pelaku Usaha
PP_28_2025,PP Nomor 28 Tahun 2025,PP,2025,28,BAB I,Ketentuan Umum,,,10,1,a,,Ketentuan,produksi barang dan/atau jasa;,Pasal 10 ayat (1) huruf a,"produksi, barang, jasa",
PP_28_2025,PP Nomor 28 Tahun 2025,PP,2025,28,BAB I,Ketentuan Umum,,,10,1,b,,Ketentuan,logistik dan distribusi barang dan/atau jasa;,Pasal 10 ayat (1) huruf b,"logistik, distribusi, barang, jasa",
PP_28_2025,PP Nomor 28 Tahun 2025,PP,2025,28,BAB I,Ketentuan Umum,,,10,1,c,,Ketentuan,pemasaran barang dan/atau jasa; dan/atau,Pasal 10 ayat (1) huruf c,"pemasaran, barang, jasa",
PP_28_2025,PP Nomor 28 Tahun 2025,PP,2025,28,BAB I,Ketentuan Umum,,,10,1,d,,Ketentuan,kegiatan lain dalam rangka operasional dan/atau komersial. Pasal 1 1,Pasal 10 ayat (1) huruf d,"kegiatan, rangka, operasional, komersial",
PP_28_2025,PP Nomor 28 Tahun 2025,PP,2025,28,BAB I,Ketentuan Umum,,,10,1,,,Ketentuan,Kegiatan pengadaan tanah sebagaimana dimaksud dalam Pasal 10 ayat (1) huruf a termasuk pembersihan atau pembukaan lahan.,Pasal 10 ayat (1),"kegiatan, pengadaan, tanah, termasuk, pembersihan",
PP_28_2025,PP Nomor 28 Tahun 2025,PP,2025,28,BAB I,Ketentuan Umum,,,10,2,,,Kewajiban,Kegiatan pengadaan tanah sebagaimana dimaksud pada ayat (1) dapat dilakukan bersamaan dengan pemenuhan PL bagi usaha dan kegiatan yang wajib Amdal atau UKL- UPL dan PBG bagi Pelaku Usaha yang akan melakukan pembangunan Bangunan Gedung.,Pasal 10 ayat (2),"kegiatan, usaha, pengadaan, tanah, bersamaan",Pelaku Usaha
PP_28_2025,PP Nomor 28 Tahun 2025,PP,2025,28,BAB I,Ketentuan Umum,,,10,3,,,Kewajiban,"Jika akan melakukan pembangunan Bangunan Gedung sebagaimana dimaksud dalam Pasal 10 ayat (1) huruf c, Pelaku Usaha wajib memiliki persyaratan dasar dalam bentuk PL dan PBG sesuai dengan ketentuan peraturan perundang-undangan.",Pasal 10 ayat (3),"melakukan, pembangunan, bangunan, gedung, pelaku",Pelaku Usaha
PP_28_2025,PP Nomor 28 Tahun 2025,PP,2025,28,BAB I,Ketentuan Umum,,,10,4,,,Ketentuan,"Untuk kegiatan usaha yang mempunyai tingkat Risiko rendah atau menengah rendah, setelah memperoleh PB, Pelaku Usaha melakukan kegiatan operasional dan/atau komersial.",Pasal 10 ayat (4),"kegiatan, usaha, rendah, mempunyai, tingkat",Pelaku Usaha
PP_28_2025,PP Nomor 28 Tahun 2025,PP,2025,28,BAB I,Ketentuan Umum,,,10,5,,,Ketentuan,"Untuk kegiatan usaha yang mempunyai tingkat Risiko menengah tinggi atau tinggi, setelah diterbitkan PB, Pelaku Usaha dapat melakukan kegiatan operasional dan/atau komersial.",Pasal 10 ayat (5),"kegiatan, usaha, tinggi, mempunyai, tingkat",Pelaku Usaha
PP_28_2025,PP Nomor 28 Tahun 2025,PP,2025,28,BAB I,Ketentuan Umum,,,10,6,,,Ketentuan,Jika untuk melakukan kegiatan operasional dan/atau komersial sebagaimana dimaksud pada ayat (4) dan ayat,Pasal 10 ayat (6),"melakukan, kegiatan, operasional, komersial",
PP_28_2025,PP Nomor 28 Tahun 2025,PP,2025,28,BAB I,Ketentuan Umum,,,10,5,,,Kewajiban,"dipersyaratkan PB UMKU, Pelaku Usaha wajib memiliki PB UMKU. BAB _13_",Pasal 10 ayat (5),"umku, dipersyaratkan, pelaku, usaha, wajib",Pelaku Usaha
PP_28_2025,PP Nomor 28 Tahun 2025,PP,2025,28,BAB II,Persyaratan Dasar,Bagian Kesatu,,12,1,,,Ketentuan,Persyaratan dasar sebagaimana dimaksud dalam Pasal 4 ayat (2) meliputi: a. KKPR; b. PL; dan c. PBG dan SLF. (21 Penerbitan persyaratan dasar sebagaimana dimaksud pada ayat (1) dilaksanakan sesuai dengan lokasi kegiatan usaha.,Pasal 12 ayat (1),"persyaratan, dasar, meliputi, kkpr, penerbitan",
PP_28_2025,PP Nomor 28 Tahun 2025,PP,2025,28,BAB II,Persyaratan Dasar,Bagian Kesatu,,12,3,,,Ketentuan,Pelaksanaan penerbitan persyaratan dasar sebagaimana dimaksud pada ayat (21dilakukan oleh: a. Lembaga OSS; b. Lembaga OSS atas nama menteri/kepala lembaga; c. kepala DPMPTSP provinsi atas nama gubernur; dan,Pasal 12 ayat (3),"lembaga, nama, kepala, pelaksanaan, penerbitan","Lembaga OSS, Gubernur, Menteri"
PP_28_2025,PP Nomor 28 Tahun 2025,PP,2025,28,BAB II,Persyaratan Dasar,Bagian Kesatu,,12,3,d,,Ketentuan,"kepala DPMPTSP kabupaten/kota atas nama bupati/wali kota, sesuai dengan kewenangan masing-masing.",Pasal 12 ayat (3) huruf d,"kota, masing, kepala, dpmptsp, kabupaten","Wali Kota, Bupati"
PP_28_2025,PP Nomor 28 Tahun 2025,PP,2025,28,BAB II,Persyaratan Dasar,Bagian Kesatu,,12,4,,,Ketentuan,"Dikecualikan dari ketentuan sebagaimana dimaksud pada ayat (3) huruf b, huruf c, dan huruf d untuk penerbitan persyaratan dasar:",Pasal 12 ayat (4),"dikecualikan, penerbitan, persyaratan, dasar",
PP_28_2025,PP Nomor 28 Tahun 2025,PP,2025,28,BAB II,Persyaratan Dasar,Bagian Kesatu,,12,4,a,,Ketentuan,"dalam hal kegiatan usaha dilakukan pada wilayah KEK, kewenangan penerbitan persyaratan dasar dilakukan oleh Administrator KEK sesuai dengan ketentuan peraturan perundang-undangan di bidang kawasan ekonomi khusus; atau",Pasal 12 ayat (4) huruf a,"kegiatan, usaha, wilayah, kewenangan, penerbitan",
PP_28_2025,PP Nomor 28 Tahun 2025,PP,2025,28,BAB II,Persyaratan Dasar,Bagian Kesatu,,12,4,b,,Ketentuan,"dalam hal kegiatan usaha dilakukan pada wilayah KPBPB, kewenangan penerbitan persyaratan dasar dilakukan oleh kepala Badan Pengusahaan KPBPB sesuai dengan ketentuan peraturan perundang- undangan di bidang kawasan perdagangan bebas dan pelabuhan bebas. -t4-",Pasal 12 ayat (4) huruf b,"kpbpb, bebas, kegiatan, usaha, wilayah",Badan
PP_28_2025,PP Nomor 28 Tahun 2025,PP,2025,28,BAB II,Persyaratan Dasar,Bagian Kesatu,,12,5,,,Ketentuan,"Penerbitan persyaratan dasar untuk proyek strategis nasional dilakukan sesuai dengan ketentuan peraturan perundang-undangan di bidang proyek strategis nasional, penyelenggaraan penataan ruang, kelautan, wilayah pesisir dan pulau-pulau kecil, Bangunan Gedung, serta pengelolaan dan perlindungan lingkungan hidup.",Pasal 12 ayat (5),"proyek, strategis, nasional, pulau, penerbitan",
PP_28_2025,PP Nomor 28 Tahun 2025,PP,2025,28,BAB II,Persyaratan Dasar,Bagian Kesatu,,13,,,,Ketentuan,"Dalam hal kegiatan usaha dilakukan pada suatu Bangunan Gedung atau komplek perdagangan/jasa yang dipakai bersama dan pengelolanya telah memiliki KKPR, PL, PBG, dan/atau SLF, Pelaku Usaha perdagangan/jasa tidak perlu memenuhi persyaratan dasar dan dapat langsung melanjutkan ke tahap permohonan PB dan/atau PB UMKU melalui Sistem OSS.",Pasal 13,"usaha, perdagangan, jasa, kegiatan, suatu",Pelaku Usaha
PP_28_2025,PP Nomor 28 Tahun 2025,PP,2025,28,BAB II,Persyaratan Dasar,Bagian Kesatu,,14,,,,Ketentuan,Sistem OSS melaksanakan pemeriksaan lokasi usaha yang diajukan oleh Pelaku Usaha terdiri atas: a. darat; dan/atau b. laut.,Pasal 14,"usaha, sistem, melaksanakan, pemeriksaan, lokasi",Pelaku Usaha
PP_28_2025,PP Nomor 28 Tahun 2025,PP,2025,28,BAB II,Persyaratan Dasar,Bagian Kedua,,15,1,,,Ketentuan,Pelaksanaan pemeriksaan lokasi usaha di darat sebagaimana dimaksud dalam Pasal 14 huruf a dilakukan melalui KKPR. (21 KKPR sebagaimana dimaksud pada ayat (1) meliputi: a. konfirmasi KKPR; atau b. persetujuan KKPR.,Pasal 15 ayat (1),"kkpr, pelaksanaan, pemeriksaan, lokasi, usaha",
PP_28_2025,PP Nomor 28 Tahun 2025,PP,2025,28,BAB II,Persyaratan Dasar,Bagian Kedua,,16,,,,Ketentuan,KKPR untuk kegiatan usaha yang bersifat strategis nasional dilakukan sesuai dengan ketentuan peraturan perundang- undangan di bidang tata ruang. Pasal,Pasal 16,"kkpr, kegiatan, usaha, bersifat, strategis",
PP_28_2025,PP Nomor 28 Tahun 2025,PP,2025,28,BAB II,Persyaratan Dasar,Bagian Kedua,,17,1,,,Ketentuan,Konfirmasi KKPR sebagaimana dimaksud dalam Pasal 15 ayat (21 huruf a diberikan berdasarkan kesesuaian rencana lokasi kegiatan pemanfaatan ruang dengan RDTR yang telah terintegrasi dengan Sistem OSS. (21 Persetujuan terhadap permohonan konfirmasi KKPR sebagaimana dimaksud pada ayat (1) diterbitkan secara otomatis oleh kepala Lembaga OSS melalui Sistem OSS.,Pasal 17 ayat (1),"konfirmasi, kkpr, sistem, diberikan, kesesuaian",Lembaga OSS
PP_28_2025,PP Nomor 28 Tahun 2025,PP,2025,28,BAB II,Persyaratan Dasar,Bagian Kedua,,17,3,,,Ketentuan,Penolakan terhadap permohonan konfirmasi KKPR sebagaimana dimaksud pada ayat (1) dilakukan secara otomatis.,Pasal 17 ayat (3),"penolakan, permohonan, konfirmasi, kkpr, otomatis",
PP_28_2025,PP Nomor 28 Tahun 2025,PP,2025,28,BAB II,Persyaratan Dasar,Bagian Kedua,,18,1,,,Ketentuan,Persetujuan KKPR sebagaimana dimaksud dalam Pasal 15 ayat (2) huruf b diberikan dalam hal RDTR belum tersedia. (21 Persetujuan KKPR sebagaimana dimaksud pada ayat (1) dilakukan dengan tahapan: a. pendaftaran; b. pemeriksaan dokumen usulan kegiatan pemanfaatan ruang;,Pasal 18 ayat (1),"persetujuan, kkpr, diberikan, rdtr, belum",
PP_28_2025,PP Nomor 28 Tahun 2025,PP,2025,28,BAB II,Persyaratan Dasar,Bagian Kedua,,18,1,c,,Ketentuan,penilaian dokumen usulan kegiatan pemanfaatan ruang; dan d. penerbitan persetujuan KKPR.,Pasal 18 ayat (1) huruf c,"penilaian, dokumen, usulan, kegiatan, pemanfaatan",
PP_28_2025,PP Nomor 28 Tahun 2025,PP,2025,28,BAB II,Persyaratan Dasar,Bagian Kedua,,19,1,,,Ketentuan,Pendaftaran sebagaimana dimaksud dalam Pasal 18 ayat (21 huruf a diajukan oleh Pelaku Usaha dengan melengkapi dokumen usulan kegiatan pemanfaatan ruang yang terdiri atas: a. koordinat lokasi; b. kebutuhan luas lahan kegiatan pemanfaatan ruang; c. informasi penguasaan tanah;,Pasal 19 ayat (1),"kegiatan, pemanfaatan, ruang, pendaftaran, diajukan",Pelaku Usaha
PP_28_2025,PP Nomor 28 Tahun 2025,PP,2025,28,BAB II,Persyaratan Dasar,Bagian Kedua,,19,1,d,,Ketentuan,informasi jenis kegiatan;,Pasal 19 ayat (1) huruf d,"informasi, jenis, kegiatan",
PP_28_2025,PP Nomor 28 Tahun 2025,PP,2025,28,BAB II,Persyaratan Dasar,Bagian Kedua,,19,1,e,,Ketentuan,rencana jumlah lantai bangunan; f. rencana luas lantai bangunan; dan,Pasal 19 ayat (1) huruf e,"rencana, lantai, bangunan, jumlah, luas",
PP_28_2025,PP Nomor 28 Tahun 2025,PP,2025,28,BAB II,Persyaratan Dasar,Bagian Kedua,,19,1,g,,Ketentuan,rencana teknis bangunan danlatau rencana induk kawasan.,Pasal 19 ayat (1) huruf g,"rencana, teknis, bangunan, danlatau, induk",
PP_28_2025,PP Nomor 28 Tahun 2025,PP,2025,28,BAB II,Persyaratan Dasar,Bagian Kedua,,19,2,,,Ketentuan,"Setelah -t6- (21 Setelah dokumen usulan kegiatan pemanfaatan ruang sebagaimana dimaksud pada ayat (1) diterima lengkap, Sistem OSS menerbitkan surat perintah setor PNBP pertama sesuai dengan ketentuan peraturan perundang- undangan di bidang penerimaan negara bukan pajak.",Pasal 19 ayat (2),"setelah, dokumen, usulan, kegiatan, pemanfaatan",
PP_28_2025,PP Nomor 28 Tahun 2025,PP,2025,28,BAB II,Persyaratan Dasar,Bagian Kedua,,19,3,,,Ketentuan,Pelaku Usaha melakukan pembayaran PNBP dalam jangka waktu paling lama 7 (tujuh) hari kalender sejak diterbitkan surat perintah setor PNBP pertama sebagaimana dimaksud pada ayat (2). (41 Apabila jangka waktu sebagaimana dimaksud pada ayat,Pasal 19 ayat (3),"pnbp, jangka, waktu, pelaku, usaha",Pelaku Usaha
PP_28_2025,PP Nomor 28 Tahun 2025,PP,2025,28,BAB II,Persyaratan Dasar,Bagian Kedua,,19,3,,,Ketentuan,terlampaui:,Pasal 19 ayat (3),terlampaui,
PP_28_2025,PP Nomor 28 Tahun 2025,PP,2025,28,BAB II,Persyaratan Dasar,Bagian Kedua,,19,3,a,,Ketentuan,surat perintah setor PNBP pertama sebagaimana dimaksud pada ayat (21menjadi tidak berlaku; dan,Pasal 19 ayat (3) huruf a,"surat, perintah, setor, pnbp, pertama",
PP_28_2025,PP Nomor 28 Tahun 2025,PP,2025,28,BAB II,Persyaratan Dasar,Bagian Kedua,,19,3,b,,Ketentuan,Sistem OSS menerbitkan surat perintah setor PNBP kedua.,Pasal 19 ayat (3) huruf b,"sistem, menerbitkan, surat, perintah, setor",
PP_28_2025,PP Nomor 28 Tahun 2025,PP,2025,28,BAB II,Persyaratan Dasar,Bagian Kedua,,19,5,,,Ketentuan,Pelaku Usaha melakukan pembayaran PNBP dalam jangka waktu paling lama 7 (tujuh) hari kalender sejak diterbitkan surat perintah setor PNBP kedua sebagaimana dimaksud pada ayat (41huruf b.,Pasal 19 ayat (5),"pnbp, pelaku, usaha, melakukan, pembayaran",Pelaku Usaha
PP_28_2025,PP Nomor 28 Tahun 2025,PP,2025,28,BAB II,Persyaratan Dasar,Bagian Kedua,,19,6,,,Ketentuan,Apabila jangka waktu sebagaimana dimaksud pada ayat,Pasal 19 ayat (6),"jangka, waktu",
PP_28_2025,PP Nomor 28 Tahun 2025,PP,2025,28,BAB II,Persyaratan Dasar,Bagian Kedua,,19,5,,,Ketentuan,"terlampaui, surat perintah setor PNBP kedua menjadi tidak berlaku dan permohonan persetujuan KKPR dianggap ditarik kembali.",Pasal 19 ayat (5),"terlampaui, surat, perintah, setor, pnbp",
PP_28_2025,PP Nomor 28 Tahun 2025,PP,2025,28,BAB II,Persyaratan Dasar,Bagian Kedua,,19,7,,,Ketentuan,"Dalam hal permohonan persetujuan KKPR dianggap ditarik kembali sebagaimana dimaksud pada ayat (6), Pelaku Usaha dapat mengajukan kembali permohonan pendaftaran sebagaimana dimaksud pada ayat (1).",Pasal 19 ayat (7),"permohonan, kembali, persetujuan, kkpr, dianggap",Pelaku Usaha
PP_28_2025,PP Nomor 28 Tahun 2025,PP,2025,28,BAB II,Persyaratan Dasar,Bagian Kedua,,2O,1,,,Ketentuan,Pemeriksaan dokumen usulan kegiatan pemanfaatan rLrang sebagaimana dimaksud dalam Pasal 18 ayat (2) huruf b dilakukan untuk memeriksa kebenaran dokumen usulan kegiatan pemanfaatan ruang. (21 Pemeriksaan sebagaimana dimaksud pada ayat (1) dilakukan paling lama 5 (lima) Hari sejak pembayaran PNBP terpenuhi.,Pasal 2O ayat (1),"pemeriksaan, dokumen, usulan, kegiatan, pemanfaatan",
PP_28_2025,PP Nomor 28 Tahun 2025,PP,2025,28,BAB II,Persyaratan Dasar,Bagian Kedua,,2O,3,,,Ketentuan,Jika . .,Pasal 2O ayat (3),,
PP_28_2025,PP Nomor 28 Tahun 2025,PP,2025,28,BAB II,Persyaratan Dasar,Bagian Kedua,,2O,3,,,Ketentuan,"Jika berdasarkan hasil pemeriksaan sebagaimana dimaksud pada ayat (1) dokumen usulan kegiatan pemanfaatan ruang dinyatakan benar, permohonan dilanjutkan ke tahapan penilaian dokumen usulan kegiatan pemanfaatan ruang sebagaimana dimaksud dalam Pasal 18 ayat (2) huruf c. Pasal 2 1",Pasal 2O ayat (3),"dokumen, usulan, kegiatan, pemanfaatan, ruang",
PP_28_2025,PP Nomor 28 Tahun 2025,PP,2025,28,BAB II,Persyaratan Dasar,Bagian Kedua,,2O,1,,,Ketentuan,Penilaian dokumen usulan kegiatan pemanfaatan ruang sebagaimana dimaksud dalam Pasal 18 ayat (2) huruf c dilakukan melalui kajian atas dokumen usulan kegiatan pemanfaatan ruang dengan menggunakan asas berjenjang dan komplementer berdasarkan: a. RTR wilayah kabupaten/kota; b. RTR wilayah provinsi; c. RTR kawasan strategis nasional;,Pasal 2O ayat (1),"dokumen, usulan, kegiatan, pemanfaatan, ruang",
PP_28_2025,PP Nomor 28 Tahun 2025,PP,2025,28,BAB II,Persyaratan Dasar,Bagian Kedua,,2O,1,d,,Ketentuan,RTR pulau/kepulauan; dan/atau e. RTR wilayah nasional. (21 Penilaian dokumen sebagaimana dimaksud pada ayat (1) termasuk pertimbangan teknis pertanahan.,Pasal 2O ayat (1) huruf d,"pulau, kepulauan, wilayah, nasional, penilaian",
PP_28_2025,PP Nomor 28 Tahun 2025,PP,2025,28,BAB II,Persyaratan Dasar,Bagian Kedua,,2O,3,,,Ketentuan,Penilaian dokumen usulan kegiatan pemanfaatan ruang sebagaimana dimaksud pada ayat (1) dan ayat (2) dilakukan paling lama 20 (dua puluh) Hari sejak dokumen usulan kegiatan pemanfaatan ruang dinyatakan benar.,Pasal 2O ayat (3),"dokumen, usulan, kegiatan, pemanfaatan, ruang",
PP_28_2025,PP Nomor 28 Tahun 2025,PP,2025,28,BAB II,Persyaratan Dasar,Bagian Kedua,,22,1,,,Ketentuan,"Jika hasil penilaian serta dokumen usulan kegiatan pemanfaatan ruang sesuai dengan ketentuan Pasal 21 ayat (1) dan ayat (21, persetujuan KKPR diterbitkan dan diberitahukan kepada Pelaku Usaha melalui Sistem OSS.",Pasal 22 ayat (1),"hasil, penilaian, dokumen, usulan, kegiatan",Pelaku Usaha
PP_28_2025,PP Nomor 28 Tahun 2025,PP,2025,28,BAB II,Persyaratan Dasar,Bagian Kedua,,22,2,,,Ketentuan,"Jika hasil penilaian dokumen usulan kegiatan pemanfaatan ruang tidak sesuai dengan ketentuan Pasal 2l ayat (1) dan ayat (21, permohonan persetujuan KKPR ditolak disertai dengan alasan penolakan dan diberitahukan kepada Pelaku Usaha melalui Sistem OSS.",Pasal 22 ayat (2),"hasil, penilaian, dokumen, usulan, kegiatan",Pelaku Usaha
PP_28_2025,PP Nomor 28 Tahun 2025,PP,2025,28,BAB II,Persyaratan Dasar,Bagian Kedua,,22,3,,,Ketentuan,Apabila . .,Pasal 22 ayat (3),,
PP_28_2025,PP Nomor 28 Tahun 2025,PP,2025,28,BAB II,Persyaratan Dasar,Bagian Kedua,,22,3,,,Ketentuan,"Apabila pertimbangan teknis pertanahan sebagaimana dimaksud dalam Pasal 2l ayat (2) tidak tercakup dalam hasil penilaian dalam jangka waktu sebagaimana dimaksud dalam Pasal 27 ayat (3), persetujuan KKPR diterbitkan tanpa pertimbangan teknis pertanahan.",Pasal 22 ayat (3),"pertimbangan, teknis, pertanahan, tercakup, hasil",
PP_28_2025,PP Nomor 28 Tahun 2025,PP,2025,28,BAB II,Persyaratan Dasar,Bagian Kedua,,23,1,,,Ketentuan,"Apabila berdasarkan hasil pemeriksaan sebagaimana dimaksud dalam Pasal 18 ayat (21 huruf b dokumen usulan kegiatan pemanfaatan ruang dinyatakan tidak benar, dokumen usulan kegiatan pemanfaatan rllang dikembalikan kepada Pelaku Usaha disertai dengan catatan perbaikan dan diberitahukan melalui Sistem OSS.",Pasal 23 ayat (1),"dokumen, usulan, kegiatan, pemanfaatan, hasil",Pelaku Usaha
PP_28_2025,PP Nomor 28 Tahun 2025,PP,2025,28,BAB II,Persyaratan Dasar,Bagian Kedua,,23,2,,,Ketentuan,Pelaku Usaha menyampaikan perbaikan dokumen usulan paling lama 5 (lima) Hari sejak pengembalian dokumen sebagaimana dimaksud pada ayat (1) melalui Sistem OSS.,Pasal 23 ayat (2),"dokumen, pelaku, usaha, menyampaikan, perbaikan",Pelaku Usaha
PP_28_2025,PP Nomor 28 Tahun 2025,PP,2025,28,BAB II,Persyaratan Dasar,Bagian Kedua,,23,3,,,Ketentuan,"Berdasarkan penyampaian perbaikan dokumen usulan sebagaimana dimaksud pada ayat (21, dilakukan pemeriksaan ulang atas dokumen usulan kegiatan pemanfaatan ruang paling lama 3 (tiga) Hari sejak perbaikan dokumen usulan diterima. (41 Jika berdasarkan hasil pemeriksaan ulang sebagaimana dimaksud pada ayat (3) dokumen usulan kegiatan pemanfaatan rLlang dinyatakan tidak benar, dokumen usulan kegiatan pemanfaatan ruang dikembalikan kepada Pelaku Usaha disertai dengan catatan perbaikan dan diberitahukan melalui Sistem OSS.",Pasal 23 ayat (3),"dokumen, usulan, perbaikan, kegiatan, pemanfaatan",Pelaku Usaha
PP_28_2025,PP Nomor 28 Tahun 2025,PP,2025,28,BAB II,Persyaratan Dasar,Bagian Kedua,,23,5,,,Ketentuan,Pelaku Usaha menyampaikan perbaikan kedua dokumen usulan paling lama 5 (lima) Hari sejak pengembalian dokumen sebagaimana dimaksud pada ayat (41 melalui Sistem OSS.,Pasal 23 ayat (5),"dokumen, pelaku, usaha, menyampaikan, perbaikan",Pelaku Usaha
PP_28_2025,PP Nomor 28 Tahun 2025,PP,2025,28,BAB II,Persyaratan Dasar,Bagian Kedua,,23,6,,,Ketentuan,"Berdasarkan penyampaian perbaikan kedua dokumen usulan sebagaimana dimaksud pada ayat (5), dilakukan pemeriksaan ulang kedua atas dokumen usulan kegiatan pemanfaatan ruang paling lama 2 (dua) Hari sejak perbaikan dokumen usulan diterima. (71 Apabila Pelaku Usaha tidak menyampaikan perbaikan dalam jangka waktu yang ditentukan sebagaimana dimaksud pada ayat (21 atau ayat (5) atau berdasarkan hasil pemeriksaan dokumen usulan kegiatan pemanfaatan rLlang sebagaimana dimaksud pada ayat (6) dokumen usulan dinyatakan tidak benar, permohonan persetujuan KKPR ditolak disertai dengan alasan penolakan dan diberitahukan kepada Pelaku Usaha melalui Sistem OSS.",Pasal 23 ayat (6),"dokumen, usulan, perbaikan, kedua, pemeriksaan",Pelaku Usaha
PP_28_2025,PP Nomor 28 Tahun 2025,PP,2025,28,BAB II,Persyaratan Dasar,Bagian Kedua,,23,8,,,Ketentuan,"Berdasarkan hasil pemeriksaan sebagaimana dimaksud pada ayat (3) atau ayat (6) dokumen usulan kegiatan pemanfaatan ruang dinyatakan benar, permohonan dilanjutkan ke tahapan penilaian dokumen usulan kegiatan pemanfaatan ruang. Pasal24 Ketentuan mengenai:",Pasal 23 ayat (8),"dokumen, usulan, kegiatan, pemanfaatan, ruang",
PP_28_2025,PP Nomor 28 Tahun 2025,PP,2025,28,BAB II,Persyaratan Dasar,Bagian Kedua,,23,8,a,,Ketentuan,penilaian dokumen sebagaimana dimaksud dalam Pasal 2l; dan,Pasal 23 ayat (8) huruf a,"penilaian, dokumen",
PP_28_2025,PP Nomor 28 Tahun 2025,PP,2025,28,BAB II,Persyaratan Dasar,Bagian Kedua,,23,8,b,,Ketentuan,"penerbitan persetujuan KKPR sebagaimana dimaksud dalam Pasal22, berlaku secara mutatis mutandis terhadap penilaian dokumen dan penerbitan persetujuan KKPR hasil perbaikan dokumen usulan kegiatan pemanfaatan ruang.",Pasal 23 ayat (8) huruf b,"penerbitan, persetujuan, kkpr, dokumen, berlaku",
PP_28_2025,PP Nomor 28 Tahun 2025,PP,2025,28,BAB II,Persyaratan Dasar,Bagian Kedua,,25,1,,,Ketentuan,"Dalam hal kegiatan usaha yang seluruh lokasi usahanya berada di dalam delineasi RDTR yang belum terintegrasi dengan sistem OSS, penerbitan persetujuan KKPR dilakukan melalui kajian berdasarkan RTR sebagaimana dimaksud dalam Pasal 2l ayat (l). (21 Penilaian dokumen untuk persetujuan KKPR sebagaimana dimaksud pada ayat (1) dilakukan dengan mempertimbangkan RDTR.",Pasal 25 ayat (1),"rdtr, persetujuan, kkpr, kegiatan, usaha",
PP_28_2025,PP Nomor 28 Tahun 2025,PP,2025,28,BAB II,Persyaratan Dasar,Bagian Kedua,,25,3,,,Ketentuan,Penerbitan persetujuan KKPR sebagaimana dimaksud pada ayat (1) dilakukan tanpa melalui pertimbangan teknis pertanahan. (41 Persetujuan KKPR sebagaimana dimaksud pada ayat (1) dilakukan dengan tahapan sebagai berikut: a. pendaftaran; b. pemeriksaan dokumen usulan kegiatan pemanfaatan ruang;,Pasal 25 ayat (3),"persetujuan, kkpr, penerbitan, tanpa, melalui",
PP_28_2025,PP Nomor 28 Tahun 2025,PP,2025,28,BAB II,Persyaratan Dasar,Bagian Kedua,,25,3,c,,Ketentuan,penilaian dokumen usulan kegiatan pemanfaatan ruang; dan d. penerbitan persetujuan KKPR.,Pasal 25 ayat (3) huruf c,"penilaian, dokumen, usulan, kegiatan, pemanfaatan",
PP_28_2025,PP Nomor 28 Tahun 2025,PP,2025,28,BAB II,Persyaratan Dasar,Bagian Kedua,,25,5,,,Ketentuan,Ketentuanmengenai:,Pasal 25 ayat (5),ketentuanmengenai,
PP_28_2025,PP Nomor 28 Tahun 2025,PP,2025,28,BAB II,Persyaratan Dasar,Bagian Kedua,,25,5,a,,Ketentuan,pendaftaran persetujuan KKPR sebagaimana dimaksud dalam Pasal 19; dan,Pasal 25 ayat (5) huruf a,"pendaftaran, persetujuan, kkpr",
PP_28_2025,PP Nomor 28 Tahun 2025,PP,2025,28,BAB II,Persyaratan Dasar,Bagian Kedua,,25,5,b,,Ketentuan,"pemeriksaan. . . b. pemeriksaan dokumen usulan kegiatan pemanfaatan ruang sebagaimana dimaksud dalam Pasal 20 dan Pasal 23, berlaku secara mutatis mutandis terhadap pendaftaran sebagaimana dimaksud pada ayat (41 huruf a dan pemeriksaan dokumen usulan kegiatan pemanfaatan ruang sebagaimana dimaksud pada ayat (4) huruf b.",Pasal 25 ayat (5) huruf b,"pemeriksaan, dokumen, usulan, kegiatan, pemanfaatan",
PP_28_2025,PP Nomor 28 Tahun 2025,PP,2025,28,BAB II,Persyaratan Dasar,Bagian Kedua,,25,6,,,Ketentuan,"Penilaian dokumen usulan kegiatan pemanfaatan ruang sebagaimana dimaksud pada ayat (41 huruf c dilakukan paling lama 20 (dua puluh) Hari. (71 Jika berdasarkan hasil penilaian sebagaimana dimaksud pada ayat (6) dokumen usulan kegiatan pemanfaatan ruang telah sesuai dengan RTR sebagaimana dimaksud pada ayat (1), persetujuan KKPR diterbitkan dan diberitahukan kepada Pelaku Usaha melalui Sistem OSS.",Pasal 25 ayat (6),"penilaian, dokumen, usulan, kegiatan, pemanfaatan",Pelaku Usaha
PP_28_2025,PP Nomor 28 Tahun 2025,PP,2025,28,BAB II,Persyaratan Dasar,Bagian Kedua,,25,8,,,Ketentuan,"Jika berdasarkan hasil penilaian sebagaimana dimaksud pada ayat (6) dokumen usulan kegiatan pemanfaatan ruang tidak sesuai dengan RTR sebagaimana dimaksud pada ayat (1), persetujuan KKPR dinyatakan ditolak disertai dengan alasan penolakan dan diberitahukan kepada Pelaku Usaha melalui Sistem OSS.",Pasal 25 ayat (8),"hasil, penilaian, dokumen, usulan, kegiatan",Pelaku Usaha
PP_28_2025,PP Nomor 28 Tahun 2025,PP,2025,28,BAB II,Persyaratan Dasar,Bagian Kedua,,26,,,,Ketentuan,"Menteri/kepala badan yang menyelenggarakan urusan pemerintahan di bidang agraria dan tata ruang serta tugas pemerintahan di bidang pertanahan, gubernur, dan bupati/wali kota sesuai dengan kewenangan masing-masing melakukan pemeriksaan dokumen usulan kegiatan pemanfaatan ruang sebagaimana dimaksud dalam Pasal 20 dan Pasal23 ayat (3) atau ayat (6) serta Pasal 25 ayat (5) huruf b, penilaian dokumen usulan kegiatan pemanfaatan ruang 2l sebagaimana dimaksud dalam Pasal dan Pasal 24 !;ruruf a serta Pasal 25 ayat (6), dan pertimbangan teknis pertanahan 2l sebagaimana dimaksud dalam Pasal ayat (21.",Pasal 26,"ruang, pemerintahan, bidang, pertanahan, masing","Wali Kota, Gubernur, Menteri, Bupati, Badan"
PP_28_2025,PP Nomor 28 Tahun 2025,PP,2025,28,BAB II,Persyaratan Dasar,Bagian Kedua,,27,1,,,Ketentuan,Persetujuan KKPR sebagaimana dimaksud dalam Pasal 15 ayat (21 huruf b dapat diterbitkan tanpa dilakukan penilaian dokumen usulan kegiatan pemanfaatan ruang untuk kondisi tertentu. (21 Kondisi tertentu sebagaimana dimaksud pada ayat (1) meliputi: -2t- a. lokasi usaha dan/atau kegiatan terletak di lokasi KEK atau kawasan industri yang poligon koordinat lokasinya telah terdaftar dalam Sistem OSS dan terdapat bukti bahwa Pelaku Usaha dapat melakukan kegiatan usaha di KEK atau kawasan industri;,Pasal 27 ayat (1),"kegiatan, usaha, kondisi, tertentu, lokasi",Pelaku Usaha
PP_28_2025,PP Nomor 28 Tahun 2025,PP,2025,28,BAB II,Persyaratan Dasar,Bagian Kedua,,27,1,b,,Ketentuan,lokasi usaha dan/atau kegiatan terletak di kawasan yang dikelola oleh otorita atau badan penyelenggara pengembangan suatu kawasan yang poligon koordinat lokasinya telah terdaftar dalam Sistem OSS dan terdapat bukti bahwa Pelaku Usaha dapat melakukan kegiatan usaha di kawasan tersebut;,Pasal 27 ayat (1) huruf b,"usaha, kawasan, kegiatan, lokasi, terletak","Pelaku Usaha, Badan"
PP_28_2025,PP Nomor 28 Tahun 2025,PP,2025,28,BAB II,Persyaratan Dasar,Bagian Kedua,,27,1,c,,Ketentuan,"lokasi usaha dan/atau kegiatan berada pada tanah yang sudah dikuasai oleh Pelaku Usaha lain yang telah mendapatkan KKPR dan dialihkan kepada Pelaku Usaha yang baru dengan KBLI dan jenis kegiatan usaha yang sama, serta luasan yang sama;",Pasal 27 ayat (1) huruf c,"usaha, kegiatan, pelaku, sama, lokasi",Pelaku Usaha
PP_28_2025,PP Nomor 28 Tahun 2025,PP,2025,28,BAB II,Persyaratan Dasar,Bagian Kedua,,27,1,d,,Ketentuan,"lokasi usaha dan/atau kegiatan berada pada tanah yang sudah dikuasai seluruhnya oleh Pelaku Usaha lain yang telah mendapatkan KKPR dan disewakan atau pinjam pakai kepada Pelaku Usaha dengan KBLI dan jenis kegiatan usaha yang sama, serta luasan yang sama;",Pasal 27 ayat (1) huruf d,"usaha, kegiatan, pelaku, sama, lokasi",Pelaku Usaha
PP_28_2025,PP Nomor 28 Tahun 2025,PP,2025,28,BAB II,Persyaratan Dasar,Bagian Kedua,,27,1,e,,Ketentuan,lokasi usaha dan/atau kegiatan terkait hulu minyak dan gas bumi yang sudah ditetapkan oleh pemerintah;,Pasal 27 ayat (1) huruf e,"lokasi, usaha, kegiatan, terkait, hulu",Pemerintah
PP_28_2025,PP Nomor 28 Tahun 2025,PP,2025,28,BAB II,Persyaratan Dasar,Bagian Kedua,,27,1,f,,Ketentuan,"lokasi usaha dan/atau kegiatan diperlukan untuk perluasan usaha yang sudah berjalan dan terintegrasi, dengan luasan yang lebih kecil dari luasan eksisting, letak tanahnya berbatasan dengan lokasi usaha eksisting, dan pada pola ruang yang sama; dan/atau",Pasal 27 ayat (1) huruf f,"usaha, lokasi, luasan, eksisting, kegiatan",
PP_28_2025,PP Nomor 28 Tahun 2025,PP,2025,28,BAB II,Persyaratan Dasar,Bagian Kedua,,27,1,g,,Ketentuan,lokasi usaha dan/atau kegiatan diperlukan untuk pembangunan rumah bagi masyarakat berpenghasilan rendah dengan luasan tidak lebih dari 5 (lima) hektare dan sesuai dengan RTR.,Pasal 27 ayat (1) huruf g,"lokasi, usaha, kegiatan, diperlukan, pembangunan",Masyarakat
PP_28_2025,PP Nomor 28 Tahun 2025,PP,2025,28,BAB II,Persyaratan Dasar,Bagian Kedua,,27,3,,,Ketentuan,Persetujuan KKPR untuk kondisi tertentu sebagaimana dimaksud pada ayat(2) dilakukan dengan tahapan sebagai berikut: a. pendaftaran; b. pemeriksaan dokumen usulan kegiatan pemanfaatan ruang; dan c. penerbitan persetujuan KKPR. (41 Sistem OSS mengalirkan permohonan persetujuan KKPR untuk kondisi tertentu sebagaimana dimaksud pada ayat,Pasal 27 ayat (3),"persetujuan, kkpr, kondisi, tertentu, tahapan",
PP_28_2025,PP Nomor 28 Tahun 2025,PP,2025,28,BAB II,Persyaratan Dasar,Bagian Kedua,,27,1,,,Ketentuan,"kepada menteri/kepala badan yang menyelenggarakan urusan pemerintahan di bidang agraria dan tata rllang serta tugas pemerintahan di bidang pertanahan, gubernur, bupati, atau wali kota sesuai dengan kewenangan masing-masing.",Pasal 27 ayat (1),"pemerintahan, bidang, masing, kepada, menteri","Wali Kota, Gubernur, Menteri, Bupati, Badan"
PP_28_2025,PP Nomor 28 Tahun 2025,PP,2025,28,BAB II,Persyaratan Dasar,Bagian Kedua,,28,1,,,Ketentuan,Ketentuan pendaftaran persetujuan KKPR sebagaimana dimaksud dalam Pasal 19 ayat (1) berlaku secara mutatis mutandis terhadap pendaftaran sebagaimana dimaksud dalam Pasal 27 ayat (3) huruf a.,Pasal 28 ayat (1),"pendaftaran, persetujuan, kkpr, berlaku, mutatis",
PP_28_2025,PP Nomor 28 Tahun 2025,PP,2025,28,BAB II,Persyaratan Dasar,Bagian Kedua,,28,2,,,Ketentuan,Selain dokumen pendaftaran sebagaimana dimaksud dalam Pasal 19 ayat (1) diperlukan juga kelengkapan dokumen usulan kegiatan pemanfaatan ruang lainnya untuk kondisi tertentu sebagaimana dimaksud dalam Pasal 27 ayat (21.,Pasal 28 ayat (2),"dokumen, selain, pendaftaran, diperlukan, kelengkapan",
PP_28_2025,PP Nomor 28 Tahun 2025,PP,2025,28,BAB II,Persyaratan Dasar,Bagian Kedua,,29,1,,,Ketentuan,Pemeriksaan dokumen usulan kegiatan pemanfaatan ruang sebagaimana dimaksud dalam Pasal 27 ayat (31 huruf b dilakukan untuk memeriksa kebenaran dokumen usulan kegiatan pemanfaatan ruang. (21 Pemeriksaan dokumen usulan kegiatan pemanfaatan rllang sebagaimana dimaksud pada ayat (1) dilakukan paling lama 5 (lima) Hari sejak diterimanya pendaftaran sebagaimana dimaksud dalam Pasal 28 ayat (1).,Pasal 29 ayat (1),"dokumen, usulan, kegiatan, pemanfaatan, pemeriksaan",
PP_28_2025,PP Nomor 28 Tahun 2025,PP,2025,28,BAB II,Persyaratan Dasar,Bagian Kedua,,29,3,,,Ketentuan,"Berdasarkan hasil pemeriksaan sebagaimana dimaksud pada ayat (21 dokumen usulan kegiatan pemanfaatan ruang dinyatakan benar, permohonan dilanjutkan ke tahapan penerbitan persetujuan KKPR sebagaimana dimaksud dalam Pasal 27 ayat (3) huruf c. (41 Jika berdasarkan hasil pemeriksaan sebagaimana dimaksud pada ayat (1) dokumen usulan kegiatan pemanfaatan ruang dinyatakan tidak benar, permohonan persetujuan KKPR dinyatakan ditolak disertai dengan alasan penolakan dan diberitahukan kepada Pelaku Usaha melalui Sistem OSS.",Pasal 29 ayat (3),"dinyatakan, hasil, pemeriksaan, dokumen, usulan",Pelaku Usaha
PP_28_2025,PP Nomor 28 Tahun 2025,PP,2025,28,BAB II,Persyaratan Dasar,Bagian Kedua,,29,5,,,Ketentuan,Pemeriksaan sebagaimana dimaksud pada ayat,Pasal 29 ayat (5),pemeriksaan,
PP_28_2025,PP Nomor 28 Tahun 2025,PP,2025,28,BAB II,Persyaratan Dasar,Bagian Kedua,,29,1,,,Ketentuan,dilakukan oleh kepala Lembaga OSS. Pasal. . .,Pasal 29 ayat (1),"kepala, lembaga",Lembaga OSS
PP_28_2025,PP Nomor 28 Tahun 2025,PP,2025,28,BAB II,Persyaratan Dasar,Bagian Kedua,,30,1,,,Ketentuan,"Apabila lokasi usaha dan/atau kegiatan berada di kawasan sebagaimana dimaksud dalam Pasal 27 ayat (21 huruf a dan telah ditetapkan oleh Pemerintah Pusat dan Pemerintah Daerah sesuai dengan kewenangan masing- masing, pengelola kawasan menyampaikan rencana induk kawasan kepada kepala Lembaga OSS.",Pasal 30 ayat (1),"kawasan, masing, lokasi, usaha, kegiatan","Pemerintah Daerah, Pemerintah Pusat, Lembaga OSS"
PP_28_2025,PP Nomor 28 Tahun 2025,PP,2025,28,BAB II,Persyaratan Dasar,Bagian Kedua,,30,2,,,Ketentuan,Kepala Lembaga OSS memasukkan rencana induk kawasan sebagaimana dimaksud pada ayat (1) ke dalam Sistem OSS sebagai dasar penerbitan KKPR sebagaimana (ll. dimaksud dalam Pasal 27 ayat,Pasal 30 ayat (2),"kepala, lembaga, memasukkan, rencana, induk",Lembaga OSS
PP_28_2025,PP Nomor 28 Tahun 2025,PP,2025,28,BAB II,Persyaratan Dasar,Bagian Kedua,,31,,,,Ketentuan,Penerbitan persetujuan KKPR sebagaimana dimaksud dalam Pasal 27 ayat (3) huruf c dilakukan oleh kepala Lembaga OSS melalui Sistem OSS.,Pasal 31,"penerbitan, persetujuan, kkpr, kepala, lembaga",Lembaga OSS
PP_28_2025,PP Nomor 28 Tahun 2025,PP,2025,28,BAB II,Persyaratan Dasar,Bagian Kedua,,32,,,,Ketentuan,"Jika Pelaku Usaha merupakan usaha mikro dan Risiko usaha rendah, KKPR atas lokasi usaha diterbitkan melalui Sistem OSS berupa pernyataan mandiri dari Pelaku Usaha.",Pasal 32,"usaha, pelaku, mikro, risiko, rendah",Pelaku Usaha
PP_28_2025,PP Nomor 28 Tahun 2025,PP,2025,28,BAB II,Persyaratan Dasar,Bagian Kedua,,33,1,,,Ketentuan,"Dalam hal pernyataan mandiri dari Pelaku Usaha sebagaimana dimaksud dalam Pasal 32 telah diterbitkan, Sistem OSS mengalirkan data pernyataan mandiri kepada menteri/kepala badan yang menyelenggarakan urusan pemerintahan di bidang agraria dan tata ruang serta tugas pemerintahan di bidang pertanahan, gubernur, bupati, atau wali kota sesuai dengan lokasi penerbitan KKPR. (21 Menteri/kepala badan yang menyelenggarakan urusan pemerintahan di bidang agraria dan tata rLlang serta tugas pemerintahan di bidang pertanahan, gubernur, bupati, atau wali kota sesuai dengan kewenangan masing-masing melakukan penilaian kesesuaian pemanfaatan ruang dengan usaha dan/atau kegiatan sebagaimana termuat dalam pernyataan mandiri dengan RTR dalam jangka waktu paling lama 10 (sepuluh) Hari.",Pasal 33 ayat (1),"pemerintahan, bidang, pernyataan, mandiri, usaha","Pelaku Usaha, Wali Kota, Gubernur, Menteri, Bupati, Badan"
PP_28_2025,PP Nomor 28 Tahun 2025,PP,2025,28,BAB II,Persyaratan Dasar,Bagian Kedua,,33,3,,,Ketentuan,"Dalam hal berdasarkan hasil penilaian sebagaimana dimaksud pada ayat (21ditemukan ketidaksesuaian antara usaha dan/atau kegiatan dengan RTR, menteri/kepala badan yang menyelenggarakan urusan pemerintahan di bidang agraria dan tata ruang serta tugas pemerintahan di bidang pertanahan, gubernur, bupati, atau wali kota: a. menyampaikan surat keterangan ketidaksesuaian RTR melalui Sistem OSS; dan b. melakukan pembinaan kepada Pelaku Usaha.",Pasal 33 ayat (3),"ketidaksesuaian, usaha, pemerintahan, bidang, hasil","Pelaku Usaha, Wali Kota, Gubernur, Menteri, Bupati, Badan"
PP_28_2025,PP Nomor 28 Tahun 2025,PP,2025,28,BAB II,Persyaratan Dasar,Bagian Ketiga,,34,1,,,Ketentuan,"Apabila telah tersedia RDTR yang telah terintegrasi dengan Sistem OSS, ketentuan sebagaimana dimaksud dalam Pasal 17 berlaku secara mutatis mutandis untuk penerbitan konfirmasi KKPR di pulau-pulau kecil dengan luas di bawah 10O km2 (seratus kilometer persegi).",Pasal 34 ayat (1),"pulau, tersedia, rdtr, terintegrasi, sistem",
PP_28_2025,PP Nomor 28 Tahun 2025,PP,2025,28,BAB II,Persyaratan Dasar,Bagian Ketiga,,34,2,,,Ketentuan,"Apabila RTR selain RDTR telah tersedia dan telah memuat pengaturan zonasi terkait pemanfaatan ruang di pulau- pulau kecil dengan luas di bawah 1OO km2 (seratus kilometer persegi), ketentuan sebagaimana dimaksud dalam Pasal 18 sampai dengan Pasal 25 berlaku secara mutatis mutandis untuk penerbitan persetujuan KKPR di pulau-pulau kecil dengan luas di bawah 100 km2 (seratus kilometer persegi).",Pasal 34 ayat (2),"pulau, kecil, luas, bawah, seratus",
PP_28_2025,PP Nomor 28 Tahun 2025,PP,2025,28,BAB II,Persyaratan Dasar,Bagian Ketiga,,34,3,,,Kewajiban,RTR yang telah memuat pengaturan zonasi terkait pemanfaatan ruang sebagaimana dimaksud pada ayat (21 harus memenuhi standar teknis pemanfaatan ruang yang ditetapkan oleh menteri yang menyelenggarakan urusan pemerintahan di bidang kelautan dan perikanan.,Pasal 34 ayat (3),"pemanfaatan, ruang, memuat, pengaturan, zonasi",Menteri
PP_28_2025,PP Nomor 28 Tahun 2025,PP,2025,28,BAB II,Persyaratan Dasar,Bagian Ketiga,,34,4,,,Ketentuan,"Ketentuan sebagaimana dimaksud pada ayat (Ll, ayat (2), dan ayat (3) berlaku secara mutatis mutandis terhadap pemanfaatan ruang di pulau-pulau kecil dengan luas 0 (nol) sampai dengan 2.OO0 km2 (dua ribu kilometer persegi) oleh Penanaman Modal Asing dalam bentuk perseroan terbatas.",Pasal 34 ayat (4),"pulau, berlaku, mutatis, mutandis, pemanfaatan",
PP_28_2025,PP Nomor 28 Tahun 2025,PP,2025,28,BAB II,Persyaratan Dasar,Bagian Ketiga,,35,1,,,Ketentuan,Apabila:,Pasal 35 ayat (1),,
PP_28_2025,PP Nomor 28 Tahun 2025,PP,2025,28,BAB II,Persyaratan Dasar,Bagian Ketiga,,35,1,a,,Ketentuan,belum tersedia RDTR;,Pasal 35 ayat (1) huruf a,"belum, tersedia, rdtr",
PP_28_2025,PP Nomor 28 Tahun 2025,PP,2025,28,BAB II,Persyaratan Dasar,Bagian Ketiga,,35,1,b,,Ketentuan,telah tersedia RDTR namun belum terintegrasi dengan Sistem OSS;,Pasal 35 ayat (1) huruf b,"tersedia, rdtr, namun, belum, terintegrasi",
PP_28_2025,PP Nomor 28 Tahun 2025,PP,2025,28,BAB II,Persyaratan Dasar,Bagian Ketiga,,35,1,c,,Ketentuan,RTR belum memuat pengaturan zonasi terkait pemanfaatan ruang di pulau-pulau kecil dengan luas di bawah 100 km2 (seratus kilometer persegi); atau,Pasal 35 ayat (1) huruf c,"pulau, belum, memuat, pengaturan, zonasi",
PP_28_2025,PP Nomor 28 Tahun 2025,PP,2025,28,BAB II,Persyaratan Dasar,Bagian Ketiga,,35,1,d,,Kewajiban,"tidak termasuk dalam kondisi tertentu sebagaimana dimaksud dalam Pasal 27, penerbitan persetujuan KKPR di pulau-pulau kecil dengan luas di bawah 100 km2 (seratus kilometer persegi) wajib terlebih dahulu memperoleh rekomendasi pemanfaatan pulau-pulau kecil dengan luas di bawah 10O km2 (seratus kilometer persegi) dari menteri yang menyelenggarakan urusan pemerintahan di bidang kelautan dan perikanan. (21 Rekomendasi pemanfaatan pulau-pulau kecil dengan luas di bawah 100 km2 (seratus kilometer persegi) sebagaimana dimaksud pada ayat (1) diberikan berdasarkan penilaian secara administrasi dan teknis paling lama 14 (empat belas) Hari sejak dokumen usulan kegiatan pemanfaatan ruang sebagaimana dimaksud dalam Pasal 19 ayat (1) diterima secara lengkap.",Pasal 35 ayat (1) huruf d,"pulau, kecil, luas, bawah, seratus",Menteri
PP_28_2025,PP Nomor 28 Tahun 2025,PP,2025,28,BAB II,Persyaratan Dasar,Bagian Ketiga,,35,3,,,Ketentuan,Apabila berdasarkan penilaian administrasi dan teknis sebagaimana dimaksud pada ayat (2) permohonan yang diajukan oleh Pelaku Usaha tidak memenuhi persyaratan maka permohonan rekomendasi dinyatakan ditolak disertai dengan alasan penolakan.,Pasal 35 ayat (3),"permohonan, penilaian, administrasi, teknis, diajukan",Pelaku Usaha
PP_28_2025,PP Nomor 28 Tahun 2025,PP,2025,28,BAB II,Persyaratan Dasar,Bagian Ketiga,,35,4,,,Ketentuan,"Apabila permohonan rekomendasi dinyatakan ditolak sebagaimana dimaksud pada ayat (3), permohonan persetujuan KKPR di pulau-pulau kecil dengan luas di bawah 100 km2 (seratus kilometer persegi) dinyatakan ditolak disertai dengan alasan penolakan.",Pasal 35 ayat (4),"permohonan, dinyatakan, ditolak, pulau, rekomendasi",
PP_28_2025,PP Nomor 28 Tahun 2025,PP,2025,28,BAB II,Persyaratan Dasar,Bagian Ketiga,,35,5,,,Ketentuan,Apabila berdasarkan penilaian administrasi dan teknis sebagaimana dimaksud pada ayat (21 permohonan yang diajukan oleh Pelaku Usaha memenuhi persyaratan maka rekomendasi diterbitkan.,Pasal 35 ayat (5),"penilaian, administrasi, teknis, permohonan, diajukan",Pelaku Usaha
PP_28_2025,PP Nomor 28 Tahun 2025,PP,2025,28,BAB II,Persyaratan Dasar,Bagian Ketiga,,35,6,,,Ketentuan,"Apabila rekomendasi diterbitkan sebagaimana dimaksud pada ayat (5), Sistem OSS menerbitkan:",Pasal 35 ayat (6),"rekomendasi, diterbitkan, sistem, menerbitkan",
PP_28_2025,PP Nomor 28 Tahun 2025,PP,2025,28,BAB II,Persyaratan Dasar,Bagian Ketiga,,35,6,a,,Ketentuan,surat perintah setor PNBP secara otomatis untuk pembayaran pelayanan penerbitan rekomendasi; dan,Pasal 35 ayat (6) huruf a,"surat, perintah, setor, pnbp, otomatis",
PP_28_2025,PP Nomor 28 Tahun 2025,PP,2025,28,BAB II,Persyaratan Dasar,Bagian Ketiga,,35,6,b,,Ketentuan,"surat perintah setor PNBP secara otomatis untuk pembayaran pelayanan permohonan persetujuan KKPR, sesuai dengan ketentuan peraturan perLlndang-undangan di bidang penerimaan negara bukan pajak. (71 Pelaku Usaha melakukan pembayaran PNBP sebagaimana dimaksud pada ayat (6) dalam jangka waktu paling lamaT (tujuh) hari kalender sejak diterbitkan surat perintah setor PNBP.",Pasal 35 ayat (6) huruf b,"pnbp, surat, perintah, setor, pembayaran",Pelaku Usaha
PP_28_2025,PP Nomor 28 Tahun 2025,PP,2025,28,BAB II,Persyaratan Dasar,Bagian Ketiga,,35,8,,,Ketentuan,Apabila jangka waktu sebagaimana dimaksud pada ayat,Pasal 35 ayat (8),"jangka, waktu",
PP_28_2025,PP Nomor 28 Tahun 2025,PP,2025,28,BAB II,Persyaratan Dasar,Bagian Ketiga,,35,7,,,Ketentuan,"terlampaui, surat perintah setor PNBP menjadi tidak berlaku serta:",Pasal 35 ayat (7),"terlampaui, surat, perintah, setor, pnbp",
PP_28_2025,PP Nomor 28 Tahun 2025,PP,2025,28,BAB II,Persyaratan Dasar,Bagian Ketiga,,35,7,a,,Ketentuan,rekomendasi dinyatakan tidak berlaku; dan,Pasal 35 ayat (7) huruf a,"rekomendasi, dinyatakan, berlaku",
PP_28_2025,PP Nomor 28 Tahun 2025,PP,2025,28,BAB II,Persyaratan Dasar,Bagian Ketiga,,35,7,b,,Ketentuan,permohonan persetujuan KKPR dinyatakan ditarik kembali. (e) Pemeriksaan dan penilaian dokumen usulan kegiatan pemanfaatan ruang dalam rangka penerbitan KKPR dilakukan setelah Pelaku Usaha melakukan pembayaran PNBP.,Pasal 35 ayat (7) huruf b,"kkpr, permohonan, persetujuan, dinyatakan, ditarik",Pelaku Usaha
PP_28_2025,PP Nomor 28 Tahun 2025,PP,2025,28,BAB II,Persyaratan Dasar,Bagian Ketiga,,35,10,,,Ketentuan,Ketentuan pemeriksaan dan penilaian dokumen usulan kegiatan pemanfaatan ruang serta penerbitan persetujuan KKPR sebagaimana dimaksud dalam Pasal 20 sampai dengan Pasal 25 berlaku secara mutatis mutandis untuk penerbitan persetujuan KKPR di pulau-pulau kecil dengan luas di bawah 100 km2 (seratus kilometer persegi).,Pasal 35 ayat (10),"penerbitan, persetujuan, kkpr, pulau, pemeriksaan",
PP_28_2025,PP Nomor 28 Tahun 2025,PP,2025,28,BAB II,Persyaratan Dasar,Bagian Ketiga,,36,1,,,Ketentuan,"Apabila rekomendasi tidak diterbitkan dalam jangka waktu sebagaimana dimaksud dalam Pasal 35 ayat (2), proses persetujuan KKPR dilanjutkan tanpa rekomendasi pemanfaatan pulau-pulau kecil dengan luas di bawah lOO km2 (seratus kilometer persegi). (21 Ketentuan mengenai persetujuan KKPR sebagaimana dimaksud pada ayat (1) berlaku secara mutatis mutandis terhadap pemanfaatan ruang di pulau-pulau kecil dengan luas 0 (nol) sampai dengan 2.000 Lrnz (dua ribu kilometer persegi) oleh Penanaman Modal Asing dalam bentuk perseroan terbatas.",Pasal 36 ayat (1),"pulau, rekomendasi, persetujuan, kkpr, pemanfaatan",
PP_28_2025,PP Nomor 28 Tahun 2025,PP,2025,28,BAB II,Persyaratan Dasar,Bagian Keempat,,37,1,,,Ketentuan,"Dalam hal kegiatan usaha yang berlokasi di kawasan hutan, pelaksanaan pemeriksaan lokasi usaha di kawasan hutan dilakukan melalui: a. persetujuan penggunaan kawasan hutan; b. persetujuan komitmen pemanfaatan hutan;",Pasal 37 ayat (1),"hutan, kawasan, usaha, persetujuan, kegiatan",
PP_28_2025,PP Nomor 28 Tahun 2025,PP,2025,28,BAB II,Persyaratan Dasar,Bagian Keempat,,37,1,c,,Ketentuan,"persetujuan -27 - c. persetujuan prinsip pemanfaatan jasa lingkungan di kawasan suaka alam, kawasan pelestarian alam, dan taman buru; dan d. persetujuan pelepasan kawasan hutan.",Pasal 37 ayat (1) huruf c,"persetujuan, kawasan, alam, prinsip, pemanfaatan",
PP_28_2025,PP Nomor 28 Tahun 2025,PP,2025,28,BAB II,Persyaratan Dasar,Bagian Keempat,,37,2,,,Ketentuan,Kewenangan penerbitan persetujuan sebagaimana dimaksud pada ayat (1) dilaksanakan oleh menteri yang menyelenggarakan urusan pemerintahan di bidang kehutanan.,Pasal 37 ayat (2),"kewenangan, penerbitan, persetujuan, dilaksanakan, menteri",Menteri
PP_28_2025,PP Nomor 28 Tahun 2025,PP,2025,28,BAB II,Persyaratan Dasar,Bagian Keempat,,37,3,,,Ketentuan,"Dalam hal kegiatan usaha dilakukan di wilayah KpBpB, kewenangan penerbitan persetujuan sebagaimana dimaksud pada ayat (1) dilakukan oleh kepala Badan Pengusahaan KPBPB sesuai dengan ketentuan peraturan perundang-undangan di bidang kawasan perdagangan bebas dan pelabuhan bebas.",Pasal 37 ayat (3),"kpbpb, bebas, kegiatan, usaha, wilayah",Badan
PP_28_2025,PP Nomor 28 Tahun 2025,PP,2025,28,BAB II,Persyaratan Dasar,Bagian Keempat,Paragraf 2,38,1,,,Ketentuan,Persetujuan penggunaan kawasan hutan sebagaimana dimaksud dalam Pasal 37 ayat (1) huruf a diberikan untuk kegiatan usaha yang:,Pasal 38 ayat (1),"persetujuan, penggunaan, kawasan, hutan, diberikan",
PP_28_2025,PP Nomor 28 Tahun 2025,PP,2025,28,BAB II,Persyaratan Dasar,Bagian Keempat,Paragraf 2,38,1,a,,Ketentuan,dilaksanakan dalam rangka kegiatan usaha di luar sektor kehutanan; dan,Pasal 38 ayat (1) huruf a,"dilaksanakan, rangka, kegiatan, usaha, luar",
PP_28_2025,PP Nomor 28 Tahun 2025,PP,2025,28,BAB II,Persyaratan Dasar,Bagian Keempat,Paragraf 2,38,1,b,,Ketentuan,berada di dalam kawasan hutan produksi atau kawasan hutan lindung. (21 Persetujuan penggunaan kawasan hutan sebagaimana dimaksud pada ayat (1) dilakukan dengan tahapan: a. pendaftaran; b. penelaahan kesesuaian dokumen dan persyaratan; dan c. penelaahan dan penerbitan persetujuan penggunaan kawasan hutan.,Pasal 38 ayat (1) huruf b,"kawasan, hutan, persetujuan, penggunaan, penelaahan",
PP_28_2025,PP Nomor 28 Tahun 2025,PP,2025,28,BAB II,Persyaratan Dasar,Bagian Keempat,Paragraf 2,39,,,,Ketentuan,Pendaftaran sebagaimana dimaksud dalam pasal 38 ayat (2) huruf a diajukan oleh Pelaku Usaha melalui sistem oss dengan melengkapi persyaratan: a. administrasi; dan b. teknis. Pasal. . .,Pasal 39,"pendaftaran, diajukan, pelaku, usaha, melalui",Pelaku Usaha
PP_28_2025,PP Nomor 28 Tahun 2025,PP,2025,28,BAB II,Persyaratan Dasar,Bagian Keempat,Paragraf 2,40,1,,,Ketentuan,"Jika persyaratan pendaftaran sebagaimana dimaksud dalam Pasal 39 telah lengkap, menteri yang menyelenggarakan urusan pemerintahan di bidang kehutanan melakukan penelaahan kesesuaian dokumen dan persyaratan paling lama 5 (lima) Hari sejak diterimanya permohonan persetujuan penggunaan kawasan hutan.",Pasal 40 ayat (1),"persyaratan, pendaftaran, lengkap, menteri, menyelenggarakan",Menteri
PP_28_2025,PP Nomor 28 Tahun 2025,PP,2025,28,BAB II,Persyaratan Dasar,Bagian Keempat,Paragraf 2,40,2,,,Ketentuan,"Dalam hal berdasarkan penelaahan kesesuaian dokumen dan persyaratan sebagaimana dimaksud pada ayat (1) dokumen permohonan persetujuan penggunaan kawasan hutan masih perlu diperbaiki, permohonan persetujuan penggunaan kawasan hutan disampaikan kembali kepada Pelaku Usaha disertai dengan catatan perbaikan melalui Sistem OSS.",Pasal 40 ayat (2),"dokumen, permohonan, persetujuan, penggunaan, kawasan",Pelaku Usaha
PP_28_2025,PP Nomor 28 Tahun 2025,PP,2025,28,BAB II,Persyaratan Dasar,Bagian Keempat,Paragraf 2,40,3,,,Ketentuan,Pelaku Usaha melakukan perbaikan permohonan persetujuan penggunaan kawasan hutan dalam jangka waktu paling lama 5 (lima) Hari sejak diterimanya catatan perbaikan sebagaimana dimaksud pada ayat (2). (41 Menteri yang menyelenggarakan urusan pemerintahan di bidang kehutanan melakukan penelaahan ulang kesesuaian dokumen dan persyaratan paling lama 3 (tiga) Hari sejak diterimanya perbaikan persetujuan penggunaan kawasan hutan sebagaimana dimaksud pada ayat (3).,Pasal 40 ayat (3),"perbaikan, melakukan, persetujuan, penggunaan, kawasan","Pelaku Usaha, Menteri"
PP_28_2025,PP Nomor 28 Tahun 2025,PP,2025,28,BAB II,Persyaratan Dasar,Bagian Keempat,Paragraf 2,40,5,,,Ketentuan,"Apabila berdasarkan hasil penelaahan ulang kesesuaian dokumen dan persyaratan sebagaimana dimaksud pada ayat (4) dokumen permohonan persetujuan penggunaan kawasan hutan dinyatakan masih perlu diperbaiki, dokumen permohonan persetujuan penggunaan kawasan hutan dikembalikan kepada Pelaku Usaha disertai dengan catatan perbaikan dan diberitahukan melalui Sistem OSS.",Pasal 40 ayat (5),"dokumen, permohonan, persetujuan, penggunaan, kawasan",Pelaku Usaha
PP_28_2025,PP Nomor 28 Tahun 2025,PP,2025,28,BAB II,Persyaratan Dasar,Bagian Keempat,Paragraf 2,40,6,,,Ketentuan,Pelaku Usaha melakukan perbaikan kembali dokumen permohonan persetujuan penggunaan kawasan hutan dalam jangka waktu paling lama 3 (tiga) Hari sejak diterimanya catatan perbaikan sebagaimana dimaksud pada ayat (5).,Pasal 40 ayat (6),"perbaikan, pelaku, usaha, melakukan, kembali",Pelaku Usaha
PP_28_2025,PP Nomor 28 Tahun 2025,PP,2025,28,BAB II,Persyaratan Dasar,Bagian Keempat,Paragraf 2,40,7,,,Ketentuan,Menteri yang menyelenggarakan urusan pemerintahan di bidang kehutanan melakukan penelaahan ulang kesesuaian dokumen dan persyaratan paling lama 2 (dua) Hari sejak diterimanya perbaikan kembali persetujuan penggunaan kawasan hutan sebagaimana dimaksud pada ayat (6). REPUELIK INDONESIA,Pasal 40 ayat (7),"menteri, menyelenggarakan, urusan, pemerintahan, bidang",Menteri
PP_28_2025,PP Nomor 28 Tahun 2025,PP,2025,28,BAB II,Persyaratan Dasar,Bagian Keempat,Paragraf 2,40,8,,,Ketentuan,"Dalam hal berdasarkan penelaahan kesesuaian dokumen dan persyaratan sebagaimana dimaksud pada ayat (1), atau penelaahan ulang dokumen dan persyaratan sebagaimana dimaksud pada ayat (41 atau ayat (7l., dokumen permohonan persetujuan penggunaan kawasan hutan dinyatakan telah memenuhi kesesuaian dokumen dan persyaratan, permohonan dilanjutkan ke tahapan penelaahan dan penerbitan persetujuan penggunaan kawasan hutan sebagaimana dimaksud dalam Pasal 38 ayat (21huruf c.",Pasal 40 ayat (8),"dokumen, penelaahan, persyaratan, kesesuaian, permohonan",
PP_28_2025,PP Nomor 28 Tahun 2025,PP,2025,28,BAB II,Persyaratan Dasar,Bagian Keempat,Paragraf 2,40,9,,,Ketentuan,"Dalam hal berdasarkan penelaahan kesesuaian dokumen dan persyaratan sebagaimana dimaksud pada ayat (71 dokumen permohonan persetujuan penggunaan kawasan hutan dinyatakan tidak memenuhi kesesuaian dokumen dan persyaratan, permohonan ditolak disertai dengan alasan penolakan melalui Sistem OSS dan diberitahukan kepada Pelaku Usaha melalui Sistem OSS.",Pasal 40 ayat (9),"dokumen, kesesuaian, persyaratan, permohonan, melalui",Pelaku Usaha
PP_28_2025,PP Nomor 28 Tahun 2025,PP,2025,28,BAB II,Persyaratan Dasar,Bagian Keempat,Paragraf 2,41,1,,,Ketentuan,"Penelaahan dan penerbitan persetujuan penggunaan kawasan hutan sebagaimana dimaksud dalam Pasal 38 ayat (21 huruf c dilakukan paling lama 47 (ernpat puluh tujuh) Hari sejak dokumen permohonan persetujuan penggunaan kawasan hutan dinyatakan telah memenuhi kesesuaian dokumen dan persyaratan sebagaimana dimaksud dalam Pasal 40 ayat (8) oleh kementerian yang menyelenggarakan urusan pemerintahan di bidang kehutanan. (21 Dalam hal berdasarkan penelaahan sebagaimana dimaksud pada ayat (1) permohonan tidak memenuhi ketentuan peraturan perundang-undangan di bidang kehutanan, menteri yang menyelenggarakan urusan pemerintahan di bidang kehutanan menyampaikan notifikasi penolakan permohonan persetujuan penggunaan kawasan hutan disertai alasan penolakan ke Sistem OSS.",Pasal 41 ayat (1),"persetujuan, penggunaan, kawasan, hutan, permohonan",Kementerian
PP_28_2025,PP Nomor 28 Tahun 2025,PP,2025,28,BAB II,Persyaratan Dasar,Bagian Keempat,Paragraf 2,41,3,,,Ketentuan,"Dalam hal berdasarkan penelaahan sebagaimana dimaksud pada ayat (1) permohonan memenuhi ketentuan peraturan perundang-undangan di bidang kehutanan, menteri yang menyelenggarakan urusan pemerintahan di bidang kehutanan menyampaikan notifikasi berupa keputusan persetujuan penggunaan kawasan hutan dan peta lampiran ke Sistem OSS. Pasal. . .",Pasal 41 ayat (3),"bidang, kehutanan, penelaahan, permohonan, memenuhi",Menteri
PP_28_2025,PP Nomor 28 Tahun 2025,PP,2025,28,BAB II,Persyaratan Dasar,Bagian Keempat,Paragraf 2,42,,,,Ketentuan,Ketentuan lebih lanjut mengenai tata cara persetujuan penggunaan kawasan hutan diatur dalam peraturan perundang-undangan di bidang kehutanan.,Pasal 42,"lebih, lanjut, mengenai, tata, cara",
PP_28_2025,PP Nomor 28 Tahun 2025,PP,2025,28,BAB II,Persyaratan Dasar,Bagian Keempat,Paragraf 3,43,1,,,Ketentuan,Persetujuan komitmen pemanfaatan hutan sebagaimana dimaksud dalam Pasal 37 ayat (1) huruf b diberikan untuk kegiatan usaha pemanfaatan hutan pada kawasan hutan lindung dan hutan produksi.,Pasal 43 ayat (1),"hutan, pemanfaatan, persetujuan, komitmen, diberikan",
PP_28_2025,PP Nomor 28 Tahun 2025,PP,2025,28,BAB II,Persyaratan Dasar,Bagian Keempat,Paragraf 3,43,2,,,Ketentuan,Persetujuan komitmen pemanfaatan hutan diberikan pada areal kawasan hutan lindung dan hutan produksi yang belum digunakan oleh Pelaku Usaha lain mengacu pada peta arahan pemanfaatan hutan yang ditetapkan oleh menteri yang menyelenggarakan urusan pemerintahan di bidang kehutanan.,Pasal 43 ayat (2),"hutan, pemanfaatan, persetujuan, komitmen, diberikan","Pelaku Usaha, Menteri"
PP_28_2025,PP Nomor 28 Tahun 2025,PP,2025,28,BAB II,Persyaratan Dasar,Bagian Keempat,Paragraf 3,43,3,,,Ketentuan,Persetujuan komitmen pemanfaatan hutan sebagaimana dimaksud pada ayat (1) dilakukan dengan tahapan:,Pasal 43 ayat (3),"persetujuan, komitmen, pemanfaatan, hutan, tahapan",
PP_28_2025,PP Nomor 28 Tahun 2025,PP,2025,28,BAB II,Persyaratan Dasar,Bagian Keempat,Paragraf 3,43,3,a,,Ketentuan,pendaftaran;,Pasal 43 ayat (3) huruf a,pendaftaran,
PP_28_2025,PP Nomor 28 Tahun 2025,PP,2025,28,BAB II,Persyaratan Dasar,Bagian Keempat,Paragraf 3,43,3,b,,Ketentuan,verifikasi administrasi;,Pasal 43 ayat (3) huruf b,"verifikasi, administrasi",
PP_28_2025,PP Nomor 28 Tahun 2025,PP,2025,28,BAB II,Persyaratan Dasar,Bagian Keempat,Paragraf 3,43,3,c,,Ketentuan,telaahan teknis; dan,Pasal 43 ayat (3) huruf c,"telaahan, teknis",
PP_28_2025,PP Nomor 28 Tahun 2025,PP,2025,28,BAB II,Persyaratan Dasar,Bagian Keempat,Paragraf 3,43,3,d,,Ketentuan,penerbitan persetujuan komitmen pemanfaatan hutan.,Pasal 43 ayat (3) huruf d,"penerbitan, persetujuan, komitmen, pemanfaatan, hutan",
PP_28_2025,PP Nomor 28 Tahun 2025,PP,2025,28,BAB II,Persyaratan Dasar,Bagian Keempat,Paragraf 3,44,1,,,Ketentuan,Pendaftaran permohonan persetujuan komitmen pemanfaatan hutan sebagaimana dimaksud dalam Pasal 43 ayat (3) huruf a diajukan melalui Sistem OSS yang dilengkapi dengan dokumen persyaratan permohonan yang meliputi: a. pernyataan komitmen; dan b. persyaratan teknis.,Pasal 44 ayat (1),"permohonan, komitmen, persyaratan, pendaftaran, persetujuan",
PP_28_2025,PP Nomor 28 Tahun 2025,PP,2025,28,BAB II,Persyaratan Dasar,Bagian Keempat,Paragraf 3,44,2,,,Ketentuan,Pernyataan komitmen sebagaimana dimaksud pada ayat,Pasal 44 ayat (2),"pernyataan, komitmen",
PP_28_2025,PP Nomor 28 Tahun 2025,PP,2025,28,BAB II,Persyaratan Dasar,Bagian Keempat,Paragraf 3,44,1,,,Ketentuan,huruf a meliputi:,Pasal 44 ayat (1),meliputi,
PP_28_2025,PP Nomor 28 Tahun 2025,PP,2025,28,BAB II,Persyaratan Dasar,Bagian Keempat,Paragraf 3,44,1,a,,Ketentuan,pembuatan berita acara hasil pembuatan koordinat geografis batas areal yang dimohon;,Pasal 44 ayat (1) huruf a,"pembuatan, berita, acara, hasil, koordinat",
PP_28_2025,PP Nomor 28 Tahun 2025,PP,2025,28,BAB II,Persyaratan Dasar,Bagian Keempat,Paragraf 3,44,1,b,,Ketentuan,penyusunan. b. penyusunan dokumen lingkungan; dan c. pelunasan iuran PB pemanfaatan hutan.,Pasal 44 ayat (1) huruf b,"penyusunan, dokumen, lingkungan, pelunasan, iuran",
PP_28_2025,PP Nomor 28 Tahun 2025,PP,2025,28,BAB II,Persyaratan Dasar,Bagian Keempat,Paragraf 3,44,3,,,Ketentuan,Persyaratan teknis sebagaimana dimaksud pada ayat (1) huruf b meliputi: a. surat permohonan;,Pasal 44 ayat (3),"persyaratan, teknis, meliputi, surat, permohonan",
PP_28_2025,PP Nomor 28 Tahun 2025,PP,2025,28,BAB II,Persyaratan Dasar,Bagian Keempat,Paragraf 3,44,3,b,,Ketentuan,"peta permohonan dan disertai dengan berkas digital dalam format shapeTtle (shp); c. proposal teknis; d. pakta integritas; dan e. pertimbangan teknis atau rekomendasi teknis dan peta pertimbangan teknis dari gubernur kepada menteri yang menyelenggarakan urusan pemerintahan di bidang kehutanan. (41 Dalam hal pertimbangan teknis atau rekomendasi teknis dari gubernur sebagaimana dimaksud pada ayat (3) huruf e tidak diterbitkan dalam jangka waktu paling lama 10 (sepuluh) Hari sejak diterima permohonan, Lembaga OSS memproses permohonan persetujuan komitmen pemanfaatan hutan.",Pasal 44 ayat (3) huruf b,"teknis, permohonan, pertimbangan, peta, rekomendasi","Lembaga OSS, Gubernur, Menteri"
PP_28_2025,PP Nomor 28 Tahun 2025,PP,2025,28,BAB II,Persyaratan Dasar,Bagian Keempat,Paragraf 3,44,5,,,Ketentuan,"Ketentuan lebih lanjut mengenai pendaftaran permohonan persetujuan komitmen pemanfaatan hutan, pernyataan komitmen, dan persyaratan teknis sebagaimana dimaksud pada ayat (1) sampai dengan ayat (3) diatur dalam peraturan menteri yang menyelenggarakan urusan pemerintahan di bidang kehutanan.",Pasal 44 ayat (5),"komitmen, lebih, lanjut, mengenai, pendaftaran",Menteri
PP_28_2025,PP Nomor 28 Tahun 2025,PP,2025,28,BAB II,Persyaratan Dasar,Bagian Keempat,Paragraf 3,45,1,,,Ketentuan,Menteri yang menyelenggarakan urusan pemerintahan di bidang kehutanan melakukan verifikasi administrasi sebagaimana dimaksud dalam Pasal 43 ayat (3) huruf b paling lama 7 (tujuh) Hari sejak diterimanya permohonan persetujuan komitmen pemanfaatan hutan melalui Sistem OSS.,Pasal 45 ayat (1),"menteri, menyelenggarakan, urusan, pemerintahan, bidang",Menteri
PP_28_2025,PP Nomor 28 Tahun 2025,PP,2025,28,BAB II,Persyaratan Dasar,Bagian Keempat,Paragraf 3,45,2,,,Ketentuan,Hasil verifikasi administrasi sebagaimana dimaksud pada ayat (1) berupa:,Pasal 45 ayat (2),"hasil, verifikasi, administrasi, berupa",
PP_28_2025,PP Nomor 28 Tahun 2025,PP,2025,28,BAB II,Persyaratan Dasar,Bagian Keempat,Paragraf 3,45,2,a,,Ketentuan,permohonan tidak memenuhi kelengkapan persyaratan sesuai dengan ketentuan peraturan perundang-undangan; atau,Pasal 45 ayat (2) huruf a,"permohonan, memenuhi, kelengkapan, persyaratan, perundang",
PP_28_2025,PP Nomor 28 Tahun 2025,PP,2025,28,BAB II,Persyaratan Dasar,Bagian Keempat,Paragraf 3,45,2,b,,Ketentuan,permohonan telah memenuhi kelengkapan persyaratan sesuai dengan ketentuan peraturan perundang-undangan. Pasal. . .,Pasal 45 ayat (2) huruf b,"permohonan, memenuhi, kelengkapan, persyaratan, perundang",
PP_28_2025,PP Nomor 28 Tahun 2025,PP,2025,28,BAB II,Persyaratan Dasar,Bagian Keempat,Paragraf 3,46,1,,,Ketentuan,"Apabila permohonan tidak memenuhi kelengkapan persyaratan sesuai dengan ketentuan peraturan perundang-undangan sebagaimana dimaksud dalam Pasal 45 ayat (21 huruf a, permohonan persetujuan komitmen pemanfaatan hutan dinyatakan ditolak disertai dengan alasan penolakan. (21 Apabila permohonan dinyatakan telah memenuhi kelengkapan persyaratan sebagaimana dimaksud dalam Pasal 45 ayat (2) huruf b, menteri yang menyelenggarakan urusan pemerintahan di bidang kehutanan melakukan telaahan teknis sebagaimana dimaksud dalam Pasal 43 ayat (3) huruf c paling lama 25 (dua puluh lima) Hari.",Pasal 46 ayat (1),"permohonan, memenuhi, kelengkapan, persyaratan, dinyatakan",Menteri
PP_28_2025,PP Nomor 28 Tahun 2025,PP,2025,28,BAB II,Persyaratan Dasar,Bagian Keempat,Paragraf 3,46,3,,,Ketentuan,"Berdasarkan hasil telaahan teknis sebagaimana dimaksud pada ayat (21 dokumen dinyatakan telah memenuhi persyaratan, permohonan persetujuan komitmen pemanfaatan hutan dilanjutkan ke tahapan penerbitan persetujuan komitmen pemanfaatan hutan sebagaimana dimaksud dalam Pasal 43 ayat (3) huruf d.",Pasal 46 ayat (3),"persetujuan, komitmen, pemanfaatan, hutan, hasil",
PP_28_2025,PP Nomor 28 Tahun 2025,PP,2025,28,BAB II,Persyaratan Dasar,Bagian Keempat,Paragraf 3,47,1,,,Ketentuan,"Apabila berdasarkan telaahan teknis sebagaimana dimaksud dalam Pasal 46 ayat (2) dokumen permohonan persetujuan komitmen pemanfaatan hutan masih perlu diperbaiki, permohonan persetujuan komitmen pemanfaatan hutan disampaikan kembali kepada Pelaku Usaha disertai dengan catatan perbaikan melalui Sistem OSS. (21 Perbaikan sebagaimana dimaksud pada ayat (1) diberikan paling banyak 2 (dua) kali secara berturut-turut dengan jangka waktu masing-masing paling lama 10 (sepuluh) Hari sejak permohonan disampaikan kembali kepada Pelaku Usaha.",Pasal 47 ayat (1),"permohonan, persetujuan, komitmen, pemanfaatan, hutan",Pelaku Usaha
PP_28_2025,PP Nomor 28 Tahun 2025,PP,2025,28,BAB II,Persyaratan Dasar,Bagian Keempat,Paragraf 3,47,3,,,Ketentuan,"Apabila Pelaku Usaha tidak menyampaikan perbaikan dalam jangka waktu sebagaimana dimaksud pada ayat (2) atau berdasarkan hasil telaahan teknis sebagaimana dimaksud dalam Pasal 46 ayat (2) permohonan dinyatakan tidak memenuhi persyaratan, permohonan persetujuan komitmen pemanfaatan hutan ditolak disertai dengan alasan penolakan melalui Sistem OSS.",Pasal 47 ayat (3),"permohonan, pelaku, usaha, menyampaikan, perbaikan",Pelaku Usaha
PP_28_2025,PP Nomor 28 Tahun 2025,PP,2025,28,BAB II,Persyaratan Dasar,Bagian Keempat,Paragraf 3,47,4,,,Ketentuan,Penolakan persetujuan komitmen pemanfaatan hutan diberitahukan oleh menteri yang menyelenggarakan urusan pemerintahan di bidang kehutanan paling lama 5 (lima) Hari sejak Pelaku Usaha tidak menyampaikan perbaikan atau dokumen dinyatakan tidak memenuhi persyaratan sebagaimana dimaksud pada ayat (3).,Pasal 47 ayat (4),"penolakan, persetujuan, komitmen, pemanfaatan, hutan","Pelaku Usaha, Menteri"
PP_28_2025,PP Nomor 28 Tahun 2025,PP,2025,28,BAB II,Persyaratan Dasar,Bagian Keempat,Paragraf 3,48,,,,Ketentuan,Penerbitan persetujuan komitmen pemanfaatan hutan dilakukan oleh menteri yang menyelenggarakan urusan pemerintahan di bidang kehutanan paling lama 5 (lima) Hari sejak dokumen dinyatakan telah memenuhi persyaratan sebagaimana dimaksud dalam Pasal 46 ayat (21.,Pasal 48,"penerbitan, persetujuan, komitmen, pemanfaatan, hutan",Menteri
PP_28_2025,PP Nomor 28 Tahun 2025,PP,2025,28,BAB II,Persyaratan Dasar,Bagian Keempat,Paragraf 3,49,,,,Ketentuan,"Ketentuan lebih lanjut mengenai tata cara pendaftaran, verifikasi administrasi, dan penerbitan persetujuan komitmen pemanfaatan hutan diatur dalam peraturan perundang- undangan di bidang kehutanan.",Pasal 49,"lebih, lanjut, mengenai, tata, cara",
PP_28_2025,PP Nomor 28 Tahun 2025,PP,2025,28,BAB II,Persyaratan Dasar,Bagian Keempat,Paragraf 4,50,1,,,Ketentuan,"Persetujuan prinsip pemanfaatan jasa lingkungan di kawasan suaka alam, kawasan pelestarian alam, dan taman buru sebagaimana dimaksud dalam Pasal 37 ayat (1) huruf c diberikan untuk kegiatan pemanfaatan jasa lingkungan di kawasan suaka alam, kawasan pelestarian alam, dan taman buru sesuai dengan ketentuan peraturan perundang-undangan.",Pasal 50 ayat (1),"kawasan, alam, pemanfaatan, jasa, lingkungan",
PP_28_2025,PP Nomor 28 Tahun 2025,PP,2025,28,BAB II,Persyaratan Dasar,Bagian Keempat,Paragraf 4,50,2,,,Ketentuan,"Persetujuan prinsip pemanfaatan jasa lingkungan di kawasan suaka alam, kawasan pelestarian alam, dan taman buru sebagaimana dimaksud pada ayat (1) dilakukan dengan tahapan: a. pendaftaran; b. verifikasi; dan",Pasal 50 ayat (2),"kawasan, alam, persetujuan, prinsip, pemanfaatan",
PP_28_2025,PP Nomor 28 Tahun 2025,PP,2025,28,BAB II,Persyaratan Dasar,Bagian Keempat,Paragraf 4,50,2,c,,Ketentuan,"penerbitan c penerbitan persetujuan prinsip pemanfaatan jasa lingkungan di kawasan suaka alam, kawasan pelestarian alam, dan taman buru.",Pasal 50 ayat (2) huruf c,"penerbitan, kawasan, alam, persetujuan, prinsip",
PP_28_2025,PP Nomor 28 Tahun 2025,PP,2025,28,BAB II,Persyaratan Dasar,Bagian Keempat,Paragraf 4,51,1,,,Ketentuan,"Pendaftaran permohonan persetujuan prinsip pemanfaatan jasa lingkungan di kawasan suaka alam, kawasan pelestarian alam, dan taman buru sebagaimana dimaksud dalam Pasal 50 ayat (2) huruf a diajukan melalui Sistem OSS yang dilengkapi dengan dokumen persyaratan permohonan yang meliputi: a. rencana kegiatan usaha;",Pasal 51 ayat (1),"permohonan, kawasan, alam, pendaftaran, persetujuan",
PP_28_2025,PP Nomor 28 Tahun 2025,PP,2025,28,BAB II,Persyaratan Dasar,Bagian Keempat,Paragraf 4,51,1,b,,Ketentuan,"pertimbangan teknis dari menteri yang menyelenggarakan urusan pemerintahan di bidang kehutanan, gubernur, atau bupati/wali kota sesuai dengan kewenangan masing-masing; c. peta usulan areal usaha; dan d. pakta integritas. (21 Selain persyaratan sebagaimana dimaksud pada ayat (1) permohonan Pelaku Usaha dilengkapi dengan: a. pertimbangan teknis dari kepala dinas provinsi atau kepala dinas kabupaten/kota sesuai dengan kewenangan yang membidangi sumber daya air, dalam hal PB yang dimohonkan merupakan PB pemanfaatan jasa lingkungan air; b. pertimbangan teknis dari kepala dinas provinsi atau kepala dinas kabupaten/kota sesuai dengan kewenangan yang membidangi ketenagalistrikan, dalam hal PB yang dimohonkan merupakan PB pemanfaatan jasa lingkungan energi air; c. pertimbangan teknis dari kepala dinas provinsi atau kepala dinas kabupaten/kota sesuai dengan kewenangan yang membidangi kepariwisataan, dalam hal PB yang dimohonkan merupakan PB pengusahaan sarana jasa lingkungan wisata alam dan PB pengusahaan taman buru; dan/atau",Pasal 51 ayat (1) huruf b,"kepala, dinas, pertimbangan, teknis, kota","Pelaku Usaha, Wali Kota, Gubernur, Menteri, Bupati"
PP_28_2025,PP Nomor 28 Tahun 2025,PP,2025,28,BAB II,Persyaratan Dasar,Bagian Keempat,Paragraf 4,51,1,d,,Ketentuan,surat keterangan keahlian/pernah mengikuti pelatihan pemandu wisata alam bagi pemohon PB penyediaan jasa wisata alam pemandu wisata alam.,Pasal 51 ayat (1) huruf d,"wisata, alam, pemandu, surat, keterangan",
PP_28_2025,PP Nomor 28 Tahun 2025,PP,2025,28,BAB II,Persyaratan Dasar,Bagian Keempat,Paragraf 4,51,3,,,Ketentuan,"Untuk PB penyediaan jasa wisata alam, dokumen persyaratan permohonan sebagaimana dimaksud pada ayat (1) huruf c tidak menjadi persyaratan.",Pasal 51 ayat (3),"persyaratan, penyediaan, jasa, wisata, alam",
PP_28_2025,PP Nomor 28 Tahun 2025,PP,2025,28,BAB II,Persyaratan Dasar,Bagian Keempat,Paragraf 4,52,1,,,Ketentuan,"Menteri yang menyelenggarakan urusan pemerintahan di bidang kehutanan melakukan verifikasi terhadap permohonan persetujuan prinsip pemanfaatan jasa lingkungan di kawasan suaka alam, kawasan pelestarian alam, dan taman buru sebagaimana dimaksud dalam Pasal 50 ayat (2) huruf b paling lama 15 (lima belas) Hari sejak diterimanya permohonan persetujuan prinsip pemanfaatan jasa lingkungan di kawasan suaka alam, kawasan pelestarian alam, dan taman buru di Sistem OSS. (21 Verifikasi sebagaimana dimaksud pada ayat (1) dilakukan dengan hasil berupa: a. penolakan; b. perbaikan; dan c. persetujuan.",Pasal 52 ayat (1),"kawasan, alam, persetujuan, verifikasi, permohonan",Menteri
PP_28_2025,PP Nomor 28 Tahun 2025,PP,2025,28,BAB II,Persyaratan Dasar,Bagian Keempat,Paragraf 4,52,3,,,Ketentuan,Kriteria verifikasi sebagaimana dimaksud pada ayat (2) terdiri atas:,Pasal 52 ayat (3),"kriteria, verifikasi, terdiri",
PP_28_2025,PP Nomor 28 Tahun 2025,PP,2025,28,BAB II,Persyaratan Dasar,Bagian Keempat,Paragraf 4,52,3,a,,Ketentuan,kelengkapan persyaratan sebagaimana dimaksud dalam Pasal 51 ayat (1); dan b. pemenuhan ketentuan teknis.,Pasal 52 ayat (3) huruf a,"kelengkapan, persyaratan, pemenuhan, teknis",
PP_28_2025,PP Nomor 28 Tahun 2025,PP,2025,28,BAB II,Persyaratan Dasar,Bagian Keempat,Paragraf 4,52,4,,,Ketentuan,"Penolakan sebagaimana dimaksud pada ayat (2) huruf a, dalam hal:",Pasal 52 ayat (4),penolakan,
PP_28_2025,PP Nomor 28 Tahun 2025,PP,2025,28,BAB II,Persyaratan Dasar,Bagian Keempat,Paragraf 4,52,4,a,,Ketentuan,permohonan tidak memenuhi kelengkapan persyaratan sebagaimana dimaksud dalam Pasal 51 ayat (1) dan tidak memenuhi ketentuan teknis sebagaimana dimaksud pada ayat (3) huruf b; atau,Pasal 52 ayat (4) huruf a,"memenuhi, permohonan, kelengkapan, persyaratan, teknis",
PP_28_2025,PP Nomor 28 Tahun 2025,PP,2025,28,BAB II,Persyaratan Dasar,Bagian Keempat,Paragraf 4,52,4,b,,Ketentuan,permohonan memenuhi kelengkapan persyaratan sebagaimana dimaksud dalam Pasal 51 ayat (1) dan tidak memenuhi ketentuan teknis sebagaimana dimaksud pada ayat (3) huruf b.,Pasal 52 ayat (4) huruf b,"memenuhi, permohonan, kelengkapan, persyaratan, teknis",
PP_28_2025,PP Nomor 28 Tahun 2025,PP,2025,28,BAB II,Persyaratan Dasar,Bagian Keempat,Paragraf 4,52,5,,,Ketentuan,"Persetujuan sebagaimana dimaksud pada ayat (21huruf c, dalam hal:",Pasal 52 ayat (5),persetujuan,
PP_28_2025,PP Nomor 28 Tahun 2025,PP,2025,28,BAB II,Persyaratan Dasar,Bagian Keempat,Paragraf 4,52,5,a,,Ketentuan,permohonan memenuhi kelengkapan persyaratan sebagaimana dimaksud dalam Pasal 51 ayat (1); dan,Pasal 52 ayat (5) huruf a,"permohonan, memenuhi, kelengkapan, persyaratan",
PP_28_2025,PP Nomor 28 Tahun 2025,PP,2025,28,BAB II,Persyaratan Dasar,Bagian Keempat,Paragraf 4,52,5,b,,Ketentuan,permohonan memenuhi ketentuan teknis sebagaimana dimaksud pada ayat (3) huruf b.,Pasal 52 ayat (5) huruf b,"permohonan, memenuhi, teknis",
PP_28_2025,PP Nomor 28 Tahun 2025,PP,2025,28,BAB II,Persyaratan Dasar,Bagian Keempat,Paragraf 4,52,6,,,Ketentuan,Dalam hal:,Pasal 52 ayat (6),,
PP_28_2025,PP Nomor 28 Tahun 2025,PP,2025,28,BAB II,Persyaratan Dasar,Bagian Keempat,Paragraf 4,52,6,a,,Ketentuan,permohonan tidak memenuhi kelengkapan persyaratan sebagaimana dimaksud dalam Pasal 51 ayat (1); dan,Pasal 52 ayat (6) huruf a,"permohonan, memenuhi, kelengkapan, persyaratan",
PP_28_2025,PP Nomor 28 Tahun 2025,PP,2025,28,BAB II,Persyaratan Dasar,Bagian Keempat,Paragraf 4,52,6,b,,Ketentuan,"permohonan memenuhi ketentuan teknis sebagaimana dimaksud pada ayat (3) huruf b, permohonan dikembalikan kepada Pelaku Usaha untuk diperbaiki.",Pasal 52 ayat (6) huruf b,"permohonan, memenuhi, teknis, dikembalikan, kepada",Pelaku Usaha
PP_28_2025,PP Nomor 28 Tahun 2025,PP,2025,28,BAB II,Persyaratan Dasar,Bagian Keempat,Paragraf 4,53,1,,,Ketentuan,"Dalam hal berdasarkan hasil verifikasi sebagaimana dimaksud dalam Pasal 52 permohonan dinyatakan tidak sesuai dengan ketentuan peraturan perundang- undangan, permohonan persetujuan prinsip pemanfaatan jasa lingkungan di kawasan suaka alam, kawasan pelestarian alam, dan taman buru dinyatakan ditolak disertai dengan alasan penolakan. (21 Penyampaian notifikasi penolakan persetujuan prinsip pemanfaatan jasa lingkungan di kawasan suaka alam, kawasan pelestarian alam, dan taman buru sebagaimana dimaksud pada ayat (1) dilakukan oleh menteri yang menyelenggarakan urusan pemerintahan di bidang kehutanan paling lama 2 (dua) Hari sejak permohonan persetujuan prinsip pemanfaatan jasa lingkungan di kawasan suaka alam, kawasan pelestarian alam, dan taman buru dinyatakan ditolak melalui Sistem OSS.",Pasal 53 ayat (1),"kawasan, alam, permohonan, dinyatakan, persetujuan",Menteri
PP_28_2025,PP Nomor 28 Tahun 2025,PP,2025,28,BAB II,Persyaratan Dasar,Bagian Keempat,Paragraf 4,54,1,,,Ketentuan,"Dalam hal berdasarkan hasil verifikasi sebagaimana dimaksud dalam Pasal 52 permohonan dinyatakan sesuai dengan ketentuan peraturan perundang-undangan, permohonan disetujui dan dilanjutkan dengan penerbitan persetujuan prinsip pemanfaatan jasa lingkungan di kawasan suaka alam, kawasan pelestarian alam, dan taman buru sebagaimana dimaksud dalam Pasal 50 ayat (21huruf c. -37 - (21 Penerbitan persetujuan prinsip pemanfaatan jasa lingkungan di kawasan suaka alam, kawasan pelestarian alam, dan taman buru sebagaimana dimaksud pada ayat",Pasal 54 ayat (1),"kawasan, alam, permohonan, penerbitan, persetujuan",
PP_28_2025,PP Nomor 28 Tahun 2025,PP,2025,28,BAB II,Persyaratan Dasar,Bagian Keempat,Paragraf 4,54,1,,,Ketentuan,"dilakukan oleh menteri yang menyelenggarakan urusan pemerintahan di bidang kehutanan paling lama 2 (dua) Hari sejak permohonan persetujuan prinsip pemanfaatan jasa lingkungan di kawasan suaka alam, kawasan pelestarian alam, dan taman buru dinyatakan disetujui melalui Sistem OSS.",Pasal 54 ayat (1),"kawasan, alam, menteri, menyelenggarakan, urusan",Menteri
PP_28_2025,PP Nomor 28 Tahun 2025,PP,2025,28,BAB II,Persyaratan Dasar,Bagian Keempat,Paragraf 4,55,1,,,Ketentuan,"Apabila diminta melakukan perbaikan, Pelaku Usaha menyampaikan perbaikan permohonan dalam jangka waktu paling lama 10 (sepuluh) Hari sejak dokumen perbaikan dikembalikan kepada Pelaku Usaha sebagaimana dimaksud dalam Pasal 52 ayat (6). (21 Perbaikan permohonan sebagaimana dimaksud pada ayat",Pasal 55 ayat (1),"perbaikan, pelaku, usaha, permohonan, diminta",Pelaku Usaha
PP_28_2025,PP Nomor 28 Tahun 2025,PP,2025,28,BAB II,Persyaratan Dasar,Bagian Keempat,Paragraf 4,55,1,,,Ketentuan,dilakukan paling banyak 2 (dua) kali perbaikan.,Pasal 55 ayat (1),"paling, banyak, kali, perbaikan",
PP_28_2025,PP Nomor 28 Tahun 2025,PP,2025,28,BAB II,Persyaratan Dasar,Bagian Keempat,Paragraf 4,55,3,,,Ketentuan,Menteri yang menyelenggarakan urusan pemerintahan di bidang kehutanan melakukan verifikasi paling lama 8 (delapan) Hari sejak penyampaian dokumen perbaikan sebagaimana dimaksud pada ayat (1) dan ayat (21. (41 Ketentuan mengenai tata cara verihkasi sebagaimana dimaksud dalam Pasal 53 dan Pasal 54 berlaku secara mutatis mutandis terhadap ketentuan verifikasi dokumen perbaikan sebagaimana dimaksud pada ayat (1) dan ayat (21.,Pasal 55 ayat (3),"verifikasi, dokumen, perbaikan, menteri, menyelenggarakan",Menteri
PP_28_2025,PP Nomor 28 Tahun 2025,PP,2025,28,BAB II,Persyaratan Dasar,Bagian Keempat,Paragraf 4,55,5,,,Ketentuan,"Ketentuan mengenai verihkasi sebagaimana dimaksud dalam Pasal 52 sampai dengan Pasal 54 berlaku secara mutatis mutandis terhadap ketentuan penerbitan persetujuan prinsip pemanfaatan jasa lingkungan di kawasan suaka alam, kawasan pelestarian alam, dan taman buru.",Pasal 55 ayat (5),"kawasan, alam, mengenai, verihkasi, sampai",
PP_28_2025,PP Nomor 28 Tahun 2025,PP,2025,28,BAB II,Persyaratan Dasar,Bagian Keempat,Paragraf 4,56,,,,Ketentuan,"Ketentuan lebih lanjut mengenai tata cara pendaftaran, verifikasi, dan penerbitan persetujuan prinsip pemanfaatan jasa lingkungan di kawasan suaka alam, kawasan pelestarian alam, dan taman buru diatur dengan peraturan menteri yang menyelenggarakan urusan pemerintahan di bidang kehutanan. Paragraf",Pasal 56,"kawasan, alam, lebih, lanjut, mengenai",Menteri
PP_28_2025,PP Nomor 28 Tahun 2025,PP,2025,28,BAB II,Persyaratan Dasar,Bagian Keempat,Paragraf 5,57,1,,,Ketentuan,Persetujuan pelepasan kawasan hutan sebagaimana dimaksud dalam Pasal 37 ayat (1) huruf d diberikan untuk kegiatan usaha yang:,Pasal 57 ayat (1),"persetujuan, pelepasan, kawasan, hutan, diberikan",
PP_28_2025,PP Nomor 28 Tahun 2025,PP,2025,28,BAB II,Persyaratan Dasar,Bagian Keempat,Paragraf 5,57,1,a,,Ketentuan,dilaksanakan dalam rangka kepentingan pembangunan di luar kegiatan kehutanan; dan b. berada di dalam kawasan hutan produksi yang dapat dikonversi. (21 Persetujuan pelepasan kawasan hutan sebagaimana dimaksud pada ayat (1) dilakukan dengan tahapan: a. pendaftaran;,Pasal 57 ayat (1) huruf a,"kawasan, hutan, dilaksanakan, rangka, kepentingan",
PP_28_2025,PP Nomor 28 Tahun 2025,PP,2025,28,BAB II,Persyaratan Dasar,Bagian Keempat,Paragraf 5,57,1,b,,Ketentuan,verifikasi pernyataan komitmen dan persyaratan administrasi dan teknis; c. pembentukan tim terpadu;,Pasal 57 ayat (1) huruf b,"verifikasi, pernyataan, komitmen, persyaratan, administrasi",
PP_28_2025,PP Nomor 28 Tahun 2025,PP,2025,28,BAB II,Persyaratan Dasar,Bagian Keempat,Paragraf 5,57,1,d,,Ketentuan,pertimbangan laporan hasil penelitian dan rekomendasi tim terpadu; dan e. penerbitan persetujuan pelepasan kawasan hutan.,Pasal 57 ayat (1) huruf d,"pertimbangan, laporan, hasil, penelitian, rekomendasi",
PP_28_2025,PP Nomor 28 Tahun 2025,PP,2025,28,BAB II,Persyaratan Dasar,Bagian Keempat,Paragraf 5,58,1,,,Ketentuan,"Dalam hal permohonan persetujuan pelepasan kawasan hutan berupa proyek strategis nasional di kawasan hutan, Pelaku Usaha mengajukan kepada menteri yang menyelenggarakan urusan pemerintahan di bidang kehutanan melalui Sistem OSS. (21 Menteri yang menyelenggarakan urusan pemerintahan di bidang kehutanan menindaklanjuti permohonan sebagaimana dimaksud pada ayat (1) sesuai dengan ketentuan peraturan perundang-undangan di bidang penyelenggaraan kehutanan dan proyek strategis nasional.",Pasal 58 ayat (1),"bidang, kehutanan, permohonan, kawasan, hutan","Pelaku Usaha, Menteri"
PP_28_2025,PP Nomor 28 Tahun 2025,PP,2025,28,BAB II,Persyaratan Dasar,Bagian Keempat,Paragraf 5,58,3,,,Ketentuan,Menteri yang menyelenggarakan urusan pemerintahan di bidang kehutanan menyampaikan penerbitan persetujuan pelepasan kawasan hutan kepada Pelaku Usaha melalui Sistem OSS. Pasal. . . R.EPUBLIK INDONESIA,Pasal 58 ayat (3),"menteri, menyelenggarakan, urusan, pemerintahan, bidang","Pelaku Usaha, Menteri"
PP_28_2025,PP Nomor 28 Tahun 2025,PP,2025,28,BAB II,Persyaratan Dasar,Bagian Keempat,Paragraf 5,59,,,,Ketentuan,Pendaftaran persetujuan pelepasan kawasan hutan sebagaimana dimaksud dalam Pasal 57 ayat (21 huruf a diajukan melalui Sistem OSS yang dilengkapi dengan dokumen: a. pernyataan komitmen; dan b. persyaratan administrasi dan teknis,Pasal 59,"pendaftaran, persetujuan, pelepasan, kawasan, hutan",
PP_28_2025,PP Nomor 28 Tahun 2025,PP,2025,28,BAB II,Persyaratan Dasar,Bagian Keempat,Paragraf 5,60,1,,,Ketentuan,"Jika dokumen pendaftaran sebagaimana dimaksud dalam Pasal 59 telah lengkap, menteri yang menyelenggarakan urusan pemerintahan di bidang kehutanan melakukan verifikasi pernyataan komitmen dan persyaratan administrasi dan teknis sebagaimana dimaksud dalam Pasal 57 ayat (2) huruf b. (21 Verifikasi pernyataan komitmen dan persyaratan administrasi dan teknis sebagaimana dimaksud pada ayat (1) dilakukan untuk melakukan identifikasi dan pemilahan data kelengkapan persyaratan permohonan dan melakukan penelaahan teknis.",Pasal 60 ayat (1),"melakukan, persyaratan, teknis, verifikasi, pernyataan",Menteri
PP_28_2025,PP Nomor 28 Tahun 2025,PP,2025,28,BAB II,Persyaratan Dasar,Bagian Keempat,Paragraf 5,60,3,,,Ketentuan,"Verifikasi pernyataan komitmen dan persyaratan administrasi dan teknis sebagaimana dimaksud pada ayat (21 dilakukan paling lama 39 (tiga puluh sembilan) Hari. (41 Dalam hal berdasarkan hasil verifikasi pernyataan komitmen dan persyaratan administrasi dan teknis sebagaimana dimaksud pada ayat (3) permohonan persetujuan pelepasan kawasan hutan tidak memenuhi persyaratan, permohonan persetujuan pelepasan kawasan hutan dinyatakan ditolak.",Pasal 60 ayat (3),"persyaratan, verifikasi, pernyataan, komitmen, administrasi",
PP_28_2025,PP Nomor 28 Tahun 2025,PP,2025,28,BAB II,Persyaratan Dasar,Bagian Keempat,Paragraf 5,60,5,,,Ketentuan,"Dalam hal berdasarkan hasil verifikasi pernyataan komitmen dan persyaratan administrasi dan teknis sebagaimana dimaksud pada ayat (3) permohonan persetujuan pelepasan kawasan hutan memenuhi persyaratan, dilanjutkan ke tahapan pembentukan tim terpadu sebagaimana dimaksud dalam Pasal 57 ayat (21 huruf c. Pasal _40_",Pasal 60 ayat (5),"persyaratan, hasil, verifikasi, pernyataan, komitmen",
PP_28_2025,PP Nomor 28 Tahun 2025,PP,2025,28,BAB II,Persyaratan Dasar,Bagian Keempat,Paragraf 5,61,1,,,Ketentuan,Pembentukan tim terpadu sebagaimana dimaksud dalam Pasal 57 ayat (2) huruf c dilakukan oleh menteri yang menyelenggarakan urusan pemerintahan di bidang kehutanan paling lama 15 (lima belas) Hari sejak permohonan memenuhi persyaratan sebagaimana dimaksud dalam Pasal 60 ayat (5).,Pasal 61 ayat (1),"pembentukan, terpadu, menteri, menyelenggarakan, urusan",Menteri
PP_28_2025,PP Nomor 28 Tahun 2025,PP,2025,28,BAB II,Persyaratan Dasar,Bagian Keempat,Paragraf 5,61,2,,,Kewajiban,Tim terpadu melaksanakan penelitian dan menyampaikan laporan hasil penelitian dan rekomendasi kepada menteri yang menyelenggarakan urusan pemerintahan di bidang kehutanan paling lambat 60 (enam puluh) Hari sejak ditetapkannya surat perintah tugas dari pejabat pimpinan tinggi madya yang bertanggung jawab di bidang planologi kehutanan dan tata lingkungan.,Pasal 61 ayat (2),"penelitian, bidang, kehutanan, terpadu, melaksanakan",Menteri
PP_28_2025,PP Nomor 28 Tahun 2025,PP,2025,28,BAB II,Persyaratan Dasar,Bagian Keempat,Paragraf 5,62,1,,,Ketentuan,Laporan hasil penelitian dan rekomendasi tim terpadu sebagaimana dimaksud dalam Pasal 61 ayat (2) sebagai bahan pertimbangan menteri yang menyelenggarakan urusan pemerintahan di bidang kehutanan untuk menerbitkan keputusan persetujuan pelepasan kawasan hutan dalam jangka waktu paling lama 7 (tujuh) Hari sejak diterimanya laporan hasil penelitian dan rekomendasi tim terpadu. (21 Keputusan persetujuan pelepasan kawasan hutan sebagaimana dimaksud pada ayat (1) berupa:,Pasal 62 ayat (1),"laporan, hasil, penelitian, rekomendasi, terpadu",Menteri
PP_28_2025,PP Nomor 28 Tahun 2025,PP,2025,28,BAB II,Persyaratan Dasar,Bagian Keempat,Paragraf 5,62,1,a,,Ketentuan,penolakan permohonan persetujuan pelepasan kawasan hutan; dan/atau b. persetujuan pelepasan kawasan hutan sebagian atau seluruhnya.,Pasal 62 ayat (1) huruf a,"persetujuan, pelepasan, kawasan, hutan, penolakan",
PP_28_2025,PP Nomor 28 Tahun 2025,PP,2025,28,BAB II,Persyaratan Dasar,Bagian Keempat,Paragraf 5,62,3,,,Ketentuan,"Dalam hal keputusan berupa penolakan permohonan persetujuan pelepasan kawasan hutan sebagaimana dimaksud pada ayat (21huruf a, permohonan persetujuan pelepasan kawasan hutan dinyatakan ditolak disertai dengan alasan penolakan dan disampaikan kepada Pelaku Usaha melalui Sistem OSS.",Pasal 62 ayat (3),"penolakan, permohonan, persetujuan, pelepasan, kawasan",Pelaku Usaha
PP_28_2025,PP Nomor 28 Tahun 2025,PP,2025,28,BAB II,Persyaratan Dasar,Bagian Keempat,Paragraf 5,62,4,,,Ketentuan,"Dalam hal keputusan berupa persetujuan pelepasan kawasan hutan sebagian atau seluruhnya sebagaimana dimaksud pada ayat (21huruf b, permohonan persetujuan pelepasan kawasan hutan dilanjutkan ke tahapan penerbitan persetujuan pelepasan kawasan hutan sebagaimana dimaksud dalam Pasal 57 ayat (2) huruf e. Pasal. . . -4r-",Pasal 62 ayat (4),"persetujuan, pelepasan, kawasan, hutan, keputusan",
PP_28_2025,PP Nomor 28 Tahun 2025,PP,2025,28,BAB II,Persyaratan Dasar,Bagian Keempat,Paragraf 5,63,,,,Ketentuan,Penerbitan persetujuan pelepasan kawasan hutan sebagaimana dimaksud dalam Pasal 57 ayat (21 huruf e dilakukan paling lama 20 (dua puluh) Hari sejak persetujuan pelepasan kawasan hutan sebagian atau seluruhnya sebagaimana dimaksud dalam Pasal 62 ayat (4).,Pasal 63,"persetujuan, pelepasan, kawasan, hutan, penerbitan",
PP_28_2025,PP Nomor 28 Tahun 2025,PP,2025,28,BAB II,Persyaratan Dasar,Bagian Keempat,Paragraf 5,64,,,,Ketentuan,Ketentuan lebih lanjut mengenai tata cara persetujuan pelepasan kawasan hutan diatur dengan peraturan menteri yang menyelenggarakan urusan pemerintahan di bidang kehutanan.,Pasal 64,"lebih, lanjut, mengenai, tata, cara",Menteri
PP_28_2025,PP Nomor 28 Tahun 2025,PP,2025,28,BAB II,Persyaratan Dasar,Bagian Kelima,,65,1,,,Ketentuan,Pelaksanaan pemeriksaan lokasi usaha di laut sebagaimana dimaksud dalam Pasal 14 huruf b dilakukan melalui KKPRL. (21 KKPRL sebagaimana dimaksud pada ayat (1) dilakukan melalui persetujuan KKPRL.,Pasal 65 ayat (1),"kkprl, melalui, pelaksanaan, pemeriksaan, lokasi",
PP_28_2025,PP Nomor 28 Tahun 2025,PP,2025,28,BAB II,Persyaratan Dasar,Bagian Kelima,,66,1,,,Ketentuan,Persetujuan KKPRL sebagaimana dimaksud dalam Pasal 65 ayat (2) dilakukan dengan tahapan: a. pendaftaran; b. pemeriksaan dokumen usulan kegiatan pemanfaatan ruang laut;,Pasal 66 ayat (1),"persetujuan, kkprl, tahapan, pendaftaran, pemeriksaan",
PP_28_2025,PP Nomor 28 Tahun 2025,PP,2025,28,BAB II,Persyaratan Dasar,Bagian Kelima,,66,1,c,,Ketentuan,"penilaian dokumen usulan kegiatan pemanfaatan ruang laut; dan d. penerbitan persetujuan KKPRL. (21 Persetujuan KKPRL sebagaimana dimaksud dalam Pasal 65 ayat (21 dilakukan untuk kegiatan secara menetap di sebagian rltang laut yang mencakup: a. permukaan laut; b. kolom air; danlatau R.EPUBLIK INDONESIA c. permukaan dasar laut pada batas keluasan tertentu, sesuai dengan ketentuan peraturan perundang-undangan di bidang kelautan dan pengelolaan wilayah pesisir dan pulau-pulau kecil.",Pasal 66 ayat (1) huruf c,"laut, kegiatan, persetujuan, kkprl, permukaan",
PP_28_2025,PP Nomor 28 Tahun 2025,PP,2025,28,BAB II,Persyaratan Dasar,Bagian Kelima,,66,3,,,Ketentuan,"Kegiatan secara menetap sebagaimana dimaksud pada ayat (21harus memenuhi kriteria: a. dilakukan secara terus menerus; dan b. dilakukan selama paling singkat 30 (tiga puluh) hari kalender, sesuai dengan ketentuan peraturan perLrndang-undangan di bidang kelautan dan pengelolaan wilayah pesisir dan pulau-pulau kecil.",Pasal 66 ayat (3),"pulau, kegiatan, menetap, memenuhi, kriteria",
PP_28_2025,PP Nomor 28 Tahun 2025,PP,2025,28,BAB II,Persyaratan Dasar,Bagian Kelima,,67,1,,,Ketentuan,"Pendaftaran sebagaimana dimaksud dalam pasal 66 ayat (1) huruf a diajukan melalui Sistem OSS yang dilengkapi dengan: a. koordinat lokasi; b. rencana kegiatan, bangunan, dan/atau instalasi di laut; c. kebutuhan luas kegiatan pemanfaatan ruang di laut; d. informasi pemanfaatan ruang di sekitarnya; dan e. kedalaman lokasi. (21 Setelah pendaftaran sebagaimana dimaksud pada ayat (1) diterima lengkap, dilanjutkan ke tahapan pemeriksaan dokumen usulan kegiatan pemanfaatan rLrang laut sebagaimana dimaksud dalam Pasal 66 ayat (1) huruf b.",Pasal 67 ayat (1),"kegiatan, laut, pemanfaatan, pendaftaran, lokasi",
PP_28_2025,PP Nomor 28 Tahun 2025,PP,2025,28,BAB II,Persyaratan Dasar,Bagian Kelima,,68,1,,,Ketentuan,Pemeriksaan dokumen usulan kegiatan pemanfaatan rllang laut sebagaimana dimaksud dalam pasal66 ayat (1) huruf b dilakukan untuk memeriksa kebenaran dokumen usulan kegiatan pemanfaatan ruang laut yang dilakukan paling lama 5 (lima) Hari sejak dokumen diterima lengkap.,Pasal 68 ayat (1),"dokumen, usulan, kegiatan, pemanfaatan, laut",
PP_28_2025,PP Nomor 28 Tahun 2025,PP,2025,28,BAB II,Persyaratan Dasar,Bagian Kelima,,68,2,,,Ketentuan,Apabila _43_,Pasal 68 ayat (2),,
PP_28_2025,PP Nomor 28 Tahun 2025,PP,2025,28,BAB II,Persyaratan Dasar,Bagian Kelima,,68,2,,,Ketentuan,"Apabila berdasarkan hasil pemeriksaan sebagaimana dimaksud pada ayat (1) dokumen usulan kegiatan pemanfaatan ruang laut dinyatakan benar, permohonan pemanfaatan ruang laut dilakukan ke tahapan penilaian dokumen usulan kegiatan pemanfaatan ruang laut sebagaimana dimaksud dalam Pasal 66 ayat (1) huruf c.",Pasal 68 ayat (2),"pemanfaatan, ruang, laut, dokumen, usulan",
PP_28_2025,PP Nomor 28 Tahun 2025,PP,2025,28,BAB II,Persyaratan Dasar,Bagian Kelima,,68,3,,,Ketentuan,"Apabila berdasarkan hasil pemeriksaan sebagaimana dimaksud pada ayat (1) dokumen usulan kegiatan pemanfaatan ruang laut dinyatakan tidak benar, permohonan pemanfaatan ruang laut dinyatakan ditolak disertai dengan alasan penolakan.",Pasal 68 ayat (3),"pemanfaatan, ruang, laut, dinyatakan, hasil",
PP_28_2025,PP Nomor 28 Tahun 2025,PP,2025,28,BAB II,Persyaratan Dasar,Bagian Kelima,,69,1,,,Ketentuan,Penilaian dokumen usulan kegiatan pemanfaatan ruang laut sebagaimana dimaksud dalam Pasal 66 ayat (1) huruf c dilakukan melalui kajian atas dokumen usulan kegiatan pemanfaatan ruang laut dengan menggunakan asas berjenjang dan komplementer berdasarkan: a. RTR wilayah provinsi; b. RTR kawasan strategis nasional; c. rencana zonasi kawasan strategis nasional tertentu; d. rencana zonasi kawasan antarwilayah; dan/atau e. RTR wilayah nasional. (21 Penilaian dokumen usulan kegiatan pemanfaatan ruang laut sebagaimana dimaksud pada ayat (1) dilakukan paling lama 20 (dua puluh) Hari.,Pasal 69 ayat (1),"dokumen, usulan, kegiatan, pemanfaatan, ruang",
PP_28_2025,PP Nomor 28 Tahun 2025,PP,2025,28,BAB II,Persyaratan Dasar,Bagian Kelima,,69,3,,,Ketentuan,"Jika berdasarkan hasil penilaian sebagaimana dimaksud pada ayat (21 dokumen usulan kegiatan pemanfaatan ruang laut disetujui, Sistem OSS menerbitkan surat perintah setor PNBP sesuai dengan ketentuan peraturan perundang-undangan di bidang penerimaan negara bukan pajak paling lama 2 (dua) Hari sejak disetujuinya dokumen usulan kegiatan pemanfaatan ruang laut.",Pasal 69 ayat (3),"dokumen, usulan, kegiatan, pemanfaatan, ruang",
PP_28_2025,PP Nomor 28 Tahun 2025,PP,2025,28,BAB II,Persyaratan Dasar,Bagian Kelima,,69,4,,,Ketentuan,"Apabila berdasarkan hasil penilaian sebagaimana dimaksud pada ayat (21 dokumen usulan kegiatan pemanfaatan ruang laut tidak disetujui, Sistem OSS menyampaikan persetujuan KKPRL dinyatakan ditolak disertai dengan alasan penolakan kepada Pelaku Usaha. Pasal",Pasal 69 ayat (4),"hasil, penilaian, dokumen, usulan, kegiatan",Pelaku Usaha
PP_28_2025,PP Nomor 28 Tahun 2025,PP,2025,28,BAB II,Persyaratan Dasar,Bagian Kelima,,70,1,,,Ketentuan,"Apabila berdasarkan hasil penilaian sebagaimana dimaksud dalam Pasal 69 ayat (21 dokumen usulan kegiatan pemanfaatan ruang laut dinyatakan terdapat catatan perbaikan, Sistem OSS mengembalikan dokumen usulan kegiatan pemanfaatan ruang laut kepada Pelaku Usaha disertai dengan catatan perbaikan. (21 Pelaku Usaha menyampaikan perbaikan paling lama 5 (lima) Hari sejak pengembalian dokumen sebagaimana dimaksud pada ayat (1).",Pasal 70 ayat (1),"dokumen, perbaikan, usulan, kegiatan, pemanfaatan",Pelaku Usaha
PP_28_2025,PP Nomor 28 Tahun 2025,PP,2025,28,BAB II,Persyaratan Dasar,Bagian Kelima,,70,3,,,Ketentuan,"Penilaian kembali atas dokumen usulan kegiatan pemanfaatan ruang laut yang dinyatakan terdapat catatan perbaikan dilakukan paling lama 5 (lima) Hari sejak diterimanya perbaikan sebagaimana dimaksud pada ayat (21. (41 Jika berdasarkan hasil penilaian sebagaimana dimaksud pada ayat (3) masih terdapat catatan perbaikan atas dokumen usulan kegiatan pemanfaatan ruang laut, Sistem OSS mengembalikan dokumen kepada Pelaku Usaha disertai dengan catatan perbaikan.",Pasal 70 ayat (3),"perbaikan, dokumen, catatan, penilaian, usulan",Pelaku Usaha
PP_28_2025,PP Nomor 28 Tahun 2025,PP,2025,28,BAB II,Persyaratan Dasar,Bagian Kelima,,70,5,,,Ketentuan,Pelaku Usaha menyampaikan perbaikan paling lama 5 (lima) Hari sejak pengembalian dokumen sebagaimana dimaksud pada ayat (41.,Pasal 70 ayat (5),"pelaku, usaha, menyampaikan, perbaikan, paling",Pelaku Usaha
PP_28_2025,PP Nomor 28 Tahun 2025,PP,2025,28,BAB II,Persyaratan Dasar,Bagian Kelima,,70,6,,,Ketentuan,Penilaian kembali atas dokumen usulan kegiatan pemanfaatan ruang laut yang dinyatakan terdapat catatan perbaikan dilakukan paling lama 5 (lima) Hari sejak diterimanya perbaikan sebagaimana dimaksud pada ayat (5).,Pasal 70 ayat (6),"perbaikan, penilaian, kembali, dokumen, usulan",
PP_28_2025,PP Nomor 28 Tahun 2025,PP,2025,28,BAB II,Persyaratan Dasar,Bagian Kelima,,70,7,,,Ketentuan,"Permohonan persetujuan KKPRL dinyatakan ditolak disertai dengan alasan penolakan melalui Sistem OSS, apabila:",Pasal 70 ayat (7),"permohonan, persetujuan, kkprl, dinyatakan, ditolak",
PP_28_2025,PP Nomor 28 Tahun 2025,PP,2025,28,BAB II,Persyaratan Dasar,Bagian Kelima,,70,7,a,,Ketentuan,Pelaku Usaha tidak menyampaikan perbaikan dalam jangka waktu yang ditentukan sebagaimana dimaksud pada ayat (21atau ayat (5); atau b. berdasarkan hasil penilaian dokumen usulan kegiatan pemanfaatan ruang laut sebagaimana dimaksud pada ayat (3) atau ayat (6) dokumen usulan tidak disetujui.,Pasal 70 ayat (7) huruf a,"dokumen, usulan, pelaku, usaha, menyampaikan",Pelaku Usaha
PP_28_2025,PP Nomor 28 Tahun 2025,PP,2025,28,BAB II,Persyaratan Dasar,Bagian Kelima,,70,8,,,Ketentuan,Apabila . REPUBLTK INOONESIA _45_,Pasal 70 ayat (8),"republtk, inoonesia",
PP_28_2025,PP Nomor 28 Tahun 2025,PP,2025,28,BAB II,Persyaratan Dasar,Bagian Kelima,,70,8,,,Ketentuan,"Apabila berdasarkan hasil penilaian sebagaimana dimaksud pada ayat (3) atau ayat (6) dokumen usulan kegiatan pemanfaatan ruang laut disetujui, Sistem OSS menerbitkan surat perintah setor PNBP sesuai dengan ketentuan peraturan perundang-undangan di bidang penerimaan negara bukan pajak paling lama 2 (dua) Hari sejak dokumen kegiatan pemanfaatan rLlang laut disetujui.",Pasal 70 ayat (8),"dokumen, kegiatan, pemanfaatan, laut, disetujui",
PP_28_2025,PP Nomor 28 Tahun 2025,PP,2025,28,BAB II,Persyaratan Dasar,Bagian Kelima,,71,1,,,Ketentuan,Pembayaran PNBP dilakukan oleh Pelaku Usaha paling lama 7 (tujuh) hari kalender sejak diterbitkan surat perintah setor PNBP sebagaimana dimaksud dalam Pasal 69 ayat (3) atau Pasal 70 ayat (8). (21 Apabila jangka waktu 7 (tujuh) hari kalender sebagaimana dimaksud pada ayat (1) terlampaui:,Pasal 71 ayat (1),"pnbp, tujuh, hari, kalender, pembayaran",Pelaku Usaha
PP_28_2025,PP Nomor 28 Tahun 2025,PP,2025,28,BAB II,Persyaratan Dasar,Bagian Kelima,,71,1,a,,Ketentuan,surat perintah setor PNBP sebagaimana dimaksud pada ayat (1) menjadi tidak berlaku; dan,Pasal 71 ayat (1) huruf a,"surat, perintah, setor, pnbp, menjadi",
PP_28_2025,PP Nomor 28 Tahun 2025,PP,2025,28,BAB II,Persyaratan Dasar,Bagian Kelima,,71,1,b,,Ketentuan,Sistem OSS menerbitkan surat perintah setor PNBP kedua.,Pasal 71 ayat (1) huruf b,"sistem, menerbitkan, surat, perintah, setor",
PP_28_2025,PP Nomor 28 Tahun 2025,PP,2025,28,BAB II,Persyaratan Dasar,Bagian Kelima,,71,3,,,Ketentuan,Pelaku Usaha melakukan pembayaran PNBP dalam jangka waktu paling lama 7 (tujuh) hari kalender sejak diterbitkan surat perintah setor PNBP kedua sebagaimana dimaksud pada ayat (21huruf b.,Pasal 71 ayat (3),"pnbp, pelaku, usaha, melakukan, pembayaran",Pelaku Usaha
PP_28_2025,PP Nomor 28 Tahun 2025,PP,2025,28,BAB II,Persyaratan Dasar,Bagian Kelima,,71,4,,,Ketentuan,Apabila jangka waktu 7 (tujuh) hari kalender sebagaimana dimaksud pada ayat (3) terlampaui:,Pasal 71 ayat (4),"jangka, waktu, tujuh, hari, kalender",
PP_28_2025,PP Nomor 28 Tahun 2025,PP,2025,28,BAB II,Persyaratan Dasar,Bagian Kelima,,71,4,a,,Ketentuan,surat perintah setor PNBP sebagaimana dimaksud pada ayat (3) menjadi tidak berlaku; dan,Pasal 71 ayat (4) huruf a,"surat, perintah, setor, pnbp, menjadi",
PP_28_2025,PP Nomor 28 Tahun 2025,PP,2025,28,BAB II,Persyaratan Dasar,Bagian Kelima,,71,4,b,,Ketentuan,Sistem OSS menerbitkan surat perintah setor PNBP ketiga.,Pasal 71 ayat (4) huruf b,"sistem, menerbitkan, surat, perintah, setor",
PP_28_2025,PP Nomor 28 Tahun 2025,PP,2025,28,BAB II,Persyaratan Dasar,Bagian Kelima,,71,5,,,Ketentuan,Pelaku Usaha melakukan pembayaran PNBP dalam jangka waktu paling lama 7 (tu1uh) hari kalender sejak diterbitkan surat perintah setor PNBP ketiga sebagaimana dimaksud pada ayat (4) huruf b.,Pasal 71 ayat (5),"pnbp, pelaku, usaha, melakukan, pembayaran",Pelaku Usaha
PP_28_2025,PP Nomor 28 Tahun 2025,PP,2025,28,BAB II,Persyaratan Dasar,Bagian Kelima,,71,6,,,Ketentuan,Apabila jangka waktu 7 (tujuh) hari kalender sebagaimana dimaksud pada ayat (5) terlampaui:,Pasal 71 ayat (6),"jangka, waktu, tujuh, hari, kalender",
PP_28_2025,PP Nomor 28 Tahun 2025,PP,2025,28,BAB II,Persyaratan Dasar,Bagian Kelima,,71,6,a,,Ketentuan,surat perintah setor PNBP sebagaimana dimaksud pada ayat (5) menjadi tidak berlaku; dan,Pasal 71 ayat (6) huruf a,"surat, perintah, setor, pnbp, menjadi",
PP_28_2025,PP Nomor 28 Tahun 2025,PP,2025,28,BAB II,Persyaratan Dasar,Bagian Kelima,,71,6,b,,Ketentuan,permohonan persetujuan KKPRL dianggap ditarik kembali oleh Pelaku Usaha. Pasal. . . REPUBLTK INDONESIA,Pasal 71 ayat (6) huruf b,"permohonan, persetujuan, kkprl, dianggap, ditarik",Pelaku Usaha
PP_28_2025,PP Nomor 28 Tahun 2025,PP,2025,28,BAB II,Persyaratan Dasar,Bagian Kelima,,72,,,,Ketentuan,Menteri yang menyelenggarakan urusan pemerintahan di bidang kelautan dan perikanan melakukan: a. pemeriksaan sebagaimana dimaksud dalam Pasal 68; dan,Pasal 72,"menteri, menyelenggarakan, urusan, pemerintahan, bidang",Menteri
PP_28_2025,PP Nomor 28 Tahun 2025,PP,2025,28,BAB II,Persyaratan Dasar,Bagian Kelima,,72,,b,,Ketentuan,penilaian sebagaimana dimaksud dalam Pasal 69 dan Pasal 70.,Pasal 72 huruf b,penilaian,
PP_28_2025,PP Nomor 28 Tahun 2025,PP,2025,28,BAB II,Persyaratan Dasar,Bagian Kelima,,73,,,,Ketentuan,Penerbitan persetujuan KKPRL sebagaimana dimaksud dalam Pasal 66 ayat (1) huruf d dilakukan melalui Sistem OSS paling lama 6 (enam) Hari sejak diterimanya bukti pembayaran PNBP.,Pasal 73,"penerbitan, persetujuan, kkprl, melalui, sistem",
PP_28_2025,PP Nomor 28 Tahun 2025,PP,2025,28,BAB II,Persyaratan Dasar,Bagian Kelima,,74,1,,,Ketentuan,"Apabila dalam tahapan penilaian dokumen usulan kegiatan pemanfaatan ruang laut sebagaimana dimaksud dalam Pasal 69 dan Pasal 70 memerlukan rekomendasi atau pertimbangan kementerian/lembaga terkait berdasarkan peraturan perundang-undangan, kementerian yang menyelenggarakan urusan pemerintahan di bidang kelautan dan perikanan menyampaikan permohonan rekomendasi atau pertimbangan kepada kementerian/lembaga terkait. (21 Rekomendasi atau pertimbangan disampaikan oleh kementerian/lembaga terkait kepada kementerian yang menyelenggarakan urusan pemerintahan di bidang kelautan dan perikanan paling lama 5 (lima) Hari sejak diterimanya penyampaian permintaan rekomendasi atau pertimbangan sebagaimana dimaksud pada ayat (1).",Pasal 74 ayat (1),"kementerian, rekomendasi, pertimbangan, lembaga, terkait","Kementerian, Lembaga"
PP_28_2025,PP Nomor 28 Tahun 2025,PP,2025,28,BAB II,Persyaratan Dasar,Bagian Kelima,,74,3,,,Ketentuan,"Apabila rekomendasi atau pertimbangan tidak diberikan dalam jangka waktu sebagaimana dimaksud pada ayat (21, tahapan penilaian dokumen usulan kegiatan pemanfaatan ruang laut sebagaimana dimaksud dalam Pasal 69 dan Pasal 70 dilakukan tanpa rekomendasi atau pertimbangan.",Pasal 74 ayat (3),"rekomendasi, pertimbangan, diberikan, jangka, waktu",
PP_28_2025,PP Nomor 28 Tahun 2025,PP,2025,28,BAB II,Persyaratan Dasar,Bagian Kelima,,74,4,,,Ketentuan,Ketentuan sebagaimana dimaksud pada ayat (1) dan ayat,Pasal 74 ayat (4),,
PP_28_2025,PP Nomor 28 Tahun 2025,PP,2025,28,BAB II,Persyaratan Dasar,Bagian Kelima,,74,2,,,Ketentuan,tidak berlaku untuk rekomendasi di sektor pertahanan.,Pasal 74 ayat (2),"berlaku, rekomendasi, sektor, pertahanan",
PP_28_2025,PP Nomor 28 Tahun 2025,PP,2025,28,BAB II,Persyaratan Dasar,Bagian Kelima,,75,,,,Ketentuan,"Apabila jangka waktu sebagaimana dimaksud dalam Pasal 73 terlampaui, persetujuan KKPRL diterbitkan secara otomatis oSS' oleh Sistem Pasal . . . -47 -",Pasal 75,"jangka, waktu, terlampaui, persetujuan, kkprl",
PP_28_2025,PP Nomor 28 Tahun 2025,PP,2025,28,BAB II,Persyaratan Dasar,Bagian Kelima,,76,1,,,Ketentuan,"Apabila kegiatan usaha berada di kawasan yang ditetapkan oleh Pemerintah Pusat, pengelola kawasan menyampaikan rencana induk kawasan kepada menteri yang menyelenggarakan urusan pemerintahan di bidang kelautan dan perikanan.",Pasal 76 ayat (1),"kawasan, kegiatan, usaha, berada, ditetapkan","Pemerintah Pusat, Menteri"
PP_28_2025,PP Nomor 28 Tahun 2025,PP,2025,28,BAB II,Persyaratan Dasar,Bagian Kelima,,76,2,,,Ketentuan,"Berdasarkan rencana induk kawasan sebagaimana dimaksud pada ayat (1), menteri yang menyelenggarakan urusan pemerintahan di bidang kelautan dan perikanan mencatat data lokasi dan peruntukan ruang di kawasan sebagai dasar penerbitan persetujuan KKPRL di kawasan.",Pasal 76 ayat (2),"kawasan, rencana, induk, menteri, menyelenggarakan",Menteri
PP_28_2025,PP Nomor 28 Tahun 2025,PP,2025,28,BAB II,Persyaratan Dasar,Bagian Kelima,,76,3,,,Ketentuan,Data lokasi dan peruntukan ruang di kawasan sebagaimana dimaksud pada ayat (21 menjadi dasar pemeriksaan kebenaran dokumen permohonan persetujuan KKPRL sebagaimana dimaksud dalam Pasal 68.,Pasal 76 ayat (3),"data, lokasi, peruntukan, ruang, kawasan",
PP_28_2025,PP Nomor 28 Tahun 2025,PP,2025,28,BAB II,Persyaratan Dasar,Bagian Keenam,,77,1,,,Ketentuan,"Apabila terdapat kegiatan usaha yang memanfaatkan ruang laut secara menetap sebagaimana dimaksud dalam Pasal 66 ayat (3) di kawasan suaka alam atau kawasan pelestarian alam yang telah ditetapkan oleh menteri yang menyelenggarakan urusan pemerintahan di bidang kehutanan sesuai dengan ketentuan peraturan perundang-undangan, penerbitan persetujuan KKPRL didahului rekomendasi pemanfaatan kawasan suaka alam atau kawasan pelestarian alam.",Pasal 77 ayat (1),"kawasan, alam, suaka, pelestarian, terdapat",Menteri
PP_28_2025,PP Nomor 28 Tahun 2025,PP,2025,28,BAB II,Persyaratan Dasar,Bagian Keenam,,77,2,,,Ketentuan,Rekomendasi pemanfaatan kawasan suaka alam atau kawasan pelestarian alam sebagaimana dimaksud pada ayat (1) diberikan oleh menteri yang menyelenggarakan urusan pemerintahan di bidang kehutanan.,Pasal 77 ayat (2),"kawasan, alam, rekomendasi, pemanfaatan, suaka",Menteri
PP_28_2025,PP Nomor 28 Tahun 2025,PP,2025,28,BAB II,Persyaratan Dasar,Bagian Keenam,,77,3,,,Ketentuan,"Selain kelengkapan sebagaimana dimaksud dalam Pasal 67 ayat (ll, permohonan penerbitan persetujuan KKPRL sebagaimana dimaksud pada ayat (1) juga dilengkapi dengan peta usulan kegiatan pemanfaatan ruang laut.",Pasal 77 ayat (3),"selain, kelengkapan, permohonan, penerbitan, persetujuan",
PP_28_2025,PP Nomor 28 Tahun 2025,PP,2025,28,BAB II,Persyaratan Dasar,Bagian Keenam,,77,4,,,Ketentuan,Pemberian,Pasal 77 ayat (4),pemberian,
PP_28_2025,PP Nomor 28 Tahun 2025,PP,2025,28,BAB II,Persyaratan Dasar,Bagian Keenam,,77,4,,,Ketentuan,Pemberian rekomendasi pemanfaatan kawasan suaka alam atau kawasan pelestarian alam sebagaimana dimaksud pada ayat (2) dilakukan dengan verifikasi persyaratan permohonan berdasarkan kesesuaian kaidah konservasi pemanfaatan kawasan suaka alam atau kawasan pelestarian alam paling lama 15 (lima belas) Hari sejak dokumen usulan kegiatan pemanfaatan ruang laut sebagaimana dimaksud pada ayat (3) diterima secara lengkap.,Pasal 77 ayat (4),"kawasan, alam, pemanfaatan, suaka, pelestarian",
PP_28_2025,PP Nomor 28 Tahun 2025,PP,2025,28,BAB II,Persyaratan Dasar,Bagian Keenam,,77,5,,,Ketentuan,"Apabila dalam jangka waktu sebagaimana dimaksud pada ayat (4) rekomendasi pemanfaatan kawasan suaka alam atau kawasan pelestarian alam tidak diterbitkan, permohonan dilanjutkan ke tahapan pemeriksaan dokumen usulan kegiatan pemanfaatan ruang laut.",Pasal 77 ayat (5),"pemanfaatan, kawasan, alam, jangka, waktu",
PP_28_2025,PP Nomor 28 Tahun 2025,PP,2025,28,BAB II,Persyaratan Dasar,Bagian Keenam,,77,6,,,Ketentuan,"Apabila berdasarkan verifikasi persyaratan permohonan sebagaimana dimaksud pada ayat (41 menteri yang menyelenggarakan urusan pemerintahan di bidang kehutanan menolak permohonan rekomendasi pemanfaatan kawasan suaka alam atau kawasan pelestarian alam, menteri yang menyelenggarakan urusan pemerintahan di bidang kelautan dan perikanan menyampaikan permohonan persetujuan KKPRL dinyatakan ditolak kepada Pelaku Usaha disertai dengan alasan penolakan melalui Sistem OSS. (71 Apabila berdasarkan verifikasi persyaratan permohonan sebagaimana dimaksud pada ayat (4) menteri yang menyelenggarakan urusan pemerintahan di bidang kehutanan menyetujui permohonan rekomendasi pemanfaatan kawasan suaka alam atau kawasan pelestarian alam, permohonan dilanjutkan ke tahapan pemeriksaan dokumen usulan kegiatan pemanfaatan ruang laut sebagaimana dimaksud dalam Pasal 68 melalui Sistem OSS.",Pasal 77 ayat (6),"permohonan, kawasan, alam, menteri, menyelenggarakan","Pelaku Usaha, Menteri"
PP_28_2025,PP Nomor 28 Tahun 2025,PP,2025,28,BAB II,Persyaratan Dasar,Bagian Keenam,,77,8,,,Ketentuan,Ketentuanmengenai:,Pasal 77 ayat (8),ketentuanmengenai,
PP_28_2025,PP Nomor 28 Tahun 2025,PP,2025,28,BAB II,Persyaratan Dasar,Bagian Keenam,,77,8,a,,Ketentuan,pemeriksaan dokumen usulan kegiatan pemanfaatan ruang laut sebagaimana dimaksud dalam Pasal 68;,Pasal 77 ayat (8) huruf a,"pemeriksaan, dokumen, usulan, kegiatan, pemanfaatan",
PP_28_2025,PP Nomor 28 Tahun 2025,PP,2025,28,BAB II,Persyaratan Dasar,Bagian Keenam,,77,8,b,,Ketentuan,penilaian dokumen usulan kegiatan pemanfaatan ruang laut sebagaimana dimaksud dalam Pasal 69 dan Pasal 70; dan,Pasal 77 ayat (8) huruf b,"penilaian, dokumen, usulan, kegiatan, pemanfaatan",
PP_28_2025,PP Nomor 28 Tahun 2025,PP,2025,28,BAB II,Persyaratan Dasar,Bagian Keenam,,77,8,c,,Ketentuan,"penerbitan persetujuan KKPRL sebagaimana dimaksud dalam Pasal 73 sampai dengan Pasal 75, berlaku secara mutatis mutandis untuk penerbitan persetujuan KKPRL di kawasan suaka alam atau kawasan pelestarian alam. Bagian . . . _49_",Pasal 77 ayat (8) huruf c,"penerbitan, persetujuan, kkprl, kawasan, alam",
PP_28_2025,PP Nomor 28 Tahun 2025,PP,2025,28,BAB II,Persyaratan Dasar,Bagian Ketujuh,,78,1,,,Kewajiban,PL sebagaimana dimaksud dalam Pasal 12 ayat (1) huruf b wajib dimiliki oleh Pelaku Usaha untuk setiap usaha dan/atau kegiatan yang memiliki dampak penting atau tidak penting terhadap lingkungan.,Pasal 78 ayat (1),"usaha, penting, wajib, dimiliki, pelaku",Pelaku Usaha
PP_28_2025,PP Nomor 28 Tahun 2025,PP,2025,28,BAB II,Persyaratan Dasar,Bagian Ketujuh,,78,2,,,Ketentuan,"PL sebagaimana dimaksud pada ayat (1) diberikan berdasarkan pemenuhan dokumen lingkungan hidup berupa: a. Amdal; b. UKL-UPL; atau c. SPPL, sesuai dengan ketentuan peraturan perundang-undangan di bidang perlindungan dan pengelolaan lingkungan hidup.",Pasal 78 ayat (2),"lingkungan, hidup, diberikan, pemenuhan, dokumen",
PP_28_2025,PP Nomor 28 Tahun 2025,PP,2025,28,BAB II,Persyaratan Dasar,Bagian Ketujuh,,78,3,,,Kewajiban,PL sebagaimana dimaksud pada ayat (21 diberikan dalam bentuk: a. Surat Keputusan Kelayakan Lingkungan Hidup untuk usaha dan/atau kegiatan yang memiliki dampak penting terhadap lingkungan hidup dan termasuk dalam kriteria wajib Amdal;,Pasal 78 ayat (3),"lingkungan, hidup, diberikan, bentuk, surat",
PP_28_2025,PP Nomor 28 Tahun 2025,PP,2025,28,BAB II,Persyaratan Dasar,Bagian Ketujuh,,78,3,b,,Kewajiban,Pernyataan Kesanggupan Pengelolaan Lingkungan Hidup untuk usaha dan/atau kegiatan yang tidak memiliki dampak penting terhadap lingkungan hidup dan termasuk dalam kriteria wajib UKL-UPL; atau,Pasal 78 ayat (3) huruf b,"lingkungan, hidup, pernyataan, kesanggupan, pengelolaan",
PP_28_2025,PP Nomor 28 Tahun 2025,PP,2025,28,BAB II,Persyaratan Dasar,Bagian Ketujuh,,78,3,c,,Kewajiban,SPPL untuk usaha dan/atau kegiatan yang tidak memiliki dampak penting terhadap lingkungan hidup dan tidak termasuk dalam kriteria wajib Amdal atau UKL-UPL. (41 Permohonan PL diajukan oleh Pelaku Usaha melalui Sistem OSS.,Pasal 78 ayat (3) huruf c,"usaha, sppl, kegiatan, memiliki, dampak",Pelaku Usaha
PP_28_2025,PP Nomor 28 Tahun 2025,PP,2025,28,BAB II,Persyaratan Dasar,Bagian Ketujuh,,78,5,,,Ketentuan,Penerbitan PL sebagaimana dimaksud pada ayat (2) dan ayat (3) disampaikan kepada Pelaku Usaha melalui Sistem OSS.,Pasal 78 ayat (5),"penerbitan, disampaikan, kepada, pelaku, usaha",Pelaku Usaha
PP_28_2025,PP Nomor 28 Tahun 2025,PP,2025,28,BAB II,Persyaratan Dasar,Bagian Ketujuh,,78,6,,,Ketentuan,_50_,Pasal 78 ayat (6),,
PP_28_2025,PP Nomor 28 Tahun 2025,PP,2025,28,BAB II,Persyaratan Dasar,Bagian Ketujuh,,78,6,,,Ketentuan,"Bagi kegiatan usaha dengan lebih dari 1 (satu) KBLI yang merupakan kegiatan usaha terintegrasi yang berlokasi dalam satu kesatuan hamparan ekosistem kegiatan, pengajuan dan penerbitan PL mengacu pada persyaratan pemenuhan dokumen lingkungan yang paling tinggi.",Pasal 78 ayat (6),"kegiatan, usaha, satu, lebih, kbli",
PP_28_2025,PP Nomor 28 Tahun 2025,PP,2025,28,BAB II,Persyaratan Dasar,Bagian Ketujuh,,79,,,,Ketentuan,PL dilakukan melalui tahapan:,Pasal 79,"melalui, tahapan",
PP_28_2025,PP Nomor 28 Tahun 2025,PP,2025,28,BAB II,Persyaratan Dasar,Bagian Ketujuh,,79,,a,,Ketentuan,penapisan jenis dokumen lingkungan hidup dan penapisan persetujuan teknis oleh Pelaku Usaha;,Pasal 79 huruf a,"penapisan, jenis, dokumen, lingkungan, hidup",Pelaku Usaha
PP_28_2025,PP Nomor 28 Tahun 2025,PP,2025,28,BAB II,Persyaratan Dasar,Bagian Ketujuh,,79,,b,,Ketentuan,permohonan persetujuan teknis oleh Pelaku Usaha; c. permohonan PL atau perubahan PL oleh Pelaku Usaha; d. penilaian atau pemeriksaan dokumen lingkungan hidup;,Pasal 79 huruf b,"permohonan, pelaku, usaha, persetujuan, teknis",Pelaku Usaha
PP_28_2025,PP Nomor 28 Tahun 2025,PP,2025,28,BAB II,Persyaratan Dasar,Bagian Ketujuh,,79,,e,,Ketentuan,pengambilan keputusan kelayakan lingkungan hidup; dan f. penerbitan PL.,Pasal 79 huruf e,"pengambilan, keputusan, kelayakan, lingkungan, hidup",
PP_28_2025,PP Nomor 28 Tahun 2025,PP,2025,28,BAB II,Persyaratan Dasar,Bagian Ketujuh,Paragraf 2,8O,1,,,Kewajiban,Persetujuan teknis harus dipenuhi Pelaku Usaha sebagai persyaratan administrasi untuk permohonan PL dengan dokumen lingkungan Amdal atau UKL-UPL. (21 Persetujuan teknis sebagaimana dimaksud pada ayat (1) terdiri atas: a. pemenuhan baku mutu air limbah; b. pemenuhan baku mutu emisi;,Pasal 8O ayat (1),"persetujuan, teknis, pemenuhan, baku, mutu",Pelaku Usaha
PP_28_2025,PP Nomor 28 Tahun 2025,PP,2025,28,BAB II,Persyaratan Dasar,Bagian Ketujuh,Paragraf 2,8O,1,c,,Ketentuan,pengelolaan limbah bahan berbahaya dan beracun; dan/atau d. analisis mengenai dampak lalu lintas.,Pasal 8O ayat (1) huruf c,"pengelolaan, limbah, bahan, berbahaya, beracun",
PP_28_2025,PP Nomor 28 Tahun 2025,PP,2025,28,BAB II,Persyaratan Dasar,Bagian Ketujuh,Paragraf 2,81,1,,,Ketentuan,"Pelaku Usaha melakukan penapisan jenis persetujuan teknis sebagaimana dimaksud dalam Pasal 80 ayat (2) huruf a, huruf b, dan huruf c secara mandiri melalui sistem informasi lingkungan hidup.",Pasal 81 ayat (1),"pelaku, usaha, melakukan, penapisan, jenis",Pelaku Usaha
PP_28_2025,PP Nomor 28 Tahun 2025,PP,2025,28,BAB II,Persyaratan Dasar,Bagian Ketujuh,Paragraf 2,81,2,,,Ketentuan,Pelaku. . . R.EPUBLIK INDONESI/\ -51 - (21 Pelaku Usaha melakukan penapisan jenis persetujuan teknis sebagaimana dimaksud dalam Pasal 80 ayat (2) huruf d secara mandiri melalui sistem informasi lalu lintas.,Pasal 81 ayat (2),"pelaku, epublik, indonesi, usaha, melakukan",Pelaku Usaha
PP_28_2025,PP Nomor 28 Tahun 2025,PP,2025,28,BAB II,Persyaratan Dasar,Bagian Ketujuh,Paragraf 2,81,3,,,Hak,"Dalam hal berdasarkan hasil penapisan sebagaimana dimaksud pada ayat (1) dan ayat (21, usaha dan/atau kegiatan yang dilakukan oleh Pelaku Usaha tidak berdampak pada air, tanah, udara, danf atau bangkitan dan tarikan lalu lintas, Pelaku Usaha tidak memerlukan persetujuan teknis. (41 Dalam hal berdasarkan hasil penapisan sebagaimana dimaksud pada ayat (1) dan ayat (21 usaha dan/atau kegiatan yang dilakukan oleh Pelaku Usaha berdampak pada air, tanah, udara, danf atau bangkitan dan tarikan lalu lintas, Pelaku Usaha menyampaikan permohonan persetujuan teknis kepada instansi yang berwenang.",Pasal 81 ayat (3),"usaha, pelaku, hasil, penapisan, kegiatan","Pelaku Usaha, Instansi"
PP_28_2025,PP Nomor 28 Tahun 2025,PP,2025,28,BAB II,Persyaratan Dasar,Bagian Ketujuh,Paragraf 2,81,5,,,Ketentuan,"Dalam hal tidak diperlukan persetujuan teknis sebagaimana dimaksud pada ayat (3), Pelaku Usaha menyampaikan permohonan PL melalui Sistem OSS.",Pasal 81 ayat (5),"diperlukan, persetujuan, teknis, pelaku, usaha",Pelaku Usaha
PP_28_2025,PP Nomor 28 Tahun 2025,PP,2025,28,BAB II,Persyaratan Dasar,Bagian Ketujuh,Paragraf 2,81,6,,,Ketentuan,Permohonan persetujuan teknis sebagaimana dimaksud pada ayat (41diajukan dalam bentuk pen5rusunan: a. standar teknis yang ditetapkan oleh Pemerintah Pusat; atau b. kajian teknis.,Pasal 81 ayat (6),"teknis, permohonan, persetujuan, diajukan, bentuk",Pemerintah Pusat
PP_28_2025,PP Nomor 28 Tahun 2025,PP,2025,28,BAB II,Persyaratan Dasar,Bagian Ketujuh,Paragraf 2,82,,,,Hak,"Dalam hal persetujuan teknis telah memiliki standar teknis sebagaimana dimaksud dalam Pasal 81 ayat (6) huruf a, penerbitan persetujuan teknis dilakukan otomatis melalui sistem informasi lingkungan hidup danlatau sistem informasi lalu lintas sesuai dengan kewenangan dari instansi yang berwenang.",Pasal 82,"teknis, persetujuan, sistem, informasi, memiliki",Instansi
PP_28_2025,PP Nomor 28 Tahun 2025,PP,2025,28,BAB II,Persyaratan Dasar,Bagian Ketujuh,Paragraf 2,83,1,,,Ketentuan,Penerbitan persetujuan teknis dalam bentuk kajian teknis sebagaimana dimaksud dalam Pasal 81 ayat (6) huruf b:,Pasal 83 ayat (1),"teknis, penerbitan, persetujuan, bentuk, kajian",
PP_28_2025,PP Nomor 28 Tahun 2025,PP,2025,28,BAB II,Persyaratan Dasar,Bagian Ketujuh,Paragraf 2,83,1,a,,Ketentuan,"untuk pemenuhan baku mutu air limbah dan pemenuhan baku mutu emisi, dilakukan paling lama 30 (tiga puluh) Hari; dan",Pasal 83 ayat (1) huruf a,"pemenuhan, baku, mutu, limbah, emisi",
PP_28_2025,PP Nomor 28 Tahun 2025,PP,2025,28,BAB II,Persyaratan Dasar,Bagian Ketujuh,Paragraf 2,83,1,b,,Ketentuan,"untuk pengelolaan limbah bahan berbahaya dan beracun, dilakukan paling lama 16 (enam belas) Hari, sejak dinyatakan lengkap dan benar. (21 Penerbitan persetujuan teknis analisis mengenai dampak lalu lintas sebagaimana dimaksud dalam Pasal 8O ayat (2) huruf d: a. untuk kegiatan dengan bangkitan lalu lintas tinggi dan sedang, dilakukan paling lama 23 (dua puluh tiga) Hari; dan",Pasal 83 ayat (1) huruf b,"paling, lama, hari, lalu, lintas",
PP_28_2025,PP Nomor 28 Tahun 2025,PP,2025,28,BAB II,Persyaratan Dasar,Bagian Ketujuh,Paragraf 2,83,1,b,,Ketentuan,"untuk kegiatan dengan bangkitan lalu lintas rendah dilakukan paling lama 3 (tiga) Hari, sejak dinyatakan lengkap dan benar.",Pasal 83 ayat (1) huruf b,"kegiatan, bangkitan, lalu, lintas, rendah",
PP_28_2025,PP Nomor 28 Tahun 2025,PP,2025,28,BAB II,Persyaratan Dasar,Bagian Ketujuh,Paragraf 2,83,3,,,Ketentuan,"Dalam hal persetujuan teknis dalam bentuk kajian teknis untuk pemenuhan baku mutu air limbah dan pemenuhan baku mutu emisi belum dapat diterbitkan dalam jangka waktu sebagaimana dimaksud pada ayat (1) huruf a, Pelaku Usaha dapat langsung mengajukan permohonan PL dengan melampirkan bukti permohonan persetujuan teknis Pelaku Usaha yang telah dinyatakan lengkap dan benar dari:",Pasal 83 ayat (3),"teknis, persetujuan, pemenuhan, baku, mutu",Pelaku Usaha
PP_28_2025,PP Nomor 28 Tahun 2025,PP,2025,28,BAB II,Persyaratan Dasar,Bagian Ketujuh,Paragraf 2,83,3,a,,Ketentuan,pejabat yang membidangi pengendalian pencemaran dan kerusakan lingkungan untuk penerbitan persetujuan teknis yang menjadi kewenangan menteri/ kepala badan yang menyelenggarakan urusan pemerintahan di bidang perlindungan dan pengelolaan lingkungan hidup dan tugas pemerintahan di bidang pengendalian lingkungan hidup; atau,Pasal 83 ayat (3) huruf a,"lingkungan, pengendalian, pemerintahan, bidang, hidup","Menteri, Badan"
PP_28_2025,PP Nomor 28 Tahun 2025,PP,2025,28,BAB II,Persyaratan Dasar,Bagian Ketujuh,Paragraf 2,83,3,b,,Ketentuan,"pejabat yang membidangi lingkungan hidup untuk penerbitan persetujuan teknis yang menjadi kewenangan gubernur atau bupati/wali kota, melalui sistem informasi lingkungan hidup. (41 Dalam hal persetujuan teknis dalam bentuk kajian teknis untuk pengelolaan limbah bahan berbahaya dan beracun belum dapat diterbitkan dalam jangka waktu sebagaimana dimaksud pada ayat (1) huruf b, Pelaku Usaha dapat langsung mengajukan permohonan PL dengan melampirkan bukti permohonan persetujuan teknis Pelaku Usaha yang telah dinyatakan lengkap dan benar dari:",Pasal 83 ayat (3) huruf b,"teknis, persetujuan, lingkungan, hidup, pelaku","Pelaku Usaha, Wali Kota, Gubernur, Bupati"
PP_28_2025,PP Nomor 28 Tahun 2025,PP,2025,28,BAB II,Persyaratan Dasar,Bagian Ketujuh,Paragraf 2,83,3,a,,Ketentuan,pejabat yang membidangi pengelolaan limbah bahan berbahaya dan beracun untuk penerbitan persetujuan teknis yang menjadi kewenangan menteri/kepala badan yang menyelenggarakan urusan pemerintahan di bidang perlindungan dan pengelolaan lingkungan hidup dan tugas pemerintahan di bidang pengendalian lingkungan hidup; atau,Pasal 83 ayat (3) huruf a,"pengelolaan, pemerintahan, bidang, lingkungan, hidup","Menteri, Badan"
PP_28_2025,PP Nomor 28 Tahun 2025,PP,2025,28,BAB II,Persyaratan Dasar,Bagian Ketujuh,Paragraf 2,83,3,b,,Ketentuan,"pejabat yang membidangi lingkungan hidup untuk penerbitan persetujuan teknis yang menjadi kewenangan gubernur atau bupati/wali kota, melalui sistem informasi lingkungan hidup.",Pasal 83 ayat (3) huruf b,"lingkungan, hidup, pejabat, membidangi, penerbitan","Wali Kota, Gubernur, Bupati"
PP_28_2025,PP Nomor 28 Tahun 2025,PP,2025,28,BAB II,Persyaratan Dasar,Bagian Ketujuh,Paragraf 2,83,5,,,Ketentuan,"Dalam hal persetujuan teknis untuk persetujuan analisis mengenai dampak lalu lintas belum dapat diterbitkan dalam jangka waktu sebagaimana dimaksud pada ayat (21, Pelaku Usaha dapat langsung mengajukan permohonan PL dengan melampirkan bukti permohonan persetujuan teknis Pelaku Usaha yang telah dinyatakan lengkap dan benar dari menteri yang menyelenggarakan urusan pemerintahan di bidang transportasi, gubernur, atau bupati/wali kota sesuai dengan kewenangan masing- masing melalui sistem informasi lalu lintas.",Pasal 83 ayat (5),"persetujuan, teknis, lalu, lintas, pelaku","Pelaku Usaha, Wali Kota, Gubernur, Menteri, Bupati"
PP_28_2025,PP Nomor 28 Tahun 2025,PP,2025,28,BAB II,Persyaratan Dasar,Bagian Ketujuh,Paragraf 2,83,6,,,Ketentuan,"Persetujuan teknis yang belum dapat diterbitkan dalam jangka waktu sebagaimana dimaksud pada ayat (3), ayat",Pasal 83 ayat (6),"persetujuan, teknis, belum, diterbitkan, jangka",
PP_28_2025,PP Nomor 28 Tahun 2025,PP,2025,28,BAB II,Persyaratan Dasar,Bagian Ketujuh,Paragraf 2,83,4,,,Kewajiban,"', dan ayat (5) sudah harus diterima pada saat pemeriksaan substansi dokumen lingkungan hidup dimulai. (71 Dalam hal persetujuan teknis tidak diterbitkan pada saat dimulainya pemeriksaan substansi dokumen lingkungan hidup, pemeriksaan substansi dokumen lingkungan hidup tetap dapat dilakukan tanpa persetujuan teknis.",Pasal 83 ayat (4),"pemeriksaan, substansi, dokumen, lingkungan, hidup",
PP_28_2025,PP Nomor 28 Tahun 2025,PP,2025,28,BAB II,Persyaratan Dasar,Bagian Ketujuh,Paragraf 2,84,1,,,Ketentuan,"Pelaku Usaha dapat mengajukan permohonan penerbitan persetujuan teknis bersamaan dengan permohonan PL, apabila:",Pasal 84 ayat (1),"permohonan, pelaku, usaha, mengajukan, penerbitan",Pelaku Usaha
PP_28_2025,PP Nomor 28 Tahun 2025,PP,2025,28,BAB II,Persyaratan Dasar,Bagian Ketujuh,Paragraf 2,84,1,a,,Ketentuan,telah terdapat perhitungan daya dukung dan daya tampung lingkungan hidup di lokasi rencana usaha yang menunjukkan masih mampu mendukung pelaksanaan usaha; dan,Pasal 84 ayat (1) huruf a,"daya, usaha, terdapat, perhitungan, dukung",
PP_28_2025,PP Nomor 28 Tahun 2025,PP,2025,28,BAB II,Persyaratan Dasar,Bagian Ketujuh,Paragraf 2,84,1,b,,Ketentuan,"pengelolaan air limbah dan limbah bahan berbahaya dan beracun dihasilkan dari kegiatan sendiri. (21 Dalam hal rencana usaha merupakan proyek strategis nasional, Pelaku Usaha dapat mengajukan permohonan penerbitan persetujuan teknis di bidang lingkungan hidup dan/atau di bidang lalu lintas bersamaan dengan pengajuan PL.",Pasal 84 ayat (1) huruf b,"limbah, usaha, bidang, pengelolaan, bahan",Pelaku Usaha
PP_28_2025,PP Nomor 28 Tahun 2025,PP,2025,28,BAB II,Persyaratan Dasar,Bagian Ketujuh,Paragraf 2,84,3,,,Ketentuan,Permohonan R.EPUBLIK INDONESIA,Pasal 84 ayat (3),"permohonan, epublik, indonesia",
PP_28_2025,PP Nomor 28 Tahun 2025,PP,2025,28,BAB II,Persyaratan Dasar,Bagian Ketujuh,Paragraf 2,84,3,,,Ketentuan,"Permohonan penerbitan persetujuan teknissebagaimana dimaksud pada ayat (1) dan ayat (21 diajukan kepada menteri/kepala badan yang menyelenggarakan urusan pemerintahan di bidang perlindungan dan pengelolaan lingkungan hidup dan tugas pemerintahan di bidang pengendalian lingkungan hidup dan/atau menteri yang menyelenggarakan urusan pemerintahan di bidang transportasi, gubernur, atau bupati/wali kota sesuai dengan kewenangan masing-masing melalui sistem informasi lingkungan hidup dan/atau sistem informasi lalu lintas.",Pasal 84 ayat (3),"pemerintahan, bidang, lingkungan, hidup, menteri","Wali Kota, Gubernur, Menteri, Bupati, Badan"
PP_28_2025,PP Nomor 28 Tahun 2025,PP,2025,28,BAB II,Persyaratan Dasar,Bagian Ketujuh,Paragraf 2,84,4,,,Ketentuan,"Menteri/kepala badan yang menyelenggarakan urusan pemerintahan di bidang perlindungan dan pengelolaan lingkungan hidup dan tugas pemerintahan di bidang pengendalian lingkungan hidup dan/atau menteri yang menyelenggarakan urusan pemerintahan di bidang transportasi, gubernur, atau bupati/wali kota sesuai dengan kewenangan masing-masing menyampaikan kepada Pelaku Usaha mengenai persetujuan atau penolakan atas permohonan penerbitan persetujuan teknis sebagaimana dimaksud pada ayat (3) dalam jangka waktu 3 (tiga) Hari sejak permohonan diterima.",Pasal 84 ayat (4),"pemerintahan, bidang, menteri, menyelenggarakan, urusan","Pelaku Usaha, Wali Kota, Gubernur, Menteri, Bupati, Badan"
PP_28_2025,PP Nomor 28 Tahun 2025,PP,2025,28,BAB II,Persyaratan Dasar,Bagian Ketujuh,Paragraf 2,85,1,,,Ketentuan,"Dalam hal permohonan penerbitan persetujuan teknis bersamaan dengan permohonan PL sebagaimana dimaksud dalam Pasal 84 disetujui, Pelaku Usaha mengajukan permohonan PL disertai dengan dokumen persetujuan teknis melalui Sistem OSS, untuk dilakukan penilaian atau pemeriksaan. (21 Penerbitan persetujuan teknis sebagaimana dimaksud pada ayat (1) dilakukan bersamaan dengan penilaian atau pemeriksaan substansi dokumen lingkungan hidup.",Pasal 85 ayat (1),"permohonan, persetujuan, teknis, penerbitan, bersamaan",Pelaku Usaha
PP_28_2025,PP Nomor 28 Tahun 2025,PP,2025,28,BAB II,Persyaratan Dasar,Bagian Ketujuh,Paragraf 3,86,1,,,Kewajiban,Permohonan PL untuk usaha wajib Amdal yang diajukan oleh Pelaku Usaha dilakukan melalui: a. pengisian formulir kerangka acuan oleh Pelaku Usaha; b. pemeriksaan formulir kerangka acuan; . PRES IDEN c. pen5rusunan dokumen Andal dan dokumen RKL-RPL oleh Pelaku Usaha; dan d. penilaian dokumen Andal dan dokumen RKL-RPL.,Pasal 86 ayat (1),"usaha, dokumen, pelaku, formulir, kerangka",Pelaku Usaha
PP_28_2025,PP Nomor 28 Tahun 2025,PP,2025,28,BAB II,Persyaratan Dasar,Bagian Ketujuh,Paragraf 3,86,2,,,Kewajiban,"Dalam hal Pelaku Usaha wajib Amdal yang telah memiliki PL akan melakukan perubahan usaha, Pelaku Usaha harus melakukan perubahan PL.",Pasal 86 ayat (2),"usaha, pelaku, melakukan, perubahan, wajib",Pelaku Usaha
PP_28_2025,PP Nomor 28 Tahun 2025,PP,2025,28,BAB II,Persyaratan Dasar,Bagian Ketujuh,Paragraf 3,86,3,,,Ketentuan,Pengisian formulir kerangka acuan oleh Pelaku Usaha sebagaimana dimaksud pada ayat (1) huruf a dan pemeriksaan formulir kerangka acuan sebagaimana dimaksud pada ayat (1) huruf b dilakukan sesuai dengan ketentuan peraturan perundang-undangan di bidang perlindungan dan pengelolaan lingkungan hidup.,Pasal 86 ayat (3),"formulir, kerangka, acuan, pengisian, pelaku",Pelaku Usaha
PP_28_2025,PP Nomor 28 Tahun 2025,PP,2025,28,BAB II,Persyaratan Dasar,Bagian Ketujuh,Paragraf 3,86,4,,,Ketentuan,Pen5rusunan dokumen Andal dan dokumen RKL-RPL oleh Pelaku Usaha sebagaimana dimaksud pada ayat (1) huruf c dan penilaian dokumen Andal dan dokumen RKL-RPL sebagaimana dimaksud pada ayat (1) huruf d dilakukan sesuai dengan ketentuan peraturan perundang-undangan di bidang perlindungan dan pengelolaan lingkungan hidup.,Pasal 86 ayat (4),"dokumen, andal, rusunan, pelaku, usaha",Pelaku Usaha
PP_28_2025,PP Nomor 28 Tahun 2025,PP,2025,28,BAB II,Persyaratan Dasar,Bagian Ketujuh,Paragraf 3,86,5,,,Ketentuan,Permohonan PL melalui penilaian dokumen Andal dan dokumen RKL-RPL sebagaimana dimaksud pada ayat (1) huruf d diajukan oleh Pelaku Usaha dengan melampirkan: a. dokumen Andal; b. dokumen RKL-RPL; dan,Pasal 86 ayat (5),"dokumen, andal, permohonan, melalui, penilaian",Pelaku Usaha
PP_28_2025,PP Nomor 28 Tahun 2025,PP,2025,28,BAB II,Persyaratan Dasar,Bagian Ketujuh,Paragraf 3,86,5,c,,Ketentuan,persetujuan teknis dalam hal dipersyaratkan sesuai dengan ketentuan peraturan perundang-undangan di bidang perlindungan dan pengelolaan lingkungan hidup dan/atau lalu lintas.,Pasal 86 ayat (5) huruf c,"persetujuan, teknis, dipersyaratkan, perundang, undangan",
PP_28_2025,PP Nomor 28 Tahun 2025,PP,2025,28,BAB II,Persyaratan Dasar,Bagian Ketujuh,Paragraf 3,86,6,,,Ketentuan,"Dalam hal permohonan PL sebagaimana dimaksud pada ayat (5) dinyatakan lengkap melalui Sistem OSS, menteri/kepala badan yang menyelenggarakan urusan pemerintahan di bidang perlindungan dan pengelolaan lingkungan hidup dan tugas pemerintahan di bidang pengendalian lingkungan hidup, gubernur, atau bupati/wali kota sesuai dengan kewenangannya melalui Tim Uji Kelayakan Lingkungan Hidup melakukan penilaian terhadap permohonan PL dengan dokumen Amdal. (71 Penilaian sebagaimana dimaksud pada ayat (6) dilakukan melalui tahapan: a. penilaian administrasi; dan b. penilaian substansi. Pasal. . . REPUBLIK INOONESIA",Pasal 86 ayat (6),"penilaian, melalui, lingkungan, hidup, permohonan","Wali Kota, Gubernur, Menteri, Bupati, Badan"
PP_28_2025,PP Nomor 28 Tahun 2025,PP,2025,28,BAB II,Persyaratan Dasar,Bagian Ketujuh,Paragraf 3,87,1,,,Ketentuan,Penilaian administrasi sebagaimana dimaksud dalam Pasal 86 ayat (7) huruf a dilakukan untuk menilai kebenaran dokumen yang meliputi:,Pasal 87 ayat (1),"penilaian, administrasi, menilai, kebenaran, dokumen",
PP_28_2025,PP Nomor 28 Tahun 2025,PP,2025,28,BAB II,Persyaratan Dasar,Bagian Ketujuh,Paragraf 3,87,1,a,,Ketentuan,kesesuaian lokasi rencana usaha dan/atau kegiatan dengan RTR;,Pasal 87 ayat (1) huruf a,"kesesuaian, lokasi, rencana, usaha, kegiatan",
PP_28_2025,PP Nomor 28 Tahun 2025,PP,2025,28,BAB II,Persyaratan Dasar,Bagian Ketujuh,Paragraf 3,87,1,b,,Ketentuan,persetujuan awal terkait rencana usaha dan/atau kegiatan;,Pasal 87 ayat (1) huruf b,"persetujuan, awal, terkait, rencana, usaha",
PP_28_2025,PP Nomor 28 Tahun 2025,PP,2025,28,BAB II,Persyaratan Dasar,Bagian Ketujuh,Paragraf 3,87,1,c,,Ketentuan,persetujuan teknis dalam hal dipersyaratkan sesuai dengan ketentuan peraturan perundang-undangan di bidang perlindungan dan pengelolaan lingkungan hidup dan/atau lalu lintas;,Pasal 87 ayat (1) huruf c,"persetujuan, teknis, dipersyaratkan, perundang, undangan",
PP_28_2025,PP Nomor 28 Tahun 2025,PP,2025,28,BAB II,Persyaratan Dasar,Bagian Ketujuh,Paragraf 3,87,1,d,,Ketentuan,"keabsahan tanda bukti registrasi lembaga penyedia jasa penyusunan Amdal, apabila penJrusunan dokumen Andal dan dokumen RKL-RPL dilakukan oleh lembaga penyedia jasa penyusunan Amdal;",Pasal 87 ayat (1) huruf d,"lembaga, penyedia, jasa, penyusunan, amdal",Lembaga
PP_28_2025,PP Nomor 28 Tahun 2025,PP,2025,28,BAB II,Persyaratan Dasar,Bagian Ketujuh,Paragraf 3,87,1,e,,Ketentuan,keabsahan tanda bukti sertifikasi kompetensi penyusun Amdal; dan f. kesesuaian sistematika Andal dan dokumen RKL-RPL dengan pedoman pen5rusunan dokumen Andal dan dokumen RKL-RPL.,Pasal 87 ayat (1) huruf e,"dokumen, andal, keabsahan, tanda, bukti",
PP_28_2025,PP Nomor 28 Tahun 2025,PP,2025,28,BAB II,Persyaratan Dasar,Bagian Ketujuh,Paragraf 3,87,2,,,Ketentuan,Penilaian kebenaran dokumen sebagaimana dimaksud pada ayat (1) dilakukan dalam jangka waktu paling lama 3 (tiga) Hari sejak permohonan PL diterima Sistem OSS.,Pasal 87 ayat (2),"penilaian, kebenaran, dokumen, jangka, waktu",
PP_28_2025,PP Nomor 28 Tahun 2025,PP,2025,28,BAB II,Persyaratan Dasar,Bagian Ketujuh,Paragraf 3,87,3,,,Ketentuan,"Dalam hal berdasarkan hasil penilaian sebagaimana dimaksud pada ayat (21 dokumen dinyatakan benar, permohonan PL dilakukan penilaian substansi sebagaimana dimaksud dalam Pasal 86 ayat (7) huruf b.",Pasal 87 ayat (3),"penilaian, hasil, dokumen, dinyatakan, benar",
PP_28_2025,PP Nomor 28 Tahun 2025,PP,2025,28,BAB II,Persyaratan Dasar,Bagian Ketujuh,Paragraf 3,88,1,,,Ketentuan,"Dalam hal berdasarkan hasil penilaian sebagaimana dimaksud dalam Pasal 87 ayat (2) dokumen dinyatakan tidak benar, Sistem OSS mengembalikan dokumen kepada Pelaku Usaha disertai dengan catatan perbaikan. (21 Pelaku Usaha menyampaikan perbaikan dokumen paling lama 3 (tiga) Hari sejak pengembalian dokumen dinyatakan tidak benar sebagaimana dimaksud pada ayat (1). -57 -",Pasal 88 ayat (1),"dokumen, dinyatakan, benar, pelaku, usaha",Pelaku Usaha
PP_28_2025,PP Nomor 28 Tahun 2025,PP,2025,28,BAB II,Persyaratan Dasar,Bagian Ketujuh,Paragraf 3,88,3,,,Ketentuan,"Penilaian kebenaran terhadap perbaikan dokumen dilakukan paling lama 1 (satu) Hari sejak diterimanya perbaikan dokumen sebagaimana dimaksud pada ayat (21. (41 Dalam hal berdasarkan hasil penilaian sebagaimana dimaksud pada ayat (3) perbaikan dokumen dinyatakan benar, permohonan PL dilakukan penilaian substansi sebagaimana dimaksud dalam Pasal 86 ayat (7) huruf b.",Pasal 88 ayat (3),"penilaian, perbaikan, dokumen, kebenaran, paling",
PP_28_2025,PP Nomor 28 Tahun 2025,PP,2025,28,BAB II,Persyaratan Dasar,Bagian Ketujuh,Paragraf 3,88,5,,,Ketentuan,"Permohonan PL dinyatakan ditolak disertai dengan alasan penolakan melalui Sistem OSS, apabila:",Pasal 88 ayat (5),"permohonan, dinyatakan, ditolak, disertai, alasan",
PP_28_2025,PP Nomor 28 Tahun 2025,PP,2025,28,BAB II,Persyaratan Dasar,Bagian Ketujuh,Paragraf 3,88,5,a,,Ketentuan,Pelaku Usaha tidak menyampaikan perbaikan dalam jangka waktu sebagaimana dimaksud pada ayat (21; atau,Pasal 88 ayat (5) huruf a,"pelaku, usaha, menyampaikan, perbaikan, jangka",Pelaku Usaha
PP_28_2025,PP Nomor 28 Tahun 2025,PP,2025,28,BAB II,Persyaratan Dasar,Bagian Ketujuh,Paragraf 3,88,5,b,,Ketentuan,berdasarkan hasil penilaian dokumen sebagaimana dimaksud pada ayat (3) dinyatakan tidak benar.,Pasal 88 ayat (5) huruf b,"hasil, penilaian, dokumen, dinyatakan, benar",
PP_28_2025,PP Nomor 28 Tahun 2025,PP,2025,28,BAB II,Persyaratan Dasar,Bagian Ketujuh,Paragraf 3,89,1,,,Ketentuan,"Penilaian substansi sebagaimana dimaksud dalam Pasal 86 ayat (7) huruf b dilakukan untuk penilaian secara keseluruhan dan komprehensif terhadap aspek konsistensi, keharusan, relevansi, dan kedalaman substansi, meliputi:",Pasal 89 ayat (1),"penilaian, substansi, keseluruhan, komprehensif, aspek",
PP_28_2025,PP Nomor 28 Tahun 2025,PP,2025,28,BAB II,Persyaratan Dasar,Bagian Ketujuh,Paragraf 3,89,1,a,,Ketentuan,uji tahap proyek; dan,Pasal 89 ayat (1) huruf a,"tahap, proyek",
PP_28_2025,PP Nomor 28 Tahun 2025,PP,2025,28,BAB II,Persyaratan Dasar,Bagian Ketujuh,Paragraf 3,89,1,b,,Ketentuan,"uji kualitas kajian dokumen Andal dan dokumen RKL-RPL. (21 Penilaian substansi sebagaimana dimaksud pada ayat (1) dilakukan melalui rapat Tim Uji Kelayakan Lingkungan Hidup dengan melibatkan masyarakat yang terkena dampak langsung, ahli, dan/atau kementerian/lembaga terkait.",Pasal 89 ayat (1) huruf b,"dokumen, kualitas, kajian, andal, penilaian","Kementerian, Masyarakat, Lembaga"
PP_28_2025,PP Nomor 28 Tahun 2025,PP,2025,28,BAB II,Persyaratan Dasar,Bagian Ketujuh,Paragraf 3,89,3,,,Ketentuan,Hasil penilaian substansi oleh Tim Uji Kelayakan Lingkungan Hidup disusun dalam berita acara rapat yang memuat informasi:,Pasal 89 ayat (3),"hasil, penilaian, substansi, kelayakan, lingkungan",
PP_28_2025,PP Nomor 28 Tahun 2025,PP,2025,28,BAB II,Persyaratan Dasar,Bagian Ketujuh,Paragraf 3,89,3,a,,Ketentuan,dokumen Andal dan dokumen RKL-RPL tidak memerlukan perbaikan; atau,Pasal 89 ayat (3) huruf a,"dokumen, andal, memerlukan, perbaikan",
PP_28_2025,PP Nomor 28 Tahun 2025,PP,2025,28,BAB II,Persyaratan Dasar,Bagian Ketujuh,Paragraf 3,89,3,b,,Ketentuan,dokumen Andal dan dokumen RKL-RPL memerlukan perbaikan.,Pasal 89 ayat (3) huruf b,"dokumen, andal, memerlukan, perbaikan",
PP_28_2025,PP Nomor 28 Tahun 2025,PP,2025,28,BAB II,Persyaratan Dasar,Bagian Ketujuh,Paragraf 3,89,4,,,Ketentuan,Apabila dokumen Andal dan dokumen RKL-RPL tidak memerlukan perbaikan sebagaimana dimaksud pada ayat,Pasal 89 ayat (4),"dokumen, andal, memerlukan, perbaikan",
PP_28_2025,PP Nomor 28 Tahun 2025,PP,2025,28,BAB II,Persyaratan Dasar,Bagian Ketujuh,Paragraf 3,89,3,,,Ketentuan,"huruf a, Tim Uji Kelayakan Lingkungan Hidup melakukan uji kelayakan. Pasal. . . TIEPUBLIK INDONESIA",Pasal 89 ayat (3),"kelayakan, lingkungan, hidup, melakukan, tiepublik",
PP_28_2025,PP Nomor 28 Tahun 2025,PP,2025,28,BAB II,Persyaratan Dasar,Bagian Ketujuh,Paragraf 3,90,1,,,Ketentuan,"Apabila dokumen Andal dan dokumen RKL-RPL memerlukan perbaikan sebagaimana dimaksud dalam Pasal 89 ayat (3) huruf b, Tim Uji Kelayakan Lingkungan Hidup melalui Sistem OSS mengembalikan dokumen Andal dan dokumen RKL-RPL kepada Pelaku Usaha disertai dengan catatan perbaikan. (21 Pelaku Usaha menyampaikan perbaikan dokumen Andal dan dokumen RKL-RPL paling lama 3O (tiga puluh) Hari sejak pengembalian dokumen dinyatakan memerlukan perbaikan sebagaimana dimaksud pada ayat (1).",Pasal 90 ayat (1),"dokumen, perbaikan, andal, memerlukan, pelaku",Pelaku Usaha
PP_28_2025,PP Nomor 28 Tahun 2025,PP,2025,28,BAB II,Persyaratan Dasar,Bagian Ketujuh,Paragraf 3,90,3,,,Ketentuan,"Terhadap penyampaian dokumen yang telah diperbaiki oleh Pelaku Usaha, Tim Uji Kelayakan Lingkungan Hidup melakukan evaluasi atas perbaikan dokumen dalam jangka waktu paling lama 1O (sepuluh) Hari sejak dokumen perbaikan diterima sebagaimana dimaksud pada ayat (21. (41 Berdasarkan hasil evaluasi atas perbaikan dokumen sebagaimana dimaksud pada ayat (3) dokumen perbaikan masih dinyatakan tidak benar, dokumen dikembalikan kepada Pelaku Usaha disertai dengan catatan perbaikan dan diberitahukan melalui Sistem OSS.",Pasal 90 ayat (3),"dokumen, perbaikan, pelaku, usaha, evaluasi",Pelaku Usaha
PP_28_2025,PP Nomor 28 Tahun 2025,PP,2025,28,BAB II,Persyaratan Dasar,Bagian Ketujuh,Paragraf 3,90,5,,,Ketentuan,Pelaku Usaha menyampaikan perbaikan paling lama 30 (tiga puluh) Hari sejak pengembalian dokumen masih dinyatakan tidak benar sebagaimana dimaksud pada ayat (4).,Pasal 90 ayat (5),"pelaku, usaha, menyampaikan, perbaikan, paling",Pelaku Usaha
PP_28_2025,PP Nomor 28 Tahun 2025,PP,2025,28,BAB II,Persyaratan Dasar,Bagian Ketujuh,Paragraf 3,90,6,,,Ketentuan,Tim Uji Kelayakan Lingkungan Hidup melakukan evaluasi atas perbaikan dokumen dalam jangka waktu paling lama 10 (sepuluh) Hari sejak dokumen perbaikan diterima sebagaimana dimaksud pada ayat (5). (71 Apabila berdasarkan hasil evaluasi atas perbaikan dokumen sebagaimana dimaksud pada ayat (3) atau ayat,Pasal 90 ayat (6),"perbaikan, dokumen, evaluasi, kelayakan, lingkungan",
PP_28_2025,PP Nomor 28 Tahun 2025,PP,2025,28,BAB II,Persyaratan Dasar,Bagian Ketujuh,Paragraf 3,90,6,,,Ketentuan,"dinyatakan benar, Tim Uji Kelayakan Lingkungan Hidup melakukan uji kelayakan. Pasal Pasal 9 1 1) Apabila Pelaku Usaha tidak menyampaikan perbaikan ( dokumen Andal dan dokumen RKL-RPL dalam jangka waktu sebagaimana dimaksud dalam Pasal 90 ayat (2) atau Pasal 90 ayat (5), Sistem OSS menyampaikan pemberitahuan penghentian proses penilaian substansi dokumen Andal dan dokumen RKL-RPL kepada Pelaku Usaha. (21 Penghentian proses penilaian substansi dokumen Andal dan dokumen RKL-RPL dapat diajukan permohonan kelanjutan penilaian oleh Pelaku Usaha dalam jangka waktu paling lama 180 (seratus delapan puluh) hari kalender sejak penyampaian pemberitahuan penghentian proses penilaian sebagaimana dimaksud pada ayat (1).",Pasal 90 ayat (6),"dokumen, penilaian, pelaku, usaha, andal",Pelaku Usaha
PP_28_2025,PP Nomor 28 Tahun 2025,PP,2025,28,BAB II,Persyaratan Dasar,Bagian Ketujuh,Paragraf 3,90,3,,,Ketentuan,"Berdasarkan permohonan kelanjutan penilaian sebagaimana dimaksud pada ayat (2), proses penilaian substansi dokumen Andal dan dokumen RKL-RPL dilanjutkan kembali. (41 Tata cara dan jangka waktu penilaian dokumen Andal dan dokumen RKL-RPL sebagaimana dimaksud dalam Pasal90 berlaku secara mutatis mutandis untuk penilaian lanjutan perbaikan dokumen Andal dan dokumen RKL-RPL.",Pasal 90 ayat (3),"dokumen, penilaian, andal, permohonan, kelanjutan",
PP_28_2025,PP Nomor 28 Tahun 2025,PP,2025,28,BAB II,Persyaratan Dasar,Bagian Ketujuh,Paragraf 3,90,5,,,Ketentuan,"Apabila Pelaku Usaha tidak mengajukan permohonan kelanjutan penilaian dalam jangka waktu sebagaimana dimaksud pada ayat (2), permohonan PL ditolak disertai dengan alasan penolakan melalui Sistem OSS.",Pasal 90 ayat (5),"permohonan, pelaku, usaha, mengajukan, kelanjutan",Pelaku Usaha
PP_28_2025,PP Nomor 28 Tahun 2025,PP,2025,28,BAB II,Persyaratan Dasar,Bagian Ketujuh,Paragraf 3,92,1,,,Ketentuan,"Berdasarkan hasil uji kelayakan sebagaimana dimaksud dalam Pasal 89 ayat (4), Pasal 90 ayat (7), atau Pasal 91 ayat (4)', Tim Uji Kelayakan Lingkungan Hidup menyampaikan rekomendasi kelayakan atau ketidaklayakan lingkungan hidup kepada menteri/kepala badan yang menyelenggarakan urusan pemerintahan di bidang perlindungan dan pengelolaan lingkungan hidup dan tugas pemerintahan di bidang pengendalian lingkungan hidup, gubernur, atau bupati/wali kota sesuai dengan kewenangan masing-masing.",Pasal 92 ayat (1),"lingkungan, hidup, kelayakan, pemerintahan, bidang","Wali Kota, Gubernur, Menteri, Bupati, Badan"
PP_28_2025,PP Nomor 28 Tahun 2025,PP,2025,28,BAB II,Persyaratan Dasar,Bagian Ketujuh,Paragraf 3,92,2,,,Ketentuan,"Rekomendasi (21 Rekomendasi hasil uji kelayakan sebagaimana dimaksud pada ayat (1) menjadi bahan pertimbangan menteri/kepala badan yang menyelenggarakan urusan pemerintahan di bidang perlindungan dan pengelolaan lingkungan hidup dan tugas pemerintahan di bidang pengendalian lingkungan hidup, gubernur, atau bupati/wali kota sesuai dengan kewenangan masing- masing dalam menetapkan:",Pasal 92 ayat (2),"rekomendasi, pemerintahan, bidang, lingkungan, hidup","Wali Kota, Gubernur, Menteri, Bupati, Badan"
PP_28_2025,PP Nomor 28 Tahun 2025,PP,2025,28,BAB II,Persyaratan Dasar,Bagian Ketujuh,Paragraf 3,92,2,a,,Ketentuan,"Surat Keputusan Kelayakan Lingkungan Hidup, jika rencana usaha dinyatakan layak lingkungan hidup; atau b. Surat Keputusan Ketidaklayakan Lingkungan Hidup, jika rencana usaha dinyatakan tidak layak lingkungan hidup.",Pasal 92 ayat (2) huruf a,"lingkungan, hidup, surat, keputusan, rencana",
PP_28_2025,PP Nomor 28 Tahun 2025,PP,2025,28,BAB II,Persyaratan Dasar,Bagian Ketujuh,Paragraf 3,93,1,,,Ketentuan,Jangka waktu:,Pasal 93 ayat (1),"jangka, waktu",
PP_28_2025,PP Nomor 28 Tahun 2025,PP,2025,28,BAB II,Persyaratan Dasar,Bagian Ketujuh,Paragraf 3,93,1,a,,Ketentuan,penilaian substansi sebagaimana dimaksud dalam Pasal 89 ayat (21;,Pasal 93 ayat (1) huruf a,"penilaian, substansi",
PP_28_2025,PP Nomor 28 Tahun 2025,PP,2025,28,BAB II,Persyaratan Dasar,Bagian Ketujuh,Paragraf 3,93,1,b,,Ketentuan,uji kelayakan sebagaimana dimaksud dalam Pasal 89 ayat (4) atau Pasal 90 ayat (7); dan,Pasal 93 ayat (1) huruf b,kelayakan,
PP_28_2025,PP Nomor 28 Tahun 2025,PP,2025,28,BAB II,Persyaratan Dasar,Bagian Ketujuh,Paragraf 3,93,1,c,,Ketentuan,"penyampaian rekomendasi kelayakan atau ketidaklayakan sebagaimana dimaksud dalam (ll, Pasal 92 ayat dilakukan paling lama 5O (lima puluh) Hari sejak dokumen Andal dan dokumen RKL-RPL dinyatakan lengkap dan benar dalam penilaian administrasi. (21 Jangka waktu:",Pasal 93 ayat (1) huruf c,"dokumen, penyampaian, rekomendasi, kelayakan, ketidaklayakan",
PP_28_2025,PP Nomor 28 Tahun 2025,PP,2025,28,BAB II,Persyaratan Dasar,Bagian Ketujuh,Paragraf 3,93,1,a,,Ketentuan,penilaian substansi sebagaimana dimaksud dalam Pasal 91 ayat (3);,Pasal 93 ayat (1) huruf a,"penilaian, substansi",
PP_28_2025,PP Nomor 28 Tahun 2025,PP,2025,28,BAB II,Persyaratan Dasar,Bagian Ketujuh,Paragraf 3,93,1,b,,Ketentuan,uji kelayakan sebagaimana dimaksud dalam Pasal 91 ayat (4); dan,Pasal 93 ayat (1) huruf b,kelayakan,
PP_28_2025,PP Nomor 28 Tahun 2025,PP,2025,28,BAB II,Persyaratan Dasar,Bagian Ketujuh,Paragraf 3,93,1,c,,Ketentuan,"penyampaian rekomendasi kelayakan atau ketidaklayakan sebagaimana dimaksud dalam (ll, Pasal 92 ayat dilakukan paling lama 50 (lima puluh) Hari sejak permohonan kelanjutan penilaian dokumen Andal dan dokumen RKL-RPL diterima melalui Sistem OSS.",Pasal 93 ayat (1) huruf c,"dokumen, penyampaian, rekomendasi, kelayakan, ketidaklayakan",
PP_28_2025,PP Nomor 28 Tahun 2025,PP,2025,28,BAB II,Persyaratan Dasar,Bagian Ketujuh,Paragraf 3,93,3,,,Ketentuan,-61 -,Pasal 93 ayat (3),,
PP_28_2025,PP Nomor 28 Tahun 2025,PP,2025,28,BAB II,Persyaratan Dasar,Bagian Ketujuh,Paragraf 3,93,3,,,Ketentuan,Jangka waktu sebagaimana dimaksud pada ayat (1) dan ayat (21tidak termasuk jangka waktu perbaikan dokumen Andal dan dokumen RKL-RPL oleh Pelaku Usaha sebagaimana dimaksud dalam Pasal 90 ayat (2) dan ayat (5) pada tahapan penilaian substansi. (41 Surat Keputusan Kelayakan Lingkungan Hidup atau Surat Keputusan Ketidaklayakan Lingkungan Hidup sebagaimana dimaksud dalam Pasal 92 ayat (2) ditetapkan dalam jangka waktu paling lama 1O (sepuluh) Hari sejak rekomendasi hasil uji kelayakan diterima.,Pasal 93 ayat (3),"jangka, waktu, dokumen, surat, keputusan",Pelaku Usaha
PP_28_2025,PP Nomor 28 Tahun 2025,PP,2025,28,BAB II,Persyaratan Dasar,Bagian Ketujuh,Paragraf 3,94,,,,Ketentuan,Ketentuan mengenai tata cara penilaian Andal dan/atau RKL- RPL sebagaimana dimaksud dalam Pasal 87 sampai dengan Pasal 93 berlaku secara mutatis mutandis untuk penilaian addenduim Andal dan/atau RKL-RPL.,Pasal 94,"penilaian, andal, mengenai, tata, cara",
PP_28_2025,PP Nomor 28 Tahun 2025,PP,2025,28,BAB II,Persyaratan Dasar,Bagian Ketujuh,Paragraf 4,95,1,,,Ketentuan,Permohonan PL dengan formulir UKL-UPL diajukan oleh Pelaku Usaha dengan melampirkan persetujuan teknis apabila dipersyaratkan sesuai dengan ketentuan peraturan perundang-undangan di bidang lingkungan hidup dan/atau IaIu lintas.,Pasal 95 ayat (1),"permohonan, formulir, diajukan, pelaku, usaha",Pelaku Usaha
PP_28_2025,PP Nomor 28 Tahun 2025,PP,2025,28,BAB II,Persyaratan Dasar,Bagian Ketujuh,Paragraf 4,95,2,,,Ketentuan,Formulir UKL-UPL sebagaimana dimaksud pada ayat (1) berupa:,Pasal 95 ayat (2),"formulir, berupa",
PP_28_2025,PP Nomor 28 Tahun 2025,PP,2025,28,BAB II,Persyaratan Dasar,Bagian Ketujuh,Paragraf 4,95,2,a,,Ketentuan,formulir UKL-UPL standar spesifik yang telah disediakan dalam sistem informasi lingkungan hidup; atau b. formulir UKL-UPL standar yang disusun Pelaku Usaha dengan mengacu pada format sesuai dengan ketentuan peraturan perllndang-undangan di bidang perlindungan dan pengelolaan lingkungan hidup.,Pasal 95 ayat (2) huruf a,"formulir, standar, lingkungan, hidup, spesifik",Pelaku Usaha
PP_28_2025,PP Nomor 28 Tahun 2025,PP,2025,28,BAB II,Persyaratan Dasar,Bagian Ketujuh,Paragraf 4,95,3,,,Ketentuan,Dalam,Pasal 95 ayat (3),,
PP_28_2025,PP Nomor 28 Tahun 2025,PP,2025,28,BAB II,Persyaratan Dasar,Bagian Ketujuh,Paragraf 4,95,3,,,Ketentuan,"Dalam hal permohonan PL sebagaimana dimaksud pada ayat (1) dinyatakan lengkap melalui Sistem OSS, menteri/kepala badan yang menyelenggarakan urusan pemerintahan di bidang perlindungan dan pengelolaan lingkungan hidup dan tugas pemerintahan di bidang pengendalian lingkungan hidup, gubernur, atau bupati/wali kota sesuai dengan kewenangan masing- masing melakukan pemeriksaan terhadap PL dengan formulir UKL-UPL. (41 Pemeriksaan sebagaimana dimaksud pada ayat",Pasal 95 ayat (3),"pemerintahan, bidang, lingkungan, hidup, masing","Wali Kota, Gubernur, Menteri, Bupati, Badan"
PP_28_2025,PP Nomor 28 Tahun 2025,PP,2025,28,BAB II,Persyaratan Dasar,Bagian Ketujuh,Paragraf 4,95,3,,,Ketentuan,dilakukan melalui tahapan: a. pemeriksaan administrasi; dan b. pemeriksaan substansi.,Pasal 95 ayat (3),"pemeriksaan, melalui, tahapan, administrasi, substansi",
PP_28_2025,PP Nomor 28 Tahun 2025,PP,2025,28,BAB II,Persyaratan Dasar,Bagian Ketujuh,Paragraf 4,96,1,,,Ketentuan,Pemeriksaan administrasi sebagaimana dimaksud dalam Pasal 95 ayat (4) huruf a dilakukan untuk memeriksa kebenaran dokumen yang meliputi: a. kesesuaian lokasi rencana usaha dan/atau kegiatan dengan RTR;,Pasal 96 ayat (1),"pemeriksaan, administrasi, memeriksa, kebenaran, dokumen",
PP_28_2025,PP Nomor 28 Tahun 2025,PP,2025,28,BAB II,Persyaratan Dasar,Bagian Ketujuh,Paragraf 4,96,1,b,,Ketentuan,persetujuan awal terkait rencana usaha dan/atau kegiatan;,Pasal 96 ayat (1) huruf b,"persetujuan, awal, terkait, rencana, usaha",
PP_28_2025,PP Nomor 28 Tahun 2025,PP,2025,28,BAB II,Persyaratan Dasar,Bagian Ketujuh,Paragraf 4,96,1,c,,Ketentuan,persetujuan teknis dalam hal dipersyaratkan sesuai dengan ketentuan peraturan perundang-undangan di bidang perlindungan dan pengelolaan lingkungan hidup dan/atau lalu lintas; dan d. kesesuaian isi formulir UKL-UPL standar spesifik atau formulir UKL-UPL standar dengan pedoman pengisian.,Pasal 96 ayat (1) huruf c,"formulir, standar, persetujuan, teknis, dipersyaratkan",
PP_28_2025,PP Nomor 28 Tahun 2025,PP,2025,28,BAB II,Persyaratan Dasar,Bagian Ketujuh,Paragraf 4,96,2,,,Ketentuan,Pemeriksaan kebenaran dokumen sebagaimana dimaksud pada ayat (1) dilakukan dalam jangka waktu paling lama 1 (satu) Hari sejak permohonan PL diterima Sistem OSS.,Pasal 96 ayat (2),"pemeriksaan, kebenaran, dokumen, jangka, waktu",
PP_28_2025,PP Nomor 28 Tahun 2025,PP,2025,28,BAB II,Persyaratan Dasar,Bagian Ketujuh,Paragraf 4,96,3,,,Ketentuan,"Apabila berdasarkan hasil pemeriksaan sebagaimana dimaksud pada ayat (2) dokumen dinyatakan benar, permohonan PL dilakukan pemeriksaan substansi sebagaimana dimaksud dalam Pasal 95 ayat (4) huruf b.",Pasal 96 ayat (3),"pemeriksaan, hasil, dokumen, dinyatakan, benar",
PP_28_2025,PP Nomor 28 Tahun 2025,PP,2025,28,BAB II,Persyaratan Dasar,Bagian Ketujuh,Paragraf 4,97,1,,,Ketentuan,"Apabila berdasarkan hasil pemeriksaan sebagaimana dimaksud dalam Pasal 96 ayat (2) dokumen dinyatakan tidak benar, Sistem OSS mengembalikan dokumen kepada Pelaku Usaha disertai dengan catatan perbaikan.",Pasal 97 ayat (1),"dokumen, hasil, pemeriksaan, dinyatakan, benar",Pelaku Usaha
PP_28_2025,PP Nomor 28 Tahun 2025,PP,2025,28,BAB II,Persyaratan Dasar,Bagian Ketujuh,Paragraf 4,97,2,,,Ketentuan,Pelaku. . . (21 Pelaku Usaha menyampaikan perbaikan dokumen yang dinyatakan tidak benar paling lama 1 (satu) Hari sejak pengembalian dokumen sebagaimana dimaksud pada ayat (1).,Pasal 97 ayat (2),"pelaku, dokumen, usaha, menyampaikan, perbaikan",Pelaku Usaha
PP_28_2025,PP Nomor 28 Tahun 2025,PP,2025,28,BAB II,Persyaratan Dasar,Bagian Ketujuh,Paragraf 4,97,3,,,Ketentuan,"Menteri/kepala badan yang menyelenggarakan urusan pemerintahan di bidang perlindungan dan pengelolaan lingkungan hidup dan tugas pemerintahan di bidang pengendalian lingkungan hidup, gubernur, atau bupati/wali kota sesuai dengan kewenangan masing- masing melakukan pemeriksaan Perbaikan dokumen sebagaimana dimaksud pada ayat (21paling lama 1 (satu) Hari sejak diterimanya perbaikan dokumen.",Pasal 97 ayat (3),"pemerintahan, bidang, lingkungan, hidup, masing","Wali Kota, Gubernur, Menteri, Bupati, Badan"
PP_28_2025,PP Nomor 28 Tahun 2025,PP,2025,28,BAB II,Persyaratan Dasar,Bagian Ketujuh,Paragraf 4,97,4,,,Ketentuan,"Apabila berdasarkan hasil pemeriksaan sebagaimana dimaksud pada ayat (3) dokumen dinyatakan benar, permohonan PL dilakukan pemeriksaan substansi sebagaimana dimaksud dalam Pasal 95 ayat (4) huruf b.",Pasal 97 ayat (4),"pemeriksaan, hasil, dokumen, dinyatakan, benar",
PP_28_2025,PP Nomor 28 Tahun 2025,PP,2025,28,BAB II,Persyaratan Dasar,Bagian Ketujuh,Paragraf 4,97,5,,,Ketentuan,"Apabila Pelaku Usaha tidak menyampaikan perbaikan dalam jangka waktu sebagaimana dimaksud pada ayat (21 atau berdasarkan hasil pemeriksaan sebagaimana dimaksud pada ayat (3) dokumen dinyatakan tidak benar, permohonan PL ditolak disertai dengan alasan penolakan melalui Sistem OSS.",Pasal 97 ayat (5),"pelaku, usaha, menyampaikan, perbaikan, jangka",Pelaku Usaha
PP_28_2025,PP Nomor 28 Tahun 2025,PP,2025,28,BAB II,Persyaratan Dasar,Bagian Ketujuh,Paragraf 4,98,1,,,Ketentuan,"Menteri/kepala badan yang menyelenggarakan urusan pemerintahan di bidang perlindungan dan pengelolaan lingkungan hidup dan tugas pemerintahan di bidang pengendalian lingkungan hidup, gubernur, atau bupati/wali kota sesuai dengan kewenangan masing- masing melakukan pemeriksaan substansi sebagaimana dimaksud dalam Pasal 95 ayat (4) huruf b atas formulir UKL-UPL standar spesifik atau formulir UKL-UPL standar.",Pasal 98 ayat (1),"pemerintahan, bidang, lingkungan, hidup, masing","Wali Kota, Gubernur, Menteri, Bupati, Badan"
PP_28_2025,PP Nomor 28 Tahun 2025,PP,2025,28,BAB II,Persyaratan Dasar,Bagian Ketujuh,Paragraf 4,98,2,,,Ketentuan,Pemeriksaan administrasi dan pemeriksaan substansi atas formulir UKL-UPL standar spesifik untuk usaha dengan tingkat Risiko menengah rendah dilakukan secara otomatis melalui Sistem OSS.,Pasal 98 ayat (2),"pemeriksaan, administrasi, substansi, formulir, standar",
PP_28_2025,PP Nomor 28 Tahun 2025,PP,2025,28,BAB II,Persyaratan Dasar,Bagian Ketujuh,Paragraf 4,98,3,,,Ketentuan,Pemeriksaan substansi atas formulir UKL-UPL standar spesifik untuk usaha dengan tingkat Risiko menengah tinggi dan tingkat Risiko tinggi dilakukan dalam jangka waktu paling lama 3 (tiga) Hari sejak pemeriksaan dokumen sebagaimana dimaksud dalam Pasal 96 ayat (1) dinyatakan benar. (41 Pemeriksaan substansi atas formulir UKL-UPL standar untuk usaha dengan tingkat Risiko menengah tinggi dan tingkat Risiko tinggi dilakukan dalam jangka waktu paling lama 5 (lima) Hari sejak pemeriksaan dokumen sebagaimana dimaksud dalam Pasal 96 ayat (1) dinyatakan benar.,Pasal 98 ayat (3),"pemeriksaan, tingkat, risiko, tinggi, substansi",
PP_28_2025,PP Nomor 28 Tahun 2025,PP,2025,28,BAB II,Persyaratan Dasar,Bagian Ketujuh,Paragraf 4,98,5,,,Ketentuan,"Apabila penerbitan persetujuan teknis dilaksanakan bersamaan dengan pemeriksaan substansi atas dokumen lingkungan hidup sebagaimana dimaksud dalam Pasal 85, pemeriksaan substansi atas formulir UKL-UPL dilakukan paling lama 15 (lima belas) Hari sejak pemeriksaan dokumen sebagaimana dimaksud dalam Pasal 96 ayat (1) dinyatakan benar.",Pasal 98 ayat (5),"pemeriksaan, substansi, dokumen, penerbitan, persetujuan",
PP_28_2025,PP Nomor 28 Tahun 2025,PP,2025,28,BAB II,Persyaratan Dasar,Bagian Ketujuh,Paragraf 4,99,1,,,Ketentuan,"Berdasarkan pemeriksaan administrasi dan pemeriksaan substansi atas formulir UKL-UPL standar spesifik untuk usaha dengan tingkat Risiko menengah rendah sebagaimana dimaksud dalam Pasal 98 ayat (2), diterbitkan persetujuan atau penolakan pernyataan kesanggupan pengelolaan lingkungan hidup secara otomatis melalui Sistem OSS. (21 Dalam hal hasil pemeriksaan substansi tidak terdapat perbaikan, menteri/ kepala badan yang menyelenggarakan urusan pemerintahan di bidang perlindungan dan pengelolaan lingkungan hidup dan tugas pemerintahan di bidang pengendalian lingkungan hidup, gubernur, atau bupati/wali kota sesuai dengan kewenangan masing- masing melalui Sistem OSS menerbitkan persetujuan atau penolakan pernyataan kesanggupan pengelolaan lingkungan hidup dalam jangka waktu paling lama 2 (dua) Hari sejak pemeriksaan substansi sebagaimana dimaksud dalam Pasal 98 ayat (1) dinyatakan benar.",Pasal 99 ayat (1),"pemeriksaan, lingkungan, hidup, substansi, pengelolaan","Wali Kota, Gubernur, Menteri, Bupati, Badan"
PP_28_2025,PP Nomor 28 Tahun 2025,PP,2025,28,BAB II,Persyaratan Dasar,Bagian Ketujuh,Paragraf 4,99,3,,,Ketentuan,"Dalam hal hasil pemeriksaan substansi memerlukan perbaikan, menteri/ kepala badan yang menyelenggarakan urusan pemerintahan di bidang perlindungan dan pengelolaan lingkungan hidup dan tugas pemerintahan di bidang pengendalian lingkungan hidup, gubernur, atau bupati/wali kota sesuai dengan kewenangan masing- masing melalui Sistem OSS menyampaikan arahan perbaikan kepada Pelaku Usaha.",Pasal 99 ayat (3),"perbaikan, pemerintahan, bidang, lingkungan, hidup","Pelaku Usaha, Wali Kota, Gubernur, Menteri, Bupati, Badan"
PP_28_2025,PP Nomor 28 Tahun 2025,PP,2025,28,BAB II,Persyaratan Dasar,Bagian Ketujuh,Paragraf 4,99,4,,,Ketentuan,Pelaku Usaha menyampaikan perbaikan dokumen paling lama 5 (lima) Hari sejak pengembalian dokumen sebagaimana dimaksud pada ayat (3).,Pasal 99 ayat (4),"dokumen, pelaku, usaha, menyampaikan, perbaikan",Pelaku Usaha
PP_28_2025,PP Nomor 28 Tahun 2025,PP,2025,28,BAB II,Persyaratan Dasar,Bagian Ketujuh,Paragraf 4,99,5,,,Ketentuan,"Berdasarkan perbaikan dokumen sebagaimana dimaksud pada ayat (4lr, menteri/kepala badan yang menyelenggarakan urusan pemerintahan di bidang perlindungan dan pengelolaan lingkungan hidup dan tugas pemerintahan di bidang pengendalian lingkungan hidup, gubernur, atau bupati/wali kota sesuai dengan kewenangan masing-masing melalui Sistem OSS menerbitkan persetujuan atau penolakan pernyataan kesanggupan pengelolaan lingkungan hidup dalam jangka waktu paling lama 2 (dua) Hari sejak perbaikan dokumen diterima.",Pasal 99 ayat (5),"lingkungan, hidup, perbaikan, dokumen, pemerintahan","Wali Kota, Gubernur, Menteri, Bupati, Badan"
PP_28_2025,PP Nomor 28 Tahun 2025,PP,2025,28,BAB II,Persyaratan Dasar,Bagian Ketujuh,Paragraf 4,99,6,,,Ketentuan,Apabila:,Pasal 99 ayat (6),,
PP_28_2025,PP Nomor 28 Tahun 2025,PP,2025,28,BAB II,Persyaratan Dasar,Bagian Ketujuh,Paragraf 4,99,6,a,,Ketentuan,perbaikan formulir UKL-UPL standar spesifik yang disampaikan oleh Pelaku Usaha telah melebihi batas waktu; atau,Pasal 99 ayat (6) huruf a,"perbaikan, formulir, standar, spesifik, disampaikan",Pelaku Usaha
PP_28_2025,PP Nomor 28 Tahun 2025,PP,2025,28,BAB II,Persyaratan Dasar,Bagian Ketujuh,Paragraf 4,99,6,b,,Ketentuan,"perbaikan tidak sesuai dengan standar yang dipersyaratkan, permohonan persetujuan pernyataan kesanggupan pengelolaan lingkungan hidup ditolak disertai dengan alasan penolakan dan disampaikan kepada Pelaku Usaha melalui Sistem OSS. Pasal lOO",Pasal 99 ayat (6) huruf b,"perbaikan, standar, dipersyaratkan, permohonan, persetujuan",Pelaku Usaha
PP_28_2025,PP Nomor 28 Tahun 2025,PP,2025,28,BAB II,Persyaratan Dasar,Bagian Ketujuh,Paragraf 4,99,1,,,Ketentuan,Berdasarkan pemeriksaan administrasi dan pemeriksaan substansi atas formulir UKL-UPL standar spesifik atau formulir UKL-UPL standar untuk usaha dengan tingkat Risiko menengah tinggi dan tingkat Risiko tinggi sebagaimana dimaksud dalam Pasal 98 ayat (3) dan ayat,Pasal 99 ayat (1),"pemeriksaan, formulir, standar, tingkat, risiko",
PP_28_2025,PP Nomor 28 Tahun 2025,PP,2025,28,BAB II,Persyaratan Dasar,Bagian Ketujuh,Paragraf 4,99,4,,,Ketentuan,", diterbitkan persetujuan atau penolakan pernyataan kesanggupan pengelolaan lingkungan hidup melalui Sistem OSS.",Pasal 99 ayat (4),"diterbitkan, persetujuan, penolakan, pernyataan, kesanggupan",
PP_28_2025,PP Nomor 28 Tahun 2025,PP,2025,28,BAB II,Persyaratan Dasar,Bagian Ketujuh,Paragraf 4,99,2,,,Ketentuan,"Dalam hal hasil pemeriksaan substansi tidak terdapat perbaikan, menteri/ kepala badan yang menyelenggarakan urusan pemerintahan di bidang perlindungan dan pengelolaan lingkungan hidup dan tugas pemerintahan di bidang pengendalian lingkungan hidup, gubernur, atau bupati/wali kota sesuai dengan kewenangan masing- masing melalui Sistem OSS menerbitkan persetujuan atau penolakan pernyataan kesanggupan pengelolaan lingkungan hidup dalam jangka waktu paling lama 2 (dua) Hari sejak pemeriksaan substansi sebagaimana dimaksud dalam Pasal 98 ayat (1) dinyatakan benar.",Pasal 99 ayat (2),"lingkungan, hidup, pemeriksaan, substansi, pemerintahan","Wali Kota, Gubernur, Menteri, Bupati, Badan"
PP_28_2025,PP Nomor 28 Tahun 2025,PP,2025,28,BAB II,Persyaratan Dasar,Bagian Ketujuh,Paragraf 4,99,3,,,Ketentuan,Dalam,Pasal 99 ayat (3),,
PP_28_2025,PP Nomor 28 Tahun 2025,PP,2025,28,BAB II,Persyaratan Dasar,Bagian Ketujuh,Paragraf 4,99,3,,,Ketentuan,"Dalam hal hasil pemeriksaan substansi memerlukan perbaikan, me nter i I kepala badan yan g menyelenggarakan urusan pemerintahan di bidang perlindungan dan pengelolaan lingkungan hidup dan tugas pemerintahan di bidang pengendalian lingkungan hidup, gubernur, atau bupati/wali kota sesuai dengan kewenangan masing- masing melalui Sistem OSS menyampaikan arahan perbaikan kepada Pelaku Usaha. (41 Pelaku Usaha menyampaikan perbaikan dokumen paling lama 5 (lima) Hari sejak pengembalian dokumen sebagaimana dimaksud pada ayat (3).",Pasal 99 ayat (3),"perbaikan, pemerintahan, bidang, lingkungan, hidup","Pelaku Usaha, Wali Kota, Gubernur, Bupati, Badan"
PP_28_2025,PP Nomor 28 Tahun 2025,PP,2025,28,BAB II,Persyaratan Dasar,Bagian Ketujuh,Paragraf 4,99,5,,,Ketentuan,"Berdasarkan perbaikan dokumen sebagaimana dimaksud pada ayat (4), menteri/kepala badan yang menyelenggarakan urusan pemerintahan di bidang perlindungan dan pengelolaan lingkungan hidup dan tugas pemerintahan di bidang pengendalian lingkungan hidup, gubernur, atau bupati/wali kota sesuai dengan kewenangan masing-masing melalui Sistem OSS menerbitkan persetujuan atau penolakan pernyataan kesanggupan pengelolaan lingkungan hidup dalam jangka waktu paling lama 2 (dua) Hari sejak perbaikan dokumen diterima.",Pasal 99 ayat (5),"lingkungan, hidup, perbaikan, dokumen, pemerintahan","Wali Kota, Gubernur, Menteri, Bupati, Badan"
PP_28_2025,PP Nomor 28 Tahun 2025,PP,2025,28,BAB II,Persyaratan Dasar,Bagian Ketujuh,Paragraf 4,99,6,,,Ketentuan,Apabila:,Pasal 99 ayat (6),,
PP_28_2025,PP Nomor 28 Tahun 2025,PP,2025,28,BAB II,Persyaratan Dasar,Bagian Ketujuh,Paragraf 4,99,6,a,,Ketentuan,perbaikan formulir UKL-UPL standar spesifik atau formulir UKL-UPL standar yang disampaikan oleh Pelaku Usaha telah melebihi batas waktu; atau,Pasal 99 ayat (6) huruf a,"formulir, standar, perbaikan, spesifik, disampaikan",Pelaku Usaha
PP_28_2025,PP Nomor 28 Tahun 2025,PP,2025,28,BAB II,Persyaratan Dasar,Bagian Ketujuh,Paragraf 4,99,6,b,,Ketentuan,"perbaikan tidak sesuai dengan standar yang dipersyaratkan, permohonan persetujuan pernyataan kesanggupan pengelolaan lingkungan hidup ditolak disertai dengan alasan penolakan dan disampaikan kepada Pelaku Usaha melalui Sistem OSS.",Pasal 99 ayat (6) huruf b,"perbaikan, standar, dipersyaratkan, permohonan, persetujuan",Pelaku Usaha
PP_28_2025,PP Nomor 28 Tahun 2025,PP,2025,28,BAB II,Persyaratan Dasar,Bagian Ketujuh,Paragraf 5,101,1,,,Ketentuan,"Permohonan PL dengan formulir SPPL diajukan oleh Pelaku Usaha kepada menteri/kepala badan yang menyelenggarakan urusan pemerintahan di bidang perlindungan dan pengelolaan lingkungan hidup dan tugas pemerintahan di bidang pengendalian lingkungan hidup, gubernur, atau bupati/wali kota sesuai dengan kewenangan masing-masing melalui Sistem OSS.",Pasal 101 ayat (1),"pemerintahan, bidang, lingkungan, hidup, masing","Pelaku Usaha, Wali Kota, Gubernur, Menteri, Bupati, Badan"
PP_28_2025,PP Nomor 28 Tahun 2025,PP,2025,28,BAB II,Persyaratan Dasar,Bagian Ketujuh,Paragraf 5,101,2,,,Ketentuan,Penerbitan ' ' -67 - (21 Penerbitan PL dengan formulir SPPL dilakukan melalui pernyataan mandiri oleh Pelaku Usaha melalui Sistem OSS yang diterbitkan secara otomatis bersamaan dengan NIB.,Pasal 101 ayat (2),"penerbitan, melalui, formulir, sppl, pernyataan",Pelaku Usaha
PP_28_2025,PP Nomor 28 Tahun 2025,PP,2025,28,BAB II,Persyaratan Dasar,Bagian Ketujuh,Paragraf 6,102,1,,,Kewajiban,"Pelaku Usaha yang berada dalam kawasan industri, KEK, atau KPBPB yang telah dilengkapi dengan Amdal kawasan dan PL kawasan, wajib men5rusun RKL-RPL rinci berdasarkan dokumen lingkungan hidup kawasan.",Pasal 102 ayat (1),"kawasan, pelaku, usaha, berada, industri",Pelaku Usaha
PP_28_2025,PP Nomor 28 Tahun 2025,PP,2025,28,BAB II,Persyaratan Dasar,Bagian Ketujuh,Paragraf 6,102,2,,,Ketentuan,RKL-RPL rinci yang telah disusun sebagaimana dimaksud pada ayat (1) disampaikan kepada pengelola kawasan untuk diperiksa dan disahkan oleh pengelola kawasan.,Pasal 102 ayat (2),"pengelola, kawasan, rinci, disusun, disampaikan",
PP_28_2025,PP Nomor 28 Tahun 2025,PP,2025,28,BAB II,Persyaratan Dasar,Bagian Ketujuh,Paragraf 6,102,3,,,Ketentuan,RKL-RPL rinci yang telah disahkan oleh pengelola kawasan sebagaimana dimaksud pada ayat (2) merupakan bentuk pernyataan kesanggupan pengelolaan lingkungan hidup dan menjadi persyaratan atas dasar PB Pelaku Usaha di dalam kawasan.,Pasal 102 ayat (3),"kawasan, rinci, disahkan, pengelola, bentuk",Pelaku Usaha
PP_28_2025,PP Nomor 28 Tahun 2025,PP,2025,28,BAB II,Persyaratan Dasar,Bagian Ketujuh,Paragraf 6,103,,,,Ketentuan,"Pelaku Usaha dalam kawasan industri, KEK, atau KPBPB yang: a. tidak melakukan pembuangan air limbah ke badan air; atau",Pasal 103,"pelaku, usaha, kawasan, industri, kpbpb","Pelaku Usaha, Badan"
PP_28_2025,PP Nomor 28 Tahun 2025,PP,2025,28,BAB II,Persyaratan Dasar,Bagian Ketujuh,Paragraf 6,103,,b,,Ketentuan,"melakukan pembuangan air limbah melalui instalasi pengolahan air limbah yang disediakan pengelola kawasan, tidak memerlukan persetujuan teknis.",Pasal 103 huruf b,"limbah, melakukan, pembuangan, melalui, instalasi",
PP_28_2025,PP Nomor 28 Tahun 2025,PP,2025,28,BAB II,Persyaratan Dasar,Bagian Kedelapan,,106,,,,Ketentuan,PBG dan SLF sebagaimana dimaksud dalam Pasal 12 ayat (l) huruf c dipersyaratkan bagi Pelaku Usaha yang memerlukan pembangunan Bangunan Gedung sebagai fasilitas tempat usaha.,Pasal 106,"usaha, dipersyaratkan, pelaku, memerlukan, pembangunan",Pelaku Usaha
PP_28_2025,PP Nomor 28 Tahun 2025,PP,2025,28,BAB II,Persyaratan Dasar,Bagian Kedelapan,,107,1,,,Kewajiban,"Kegiatan pembangunan Bangunan Gedung sebagaimana dimaksud dalam Pasal 106 meliputi perencanaan teknis, pelaksanaan konstruksi, dan pengawasan konstruksi. (21 Perencanaan teknis Bangunan Gedung sebagaimana dimaksud pada ayat (1) harus memenuhi standar teknis yang ditetapkan sesuai dengan ketentuan peraturan perundang-undangan di bidang bangunan gedung.",Pasal 107 ayat (1),"bangunan, gedung, teknis, perencanaan, konstruksi",
PP_28_2025,PP Nomor 28 Tahun 2025,PP,2025,28,BAB II,Persyaratan Dasar,Bagian Kedelapan,Paragraf 2,108,,,,Kewajiban,1) PBG harus dimiliki oleh Pelaku Usaha sebelum ( pelaksanaan konstruksi sebagaimana dimaksud dalam Pasal 107 ayat (1). (21 PBG sebagaimana dimaksud pada ayat (1) diajukan oleh Pelaku Usaha kepada Pemerintah Pusat atau Pemerintah Daerah sesuai dengan kewenangan masing-masing.,Pasal 108,"pelaku, usaha, masing, dimiliki, sebelum","Pemerintah Daerah, Pemerintah Pusat, Pelaku Usaha"
PP_28_2025,PP Nomor 28 Tahun 2025,PP,2025,28,BAB II,Persyaratan Dasar,Bagian Kedelapan,Paragraf 2,108,3,,,Ketentuan,PBG sebagaimana dimaksud pada ayat (21 diproses melalui: a. konsultasi perencanaan; dan b. penerbitan.,Pasal 108 ayat (3),"diproses, melalui, konsultasi, perencanaan, penerbitan",
PP_28_2025,PP Nomor 28 Tahun 2025,PP,2025,28,BAB II,Persyaratan Dasar,Bagian Kedelapan,Paragraf 2,109,1,,,Ketentuan,Konsultasi perencanaan sebagaimana dimaksud dalam Pasal 108 ayat (3) huruf a meliputi proses: a. pendaftaran; b. pemeriksaan pemenuhan standar teknis; dan c. pernyataan pemenuhan standar teknis. (21 Konsultasi perencanaan sebagaimana dimaksud pada ayat,Pasal 109 ayat (1),"konsultasi, perencanaan, pemenuhan, standar, teknis",
PP_28_2025,PP Nomor 28 Tahun 2025,PP,2025,28,BAB II,Persyaratan Dasar,Bagian Kedelapan,Paragraf 2,109,1,,,Ketentuan,diselenggarakan tanpa dipungut biaya. Pasal 1 10,Pasal 109 ayat (1),"diselenggarakan, tanpa, dipungut, biaya",
PP_28_2025,PP Nomor 28 Tahun 2025,PP,2025,28,BAB II,Persyaratan Dasar,Bagian Kedelapan,Paragraf 2,109,1,,,Ketentuan,Pendaftaran sebagaimana dimaksud dalam Pasal 109 ayat,Pasal 109 ayat (1),pendaftaran,
PP_28_2025,PP Nomor 28 Tahun 2025,PP,2025,28,BAB II,Persyaratan Dasar,Bagian Kedelapan,Paragraf 2,109,1,,,Kewajiban,huruf a diajukan oleh Pelaku Usaha melalui Sistem OSS dengan menyampaikan: a. data pemohon atau pemilik; b. data Bangunan Gedung; dan c. dokumen rencana teknis (21 Data pemohon atau pemilik sebagaimana dimaksud pada ayat (1) huruf a dan data Bangunan Gedung sebagaimana dimaksud pada ayat (1) huruf b harus sesuai dengan ketentuan peraturan perundang-undangan di bidang bangunan gedung.,Pasal 109 ayat (1),"data, bangunan, gedung, pemohon, pemilik",Pelaku Usaha
PP_28_2025,PP Nomor 28 Tahun 2025,PP,2025,28,BAB II,Persyaratan Dasar,Bagian Kedelapan,Paragraf 2,109,3,,,Ketentuan,Dokumen rencana teknis sebagaimana dimaksud pada ayat (1) huruf c disusun pada saat perencanaan teknis sebagaimana dimaksud dalam Pasal 1O7 ayat (1). (41 Dokumen rencana teknis sebagaimana dimaksud pada ayat (3) dapat dibuat oleh penyedia jasa perencanaan Bangunan Gedung atau pemohon sesuai dengan ketentuan peraturan perundang-undangan.,Pasal 109 ayat (3),"teknis, dokumen, rencana, perencanaan, disusun",
PP_28_2025,PP Nomor 28 Tahun 2025,PP,2025,28,BAB II,Persyaratan Dasar,Bagian Kedelapan,Paragraf 2,109,5,,,Ketentuan,Dokumen rencana teknis sebagaimana dimaksud pada ayat (4) diperiksa dan disetujui dalam proses konsultasi perencanaan sebagaimana dimaksud dalam Pasal 1O8 ayat (3) huruf a. Pasal. . . _70_ Pasal 1 1 1,Pasal 109 ayat (5),"dokumen, rencana, teknis, diperiksa, disetujui",
PP_28_2025,PP Nomor 28 Tahun 2025,PP,2025,28,BAB II,Persyaratan Dasar,Bagian Kedelapan,Paragraf 2,109,1,,,Ketentuan,"Setelah dinyatakan lengkap oleh Sistem OSS, data dan dokumen sebagaimana dimaksud dalam Pasal 110 ayat (1) dilakukan pemeriksaan kebenaran data dan dokumen.",Pasal 109 ayat (1),"data, dokumen, setelah, dinyatakan, lengkap",
PP_28_2025,PP Nomor 28 Tahun 2025,PP,2025,28,BAB II,Persyaratan Dasar,Bagian Kedelapan,Paragraf 2,109,2,,,Ketentuan,Pemeriksaan kebenaran data dan dokumen dilakukan untuk memeriksa kesesuaian data dan dokumen yang dilakukan paling lama 3 (tiga) Hari sejak data dan dokumen dinyatakan lengkap.,Pasal 109 ayat (2),"data, dokumen, pemeriksaan, kebenaran, memeriksa",
PP_28_2025,PP Nomor 28 Tahun 2025,PP,2025,28,BAB II,Persyaratan Dasar,Bagian Kedelapan,Paragraf 2,109,3,,,Ketentuan,"Apabila berdasarkan hasil pemeriksaan sebagaimana dimaksud pada ayat (2) dokumen dinyatakan benar, permohonan dilanjutkan ke proses pemeriksaan pemenuhan standar teknis sebagaimana dimaksud dalam Pasal 109 ayat (1) huruf b. Pasal 1 12",Pasal 109 ayat (3),"pemeriksaan, hasil, dokumen, dinyatakan, benar",
PP_28_2025,PP Nomor 28 Tahun 2025,PP,2025,28,BAB II,Persyaratan Dasar,Bagian Kedelapan,Paragraf 2,109,1,,,Ketentuan,"Apabila berdasarkan hasil pemeriksaan sebagaimana dimaksud dalam Pasal 111 ayat (2) dokumen dinyatakan tidak benar, Sistem OSS mengembalikan dokumen kepada Pelaku Usaha disertai dengan catatan perbaikan.",Pasal 109 ayat (1),"dokumen, hasil, pemeriksaan, dinyatakan, benar",Pelaku Usaha
PP_28_2025,PP Nomor 28 Tahun 2025,PP,2025,28,BAB II,Persyaratan Dasar,Bagian Kedelapan,Paragraf 2,109,2,,,Ketentuan,Pelaku Usaha menyampaikan perbaikan dokumen paling lama 5 (lima) Hari sejak pengembalian dokumen dinyatakan tidak benar sebagaimana dimaksud pada ayat,Pasal 109 ayat (2),"dokumen, pelaku, usaha, menyampaikan, perbaikan",Pelaku Usaha
PP_28_2025,PP Nomor 28 Tahun 2025,PP,2025,28,BAB II,Persyaratan Dasar,Bagian Kedelapan,Paragraf 2,109,1,,,Ketentuan,.,Pasal 109 ayat (1),,
PP_28_2025,PP Nomor 28 Tahun 2025,PP,2025,28,BAB II,Persyaratan Dasar,Bagian Kedelapan,Paragraf 2,109,3,,,Ketentuan,Pemeriksaan atas perbaikan dokumen dilakukan paling lama 3 (tiga) Hari sejak diterimanya perbaikan dokumen sebagaimana dimaksud pada ayat (21.,Pasal 109 ayat (3),"perbaikan, dokumen, pemeriksaan, paling, lama",
PP_28_2025,PP Nomor 28 Tahun 2025,PP,2025,28,BAB II,Persyaratan Dasar,Bagian Kedelapan,Paragraf 2,109,4,,,Ketentuan,"Apabila berdasarkan hasil pemeriksaan sebagaimana dimaksud pada ayat (3) perbaikan dokumen dinyatakan benar, permohonan dilanjutkan ke proses pemeriksaan pemenuhan standar teknis sebagaimana dimaksud dalam Pasal 109 ayat (1) huruf b.",Pasal 109 ayat (4),"pemeriksaan, hasil, perbaikan, dokumen, dinyatakan",
PP_28_2025,PP Nomor 28 Tahun 2025,PP,2025,28,BAB II,Persyaratan Dasar,Bagian Kedelapan,Paragraf 2,109,5,,,Ketentuan,"Permohonan ditolak disertai dengan alasan penolakan melalui Sistem OSS, apabila:",Pasal 109 ayat (5),"permohonan, ditolak, disertai, alasan, penolakan",
PP_28_2025,PP Nomor 28 Tahun 2025,PP,2025,28,BAB II,Persyaratan Dasar,Bagian Kedelapan,Paragraf 2,109,5,a,,Ketentuan,Pelaku Usaha tidak menyampaikan perbaikan dalam jangka waktu yang ditentukan sebagaimana dimaksud pada ayat (2); atau,Pasal 109 ayat (5) huruf a,"pelaku, usaha, menyampaikan, perbaikan, jangka",Pelaku Usaha
PP_28_2025,PP Nomor 28 Tahun 2025,PP,2025,28,BAB II,Persyaratan Dasar,Bagian Kedelapan,Paragraf 2,109,5,b,,Ketentuan,berdasarkan hasil pemeriksaan atas perbaikan dokumen sebagaimana dimaksud pada ayat (3) perbaikan dokumen dinyatakan tidak benar. Pasal -7t- Pasal 1 13,Pasal 109 ayat (5) huruf b,"perbaikan, dokumen, hasil, pemeriksaan, dinyatakan",
PP_28_2025,PP Nomor 28 Tahun 2025,PP,2025,28,BAB II,Persyaratan Dasar,Bagian Kedelapan,Paragraf 2,109,1,,,Ketentuan,Pemeriksaan pemenuhan standar teknis sebagaimana dimaksud dalam Pasal 109 ayat (1) huruf b dilakukan paling banyak 5 (lima) kali dalam kurun waktu paling lama 26 (dua puluh enam) Hari sejak dokumen dinyatakan benar sebagaimana dimaksud dalam Pasal 111 ayat (3) lI2 dan Pasal ayat (4).,Pasal 109 ayat (1),"paling, pemeriksaan, pemenuhan, standar, teknis",
PP_28_2025,PP Nomor 28 Tahun 2025,PP,2025,28,BAB II,Persyaratan Dasar,Bagian Kedelapan,Paragraf 2,109,2,,,Ketentuan,"Pemeriksaan pemenuhan standar teknis sebagaimana dimaksud pada ayat (1) dilakukan pertama kali dalam waktu paling lama 3 (tiga) Hari sejak dokumen dinyatakan benar sebagaimana dimaksud dalam Pasal 111 ayat (3) dan Pasal, I12 ayat (4).",Pasal 109 ayat (2),"pemeriksaan, pemenuhan, standar, teknis, pertama",
PP_28_2025,PP Nomor 28 Tahun 2025,PP,2025,28,BAB II,Persyaratan Dasar,Bagian Kedelapan,Paragraf 2,109,3,,,Ketentuan,Hasil pemeriksaan pemenuhan standar teknis sebagaimana dimaksud pada ayat (1) dituangkan dalam berita acara yang dilengkapi dengan pertimbangan teknis. Pasal 1 14,Pasal 109 ayat (3),"teknis, hasil, pemeriksaan, pemenuhan, standar",
PP_28_2025,PP Nomor 28 Tahun 2025,PP,2025,28,BAB II,Persyaratan Dasar,Bagian Kedelapan,Paragraf 2,109,1,,,Kewajiban,"Apabila berdasarkan hasil pemeriksaan pemenuhan standar teknis sebagaimana dimaksud dalam Pasal 113 ayat (1) dokumen rencana teknis dinyatakan perlu dilakukan perbaikan, Sistem OSS mengembalikan dokumen kepada Pelaku Usaha disertai dengan catatan perbaikan. (21 Berita acara pada pemeriksaan pemenuhan standar teknis yang terakhir harus dilengkapi dengan kesimpulan.",Pasal 109 ayat (1),"teknis, pemeriksaan, pemenuhan, standar, dokumen",Pelaku Usaha
PP_28_2025,PP Nomor 28 Tahun 2025,PP,2025,28,BAB II,Persyaratan Dasar,Bagian Kedelapan,Paragraf 2,109,3,,,Ketentuan,Kesimpulan sebagaimana dimaksud pada ayat (21berisi: a. rekomendasi penerbitan surat pernyataan pemenuhan standar teknis; atau b. rekomendasi pendaftaran ulang PBG. Pasal 1 15 Berita acara pada pemeriksaan pemenuhan standar teknis sebagaimana dimaksud dalam Pasal 113 ayat (3) dan Pasal 114 ayat (2) diunggah ke dalam Sistem OSS. Pasal 1 16,Pasal 109 ayat (3),"rekomendasi, pemenuhan, standar, teknis, kesimpulan",
PP_28_2025,PP Nomor 28 Tahun 2025,PP,2025,28,BAB II,Persyaratan Dasar,Bagian Kedelapan,Paragraf 2,109,1,,,Ketentuan,"Berdasarkan rekomendasi penerbitan surat pernyataan pemenuhan standar teknis sebagaimana dimaksud dalam Pasal lL4 ayat (3) huruf a, Sistem OSS menerbitkan surat pernyataan pemenuhan standar teknis paling lama (satu) Hari sejak rekomendasi penerbitan surat pernyataan pemenuhan standar teknis diterima.",Pasal 109 ayat (1),"surat, pernyataan, pemenuhan, standar, teknis",
PP_28_2025,PP Nomor 28 Tahun 2025,PP,2025,28,BAB II,Persyaratan Dasar,Bagian Kedelapan,Paragraf 2,109,2,,,Ketentuan,R.EPUBLIK INDONESIA (21 Surat pernyataan pemenuhan standar teknis sebagaimana dimaksud pada ayat (1) dilengkapi perhitungan teknis untuk retribusi yang digunakan untuk memperoleh PBG. Pasal 1 17,Pasal 109 ayat (2),"teknis, epublik, indonesia, surat, pernyataan",
PP_28_2025,PP Nomor 28 Tahun 2025,PP,2025,28,BAB II,Persyaratan Dasar,Bagian Kedelapan,Paragraf 2,109,1,,,Ketentuan,Berdasarkan rekomendasi pendaftaran ulang PBG sebagaimana dimaksud dalam Pasal Il4 ayat (3) huruf b:,Pasal 109 ayat (1),"rekomendasi, pendaftaran, ulang",
PP_28_2025,PP Nomor 28 Tahun 2025,PP,2025,28,BAB II,Persyaratan Dasar,Bagian Kedelapan,Paragraf 2,109,1,a,,Kewajiban,"surat pernyataan pemenuhan standar teknis tidak diterbitkan; dan b. Sistem OSS menyampaikan berita acara yang memuat kesimpulan yang berisi rekomendasi pendaftaran ulang PBG kepada Pelaku Usaha, paling lama 1 (satu) Hari sejak rekomendasi pendaftaran ulang PBG diterima. (21 Berita acara sebagaimana dimaksud pada ayat (1) huruf b harus memuat secara lengkap catatan perbaikan.",Pasal 109 ayat (1) huruf a,"berita, acara, memuat, rekomendasi, pendaftaran",Pelaku Usaha
PP_28_2025,PP Nomor 28 Tahun 2025,PP,2025,28,BAB II,Persyaratan Dasar,Bagian Kedelapan,Paragraf 2,109,3,,,Ketentuan,"Apabila Pelaku Usaha melakukan pendaftaran ulang PBG sebagaimana dimaksud pada ayat (1) huruf b, Pelaku Usaha menyampaikan perbaikan dokumen rencana teknis.",Pasal 109 ayat (3),"pelaku, usaha, melakukan, pendaftaran, ulang",Pelaku Usaha
PP_28_2025,PP Nomor 28 Tahun 2025,PP,2025,28,BAB II,Persyaratan Dasar,Bagian Kedelapan,Paragraf 2,109,4,,,Ketentuan,"Apabila Pelaku Usaha melakukan pendaftaran ulang PBG sebagaimana dimaksud pada ayat (3), konsultasi dilanjutkan berdasarkan berita acara konsultasi sebelumnya. Pasal 1 18 Penerbitan sebagaimana dimaksud dalam Pasal 108 ayat (3) huruf b meliputi: a. penetapan nilai retribusi daerah; b. pembayaran retribusi daerah; dan c. penerbitan PBG. Pasal 1 19",Pasal 109 ayat (4),"konsultasi, penerbitan, retribusi, daerah, pelaku",Pelaku Usaha
PP_28_2025,PP Nomor 28 Tahun 2025,PP,2025,28,BAB II,Persyaratan Dasar,Bagian Kedelapan,Paragraf 2,109,1,,,Ketentuan,Penetapan nilai retribusi daerah sebagaimana dimaksud dalam Pasal 118 huruf a dilakukan oleh dinas teknis berdasarkan perhitungan teknis untuk retribusi sebagaimana dimaksud dalam Pasal 116 ayat (2) sesuai dengan ketentuan peraturan perundang-undangan. (21 Penetapan nilai retribusi sebagaimana dimaksud pada ayat (1) disampaikan kepada Pelaku Usaha melalui Sistem OSS paling lama 1 (satu) Hari sejak diterimanya surat pernyataan pemenuhan standar teknis sebagaimana dimaksud dalam Pasal 116 ayat (1).,Pasal 109 ayat (1),"retribusi, teknis, penetapan, nilai, daerah",Pelaku Usaha
PP_28_2025,PP Nomor 28 Tahun 2025,PP,2025,28,BAB II,Persyaratan Dasar,Bagian Kedelapan,Paragraf 2,109,3,,,Ketentuan,"Dalam hal nilai retribusi tidak dapat ditetapkan dalam jangka waktu sebagaimana dimaksud pada ayat (2)', penetapan nilai retribusi dilakukan secara otomatis melalui Sistem OSS.",Pasal 109 ayat (3),"nilai, retribusi, ditetapkan, jangka, waktu",
PP_28_2025,PP Nomor 28 Tahun 2025,PP,2025,28,BAB II,Persyaratan Dasar,Bagian Kedelapan,Paragraf 2,120,1,,,Ketentuan,"Pelaku Usaha melakukan pembayaran retribusi daerah sebagaimana dimaksud dalam Pasal 118 huruf b dalam jangka waktu yang ditetapkan oleh masing-masing daerah sejak penetapan nilai retribusi daerah. (21 Dalam hal jangka waktu sebagaimana dimaksud pada ayat (1) terlampaui, penyampaian nilai retribusi daerah menjadi tidak berlaku dan permohonan PBG dinyatakan batal.",Pasal 120 ayat (1),"daerah, retribusi, jangka, waktu, masing",Pelaku Usaha
PP_28_2025,PP Nomor 28 Tahun 2025,PP,2025,28,BAB II,Persyaratan Dasar,Bagian Kedelapan,Paragraf 2,120,3,,,Ketentuan,"Dalam menetapkan nilai retribusi daerah sebagaimana dimaksud pada ayat (1), Pemerintah Daerah sesuai dengan kewenangan masing-masing memperhatikan kemampuan Pelaku Usaha sesuai dengan ketentuan peraturan perundang-undangan di bidang pajak daerah dan retribusi daerah.",Pasal 120 ayat (3),"daerah, retribusi, masing, menetapkan, nilai","Pemerintah Daerah, Pelaku Usaha"
PP_28_2025,PP Nomor 28 Tahun 2025,PP,2025,28,BAB II,Persyaratan Dasar,Bagian Kedelapan,Paragraf 2,121,1,,,Ketentuan,Penerbitan PBG sebagaimana dimaksud dalam Pasal 118 huruf c dilakukan setelah Pelaku Usaha menyampaikan bukti pembayaran retribusi sebagaimana dimaksud dalam Pasal l2O ayat (1) melalui Sistem OSS. (21 Penerbitan PBG sebagaimana dimaksud pada ayat (1) berupa: a. dokumen PBG; dan b. lampiran dokumen PBG. Paragraf IIEPUBLIK INDONESIA -74 -,Pasal 121 ayat (1),"penerbitan, dokumen, setelah, pelaku, usaha",Pelaku Usaha
PP_28_2025,PP Nomor 28 Tahun 2025,PP,2025,28,BAB II,Persyaratan Dasar,Bagian Kedelapan,Paragraf 3,122,1,,,Kewajiban,SLF harus diperoleh oleh Pelaku Usaha sebelum Bangunan Gedung dapat dimanfaatkan. (21 SLF sebagaimana dimaksud pada ayat (1) merupakan syarat terpenuhinya kelaikan fungsi Bangunan Gedung.,Pasal 122 ayat (1),"bangunan, gedung, diperoleh, pelaku, usaha",Pelaku Usaha
PP_28_2025,PP Nomor 28 Tahun 2025,PP,2025,28,BAB II,Persyaratan Dasar,Bagian Kedelapan,Paragraf 3,122,3,,,Ketentuan,Pemenuhan SLF Bangunan Gedung yang sudah ada dilakukan berdasarkan hasil pemeriksaan kelaikan fungsi Bangunan Gedung yang dilaksanakan oleh: a. pengkaji teknis; atau,Pasal 122 ayat (3),"bangunan, gedung, pemenuhan, sudah, hasil",
PP_28_2025,PP Nomor 28 Tahun 2025,PP,2025,28,BAB II,Persyaratan Dasar,Bagian Kedelapan,Paragraf 3,122,3,b,,Ketentuan,tim penilai teknis yang dibentuk oleh Pemerintah Daerah yang terdiri atas instansi terkait penyelenggara Bangunan Gedung.,Pasal 122 ayat (3) huruf b,"penilai, teknis, dibentuk, daerah, terdiri","Pemerintah Daerah, Instansi"
PP_28_2025,PP Nomor 28 Tahun 2025,PP,2025,28,BAB II,Persyaratan Dasar,Bagian Kedelapan,Paragraf 3,122,4,,,Ketentuan,"Atas pemeriksaan kelaikan fungsi Bangunan Gedung sebagaimana dimaksud pada ayat (3), kementerian yang menyelenggarakan urusan pemerintahan di bidang pekerjaan umum atau dinas teknis yang membidangi Bangunan Gedung di Pemerintah Daerah sesuai dengan kewenangan masing-masing menerbitkan SLF melalui Sistem OSS.",Pasal 122 ayat (4),"bangunan, gedung, masing, pemeriksaan, kelaikan","Pemerintah Daerah, Kementerian"
PP_28_2025,PP Nomor 28 Tahun 2025,PP,2025,28,BAB II,Persyaratan Dasar,Bagian Kedelapan,Paragraf 3,122,5,,,Ketentuan,"Untuk jasa yang diberikan oleh pengkaji teknis sebagaimana dimaksud pada ayat (3) huruf a, menteri yang menyelenggarakan urusan pemerintahan di bidang pekerjaan umum membuat standar biaya jasa yang dikenakan bagi Pelaku Usaha.",Pasal 122 ayat (5),"jasa, diberikan, pengkaji, teknis, menteri","Pelaku Usaha, Menteri"
PP_28_2025,PP Nomor 28 Tahun 2025,PP,2025,28,BAB II,Persyaratan Dasar,Bagian Kedelapan,Paragraf 3,123,1,,,Ketentuan,"Pelaku Usaha yang memiliki Bangunan Gedung yang telah berdiri namun belum memiliki izin mendirikan bangunan/PBG sebelum Peraturan Pemerintah ini berlaku, tidak perlu memperoleh PBG dan dapat langsung menyampaikan permohonan SLF pada saat mengajukan atau memperpanjang permohonan PB dan/atau PB UMKU melalui Sistem OSS.",Pasal 123 ayat (1),"memiliki, bangunan, permohonan, pelaku, usaha","Pelaku Usaha, Pemerintah"
PP_28_2025,PP Nomor 28 Tahun 2025,PP,2025,28,BAB II,Persyaratan Dasar,Bagian Kedelapan,Paragraf 3,123,2,,,Ketentuan,"Pelaku Usaha yang memiliki Bangunan Gedung yang telah berdiri dan telah memiliki izin mendirikan PBG, dapat langsung bangunan/ menyampaikan permohonan SLF pada saat mengajukan atau memperpanjang permohonan PB dan/atau PB UMKU melalui Sistem OSS.",Pasal 123 ayat (2),"memiliki, bangunan, permohonan, pelaku, usaha",Pelaku Usaha
PP_28_2025,PP Nomor 28 Tahun 2025,PP,2025,28,BAB II,Persyaratan Dasar,Bagian Kedelapan,Paragraf 3,123,3,,,Ketentuan,Ketentuan mengenai PBG dan SLF yang belum diatur dalam Pasal 106 sampai dengan Pasal 122 dilaksanakan sesuai dengan ketentuan peraturan perundang-undangan di bidang Bangunan Gedung.,Pasal 123 ayat (3),"mengenai, belum, diatur, sampai, dilaksanakan",
PP_28_2025,PP Nomor 28 Tahun 2025,PP,2025,28,BAB III,Perizinan Berusaha,,,125,1,,,Ketentuan,Analisis Risiko dilakukan dengan melibatkan: a. menteri yang menyelenggarakan urusan pemerintahan di bidang ketenagakerjaan; b. menteri yang menyelenggarakan urusan pemerintahan di bidang kesehatan; c. menteri/kepala badan yang menyelenggarakan urusan pemerintahan di bidang perlindungan dan pengelolaan lingkungan hidup dan tugas pemerintahan di bidang pengendalian lingkungan hidup; d. menteri dan/atau kepala lembaga sektor terkait; dan e. Pelaku Usaha dan/atau masyarakat. (21 Keterlibatan menteri dan/atau kepala lembaga sektor terkait sebagaimana dimaksud pada ayat (1) huruf d dilakukan dalam rangka koordinasi dan sinkronisasi pengaturan kegiatan usaha yang bersifat lintas sektor dan/ atau beririsan antarkementerian/ lembaga.,Pasal 125 ayat (1),"menteri, pemerintahan, bidang, menyelenggarakan, urusan","Pelaku Usaha, Masyarakat, Menteri, Lembaga, Badan"
PP_28_2025,PP Nomor 28 Tahun 2025,PP,2025,28,BAB III,Perizinan Berusaha,,,125,3,,,Ketentuan,Keterlibatan Pelaku Usaha dan/atau masyarakat sebagaimana dimaksud pada ayat (1) huruf e dapat berupa:,Pasal 125 ayat (3),"keterlibatan, pelaku, usaha, masyarakat, berupa","Pelaku Usaha, Masyarakat"
PP_28_2025,PP Nomor 28 Tahun 2025,PP,2025,28,BAB III,Perizinan Berusaha,,,125,3,a,,Ketentuan,memberikan masukan terhadap tingkat Risiko kegiatan usaha; b. memberikan data dan informasi terkait kegiatan usaha dalam penetapan tingkat Risiko; dan,Pasal 125 ayat (3) huruf a,"memberikan, tingkat, risiko, kegiatan, usaha",
PP_28_2025,PP Nomor 28 Tahun 2025,PP,2025,28,BAB III,Perizinan Berusaha,,,125,3,c,,Ketentuan,meningkatkan pemahaman kegiatan usaha untuk melakukan manajemen Risiko.,Pasal 125 ayat (3) huruf c,"meningkatkan, pemahaman, kegiatan, usaha, melakukan",
PP_28_2025,PP Nomor 28 Tahun 2025,PP,2025,28,BAB III,Perizinan Berusaha,,,126,1,,,Ketentuan,Analisis Risiko sebagaimana dimaksud dalam Pasal I24 ayat (3) dilakukan oleh Pemerintah Pusat melalui tahapan: a. pengidentifikasian kegiatan usaha; b. pengidentifikasian skala usaha; c. penilaian tingkat bahaya; dan d. penilaian potensi terjadinya bahaya.,Pasal 126 ayat (1),"pengidentifikasian, usaha, penilaian, bahaya, analisis",Pemerintah Pusat
PP_28_2025,PP Nomor 28 Tahun 2025,PP,2025,28,BAB III,Perizinan Berusaha,,,126,2,,,Ketentuan,Hasil dari analisis Risiko sebagaimana dimaksud pada ayat (1) berupa penetapan tingkat Risiko.,Pasal 126 ayat (2),"risiko, hasil, analisis, berupa, penetapan",
PP_28_2025,PP Nomor 28 Tahun 2025,PP,2025,28,BAB III,Perizinan Berusaha,,,127,1,,,Ketentuan,"Pengidentifikasian kegiatan usaha sebagaimana dimaksud dalam Pasal 126 ayat (1) huruf a mengacu kepada pengaturan ruang lingkup kegiatan usaha pada KBLI. (21 Pengidentifikasian skala usaha sebagaimana dimaksud dalam Pasal 126 ayat (1) huruf b dilakukan berdasarkan peraturan perundang-undangan di bidang kemudahan, pelindungan, dan pemberdayaan koperasi dan UMK-M.",Pasal 127 ayat (1),"usaha, pengidentifikasian, kegiatan, mengacu, kepada","Koperasi, UMK-M"
PP_28_2025,PP Nomor 28 Tahun 2025,PP,2025,28,BAB III,Perizinan Berusaha,,,127,3,,,Ketentuan,Penilaian tingkat bahaya sebagaimana dimaksud dalam Pasal 126 ayat (1) huruf c dilakukan terhadap aspek: a. kesehatan; b. keselamatan; c. lingkungan; dan/atau d. pemanfaatan dan pengelolaan sumber daya.,Pasal 127 ayat (3),"penilaian, tingkat, bahaya, aspek, kesehatan",
PP_28_2025,PP Nomor 28 Tahun 2025,PP,2025,28,BAB III,Perizinan Berusaha,,,127,4,,,Ketentuan,"Untuk kegiatan tertentu, penilaian tingkat bahaya sebagaimana dimaksud pada ayat (3) dapat mencakup aspek lainnya sesuai dengan sifat kegiatan usaha.",Pasal 127 ayat (4),"kegiatan, tertentu, penilaian, tingkat, bahaya",
PP_28_2025,PP Nomor 28 Tahun 2025,PP,2025,28,BAB III,Perizinan Berusaha,,,127,5,,,Ketentuan,Penilaian . -77 -,Pasal 127 ayat (5),penilaian,
PP_28_2025,PP Nomor 28 Tahun 2025,PP,2025,28,BAB III,Perizinan Berusaha,,,127,5,,,Ketentuan,Penilaian tingkat bahaya sebagaimana dimaksud pada ayat (3) dan ayat (a) dilakukan dengan memperhitungkan:,Pasal 127 ayat (5),"penilaian, tingkat, bahaya, memperhitungkan",
PP_28_2025,PP Nomor 28 Tahun 2025,PP,2025,28,BAB III,Perizinan Berusaha,,,127,5,a,,Ketentuan,jenis kegiatan usaha; b. kriteria kegiatan usaha; c. lokasi kegiatan usaha; d. keterbatasan sumber daya; dan/atau e. Risiko volatilitas.,Pasal 127 ayat (5) huruf a,"kegiatan, usaha, jenis, kriteria, lokasi",
PP_28_2025,PP Nomor 28 Tahun 2025,PP,2025,28,BAB III,Perizinan Berusaha,,,127,6,,,Ketentuan,Penilaian potensi terjadinya bahaya sebagaimana dimaksud dalam Pasal 126 ayat (1) huruf d terdiri atas: a. hampir tidak mungkin terjadi; b. kemungkinan kecil terjadi; c. kemungkinan terjadi; atau d. hampir pasti terjadi.,Pasal 127 ayat (6),"terjadi, hampir, kemungkinan, penilaian, potensi",
PP_28_2025,PP Nomor 28 Tahun 2025,PP,2025,28,BAB III,Perizinan Berusaha,,,128,1,,,Ketentuan,"Berdasarkan penilaian tingkat bahaya serta penilaian potensi terjadinya bahaya sebagaimana dimaksud dalam Pasal 127 ayat (2) sampai dengan ayat (5), tingkat Risiko dan peringkat skala usaha kegiatan usaha, ditetapkan menjadi: a. kegiatan usaha dengan tingkat Risiko rendah; b. kegiatan usaha dengan tingkat Risiko menengah; dan c. kegiatan usaha dengan tingkat Risiko tinggi. (21 Kegiatan usaha dengan tingkat Risiko menengah sebagaimana dimaksud pada ayat (1) huruf b terbagi atas: a. tingkat Risiko menengah rendah; dan b. tingkat Risiko menengah tinggi.",Pasal 128 ayat (1),"tingkat, risiko, usaha, kegiatan, menengah",
PP_28_2025,PP Nomor 28 Tahun 2025,PP,2025,28,BAB III,Perizinan Berusaha,,,129,,,,Ketentuan,Mekanisme pelaksanaan analisis Risiko kegiatan usaha sebagaimana dimaksud dalam Pasal 126 tercantum dalam Lampiran III yang merupakan bagian tidak terpisahkan dari Peraturan Pemerintah ini.,Pasal 129,"mekanisme, pelaksanaan, analisis, risiko, kegiatan",Pemerintah
PP_28_2025,PP Nomor 28 Tahun 2025,PP,2025,28,BAB III,Perizinan Berusaha,,,130,,,,Ketentuan,PB untuk kegiatan usaha dengan tingkat Risiko rendah sebagaimana dimaksud dalam Pasal 128 ayat (1) huruf a berupa NIB yang merupakan identitas Pelaku Usaha sekaligus legalitas pelaksanaan kegiatan usaha. Pasal. . .,Pasal 130,"usaha, kegiatan, tingkat, risiko, rendah",Pelaku Usaha
PP_28_2025,PP Nomor 28 Tahun 2025,PP,2025,28,BAB III,Perizinan Berusaha,,,131,1,,,Ketentuan,PB untuk kegiatan usaha dengan tingkat Risiko menengah rendah sebagaimana dimaksud dalam Pasal 128 ayat (21 huruf a berupa: a. NIB; dan b. Sertifikat Standar. (21 Sertifikat Standar sebagaimana dimaksud pada ayat (1) huruf b merupakan legalitas untuk melaksanakan kegiatan usaha dalam bentuk pernyataan Pelaku Usaha untuk memenuhi standar usaha dalam rangka melakukan kegiatan usaha.,Pasal 131 ayat (1),"usaha, kegiatan, standar, sertifikat, tingkat",Pelaku Usaha
PP_28_2025,PP Nomor 28 Tahun 2025,PP,2025,28,BAB III,Perizinan Berusaha,,,131,3,,,Ketentuan,"Sertilikat Standar sebagaimana dimaksud pada ayat (1) huruf b diterbitkan oleh Pemerintah Pusat, Pemerintah Daerah, Administrator KEK, dan/atau Badan Pengusahaan KPBPB sesuai dengan kewenangan masing- masing yang diberikan melalui Sistem OSS. (41 PB sebagaimana dimaksud pada ayat (1) menjadi dasar bagi Pelaku Usaha untuk melakukan persiapan, operasional,, danf atau komersial kegiatan usaha.",Pasal 131 ayat (3),"masing, usaha, sertilikat, standar, diterbitkan","Pemerintah Daerah, Pemerintah Pusat, Pelaku Usaha, Badan"
PP_28_2025,PP Nomor 28 Tahun 2025,PP,2025,28,BAB III,Perizinan Berusaha,,,131,5,,,Ketentuan,Standar usaha sebagaimana dimaksud pada ayat(21harus dipenuhi oleh Pelaku Usaha pada saat melaksanakan kegiatan usaha.,Pasal 131 ayat (5),"usaha, standar, dipenuhi, pelaku, saat",Pelaku Usaha
PP_28_2025,PP Nomor 28 Tahun 2025,PP,2025,28,BAB III,Perizinan Berusaha,,,131,6,,,Ketentuan,Pemenuhan atas standar usaha sebagaimana dimaksud pada ayat (5) diperiksa pada saat Pengawasan sesuai dengan ketentuan yang diatur dalam Peraturan Pemerintah ini.,Pasal 131 ayat (6),"pemenuhan, standar, usaha, diperiksa, saat",Pemerintah
PP_28_2025,PP Nomor 28 Tahun 2025,PP,2025,28,BAB III,Perizinan Berusaha,,,132,1,,,Ketentuan,PB untuk kegiatan usaha dengan tingkat Risiko menengah tinggi sebagaimana dimaksud dalam Pasal 128 ayat (21 huruf b berupa: a. NIB; dan b. Sertifikat Standar.,Pasal 132 ayat (1),"kegiatan, usaha, tingkat, risiko, menengah",
PP_28_2025,PP Nomor 28 Tahun 2025,PP,2025,28,BAB III,Perizinan Berusaha,,,132,2,,,Ketentuan,"Sertifikat _79 _ (21 Sertifikat Standar sebagaimana dimaksud pada ayat (1) huruf b merupakan Sertifikat Standar pelaksanaan kegiatan usaha yang diterbitkan oleh Pemerintah Pusat, Pemerintah Daerah, Administrator KEK, dan/atau Badan Pengusahaan KPBPB sesuai dengan kewenangan masing- masing berdasarkan hasil verifikasi pemenuhan standar pelaksanaan kegiatan usaha oleh Pelaku Usaha.",Pasal 132 ayat (2),"sertifikat, standar, usaha, pelaksanaan, kegiatan","Pemerintah Daerah, Pemerintah Pusat, Pelaku Usaha, Badan"
PP_28_2025,PP Nomor 28 Tahun 2025,PP,2025,28,BAB III,Perizinan Berusaha,,,132,3,,,Ketentuan,"Setelah memperoleh NIB sebagaimana dimaksud pada ayat (1) huruf a, Pelaku Usaha membuat pernyataan melalui Sistem OSS untuk memenuhi standar pelaksanaan kegiatan usaha dalam rangka melakukan kegiatan usaha dan kesanggupan untuk dilakukan verifikasi. (41 Terhadap pernyataan sebagaimana dimaksud pada ayat (3), Lembaga OSS menerbitkan Sertifikat Standar yang belum terverifikasi.",Pasal 132 ayat (3),"usaha, pernyataan, standar, kegiatan, setelah","Pelaku Usaha, Lembaga OSS"
PP_28_2025,PP Nomor 28 Tahun 2025,PP,2025,28,BAB III,Perizinan Berusaha,,,132,5,,,Ketentuan,Sertifikat Standar yang belum terverifikasi sebagaimana dimaksud pada ayat (4) menjadi dasar bagi Pelaku Usaha untuk melakukan persiapan kegiatan usaha.,Pasal 132 ayat (5),"usaha, sertifikat, standar, belum, terverifikasi",Pelaku Usaha
PP_28_2025,PP Nomor 28 Tahun 2025,PP,2025,28,BAB III,Perizinan Berusaha,,,132,6,,,Ketentuan,NIB sebagaimana dimaksud pada ayat (1) huruf a dan Sertifikat Standar sebagaimana dimaksud pada ayat (1) huruf b yang telah terverifikasi merupakan PB bagi Pelaku Usaha untuk melakukan kegiatan operasional dan/atau komersial kegiatan usaha.,Pasal 132 ayat (6),"usaha, kegiatan, sertifikat, standar, terverifikasi",Pelaku Usaha
PP_28_2025,PP Nomor 28 Tahun 2025,PP,2025,28,BAB III,Perizinan Berusaha,,,132,7,,,Ketentuan,Dalam hal Pelaku Usaha:,Pasal 132 ayat (7),"pelaku, usaha",Pelaku Usaha
PP_28_2025,PP Nomor 28 Tahun 2025,PP,2025,28,BAB III,Perizinan Berusaha,,,132,7,a,,Ketentuan,"tidak memenuhi standar sesuai dengan ketentuan dalam jangka waktu yang ditetapkan dalam norma, standar, prosedur, dan kriteria; dan",Pasal 132 ayat (7) huruf a,"standar, memenuhi, jangka, waktu, ditetapkan",
PP_28_2025,PP Nomor 28 Tahun 2025,PP,2025,28,BAB III,Perizinan Berusaha,,,132,7,b,,Ketentuan,"berdasarkan hasil Pengawasan, tidak melakukan persiapan kegiatan usaha dalam jangka waktu 1 (satu) tahun sejak NIB terbit, Lembaga OSS melakukan pencabutan Sertifikat Standar yang belum terverifikasi sebagaimana dimaksud pada ayat (4).",Pasal 132 ayat (7) huruf b,"melakukan, hasil, pengawasan, persiapan, kegiatan",Lembaga OSS
PP_28_2025,PP Nomor 28 Tahun 2025,PP,2025,28,BAB III,Perizinan Berusaha,,,133,1,,,Ketentuan,PB untuk kegiatan usaha dengan tingkat Risiko tinggi sebagaimana dimaksud dalam Pasal 128 ayat (1) huruf c berupa: a. NIB; dan b. Izin.,Pasal 133 ayat (1),"kegiatan, usaha, tingkat, risiko, tinggi",
PP_28_2025,PP Nomor 28 Tahun 2025,PP,2025,28,BAB III,Perizinan Berusaha,,,133,2,,,Ketentuan,lzin. . . R.EPUBLIK INDONESIA,Pasal 133 ayat (2),"lzin, epublik, indonesia",
PP_28_2025,PP Nomor 28 Tahun 2025,PP,2025,28,BAB III,Perizinan Berusaha,,,133,2,,,Kewajiban,"Izin sebagaimana dimaksud pada ayat (1) huruf b merupakan persetujuan Pemerintah Pusat, Pemerintah Daerah, Administrator KEK, danf atau Badan Pengusahaan KPBPB untuk pelaksanaan kegiatan usaha yang wajib dipenuhi oleh Pelaku Usaha sebelum melaksanakan kegiatan usahanya melalui Sistem OSS.",Pasal 133 ayat (2),"kegiatan, usaha, izin, persetujuan, pusat","Pemerintah Daerah, Pemerintah Pusat, Pelaku Usaha, Badan"
PP_28_2025,PP Nomor 28 Tahun 2025,PP,2025,28,BAB III,Perizinan Berusaha,,,133,3,,,Ketentuan,"Sebelum memperoleh lzin sebagaimana dimaksud pada ayat (2), Pelaku Usaha dapat menggunakan NIB untuk persiapan kegiatan usaha.",Pasal 133 ayat (3),"usaha, sebelum, memperoleh, lzin, pelaku",Pelaku Usaha
PP_28_2025,PP Nomor 28 Tahun 2025,PP,2025,28,BAB III,Perizinan Berusaha,,,133,4,,,Ketentuan,NIB sebagaimana dimaksud pada ayat (1) huruf a danlzin sebagaimana dimaksud pada ayat (1) huruf b merupakan PB bagi Pelaku Usaha untuk melakukan kegiatan operasional dan/atau komersial kegiatan usaha.,Pasal 133 ayat (4),"usaha, kegiatan, danlzin, pelaku, melakukan",Pelaku Usaha
PP_28_2025,PP Nomor 28 Tahun 2025,PP,2025,28,BAB III,Perizinan Berusaha,,,134,1,,,Ketentuan,"Verifikasi sebagaimana dimaksud dalam Pasal 132 dilakukan oleh Pemerintah Pusat, Pemerintah Daerah, Administrator KEK, dan/atau Badan Pengusahaan KPBPB sesuai dengan kewenangan masing-masing. (21 Verifikasi sebagaimana dimaksud pada ayat (1) dapat dilakukan dengan menugaskan lembaga atau profesi ahli yang bersertifikat atau terakreditasi.",Pasal 134 ayat (1),"verifikasi, masing, pusat, daerah, administrator","Pemerintah Daerah, Pemerintah Pusat, Lembaga, Badan"
PP_28_2025,PP Nomor 28 Tahun 2025,PP,2025,28,BAB IV,Perizinan Berusaha Untuk Menunjang Kegiatan Usaha,,,135,1,,,Ketentuan,"Dalam hal pada tahap operasional danlatau komersial kegiatan usaha diperlukan PB UMKU, kementerian/lembaga mengidentifikasi PB UMKU dengan tetap mempertimbangkan tingkat Risiko kegiatan usaha dan/atau produk pada saat pelaksanaan tahap operasional dan I atau komersial kegiatan usaha.",Pasal 135 ayat (1),"kegiatan, usaha, tahap, operasional, komersial","Kementerian, Lembaga"
PP_28_2025,PP Nomor 28 Tahun 2025,PP,2025,28,BAB IV,Perizinan Berusaha Untuk Menunjang Kegiatan Usaha,,,135,2,,,Ketentuan,PB . -81 -,Pasal 135 ayat (2),,
PP_28_2025,PP Nomor 28 Tahun 2025,PP,2025,28,BAB IV,Perizinan Berusaha Untuk Menunjang Kegiatan Usaha,,,135,2,,,Ketentuan,"PB UMKU sebagaimana dimaksud pada ayat (1) tidak termasuk perizinan dalam rangka penyelenggaraan kegiatan ekspor, impor, dan pemenuhan ketentuan larangan atau pembatasan barang ekspor dan impor serta neraca komoditas.",Pasal 135 ayat (2),"ekspor, impor, umku, termasuk, perizinan",
PP_28_2025,PP Nomor 28 Tahun 2025,PP,2025,28,BAB IV,Perizinan Berusaha Untuk Menunjang Kegiatan Usaha,,,135,3,,,Kewajiban,"Pemberian perizinan dalam rangka penyelenggaraan kegiatan ekspor, impor, dan pemenuhan ketentuan larangan atau pembatasan barang ekspor dan impor serta neraca komoditas sebagaimana dimaksud pada ayat (21 dilakukan melalui sistem Indonesia National Single Window sesuai dengan ketentuan peraturan perundang- undangan di bidang perdagangan dan neraca komoditas. (41 PB UMKU sebagaimana dimaksud pada ayat (1) wajib dipenuhi oleh Pelaku Usaha dengan mengajukan permohonan PB UMKU kepada kementerian/lembaga, Pemerintah Daerah, Administrator KEK, dan Badan Pengusahaan KPBPB sesuai dengan kewenangan masing- masing melalui Sistem OSS.",Pasal 135 ayat (3),"ekspor, impor, neraca, komoditas, melalui","Pemerintah Daerah, Pelaku Usaha, Kementerian, Lembaga, Badan"
PP_28_2025,PP Nomor 28 Tahun 2025,PP,2025,28,BAB IV,Perizinan Berusaha Untuk Menunjang Kegiatan Usaha,,,135,5,,,Ketentuan,"Sistem OSS sebagaimana dimaksud pada ayat (4) meneruskan permohonan PB UMKU kepada kementerian/lembaga, Pemerintah Daerah, Administrator KEK, dan Badan Pengusahaan KPBPB sesuai dengan kewenangan masing-masing untuk dilakukan pemrosesan permohonan PB UMKU.",Pasal 135 ayat (5),"permohonan, umku, masing, sistem, meneruskan","Pemerintah Daerah, Kementerian, Lembaga, Badan"
PP_28_2025,PP Nomor 28 Tahun 2025,PP,2025,28,BAB IV,Perizinan Berusaha Untuk Menunjang Kegiatan Usaha,,,135,6,,,Ketentuan,PB UMKU sebagaimana dimaksud pada ayat (1) merupakan perizinan berusaha yang diperlukan dalam rangka: a. peredaran produk; b. kelayakan operasi;,Pasal 135 ayat (6),"umku, perizinan, berusaha, diperlukan, rangka",
PP_28_2025,PP Nomor 28 Tahun 2025,PP,2025,28,BAB IV,Perizinan Berusaha Untuk Menunjang Kegiatan Usaha,,,135,6,c,,Ketentuan,standardisasi produk/jasa; dan/atau,Pasal 135 ayat (6) huruf c,"standardisasi, produk, jasa",
PP_28_2025,PP Nomor 28 Tahun 2025,PP,2025,28,BAB IV,Perizinan Berusaha Untuk Menunjang Kegiatan Usaha,,,135,6,d,,Ketentuan,"kelancaran kegiatan usaha selain sebagaimana dimaksud dalam huruf a, huruf b, dan huruf c.",Pasal 135 ayat (6) huruf d,"kelancaran, kegiatan, usaha, selain",
PP_28_2025,PP Nomor 28 Tahun 2025,PP,2025,28,BAB IV,Perizinan Berusaha Untuk Menunjang Kegiatan Usaha,,,136,1,,,Ketentuan,"Dalam melakukan pemrosesan permohonan PB UMKU sebagaimana dimaksud dalam Pasal 135 ayat (4ll, kementerian/lembaga, Pemerintah Daerah, Administrator KEK, dan Badan Pengusahaan KPBPB dapat bekerja sama dengan lembaga atau profesi ahli yang bersertifikat atau terakreditasi sesuai dengan ketentuan peraturan perundang-undangan.",Pasal 136 ayat (1),"lembaga, melakukan, pemrosesan, permohonan, umku","Pemerintah Daerah, Kementerian, Lembaga, Badan"
PP_28_2025,PP Nomor 28 Tahun 2025,PP,2025,28,BAB IV,Perizinan Berusaha Untuk Menunjang Kegiatan Usaha,,,136,2,,,Ketentuan,"Apabila permohonan PB UMKU yang disampaikan oleh Pelaku Usaha disetujui, kementerianllembaga dan Pemerintah Daerah sesuai dengan kewenangan masing- masing menyampaikan persetujuan PB UMKU kepada Sistem OSS.",Pasal 136 ayat (2),"umku, masing, permohonan, disampaikan, pelaku","Pemerintah Daerah, Pelaku Usaha"
PP_28_2025,PP Nomor 28 Tahun 2025,PP,2025,28,BAB IV,Perizinan Berusaha Untuk Menunjang Kegiatan Usaha,,,136,3,,,Ketentuan,"Sistem OSS menerbitkan PB UMKU kepada Pelaku Usaha. (41 Apabila permohonan PB UMKU yang diajukan oleh Pelaku Usaha ditolak atau diminta melengkapi pemenuhan persyaratan, kementerian/lembaga, Pemerintah Daerah, Administrator KEK, dan Badan Pengusahaan KPBPB sesuai dengan kewenangan masing-masing menyampaikan kepada Pelaku Usaha melalui Sistem OSS disertai dengan penjelasan.",Pasal 136 ayat (3),"pelaku, usaha, sistem, umku, kepada","Pemerintah Daerah, Pelaku Usaha, Kementerian, Lembaga, Badan"
PP_28_2025,PP Nomor 28 Tahun 2025,PP,2025,28,BAB V,"Norma, Standar, Prosedur, Dan Kriteria",Bagian Kesatu,,137,1,,,Ketentuan,"Pemerintah Pusat men5rusun dan menetapkan norma, standar, prosedur, dan kriteria pada setiap sektor sebagaimana dimaksud dalam Pasal5 ayat (1) dan ayat(21. (21 Norma, standar, prosedur, dan kriteria sebagaimana dimaksud pada ayat (1) menjadi acuan tunggal bagi pelaksanaan penyelenggaraan PBBR oleh Pemerintah Pusat, Pemerintah Daerah, Administrator KEK, dan/atau Badan Pengusahaan KPBPB.",Pasal 137 ayat (1),"pusat, norma, standar, prosedur, kriteria","Pemerintah Daerah, Pemerintah Pusat, Badan"
PP_28_2025,PP Nomor 28 Tahun 2025,PP,2025,28,BAB V,"Norma, Standar, Prosedur, Dan Kriteria",Bagian Kesatu,,137,3,,,Ketentuan,"Pemerintah Fusat dapat mendelegasikan peraturan pelaksanaan internal norma, standar, prosedur, dan kriteria sebagaimana dimaksud pada ayat (2) kepada kepala daerah yang ditetapkan dengan peraturan kepala daerah.",Pasal 137 ayat (3),"kepala, daerah, fusat, mendelegasikan, pelaksanaan","Kepala Daerah, Pemerintah"
PP_28_2025,PP Nomor 28 Tahun 2025,PP,2025,28,BAB V,"Norma, Standar, Prosedur, Dan Kriteria",Bagian Kesatu,,137,4,,,Ketentuan,"Kepala. . . (41 Kepala daerah dalam men5rusun peraturan pelaksanaan internal sebagaimana dimaksud pada ayat (3) mengacu pada norma, standar, prosedur, dan kriteria sebagaimana dimaksud pada ayat (1) serta tidak memperluas ketentuan yang diatur dalam Peraturan Pemerintah ini.",Pasal 137 ayat (4),"kepala, daerah, rusun, pelaksanaan, internal","Kepala Daerah, Pemerintah"
PP_28_2025,PP Nomor 28 Tahun 2025,PP,2025,28,BAB V,"Norma, Standar, Prosedur, Dan Kriteria",Bagian Kesatu,,138,1,,,Ketentuan,"Persyaratan dasar, PB, dan PB UMKU diterbitkan oleh Pemerintah Pusat dan Pemerintah Daerah sesuai norma, standar, prosedur, dan kriteria yang ditetapkan oleh Pemerintah Pusat.",Pasal 138 ayat (1),"pusat, persyaratan, dasar, umku, diterbitkan","Pemerintah Daerah, Pemerintah Pusat"
PP_28_2025,PP Nomor 28 Tahun 2025,PP,2025,28,BAB V,"Norma, Standar, Prosedur, Dan Kriteria",Bagian Kesatu,,138,2,,,Ketentuan,Pelaksanaan penerbitan PB sebagaimana dimaksud pada ayat (1) dilakukan oleh: a. Lembaga OSS; b. Lembaga OSS atas nama menteri/kepala lembaga; c. kepala DPMPTSP provinsi atas nama gubernur; dan,Pasal 138 ayat (2),"lembaga, nama, kepala, pelaksanaan, penerbitan","Lembaga OSS, Gubernur, Menteri"
PP_28_2025,PP Nomor 28 Tahun 2025,PP,2025,28,BAB V,"Norma, Standar, Prosedur, Dan Kriteria",Bagian Kesatu,,138,2,d,,Ketentuan,"kepala DPMPTSP kabupatenlkota atas nama bupati/wali kota, sesuai dengan kewenangan masing-masing yang tercantum dalam Lampiran I yang merupakan bagian tidak terpisahkan dari Peraturan Pemerintah ini.",Pasal 138 ayat (2) huruf d,"masing, kepala, dpmptsp, kabupatenlkota, nama","Pemerintah, Wali Kota, Bupati"
PP_28_2025,PP Nomor 28 Tahun 2025,PP,2025,28,BAB V,"Norma, Standar, Prosedur, Dan Kriteria",Bagian Kesatu,,138,3,,,Ketentuan,Pelaksanaan penerbitan PB UMKU sebagaimana dimaksud pada ayat (1) dilakukan oleh: a. Lembaga OSS atas nama menteri/kepala lembaga; b. kepala DPMPTSP provinsi atas nama gubernur;,Pasal 138 ayat (3),"lembaga, nama, kepala, pelaksanaan, penerbitan","Lembaga OSS, Gubernur, Menteri"
PP_28_2025,PP Nomor 28 Tahun 2025,PP,2025,28,BAB V,"Norma, Standar, Prosedur, Dan Kriteria",Bagian Kesatu,,138,3,c,,Ketentuan,kepala DPMPTSP kabupaten/kota atas nama bupati/wali kota; dan,Pasal 138 ayat (3) huruf c,"kota, kepala, dpmptsp, kabupaten, nama","Wali Kota, Bupati"
PP_28_2025,PP Nomor 28 Tahun 2025,PP,2025,28,BAB V,"Norma, Standar, Prosedur, Dan Kriteria",Bagian Kesatu,,138,3,d,,Ketentuan,"menteri/kepala lembaga melalui Sistem OSS sepanjang ditentukan dalam ketentuan internasional, sesuai dengan kewenangan masing-masing yang tercantum dalam Lampiran II yang merupakan bagian tidak terpisahkan dari Peraturan Pemerintah ini. (41 Dikecualikan dari ketentuan sebagaimana dimaksud pada ayat (21 huruf c dan huruf d, kewenangan penerbitan PB dilakukan oleh Lembaga OSS atau Lembaga OSS atas nama menteri/kepala lembaga untuk penerbitan PB dalam hal kegiatan usaha terdapat: a. Penanaman Modal Asing; dan/atau",Pasal 138 ayat (3) huruf d,"lembaga, menteri, kepala, kewenangan, masing","Lembaga OSS, Pemerintah, Menteri"
PP_28_2025,PP Nomor 28 Tahun 2025,PP,2025,28,BAB V,"Norma, Standar, Prosedur, Dan Kriteria",Bagian Kesatu,,138,3,b,,Ketentuan,Penanaman Modal yang menggunakan modal asing berdasarkan perjanjian yang dibuat oleh Pemerintah Pusat dan pemerintah negara lain.,Pasal 138 ayat (3) huruf b,"modal, penanaman, menggunakan, asing, perjanjian",Pemerintah Pusat
PP_28_2025,PP Nomor 28 Tahun 2025,PP,2025,28,BAB V,"Norma, Standar, Prosedur, Dan Kriteria",Bagian Kesatu,,138,5,,,Ketentuan,"Dikecualikan dari ketentuan sebagaimana dimaksud pada ayat (4), kewenangan penerbitan PB di wilayah KPBPB dilakukan oleh kepala Badan Pengusahaan KPBPB untuk penerbitan PB dalam hal kegiatan usaha terdapat:",Pasal 138 ayat (5),"penerbitan, kpbpb, dikecualikan, kewenangan, wilayah",Badan
PP_28_2025,PP Nomor 28 Tahun 2025,PP,2025,28,BAB V,"Norma, Standar, Prosedur, Dan Kriteria",Bagian Kesatu,,138,5,a,,Ketentuan,Penanaman Modal Asing; dan/atau,Pasal 138 ayat (5) huruf a,"penanaman, modal, asing",
PP_28_2025,PP Nomor 28 Tahun 2025,PP,2025,28,BAB V,"Norma, Standar, Prosedur, Dan Kriteria",Bagian Kesatu,,138,5,b,,Ketentuan,"Penanaman Modal yang menggunakan modal asing berdasarkan perjanjian yang dibuat oleh Pemerintah Pusat dan pemerintah negara lain, sesuai dengan ketentuan peraturan perundang-undangan di bidang kawasan perdagangan bebas dan pelabuhan bebas.",Pasal 138 ayat (5) huruf b,"modal, bebas, penanaman, menggunakan, asing",Pemerintah Pusat
PP_28_2025,PP Nomor 28 Tahun 2025,PP,2025,28,BAB V,"Norma, Standar, Prosedur, Dan Kriteria",Bagian Kesatu,,138,6,,,Ketentuan,"Dikecualikan dari ketentuan sebagaimana dimaksud pada ayat (21huruf b, huruf c, dan huruf d serta ayat (3) huruf a, huruf b, dan huruf c:",Pasal 138 ayat (6),dikecualikan,
PP_28_2025,PP Nomor 28 Tahun 2025,PP,2025,28,BAB V,"Norma, Standar, Prosedur, Dan Kriteria",Bagian Kesatu,,138,6,a,,Ketentuan,"dalam hal kegiatan usaha dilakukan pada wilayah KEK, kewenangan penerbitan PB dan PB UMKU dilakukan oleh Administrator KEK sesuai dengan ketentuan peraturan perundang-undangan di bidang kawasan ekonomi khusus; atau",Pasal 138 ayat (6) huruf a,"kegiatan, usaha, wilayah, kewenangan, penerbitan",
PP_28_2025,PP Nomor 28 Tahun 2025,PP,2025,28,BAB V,"Norma, Standar, Prosedur, Dan Kriteria",Bagian Kesatu,,138,6,b,,Ketentuan,"dalam hal kegiatan usaha dilakukan pada wilayah KPBPB, kewenangan penerbitan PB dan PB UMKU dilakukan oleh kepala Badan Pengusahaan KPBPB sesuai dengan ketentuan peraturan perundang- undangan di bidang kawasan perdagangan bebas dan pelabuhan bebas.",Pasal 138 ayat (6) huruf b,"kpbpb, bebas, kegiatan, usaha, wilayah",Badan
PP_28_2025,PP Nomor 28 Tahun 2025,PP,2025,28,BAB V,"Norma, Standar, Prosedur, Dan Kriteria",Bagian Kesatu,,139,1,,,Kewajiban,"Menteri/kepala lembaga, gubernur, bupati lwali kota, kepala Administrator KEK, dan/atau kepala Badan Pengusahaan KPBPB sesuai dengan kewenangan masing- masing dalam: a. melakukan pemeriksaan PB dan/atau PB UMKU harus sesuai dengan jangka waktu; dan",Pasal 139 ayat (1),"kepala, masing, menteri, lembaga, gubernur","Gubernur, Menteri, Lembaga, Bupati, Badan"
PP_28_2025,PP Nomor 28 Tahun 2025,PP,2025,28,BAB V,"Norma, Standar, Prosedur, Dan Kriteria",Bagian Kesatu,,139,1,b,,Kewajiban,memberikan PB danf atau PB UMKU harus sesuai dengan masa berlaku.,Pasal 139 ayat (1) huruf b,"memberikan, danf, umku, masa, berlaku",
PP_28_2025,PP Nomor 28 Tahun 2025,PP,2025,28,BAB V,"Norma, Standar, Prosedur, Dan Kriteria",Bagian Kesatu,,139,2,,,Kewajiban,Pelaku Usaha harus memenuhi ketentuan PB sebagaimana tercantum dalam Lampiran I yang merupakan bagian tidak terpisahkan dari Peraturan Pemerintah ini.,Pasal 139 ayat (2),"pelaku, usaha, memenuhi, tercantum, lampiran","Pelaku Usaha, Pemerintah"
PP_28_2025,PP Nomor 28 Tahun 2025,PP,2025,28,BAB V,"Norma, Standar, Prosedur, Dan Kriteria",Bagian Kesatu,,139,3,,,Kewajiban,Pelaku Usaha harus memenuhi ketentuan PB UMKU sebagaimana tercantum dalam Lampiran II yang merupakan bagian tidak terpisahkan dari Peraturan Pemerintah ini. Bagian,Pasal 139 ayat (3),"pelaku, usaha, memenuhi, umku, tercantum","Pelaku Usaha, Pemerintah"
PP_28_2025,PP Nomor 28 Tahun 2025,PP,2025,28,BAB V,"Norma, Standar, Prosedur, Dan Kriteria",Bagian Kedua,,140,1,,,Ketentuan,PB sektor kelautan dan perikanan meliputi kegiatan usaha: a. pengelolaan ruang laut; b. perikanan tangkap; c. pembudidayaan ikan; d. pengolahan hasil kelautan dan perikanan; dan e. pemasaran hasil kelautan dan perikanan. (21 PB UMKU sektor kelautan dan perikanan meliputi penunjang operasional dan/atau komersial kegiatan usaha yang terdiri atas:,Pasal 140 ayat (1),"perikanan, kelautan, sektor, meliputi, kegiatan",
PP_28_2025,PP Nomor 28 Tahun 2025,PP,2025,28,BAB V,"Norma, Standar, Prosedur, Dan Kriteria",Bagian Kedua,,140,1,a,,Ketentuan,pengelolaan ruang laut;,Pasal 140 ayat (1) huruf a,"pengelolaan, ruang, laut",
PP_28_2025,PP Nomor 28 Tahun 2025,PP,2025,28,BAB V,"Norma, Standar, Prosedur, Dan Kriteria",Bagian Kedua,,140,1,b,,Ketentuan,perikanan tangkap;,Pasal 140 ayat (1) huruf b,"perikanan, tangkap",
PP_28_2025,PP Nomor 28 Tahun 2025,PP,2025,28,BAB V,"Norma, Standar, Prosedur, Dan Kriteria",Bagian Kedua,,140,1,c,,Ketentuan,pembudidayaan ikan;,Pasal 140 ayat (1) huruf c,"pembudidayaan, ikan",
PP_28_2025,PP Nomor 28 Tahun 2025,PP,2025,28,BAB V,"Norma, Standar, Prosedur, Dan Kriteria",Bagian Kedua,,140,1,d,,Ketentuan,pengolahan hasil kelautan dan perikanan; dan,Pasal 140 ayat (1) huruf d,"pengolahan, hasil, kelautan, perikanan",
PP_28_2025,PP Nomor 28 Tahun 2025,PP,2025,28,BAB V,"Norma, Standar, Prosedur, Dan Kriteria",Bagian Kedua,,140,1,e,,Ketentuan,pemasaran hasil kelautan dan perikanan.,Pasal 140 ayat (1) huruf e,"pemasaran, hasil, kelautan, perikanan",
PP_28_2025,PP Nomor 28 Tahun 2025,PP,2025,28,BAB V,"Norma, Standar, Prosedur, Dan Kriteria",Bagian Kedua,Paragraf 2,141,1,,,Ketentuan,PB sektor pertanian meliputi kegiatan usaha: a. perkebunan; b. tanaman pangan; c. hortikultura; dan,Pasal 141 ayat (1),"sektor, pertanian, meliputi, kegiatan, usaha",
PP_28_2025,PP Nomor 28 Tahun 2025,PP,2025,28,BAB V,"Norma, Standar, Prosedur, Dan Kriteria",Bagian Kedua,Paragraf 2,141,1,d,,Ketentuan,peternakan TIEPUBLIK INDONESIA d. peternakan dan kesehatan hewan. (21 PB UMKU sektor pertanian meliputi penunjang operasional dan/atau komersial kegiatan usaha yang terdiri atas: a. perkebunan; b. tanaman pangan; c. hortikultura; d. peternakan dan kesehatan hewan; dan e. sarana pertanian.,Pasal 141 ayat (1) huruf d,"peternakan, kesehatan, hewan, pertanian, tiepublik",
PP_28_2025,PP Nomor 28 Tahun 2025,PP,2025,28,BAB V,"Norma, Standar, Prosedur, Dan Kriteria",Bagian Kedua,Paragraf 2,141,3,,,Ketentuan,Perizinan terkait veteriner diatur oleh menteri yang menyelenggarakan urusan pemerintahan di bidang pertanian.,Pasal 141 ayat (3),"perizinan, terkait, veteriner, diatur, menteri",Menteri
PP_28_2025,PP Nomor 28 Tahun 2025,PP,2025,28,BAB V,"Norma, Standar, Prosedur, Dan Kriteria",Bagian Kedua,Paragraf 3,142,,,,Ketentuan,PB sektor kehutanan meliputi kegiatan usaha: a. pemanfaatan hutan;,Pasal 142,"sektor, kehutanan, meliputi, kegiatan, usaha",
PP_28_2025,PP Nomor 28 Tahun 2025,PP,2025,28,BAB V,"Norma, Standar, Prosedur, Dan Kriteria",Bagian Kedua,Paragraf 3,142,,b,,Ketentuan,"pemanfaatan jasa lingkungan pada kawasan suaka alam, kawasan pelestarian alam, dan taman buru;",Pasal 142 huruf b,"kawasan, alam, pemanfaatan, jasa, lingkungan",
PP_28_2025,PP Nomor 28 Tahun 2025,PP,2025,28,BAB V,"Norma, Standar, Prosedur, Dan Kriteria",Bagian Kedua,Paragraf 3,142,,c,,Ketentuan,pemanfaatan jenis tumbuhan dan satwa liar; dan d. perbenihan tanaman hutan.,Pasal 142 huruf c,"pemanfaatan, jenis, tumbuhan, satwa, liar",
PP_28_2025,PP Nomor 28 Tahun 2025,PP,2025,28,BAB V,"Norma, Standar, Prosedur, Dan Kriteria",Bagian Kedua,Paragraf 4,143,1,,,Ketentuan,"PB sektor energi dan sumber daya mineral meliputi subsektor: a. minyak dan gas bumi; b. ketenagalistrikan; c. mineral dan batubara; dan d. energi baru, terbarukan, dan konservasi energi.",Pasal 143 ayat (1),"energi, mineral, sektor, sumber, daya",
PP_28_2025,PP Nomor 28 Tahun 2025,PP,2025,28,BAB V,"Norma, Standar, Prosedur, Dan Kriteria",Bagian Kedua,Paragraf 4,143,2,,,Ketentuan,"PB -87 - (21 PB UMKU sektor energi dan sumber daya mineral meliputi penunjang operasional dan/atau komersial kegiatan usaha yang terdiri atas subsektor: a. minyak dan gas bumi; b. ketenagalistrikan; c. mineral dan batubara; d. energi baru, terbarukan, dan konservasi energi; dan e. geologi.",Pasal 143 ayat (2),"energi, mineral, umku, sektor, sumber",
PP_28_2025,PP Nomor 28 Tahun 2025,PP,2025,28,BAB V,"Norma, Standar, Prosedur, Dan Kriteria",Bagian Kedua,Paragraf 4,143,3,,,Kewajiban,"Kewajiban pemenuhan persyaratan dasar berupa KKPR sebagaimana dimaksud dalam Pasal 12 ayat (1) huruf a dikecualikan untuk PB dalam tahap survei dan tahap eksplorasi subsektor energi baru, terbarukan, dan konservasi energi, serta tahap kegiatan eksplorasi pada subsektor mineral dan batubara.",Pasal 143 ayat (3),"tahap, eksplorasi, subsektor, energi, kewajiban",
PP_28_2025,PP Nomor 28 Tahun 2025,PP,2025,28,BAB V,"Norma, Standar, Prosedur, Dan Kriteria",Bagian Kedua,Paragraf 4,144,1,,,Ketentuan,Penerapan PB pada kegiatan usaha hulu pada subsektor minyak dan gas bumi yang dilaksanakan oleh badan usaha atau bentuk usaha tetap berdasarkan kontrak kerja sama berlaku ketentuan:,Pasal 144 ayat (1),"usaha, penerapan, kegiatan, hulu, subsektor",Badan Usaha
PP_28_2025,PP Nomor 28 Tahun 2025,PP,2025,28,BAB V,"Norma, Standar, Prosedur, Dan Kriteria",Bagian Kedua,Paragraf 4,144,1,a,,Ketentuan,kontrak kerja sama diperlakukan sebagai lzin dalam kegiatan usaha hulu; dan,Pasal 144 ayat (1) huruf a,"kontrak, kerja, sama, diperlakukan, lzin",
PP_28_2025,PP Nomor 28 Tahun 2025,PP,2025,28,BAB V,"Norma, Standar, Prosedur, Dan Kriteria",Bagian Kedua,Paragraf 4,144,1,b,,Kewajiban,badan usaha atau bentuk usaha tetap yang menandatangani kontrak kerja sama wajib memiliki NIB.,Pasal 144 ayat (1) huruf b,"usaha, badan, bentuk, tetap, menandatangani",Badan Usaha
PP_28_2025,PP Nomor 28 Tahun 2025,PP,2025,28,BAB V,"Norma, Standar, Prosedur, Dan Kriteria",Bagian Kedua,Paragraf 4,144,2,,,Ketentuan,Penerapan PB sebagaimana dimaksud pada ayat (1) tidak menghapus keberlakuan seluruh ketentuan dalam kontrak kerja sama.,Pasal 144 ayat (2),"penerapan, menghapus, keberlakuan, seluruh, kontrak",
PP_28_2025,PP Nomor 28 Tahun 2025,PP,2025,28,BAB V,"Norma, Standar, Prosedur, Dan Kriteria",Bagian Kedua,Paragraf 4,145,1,,,Ketentuan,Kegiatan usaha hilir pada subsektor minyak dan gas bumi meliputi:,Pasal 145 ayat (1),"kegiatan, usaha, hilir, subsektor, minyak",
PP_28_2025,PP Nomor 28 Tahun 2025,PP,2025,28,BAB V,"Norma, Standar, Prosedur, Dan Kriteria",Bagian Kedua,Paragraf 4,145,1,a,,Ketentuan,"kegiatan usaha pengolahan yang meliputi kegiatan memurnikan, memperoleh bagian-bagian, mempertinggi mutu, dan mempertinggi nilai tambah minyak dan gas bumi yang menghasilkan bahan bakar minyak, bahan bakar g&S, hasil olahan, liquified petroleum gas, dan f atau tiquified natural gas tetapi tidak termasuk pengolahan lapangan;",Pasal 145 ayat (1) huruf a,"kegiatan, pengolahan, mempertinggi, minyak, bahan",
PP_28_2025,PP Nomor 28 Tahun 2025,PP,2025,28,BAB V,"Norma, Standar, Prosedur, Dan Kriteria",Bagian Kedua,Paragraf 4,145,1,b,,Ketentuan,"kegiatan . b. kegiatan usaha pengangkutan yang meliputi kegiatan pemindahan minyak bumi, gas bumi, bahan bakar minyak, bahan bakar B&s, dan/atau hasil olahan melalui pipa dari suatu tempat ke tempat lain untuk tujuan komersial;",Pasal 145 ayat (1) huruf b,"kegiatan, minyak, bumi, bahan, bakar",
PP_28_2025,PP Nomor 28 Tahun 2025,PP,2025,28,BAB V,"Norma, Standar, Prosedur, Dan Kriteria",Bagian Kedua,Paragraf 4,145,1,c,,Ketentuan,"kegiatan usaha penyimpanan yang meliputi kegiatan penerimaan, pengumpulan, penampungan, dan pengeluaran minyak bumi, bahan bakar minyak, bahan bakar gas, dan/atau hasil olahan pada lokasi di atas dan latau di bawah permukaan tanah dan/atau permukaan air untuk tujuan komersial; dan",Pasal 145 ayat (1) huruf c,"kegiatan, minyak, bahan, bakar, permukaan",
PP_28_2025,PP Nomor 28 Tahun 2025,PP,2025,28,BAB V,"Norma, Standar, Prosedur, Dan Kriteria",Bagian Kedua,Paragraf 4,145,1,d,,Ketentuan,"kegiatan usaha niaga yang meliputi kegiatan pembelian, penjualan, ekspor, dan impor minyak bumi, bahan bakar minyak, bahan bakar Bas, dan/atau hasil olahan, termasuk gas bumi melalui pipa. (21 Kegiatan usaha pengangkutan yang meliputi kegiatan pemindahan minyak bumi, gas bumi, bahan bakar minyak, bahan bakar gas, dan latau hasil olahan yang menggunakan alat transportasi darat, air, danf atau udara dari suatu tempat ke tempat lain untuk tujuan komersial dilaksanakan sesuai dengan norma, standar, prosedur, dan kriteria pada sektor transportasi.",Pasal 145 ayat (1) huruf d,"kegiatan, minyak, bumi, bahan, bakar",
PP_28_2025,PP Nomor 28 Tahun 2025,PP,2025,28,BAB V,"Norma, Standar, Prosedur, Dan Kriteria",Bagian Kedua,Paragraf 4,146,,,,Ketentuan,"PB UMKU pada subsektor geologi berupa pengusahaan air tanah diterbitkan berdasarkan norma, standar, prosedur, dan kriteria yang ditetapkan oleh Pemerintah Pusat pada kondisi air tanah yang tercantum dalam zona konservasi air tanah dan/atau data hidrogeologi lainnya sesuai dengan ketentuan peraturan perundang-undangan.",Pasal 146,"tanah, umku, subsektor, geologi, berupa",Pemerintah Pusat
PP_28_2025,PP Nomor 28 Tahun 2025,PP,2025,28,BAB V,"Norma, Standar, Prosedur, Dan Kriteria",Bagian Kedua,Paragraf 4,147,1,,,Ketentuan,Pelaku Usaha yang telah melakukan kegiatan:,Pasal 147 ayat (1),"pelaku, usaha, melakukan, kegiatan",Pelaku Usaha
PP_28_2025,PP Nomor 28 Tahun 2025,PP,2025,28,BAB V,"Norma, Standar, Prosedur, Dan Kriteria",Bagian Kedua,Paragraf 4,147,1,a,,Ketentuan,konstruksi berupa sumur bor lgali air tanah tanpalzin pengusahaan air tanah; dan/atau,Pasal 147 ayat (1) huruf a,"tanah, konstruksi, berupa, sumur, lgali",
PP_28_2025,PP Nomor 28 Tahun 2025,PP,2025,28,BAB V,"Norma, Standar, Prosedur, Dan Kriteria",Bagian Kedua,Paragraf 4,147,1,b,,Sanksi,"penggunaan air tanah tanpa lzin pengusahaan air tanah, sebelum berlakunya Undang-Undang Nomor 6 tahun 2023 tentang Penetapan Peraturan Pemerintah Pengganti Undang-Undang Nomor 2 Tahun 2022 tentang Cipta Kerja menjadi Undang-Undang, dikenai sanksi administratif berupa. . . berupa denda administratif dan wajib mengajukan permohonan PB UMKU Izin pengusahaan air tanah, paling lama 3 (tiga) tahun sejak berlakunya Undang-Undang Nomor 6 Tahun 2023 tentang Penetapan Peraturan Pemerintah Pengganti Undang-Undang Nomor Tahun 2022 tentang Cipta Kerja menjadi Undang-Undang. (21 Penggunaan air tanah tanpa Izin pengusahaan air tanah sebagaimana dimaksud pada ayat (1) huruf b merupakan:",Pasal 147 ayat (1) huruf b,"tanah, tahun, nomor, pengusahaan, penggunaan",Pemerintah
PP_28_2025,PP Nomor 28 Tahun 2025,PP,2025,28,BAB V,"Norma, Standar, Prosedur, Dan Kriteria",Bagian Kedua,Paragraf 4,147,1,a,,Ketentuan,"penggunaan air tanah yang pernah memiliki lzin pengusahaan air tanah, namun telah habis masa berlakunya; atau b. penggunaan air tanah yang belum pernah memiliki Izin pengusahaan air tanah.",Pasal 147 ayat (1) huruf a,"tanah, penggunaan, pernah, memiliki, pengusahaan",
PP_28_2025,PP Nomor 28 Tahun 2025,PP,2025,28,BAB V,"Norma, Standar, Prosedur, Dan Kriteria",Bagian Kedua,Paragraf 4,147,3,,,Sanksi,Besaran denda administratif sebagaimana dimaksud pada ayat (1) ditetapkan berdasarkan formula penghitungan denda administratif yang ditetapkan sesuai dengan ketentuan peraturan perundang-undangan di bidang penerimaan negara bukan pajak.,Pasal 147 ayat (3),"denda, administratif, ditetapkan, besaran, formula",
PP_28_2025,PP Nomor 28 Tahun 2025,PP,2025,28,BAB V,"Norma, Standar, Prosedur, Dan Kriteria",Bagian Kedua,Paragraf 4,147,4,,,Ketentuan,Permohonan PB UMKU sebagaimana dimaksud pada ayat,Pasal 147 ayat (4),"permohonan, umku",
PP_28_2025,PP Nomor 28 Tahun 2025,PP,2025,28,BAB V,"Norma, Standar, Prosedur, Dan Kriteria",Bagian Kedua,Paragraf 4,147,1,,,Ketentuan,diajukan oleh Pelaku Usaha melalui Sistem OSS sesuai Lampiran II yang merupakan bagian tidak terpisahkan dari Peraturan Pemerintah ini.,Pasal 147 ayat (1),"diajukan, pelaku, usaha, melalui, sistem","Pelaku Usaha, Pemerintah"
PP_28_2025,PP Nomor 28 Tahun 2025,PP,2025,28,BAB V,"Norma, Standar, Prosedur, Dan Kriteria",Bagian Kedua,Paragraf 5,148,1,,,Ketentuan,PB sektor ketenaganukliran meliputi kegiatan usaha:,Pasal 148 ayat (1),"sektor, ketenaganukliran, meliputi, kegiatan, usaha",
PP_28_2025,PP Nomor 28 Tahun 2025,PP,2025,28,BAB V,"Norma, Standar, Prosedur, Dan Kriteria",Bagian Kedua,Paragraf 5,148,1,a,,Ketentuan,pemanfaatan sumber radiasi pengion;,Pasal 148 ayat (1) huruf a,"pemanfaatan, sumber, radiasi, pengion",
PP_28_2025,PP Nomor 28 Tahun 2025,PP,2025,28,BAB V,"Norma, Standar, Prosedur, Dan Kriteria",Bagian Kedua,Paragraf 5,148,1,b,,Ketentuan,instalasi nuklir dan bahan nuklir;,Pasal 148 ayat (1) huruf b,"nuklir, instalasi, bahan",
PP_28_2025,PP Nomor 28 Tahun 2025,PP,2025,28,BAB V,"Norma, Standar, Prosedur, Dan Kriteria",Bagian Kedua,Paragraf 5,148,1,c,,Ketentuan,pertambangan bahan galian nuklir; dan,Pasal 148 ayat (1) huruf c,"pertambangan, bahan, galian, nuklir",
PP_28_2025,PP Nomor 28 Tahun 2025,PP,2025,28,BAB V,"Norma, Standar, Prosedur, Dan Kriteria",Bagian Kedua,Paragraf 5,148,1,d,,Ketentuan,pendukung sektor ketenaganukliran. (21 PB UMKU sektor ketenaganukliran meliputi penunjang operasional dan/atau komersial kegiatan usaha yang terdiri atas:,Pasal 148 ayat (1) huruf d,"sektor, ketenaganukliran, pendukung, umku, meliputi",
PP_28_2025,PP Nomor 28 Tahun 2025,PP,2025,28,BAB V,"Norma, Standar, Prosedur, Dan Kriteria",Bagian Kedua,Paragraf 5,148,1,a,,Ketentuan,pemanfaatan sumber radiasi pengion;,Pasal 148 ayat (1) huruf a,"pemanfaatan, sumber, radiasi, pengion",
PP_28_2025,PP Nomor 28 Tahun 2025,PP,2025,28,BAB V,"Norma, Standar, Prosedur, Dan Kriteria",Bagian Kedua,Paragraf 5,148,1,b,,Ketentuan,instalasi nuklir dan bahan nuklir; dan,Pasal 148 ayat (1) huruf b,"nuklir, instalasi, bahan",
PP_28_2025,PP Nomor 28 Tahun 2025,PP,2025,28,BAB V,"Norma, Standar, Prosedur, Dan Kriteria",Bagian Kedua,Paragraf 5,148,1,c,,Ketentuan,pertambangan bahan galian nuklir.,Pasal 148 ayat (1) huruf c,"pertambangan, bahan, galian, nuklir",
PP_28_2025,PP Nomor 28 Tahun 2025,PP,2025,28,BAB V,"Norma, Standar, Prosedur, Dan Kriteria",Bagian Kedua,Paragraf 5,148,3,,,Ketentuan,"PB dan PB UMKU untuk kegiatan usaha sebagaimana dimaksud pada ayat (1) huruf a dan huruf b, serta ayat (21 huruf a tertentu diterbitkan sesuai tahapan kegiatan yang meliputi: a. konstruksi; b. operasi; c. dekomisioning; dan/atau d. pernyataan pembebasan.",Pasal 148 ayat (3),"kegiatan, umku, usaha, tertentu, diterbitkan",
PP_28_2025,PP Nomor 28 Tahun 2025,PP,2025,28,BAB V,"Norma, Standar, Prosedur, Dan Kriteria",Bagian Kedua,Paragraf 6,149,1,,,Ketentuan,"PB sektor perindustrian meliputi kegiatan usaha: a. penyelenggaraan industri yang mengolah bahan baku dan/atau memanfaatkan sumber daya industri, termasuk jasa industri; dan b. kawasan industri. (21 PB UMKU sektor perindustrian meliputi penunjang operasional dan/atau komersial kegiatan usaha yang terdiri atas: a. rekomendasi; b. pertimbangan teknis; c. surat persetujuan; d. surat penetapan; e. tanda pendaftaran; f. tanda daftar; g. tanda sah; dan/atau",Pasal 149 ayat (1),"industri, tanda, sektor, perindustrian, meliputi",
PP_28_2025,PP Nomor 28 Tahun 2025,PP,2025,28,BAB V,"Norma, Standar, Prosedur, Dan Kriteria",Bagian Kedua,Paragraf 6,149,1,h,,Ketentuan,surat keterangan dalam kegiatan penunjang operasional dan/atau komersial kegiatan usaha industri tertentu.,Pasal 149 ayat (1) huruf h,"kegiatan, surat, keterangan, penunjang, operasional",
PP_28_2025,PP Nomor 28 Tahun 2025,PP,2025,28,BAB V,"Norma, Standar, Prosedur, Dan Kriteria",Bagian Kedua,Paragraf 6,150,,,,Ketentuan,"PB untuk kegiatan usaha industri sebagaimana dimaksud dalam Pasal 149 ayat (1) huruf a berlaku juga sebagai PB untuk tempat penyimpanan mesin/peralatan, bahan baku, bahan penolong, danf atau hasil produksi dengan ketentuan: REPUEUK INOONESIA -9t -",Pasal 150,"bahan, kegiatan, usaha, industri, berlaku",
PP_28_2025,PP Nomor 28 Tahun 2025,PP,2025,28,BAB V,"Norma, Standar, Prosedur, Dan Kriteria",Bagian Kedua,Paragraf 6,150,,a,,Ketentuan,tempat penyimpanan dimaksud terkait dengan kegiatan dan/atau kepentingan produksi Pelaku Usaha di sektor perindustrian bersangkutan yang tidak terpisahkan dari kegiatan industrinya dan berada dalam 1 (satu) lokasi usaha industri; dan,Pasal 150 huruf a,"kegiatan, usaha, tempat, penyimpanan, terkait",Pelaku Usaha
PP_28_2025,PP Nomor 28 Tahun 2025,PP,2025,28,BAB V,"Norma, Standar, Prosedur, Dan Kriteria",Bagian Kedua,Paragraf 6,150,,b,,Ketentuan,tempat penyimpanan dimaksud tidak disewakan atau dikomersialkan.,Pasal 150 huruf b,"tempat, penyimpanan, disewakan, dikomersialkan",
PP_28_2025,PP Nomor 28 Tahun 2025,PP,2025,28,BAB V,"Norma, Standar, Prosedur, Dan Kriteria",Bagian Kedua,Paragraf 6,151,1,,,Kewajiban,Kegiatan usaha industri sebagaimana dimaksud dalam Pasal 149 ayat (1) huruf a wajib berlokasi di kawasan industri.,Pasal 151 ayat (1),"industri, kegiatan, usaha, wajib, berlokasi",
PP_28_2025,PP Nomor 28 Tahun 2025,PP,2025,28,BAB V,"Norma, Standar, Prosedur, Dan Kriteria",Bagian Kedua,Paragraf 6,151,2,,,Ketentuan,Kegiatan usaha industri sebagaimana dimaksud pada ayat,Pasal 151 ayat (2),"kegiatan, usaha, industri",
PP_28_2025,PP Nomor 28 Tahun 2025,PP,2025,28,BAB V,"Norma, Standar, Prosedur, Dan Kriteria",Bagian Kedua,Paragraf 6,151,1,,,Ketentuan,dapat berlokasi di luar kawasan industri apabila:,Pasal 151 ayat (1),"berlokasi, luar, kawasan, industri",
PP_28_2025,PP Nomor 28 Tahun 2025,PP,2025,28,BAB V,"Norma, Standar, Prosedur, Dan Kriteria",Bagian Kedua,Paragraf 6,151,1,a,,Ketentuan,berlokasi di daerah kabupaten/kota yang belum memiliki kawasan industri atau telah memiliki kawasan industri tetapi seluruh kaveling industri dalam kawasan industrinya telah habis;,Pasal 151 ayat (1) huruf a,"kawasan, industri, memiliki, berlokasi, daerah",
PP_28_2025,PP Nomor 28 Tahun 2025,PP,2025,28,BAB V,"Norma, Standar, Prosedur, Dan Kriteria",Bagian Kedua,Paragraf 6,151,1,b,,Ketentuan,berlokasi di zona industri dalam KEK;,Pasal 151 ayat (1) huruf b,"berlokasi, zona, industri",
PP_28_2025,PP Nomor 28 Tahun 2025,PP,2025,28,BAB V,"Norma, Standar, Prosedur, Dan Kriteria",Bagian Kedua,Paragraf 6,151,1,c,,Ketentuan,termasuk klasifikasi industri kecil;,Pasal 151 ayat (1) huruf c,"termasuk, klasifikasi, industri, kecil",
PP_28_2025,PP Nomor 28 Tahun 2025,PP,2025,28,BAB V,"Norma, Standar, Prosedur, Dan Kriteria",Bagian Kedua,Paragraf 6,151,1,d,,Ketentuan,termasuk klasifikasi industri menengah yang tidak berpotensi menimbulkan pencemaran lingkungan hidup yang berdampak luas; atau,Pasal 151 ayat (1) huruf d,"termasuk, klasifikasi, industri, menengah, berpotensi",
PP_28_2025,PP Nomor 28 Tahun 2025,PP,2025,28,BAB V,"Norma, Standar, Prosedur, Dan Kriteria",Bagian Kedua,Paragraf 6,151,1,e,,Ketentuan,industri yang menggunakan bahan baku khusus dan/atau proses produksinya memerlukan lokasi khusus.,Pasal 151 ayat (1) huruf e,"khusus, industri, menggunakan, bahan, baku",
PP_28_2025,PP Nomor 28 Tahun 2025,PP,2025,28,BAB V,"Norma, Standar, Prosedur, Dan Kriteria",Bagian Kedua,Paragraf 6,151,3,,,Ketentuan,Kegiatan usaha industri yang:,Pasal 151 ayat (3),"kegiatan, usaha, industri",
PP_28_2025,PP Nomor 28 Tahun 2025,PP,2025,28,BAB V,"Norma, Standar, Prosedur, Dan Kriteria",Bagian Kedua,Paragraf 6,151,3,a,,Ketentuan,berlokasi di daerah kabupaten/kota sebagaimana dimaksud pada ayat (21huruf a; dan/atau,Pasal 151 ayat (3) huruf a,"berlokasi, daerah, kabupaten, kota",
PP_28_2025,PP Nomor 28 Tahun 2025,PP,2025,28,BAB V,"Norma, Standar, Prosedur, Dan Kriteria",Bagian Kedua,Paragraf 6,151,3,b,,Kewajiban,"termasuk klasifikasi industri menengah sebagaimana dimaksud pada ayat (21huruf d, wajib berlokasi di kawasan perLlntukan industri sesuai dengan RTR. (41 Industri menengah yang tidak berpotensi menimbulkan pencemaran lingkungan hidup yang berdampak luas sebagaimana dimaksud pada ayat (21huruf d dan industri yang menggunakan bahan baku khusus dan/atau proses produksinya memerlukan lokasi khusus sebagaimana dimaksud pada ayat (21 huruf e ditetapkan oleh menteri yang menyelenggarakan urusan pemerintahan di bidang perindustrian. Pasal. . . REPUBLIK INOONESIA",Pasal 151 ayat (3) huruf b,"industri, menengah, khusus, termasuk, klasifikasi",Menteri
PP_28_2025,PP Nomor 28 Tahun 2025,PP,2025,28,BAB V,"Norma, Standar, Prosedur, Dan Kriteria",Bagian Kedua,Paragraf 6,152,1,,,Kewajiban,Pelaku Usaha perseorangan dan Pelaku Usaha nonperseorangan di sektor perindustrian yang melakukan perubahan klasifikasi usaha industri wajib memenuhi ketentuan lokasi sebagaimana dimaksud dalam Pasal 151. (21 Ketentuan sebagaimana dimaksud pada ayat (1) dikecualikan bagi Pelaku Usaha perseorangan dan Pelaku Usaha nonperseorangan di sektor perindustrian yang melakukan perubahan klasifikasi kegiatan usaha industri tanpa menambah lahan lokasi industri atau pindah lokasi industri.,Pasal 152 ayat (1),"usaha, pelaku, industri, lokasi, perseorangan",Pelaku Usaha
PP_28_2025,PP Nomor 28 Tahun 2025,PP,2025,28,BAB V,"Norma, Standar, Prosedur, Dan Kriteria",Bagian Kedua,Paragraf 6,153,1,,,Ketentuan,Dalam 1 (satu) PB hanya berlaku bagi 1 (satu) Pelaku Usaha di sektor perindustrian yang:,Pasal 153 ayat (1),"satu, hanya, berlaku, pelaku, usaha",Pelaku Usaha
PP_28_2025,PP Nomor 28 Tahun 2025,PP,2025,28,BAB V,"Norma, Standar, Prosedur, Dan Kriteria",Bagian Kedua,Paragraf 6,153,1,a,,Ketentuan,memiliki usaha industri dengan 1 (satu) kelompok usaha sesuai dengan KBLI 5 (lima) digit dan berada dalam 1 (satu) lokasi industri;,Pasal 153 ayat (1) huruf a,"usaha, industri, satu, memiliki, kelompok",
PP_28_2025,PP Nomor 28 Tahun 2025,PP,2025,28,BAB V,"Norma, Standar, Prosedur, Dan Kriteria",Bagian Kedua,Paragraf 6,153,1,b,,Ketentuan,memiliki beberapa usaha industri yang merupakan 1 (satu) unit produksi terpadu dengan KBLI 5 (lima) digit yang berbeda dalam 1 (satu) kawasan industri; atau,Pasal 153 ayat (1) huruf b,"industri, satu, memiliki, beberapa, usaha",
PP_28_2025,PP Nomor 28 Tahun 2025,PP,2025,28,BAB V,"Norma, Standar, Prosedur, Dan Kriteria",Bagian Kedua,Paragraf 6,153,1,c,,Kewajiban,"memiliki beberapa usaha industri dengan 1 (satu) kelompok usaha sesuai dengan KBLI 5 (lima) digit yang sama dan berada di beberapa lokasi dalam 1 (satu) kawasan industri. (21 Dalam hal Pelaku Usaha di sektor perindustrian memiliki usaha industri di luar ketentuan sebagaimana dimaksud pada ayat (1), wajib memiliki PB baru.",Pasal 153 ayat (1) huruf c,"usaha, memiliki, industri, beberapa, satu",Pelaku Usaha
PP_28_2025,PP Nomor 28 Tahun 2025,PP,2025,28,BAB V,"Norma, Standar, Prosedur, Dan Kriteria",Bagian Kedua,Paragraf 6,154,1,,,Ketentuan,"PB untuk kegiatan usaha kawasan industri sebagaimana dimaksud dalam Pasal 149 ayat (1) huruf b diberikan hanya kepada Pelaku Usaha yang berbentuk badan usaha milik negara, badan usaha milik daerah, koperasi, dan perseroan terbatas, yang berlokasi di dalam kawasan peruntukan industri sesuai dengan RTR.",Pasal 154 ayat (1),"usaha, kawasan, industri, badan, milik","Pelaku Usaha, Badan Usaha, Koperasi"
PP_28_2025,PP Nomor 28 Tahun 2025,PP,2025,28,BAB V,"Norma, Standar, Prosedur, Dan Kriteria",Bagian Kedua,Paragraf 6,154,2,,,Ketentuan,Pelaku Usaha sebagaimana dimaksud pada ayat (1) yang telah memperoleh PB untuk kegiatan usaha kawasan industri merupakan perusahaan kawasan industri.,Pasal 154 ayat (2),"usaha, kawasan, industri, pelaku, memperoleh",Pelaku Usaha
PP_28_2025,PP Nomor 28 Tahun 2025,PP,2025,28,BAB V,"Norma, Standar, Prosedur, Dan Kriteria",Bagian Kedua,Paragraf 6,154,3,,,Ketentuan,PB REPUBLIK INDONESIA.,Pasal 154 ayat (3),"republik, indonesia",
PP_28_2025,PP Nomor 28 Tahun 2025,PP,2025,28,BAB V,"Norma, Standar, Prosedur, Dan Kriteria",Bagian Kedua,Paragraf 6,154,3,,,Ketentuan,PB kawasan industri sebagaimana dimaksud pada ayat (1) diberikan sesuai dengan KKPR kegiatan usaha kawasan industri.,Pasal 154 ayat (3),"kawasan, industri, diberikan, kkpr, kegiatan",
PP_28_2025,PP Nomor 28 Tahun 2025,PP,2025,28,BAB V,"Norma, Standar, Prosedur, Dan Kriteria",Bagian Kedua,Paragraf 6,155,1,,,Kewajiban,"Setiap perusahaan kawasan industri yang melakukan perluasan kawasan wajib memiliki persyaratan dasar dan PB. (21 Sebelum mengajukan permohonan persyaratan dasar dan PB sebagaimana dimaksud pada ayat (1), perusahaan kawasan industri harus telah menguasai dan selesai menyiapkan lahan kawasan industri sampai dapat digunakan, men5rusun perubahan Andal, perencanaan, dan pembangunan infrastruktur kawasan industri, serta kesiapan lain dalam rangka perluasan kawasan.",Pasal 155 ayat (1),"kawasan, industri, perusahaan, perluasan, persyaratan",
PP_28_2025,PP Nomor 28 Tahun 2025,PP,2025,28,BAB V,"Norma, Standar, Prosedur, Dan Kriteria",Bagian Kedua,Paragraf 6,155,3,,,Kewajiban,Perluasan kawasan industri sebagaimana dimaksud pada ayat (1) harus dalam satu hamparan dan berlokasi di kawasan peruntukan industri sesuai dengan RTR.,Pasal 155 ayat (3),"kawasan, industri, perluasan, satu, hamparan",
PP_28_2025,PP Nomor 28 Tahun 2025,PP,2025,28,BAB V,"Norma, Standar, Prosedur, Dan Kriteria",Bagian Kedua,Paragraf 7,156,1,,,Ketentuan,PB sektor perdagangan dan metrologi legal meliputi kegiatan usaha: a. perdagangan dalam negeri; b. pengembangan ekspor nasional; dan,Pasal 156 ayat (1),"perdagangan, sektor, metrologi, legal, meliputi",
PP_28_2025,PP Nomor 28 Tahun 2025,PP,2025,28,BAB V,"Norma, Standar, Prosedur, Dan Kriteria",Bagian Kedua,Paragraf 7,156,1,c,,Ketentuan,"perdagangan berjangka komoditi, sistem resi gudang, dan pasar lelang komoditas. (21 PB UMKU sektor perdagangan dan metrologi legal meliputi penunjang operasional dan/atau komersial kegiatan usaha yang terdiri atas: a. perdagangan dalam negeri; dan",Pasal 156 ayat (1) huruf c,"perdagangan, berjangka, komoditi, sistem, resi",
PP_28_2025,PP Nomor 28 Tahun 2025,PP,2025,28,BAB V,"Norma, Standar, Prosedur, Dan Kriteria",Bagian Kedua,Paragraf 7,156,1,b,,Ketentuan,perlindungan konsumen dan tertib niaga.,Pasal 156 ayat (1) huruf b,"perlindungan, konsumen, tertib, niaga",
PP_28_2025,PP Nomor 28 Tahun 2025,PP,2025,28,BAB V,"Norma, Standar, Prosedur, Dan Kriteria",Bagian Kedua,Paragraf 7,157,,,,Ketentuan,"PB perdagangan berjangka komoditi, sistem resi gudang, dan pasar lelang komoditas sebagaimana dimaksud dalam Pasal 156 ayat (1) huruf c berlaku ketentuan:",Pasal 157,"perdagangan, berjangka, komoditi, sistem, resi",
PP_28_2025,PP Nomor 28 Tahun 2025,PP,2025,28,BAB V,"Norma, Standar, Prosedur, Dan Kriteria",Bagian Kedua,Paragraf 7,157,,a,,Ketentuan,permohonan dan penerbitan NIB kegiatan usaha dilakukan melalui Sistem OSS;,Pasal 157 huruf a,"permohonan, penerbitan, kegiatan, usaha, melalui",
PP_28_2025,PP Nomor 28 Tahun 2025,PP,2025,28,BAB V,"Norma, Standar, Prosedur, Dan Kriteria",Bagian Kedua,Paragraf 7,157,,b,,Ketentuan,"Sistem OSS mengalirkan permohonan PB kepada badan pengawas perdagangan berjangka komoditi pada kementerian yang menyelenggarakan urusan pemerintahan di bidang perdagangan; dan c. penerbitan PB perdagangan berjangka komoditi, sistem resi gudang, dan pasar lelang komoditas dilaksanakan sesuai dengan ketentuan peraturan perundang-undangan di bidang perdagangan berjangka komoditi, sistem resi gudang, dan pasar lelang komoditas.",Pasal 157 huruf b,"perdagangan, sistem, berjangka, komoditi, bidang","Kementerian, Badan"
PP_28_2025,PP Nomor 28 Tahun 2025,PP,2025,28,BAB V,"Norma, Standar, Prosedur, Dan Kriteria",Bagian Kedua,Paragraf 8,158,1,,,Ketentuan,PB sektor pekerjaan umum dan perumahan rakyat meliputi kegiatan:,Pasal 158 ayat (1),"sektor, pekerjaan, umum, perumahan, rakyat",
PP_28_2025,PP Nomor 28 Tahun 2025,PP,2025,28,BAB V,"Norma, Standar, Prosedur, Dan Kriteria",Bagian Kedua,Paragraf 8,158,1,a,,Ketentuan,jasa konstruksi; b. sumber daya air; c. bina marga; d. cipta karya; dan e. pengembangan perumahan. (21 PB UMKU sektor pekerjaan umum dan perumahan ralryat meliputi penunjang operasional dan/atau komersial kegiatan usaha yang terdiri atas: a. sumber daya air; dan b. bina marga.,Pasal 158 ayat (1) huruf a,"sumber, daya, bina, marga, perumahan",
PP_28_2025,PP Nomor 28 Tahun 2025,PP,2025,28,BAB V,"Norma, Standar, Prosedur, Dan Kriteria",Bagian Kedua,Paragraf 8,159,1,,,Ketentuan,Setiap Pelaku Usaha yang telah melakukan kegiatan:,Pasal 159 ayat (1),"setiap, pelaku, usaha, melakukan, kegiatan",Pelaku Usaha
PP_28_2025,PP Nomor 28 Tahun 2025,PP,2025,28,BAB V,"Norma, Standar, Prosedur, Dan Kriteria",Bagian Kedua,Paragraf 8,159,1,a,,Ketentuan,penggunaan sumber daya air tanpa PB UMKU sektor pekerjaan umum dan perumahan ralryat subsektor sumber daya air;,Pasal 159 ayat (1) huruf a,"sumber, daya, penggunaan, tanpa, umku",
PP_28_2025,PP Nomor 28 Tahun 2025,PP,2025,28,BAB V,"Norma, Standar, Prosedur, Dan Kriteria",Bagian Kedua,Paragraf 8,159,1,b,,Ketentuan,pelaksanaan konstruksi sumber daya air dan pelaksanaan nonkonstruksi tanpa PB UMKU sektor pekerjaan umum dan perumahan ralryat subsektor sumber daya arr; danlatau,Pasal 159 ayat (1) huruf b,"pelaksanaan, sumber, daya, konstruksi, nonkonstruksi",
PP_28_2025,PP Nomor 28 Tahun 2025,PP,2025,28,BAB V,"Norma, Standar, Prosedur, Dan Kriteria",Bagian Kedua,Paragraf 8,159,1,c,,Ketentuan,pelaksanaan . .,Pasal 159 ayat (1) huruf c,pelaksanaan,
PP_28_2025,PP Nomor 28 Tahun 2025,PP,2025,28,BAB V,"Norma, Standar, Prosedur, Dan Kriteria",Bagian Kedua,Paragraf 8,159,1,c,,Sanksi,"pelaksanaan konstruksi sumber air yang berupa kegiatan pengalihan alur sungai tanpa PB UMKU sektor pekerjaan umum dan perumahan ralryat subsektor sumber daya air, sebelum berlakunya Undang-Undang Nomor 6 tahun 2023 tentang Penetapan Peraturan Pemerintah Pengganti Undang-Undang Nomor 2 Tahun 2022 tentang Cipta Kerja menjadi Undang-Undang, dikenai sanksi administratif berupa denda administratif dan wajib mengajukan permohonan PB-UMKU sektor pekerjaan umum dan perumahan ralqrat subsektor sumber daya air paling lama 3 (tiga) tahun sejak berlakunya Undang-Undang Nomor 6 Tahun 2023 tentang Penetapan Peraturan Pemerintah Pengganti Undang-Undang Nomor 2 Tahun 2022 tentang Cipta Kerja menjadi Undang-Undang.",Pasal 159 ayat (1) huruf c,"tahun, nomor, sumber, berupa, umku",Pemerintah
PP_28_2025,PP Nomor 28 Tahun 2025,PP,2025,28,BAB V,"Norma, Standar, Prosedur, Dan Kriteria",Bagian Kedua,Paragraf 8,159,2,,,Sanksi,Besaran denda administratif sebagaimana dimaksud pada ayat (1) ditetapkan berdasarkan formula penghitungan denda administratif yang ditetapkan oleh menteri yang menyelenggarakan urusan pemerintahan di bidang pekerjaan umum sesuai dengan ketentuan peraturan perundang-undangan di bidang penerimaan negara bukan pajak.,Pasal 159 ayat (2),"denda, administratif, ditetapkan, bidang, besaran",Menteri
PP_28_2025,PP Nomor 28 Tahun 2025,PP,2025,28,BAB V,"Norma, Standar, Prosedur, Dan Kriteria",Bagian Kedua,Paragraf 8,159,3,,,Ketentuan,Permohonan PB UMKU sebagaimana dimaksud pada ayat (1) diajukan oleh Pelaku Usaha melalui Sistem OSS dengan berpedoman pada Lampiran II yang merupakan bagian tidak terpisahkan dari Peraturan Pemerintah ini.,Pasal 159 ayat (3),"permohonan, umku, diajukan, pelaku, usaha","Pelaku Usaha, Pemerintah"
PP_28_2025,PP Nomor 28 Tahun 2025,PP,2025,28,BAB V,"Norma, Standar, Prosedur, Dan Kriteria",Bagian Kedua,Paragraf 9,160,1,,,Ketentuan,PB sektor transportasi meliputi kegiatan usaha: a. transportasi darat; b. transportasi laut; c. transportasi udara; dan d. transportasi perkeretaapian. (21 PB UMKU sektor transportasi meliputi penunjang operasional dan/atau komersial kegiatan usaha yang terdiri atas: a. transportasi darat; b. transportasi laut; TIEPUBLIK INDONESIA c. transportasi udara; dan d. transportasi perkeretaapian.,Pasal 160 ayat (1),"transportasi, sektor, meliputi, kegiatan, usaha",
PP_28_2025,PP Nomor 28 Tahun 2025,PP,2025,28,BAB V,"Norma, Standar, Prosedur, Dan Kriteria",Bagian Kedua,Paragraf 9,161,1,,,Ketentuan,Kegiatan usaha sektor transportasi sebagaimana dimaksud dalam Pasal 16O ayat (1) huruf b dan huruf c terdiri atas penyelenggaraan sarana dan prasarana transportasi serta penyelenggaraan penunjang sarana dan prasarana transportasi. (21 Kegiatan usaha sektor transportasi sebagaimana dimaksud dalam Pasal 160 ayat (1) huruf a dan huruf d terdiri atas penyelenggaraan sarana dan prasarana transportasi.,Pasal 161 ayat (1),"transportasi, penyelenggaraan, sarana, prasarana, kegiatan",
PP_28_2025,PP Nomor 28 Tahun 2025,PP,2025,28,BAB V,"Norma, Standar, Prosedur, Dan Kriteria",Bagian Kedua,Paragraf 9,161,3,,,Ketentuan,"Kegiatan usaha sektor transportasi yang merupakan penyelenggaraan penunjang sarana dan prasarana transportasi sebagaimana dimaksud pada ayat (1) merupakan jasa terkait sarana dan prasarana transportasi yang dapat dilakukan secara langsung oleh UMK-M atau bekerja sama dengan badan usaha. Paragraf 1O Sektor Kesehatan, Obat, dan Makanan",Pasal 161 ayat (3),"transportasi, usaha, sektor, sarana, prasarana","Badan Usaha, UMK-M"
PP_28_2025,PP Nomor 28 Tahun 2025,PP,2025,28,BAB V,"Norma, Standar, Prosedur, Dan Kriteria",Bagian Kedua,Paragraf 9,162,,,,Ketentuan,"PB dan PB UMKU sektor kesehatan, obat, dan makanan terdiri atas subsektor: a. kesehatan; b. obat dan makanan; dan c. pangan segar.",Pasal 162,"kesehatan, obat, makanan, umku, sektor",
PP_28_2025,PP Nomor 28 Tahun 2025,PP,2025,28,BAB V,"Norma, Standar, Prosedur, Dan Kriteria",Bagian Kedua,Paragraf 9,163,1,,,Ketentuan,PB subsektor kesehatan meliputi kegiatan usaha: a. pelayanan kesehatan;,Pasal 163 ayat (1),"kesehatan, subsektor, meliputi, kegiatan, usaha",
PP_28_2025,PP Nomor 28 Tahun 2025,PP,2025,28,BAB V,"Norma, Standar, Prosedur, Dan Kriteria",Bagian Kedua,Paragraf 9,163,1,b,,Ketentuan,"kefarmasian, alat kesehatan, dan perbekalan kesehatan rumah tangga; dan c. pengendalian vektor dan binatang pembawa penyakit.",Pasal 163 ayat (1) huruf b,"kesehatan, kefarmasian, alat, perbekalan, rumah",
PP_28_2025,PP Nomor 28 Tahun 2025,PP,2025,28,BAB V,"Norma, Standar, Prosedur, Dan Kriteria",Bagian Kedua,Paragraf 9,163,2,,,Ketentuan,PB -97 - (21 PB UMKU subsektor kesehatan meliputi penunjang operasional dan/atau komersial kegiatan usaha yang terdiri atas: a. pelayanan kesehatan;,Pasal 163 ayat (2),"kesehatan, umku, subsektor, meliputi, penunjang",
PP_28_2025,PP Nomor 28 Tahun 2025,PP,2025,28,BAB V,"Norma, Standar, Prosedur, Dan Kriteria",Bagian Kedua,Paragraf 9,163,2,b,,Ketentuan,"kefarmasian, alat kesehatan, dan perbekalan kesehatan rumah tangga; dan c. kesehatan lingkungan.",Pasal 163 ayat (2) huruf b,"kesehatan, kefarmasian, alat, perbekalan, rumah",
PP_28_2025,PP Nomor 28 Tahun 2025,PP,2025,28,BAB V,"Norma, Standar, Prosedur, Dan Kriteria",Bagian Kedua,Paragraf 9,164,1,,,Ketentuan,PB UMKU subsektor obat dan makanan meliputi penunjang operasional dan/atau komersial kegiatan usaha yang terdiri atas: a. obat dan bahan obat;,Pasal 164 ayat (1),"obat, umku, subsektor, makanan, meliputi",
PP_28_2025,PP Nomor 28 Tahun 2025,PP,2025,28,BAB V,"Norma, Standar, Prosedur, Dan Kriteria",Bagian Kedua,Paragraf 9,164,1,b,,Ketentuan,"obat bahan alam, suplemen kesehatan, obat kuasi, dan kosmetik; dan c. pangan olahan.",Pasal 164 ayat (1) huruf b,"obat, bahan, alam, suplemen, kesehatan",
PP_28_2025,PP Nomor 28 Tahun 2025,PP,2025,28,BAB V,"Norma, Standar, Prosedur, Dan Kriteria",Bagian Kedua,Paragraf 9,164,2,,,Ketentuan,PB UMKU subsektor obat dan makanan sebagaimana dimaksud pada ayat (1) tidak berlaku bagi usaha tertentu yang ditetapkan oleh kepala badan yang melaksanakan tugas pemerintahan di bidang pengawasan obat dan makanan setelah berkoordinasi dengan kementerian yang menyelenggarakan sinkronisasi dan koordinasi serta pengendalian pelaksanaan urusan kementerian dalam penyelenggaraan pemerintahan di bidang perekonomian dan kementerian/lembaga yang menyelenggarakan urusan pemerintahan di bidang penanaman modal.,Pasal 164 ayat (2),"pemerintahan, bidang, kementerian, obat, makanan","Kementerian, Lembaga, Badan"
PP_28_2025,PP Nomor 28 Tahun 2025,PP,2025,28,BAB V,"Norma, Standar, Prosedur, Dan Kriteria",Bagian Kedua,Paragraf 9,165,,,,Ketentuan,PB UMKU subsektor pangan segar meliputi penunjang operasional danlatau komersial kegiatan usaha yang terdiri atas: a. sarana penanganan pangan segar; b. peredaran pangan segar; dan,Pasal 165,"pangan, segar, umku, subsektor, meliputi",
PP_28_2025,PP Nomor 28 Tahun 2025,PP,2025,28,BAB V,"Norma, Standar, Prosedur, Dan Kriteria",Bagian Kedua,Paragraf 9,165,,c,,Ketentuan,jaminan keamanan pangan segar produk ekspor. Paragraf Paragraf 1 1 Sektor Pendidikan dan Kebudayaan,Pasal 165 huruf c,"jaminan, keamanan, pangan, segar, produk",
PP_28_2025,PP Nomor 28 Tahun 2025,PP,2025,28,BAB V,"Norma, Standar, Prosedur, Dan Kriteria",Bagian Kedua,Paragraf 9,166,,,,Ketentuan,PB dan PB UMKU sektor pendidikan dan kebudayaan terdiri atas subsektor: a. pendidikan; dan b. kebudayaan.,Pasal 166,"pendidikan, kebudayaan, umku, sektor, terdiri",
PP_28_2025,PP Nomor 28 Tahun 2025,PP,2025,28,BAB V,"Norma, Standar, Prosedur, Dan Kriteria",Bagian Kedua,Paragraf 9,167,1,,,Ketentuan,Pelaksanaan perizinan pada subsektor pendidikan dapat dilakukan melalui PBBR sebagaimana diatur dalam Peraturan Pemerintah ini. (21 PBBR untuk satuan pendidikan sebagaimana dimaksud pada ayat (1) sesuai dengan ketentuan peraturan perundang-undangan di bidang pendidikan.,Pasal 167 ayat (1),"pendidikan, pbbr, pelaksanaan, perizinan, subsektor",Pemerintah
PP_28_2025,PP Nomor 28 Tahun 2025,PP,2025,28,BAB V,"Norma, Standar, Prosedur, Dan Kriteria",Bagian Kedua,Paragraf 9,167,3,,,Kewajiban,"Pelaksanaan perizinan pada subsektor pendidikan untuk lembaga pendidikan formal di KEK wajib dilakukan melalui PBBR sebagaimana dimaksud dalam Peraturan Pemerintah ini. (41 Ketentuan mengenai norma, standar, prosedur, dan kriteria PBBR untuk satuan lembaga pendidikan formal di KEK diatur dalam:",Pasal 167 ayat (3),"pendidikan, lembaga, formal, pbbr, pelaksanaan","Pemerintah, Lembaga"
PP_28_2025,PP Nomor 28 Tahun 2025,PP,2025,28,BAB V,"Norma, Standar, Prosedur, Dan Kriteria",Bagian Kedua,Paragraf 9,167,3,a,,Ketentuan,peraturan menteri yang menyelenggarakan suburusan pemerintahan pendidikan dasar dan pendidikan menengah; atau,Pasal 167 ayat (3) huruf a,"pendidikan, menteri, menyelenggarakan, suburusan, pemerintahan",Menteri
PP_28_2025,PP Nomor 28 Tahun 2025,PP,2025,28,BAB V,"Norma, Standar, Prosedur, Dan Kriteria",Bagian Kedua,Paragraf 9,167,3,b,,Ketentuan,"peraturan menteri yang menyelenggarakan suburusan pemerintahan pendidikan tinggi dan urusan pemerintahan di bidang ilmu pengetahuan dan teknologi, sesuai dengan kewenangan masing-masing berdasarkan rekomendasi dari kementerian yang menyelenggarakan sinkronisasi dan koordinasi serta pengendalian pelaksanaan urusan kementerian dalam penyelenggaraan pemerintahan di bidang perekonomian.",Pasal 167 ayat (3) huruf b,"pemerintahan, menyelenggarakan, urusan, bidang, masing",Kementerian
PP_28_2025,PP Nomor 28 Tahun 2025,PP,2025,28,BAB V,"Norma, Standar, Prosedur, Dan Kriteria",Bagian Kedua,Paragraf 9,168,,,,Ketentuan,PB subsektor pendidikan sebagaimana dimaksud dalam Pasal 166 huruf a meliputi pula PB atas kegiatan usaha penerbitan buku. Pasal. . . -99 -,Pasal 168,"subsektor, pendidikan, meliputi, pula, kegiatan",
PP_28_2025,PP Nomor 28 Tahun 2025,PP,2025,28,BAB V,"Norma, Standar, Prosedur, Dan Kriteria",Bagian Kedua,Paragraf 9,169,1,,,Ketentuan,PB subsektor kebudayaan meliputi kegiatan usaha perfilman. (21 PB UMKU subsektor kebudayaan meliputi penunjang operasional dan/atau komersial kegiatan usaha yang terdiri atas: a. pemberitahuan pembuatan film;,Pasal 169 ayat (1),"subsektor, kebudayaan, meliputi, kegiatan, usaha",
PP_28_2025,PP Nomor 28 Tahun 2025,PP,2025,28,BAB V,"Norma, Standar, Prosedur, Dan Kriteria",Bagian Kedua,Paragraf 9,169,1,b,,Ketentuan,rekomendasi impor film; dan,Pasal 169 ayat (1) huruf b,"rekomendasi, impor, film",
PP_28_2025,PP Nomor 28 Tahun 2025,PP,2025,28,BAB V,"Norma, Standar, Prosedur, Dan Kriteria",Bagian Kedua,Paragraf 9,169,1,c,,Ketentuan,tanda lulus sensor.,Pasal 169 ayat (1) huruf c,"tanda, lulus, sensor",
PP_28_2025,PP Nomor 28 Tahun 2025,PP,2025,28,BAB V,"Norma, Standar, Prosedur, Dan Kriteria",Bagian Kedua,Paragraf 12,170,,,,Ketentuan,PB sektor pariwisata meliputi kegiatan usaha: a. daya tarik wisata; b. kawasan pariwisata;,Pasal 170,"pariwisata, sektor, meliputi, kegiatan, usaha",
PP_28_2025,PP Nomor 28 Tahun 2025,PP,2025,28,BAB V,"Norma, Standar, Prosedur, Dan Kriteria",Bagian Kedua,Paragraf 12,170,,c,,Ketentuan,jasa transportasi wisata;,Pasal 170 huruf c,"jasa, transportasi, wisata",
PP_28_2025,PP Nomor 28 Tahun 2025,PP,2025,28,BAB V,"Norma, Standar, Prosedur, Dan Kriteria",Bagian Kedua,Paragraf 12,170,,d,,Ketentuan,jasa perjalanan wisata;,Pasal 170 huruf d,"jasa, perjalanan, wisata",
PP_28_2025,PP Nomor 28 Tahun 2025,PP,2025,28,BAB V,"Norma, Standar, Prosedur, Dan Kriteria",Bagian Kedua,Paragraf 12,170,,e,,Ketentuan,jasa makanan dan minuman' f. penyediaanakomodasi; g. penyelenggaraan kegiatan hiburan dan rekreasi;,Pasal 170 huruf e,"jasa, makanan, minuman, penyediaanakomodasi, penyelenggaraan",
PP_28_2025,PP Nomor 28 Tahun 2025,PP,2025,28,BAB V,"Norma, Standar, Prosedur, Dan Kriteria",Bagian Kedua,Paragraf 12,170,,h,,Ketentuan,"penyelenggaraan pertemuan, perjalanan insentif, konferensi, dan pameran;",Pasal 170 huruf h,"penyelenggaraan, pertemuan, perjalanan, insentif, konferensi",
PP_28_2025,PP Nomor 28 Tahun 2025,PP,2025,28,BAB V,"Norma, Standar, Prosedur, Dan Kriteria",Bagian Kedua,Paragraf 12,170,,i,,Ketentuan,jasa informasi wisata; j. jasa konsultan pariwisata;,Pasal 170 huruf i,"jasa, informasi, wisata, konsultan, pariwisata",
PP_28_2025,PP Nomor 28 Tahun 2025,PP,2025,28,BAB V,"Norma, Standar, Prosedur, Dan Kriteria",Bagian Kedua,Paragraf 12,170,,k,,Ketentuan,jasa pramuwisata;,Pasal 170 huruf k,"jasa, pramuwisata",
PP_28_2025,PP Nomor 28 Tahun 2025,PP,2025,28,BAB V,"Norma, Standar, Prosedur, Dan Kriteria",Bagian Kedua,Paragraf 12,170,,k,1,Ketentuan,wisata tirta; dan,Pasal 170 huruf k angka 1,"wisata, tirta",
PP_28_2025,PP Nomor 28 Tahun 2025,PP,2025,28,BAB V,"Norma, Standar, Prosedur, Dan Kriteria",Bagian Kedua,Paragraf 12,170,,m,,Ketentuan,spa. Paragraf,Pasal 170 huruf m,,
PP_28_2025,PP Nomor 28 Tahun 2025,PP,2025,28,BAB V,"Norma, Standar, Prosedur, Dan Kriteria",Bagian Kedua,Paragraf 13,171,,,,Ketentuan,PB sektor keagamaan meliputi kegiatan usaha:,Pasal 171,"sektor, keagamaan, meliputi, kegiatan, usaha",
PP_28_2025,PP Nomor 28 Tahun 2025,PP,2025,28,BAB V,"Norma, Standar, Prosedur, Dan Kriteria",Bagian Kedua,Paragraf 13,171,,a,,Ketentuan,penyelenggaraan ibadah haji khusus; dan b. penyelenggaraan perjalanan ibadah umrah.,Pasal 171 huruf a,"penyelenggaraan, ibadah, haji, khusus, perjalanan",
PP_28_2025,PP Nomor 28 Tahun 2025,PP,2025,28,BAB V,"Norma, Standar, Prosedur, Dan Kriteria",Bagian Kedua,Paragraf 14,172,,,,Ketentuan,"PB sektor pos, telekomunikasi, dan penyiaran terdiri atas subsektor: a. pos; b. telekomunikasi; dan c. penyelenggaraan penyiaran.",Pasal 172,"telekomunikasi, penyiaran, sektor, terdiri, subsektor",
PP_28_2025,PP Nomor 28 Tahun 2025,PP,2025,28,BAB V,"Norma, Standar, Prosedur, Dan Kriteria",Bagian Kedua,Paragraf 14,173,,,,Ketentuan,"PB UMKU sektor pos, telekomunikasi, dan penyiaran meliputi penunjang operasional dan/atau komersial kegiatan usaha yang terdiri atas: a. penomoran telekomunikasi;",Pasal 173,"telekomunikasi, umku, sektor, penyiaran, meliputi",
PP_28_2025,PP Nomor 28 Tahun 2025,PP,2025,28,BAB V,"Norma, Standar, Prosedur, Dan Kriteria",Bagian Kedua,Paragraf 14,173,,b,,Hak,hak labuh sistem komunikasi kabel laut transmisi telekomunikasi internasional',Pasal 173 huruf b,"labuh, sistem, komunikasi, kabel, laut",
PP_28_2025,PP Nomor 28 Tahun 2025,PP,2025,28,BAB V,"Norma, Standar, Prosedur, Dan Kriteria",Bagian Kedua,Paragraf 14,173,,c,,Hak,hak labuh satelit; d. izin pita frekuensi radio; e. izin stasiun radio bagi seluruh sektor usaha; dan,Pasal 173 huruf c,"izin, radio, labuh, satelit, pita",
PP_28_2025,PP Nomor 28 Tahun 2025,PP,2025,28,BAB V,"Norma, Standar, Prosedur, Dan Kriteria",Bagian Kedua,Paragraf 14,173,,f,,Ketentuan,sertifikat alat telekomunikasi dan/atau perangkat telekomunikasi bagi seluruh sektor usaha. Paragraf. . . R.EPUBUK INDONESIA -101 -,Pasal 173 huruf f,"telekomunikasi, sertifikat, alat, perangkat, seluruh",
PP_28_2025,PP Nomor 28 Tahun 2025,PP,2025,28,BAB V,"Norma, Standar, Prosedur, Dan Kriteria",Bagian Kedua,Paragraf 15,174,,,,Ketentuan,PB dan PB UMKU pada sektor pertahanan dan keamanan terdiri atas subsektor:,Pasal 174,"umku, sektor, pertahanan, keamanan, terdiri",
PP_28_2025,PP Nomor 28 Tahun 2025,PP,2025,28,BAB V,"Norma, Standar, Prosedur, Dan Kriteria",Bagian Kedua,Paragraf 15,174,,a,,Ketentuan,industri pertahanan; dan b. keamanan.,Pasal 174 huruf a,"industri, pertahanan, keamanan",
PP_28_2025,PP Nomor 28 Tahun 2025,PP,2025,28,BAB V,"Norma, Standar, Prosedur, Dan Kriteria",Bagian Kedua,Paragraf 15,175,,,,Ketentuan,PB subsektor industri pertahanan berupa kegiatan usaha aktivitas telekomunikasi khusus untuk keperluan pertahanan dan keamanan.,Pasal 175,"pertahanan, subsektor, industri, berupa, kegiatan",
PP_28_2025,PP Nomor 28 Tahun 2025,PP,2025,28,BAB V,"Norma, Standar, Prosedur, Dan Kriteria",Bagian Kedua,Paragraf 15,176,,,,Ketentuan,PB UMKU subsektor industri pertahanan meliputi penunjang operasional danlatau komersial kegiatan usaha yang terdiri atas:,Pasal 176,"umku, subsektor, industri, pertahanan, meliputi",
PP_28_2025,PP Nomor 28 Tahun 2025,PP,2025,28,BAB V,"Norma, Standar, Prosedur, Dan Kriteria",Bagian Kedua,Paragraf 15,176,,a,,Ketentuan,penetapan sebagai industri pertahanan;,Pasal 176 huruf a,"penetapan, industri, pertahanan",
PP_28_2025,PP Nomor 28 Tahun 2025,PP,2025,28,BAB V,"Norma, Standar, Prosedur, Dan Kriteria",Bagian Kedua,Paragraf 15,176,,b,,Ketentuan,produksi alat peralatan pertahanan dan keamanan; c. kelaikan alat peralatan pertahanan dan keamanan; d. pemasaran alat peralatan pertahanan dan keamanan;,Pasal 176 huruf b,"alat, peralatan, pertahanan, keamanan, produksi",
PP_28_2025,PP Nomor 28 Tahun 2025,PP,2025,28,BAB V,"Norma, Standar, Prosedur, Dan Kriteria",Bagian Kedua,Paragraf 15,176,,e,,Ketentuan,"penjualan, ekspor, dan transfer alat peralatan pertahanan dan keamanan;",Pasal 176 huruf e,"penjualan, ekspor, transfer, alat, peralatan",
PP_28_2025,PP Nomor 28 Tahun 2025,PP,2025,28,BAB V,"Norma, Standar, Prosedur, Dan Kriteria",Bagian Kedua,Paragraf 15,176,,f,,Ketentuan,pembelian dan impor alat peralatan pertahanan dan keamanan; dan/atau g. industri bahan peledak.,Pasal 176 huruf f,"pembelian, impor, alat, peralatan, pertahanan",
PP_28_2025,PP Nomor 28 Tahun 2025,PP,2025,28,BAB V,"Norma, Standar, Prosedur, Dan Kriteria",Bagian Kedua,Paragraf 15,177,1,,,Ketentuan,PB UMKU sebagaimana dimaksud dalam Pasal 176 berkaitan dengan industri pertahanan yang menjalankan kegiatan usaha:,Pasal 177 ayat (1),"umku, berkaitan, industri, pertahanan, menjalankan",
PP_28_2025,PP Nomor 28 Tahun 2025,PP,2025,28,BAB V,"Norma, Standar, Prosedur, Dan Kriteria",Bagian Kedua,Paragraf 15,177,1,a,,Ketentuan,industri alat utama; b. industri komponen utama dan/atau penunjang; c. industri komponen dan/atau pendukung (perbekalan); dan,Pasal 177 ayat (1) huruf a,"industri, utama, komponen, alat, penunjang",
PP_28_2025,PP Nomor 28 Tahun 2025,PP,2025,28,BAB V,"Norma, Standar, Prosedur, Dan Kriteria",Bagian Kedua,Paragraf 15,177,1,d,,Ketentuan,"industri bahan baku, sesuai dengan ketentuan peraturan perundang-undangan di bidang industri pertahanan.",Pasal 177 ayat (1) huruf d,"industri, bahan, baku, perundang, undangan",
PP_28_2025,PP Nomor 28 Tahun 2025,PP,2025,28,BAB V,"Norma, Standar, Prosedur, Dan Kriteria",Bagian Kedua,Paragraf 15,177,2,,,Ketentuan,REPUBLIK INOONESIA -to2- (21 Industri alat utama sebagaimana dimaksud pada ayat (1) huruf a terdiri atas:,Pasal 177 ayat (2),"republik, inoonesia, industri, alat, utama",
PP_28_2025,PP Nomor 28 Tahun 2025,PP,2025,28,BAB V,"Norma, Standar, Prosedur, Dan Kriteria",Bagian Kedua,Paragraf 15,177,2,a,,Ketentuan,industri senjata dan amunisi;,Pasal 177 ayat (2) huruf a,"industri, senjata, amunisi",
PP_28_2025,PP Nomor 28 Tahun 2025,PP,2025,28,BAB V,"Norma, Standar, Prosedur, Dan Kriteria",Bagian Kedua,Paragraf 15,177,2,b,,Ketentuan,industri pesawat terbang; c. industri kendaraan perang;,Pasal 177 ayat (2) huruf b,"industri, pesawat, terbang, kendaraan, perang",
PP_28_2025,PP Nomor 28 Tahun 2025,PP,2025,28,BAB V,"Norma, Standar, Prosedur, Dan Kriteria",Bagian Kedua,Paragraf 15,177,2,d,,Ketentuan,industri kapal perang; dan e. industri radar pertahanan.,Pasal 177 ayat (2) huruf d,"industri, kapal, perang, radar, pertahanan",
PP_28_2025,PP Nomor 28 Tahun 2025,PP,2025,28,BAB V,"Norma, Standar, Prosedur, Dan Kriteria",Bagian Kedua,Paragraf 15,178,,,,Ketentuan,"Dalam rangka pendirian badan usaha di bidang industri bahan peledak sebagaimana dimaksud dalam Pasal 176 huruf g dan badan usaha di bidang industri alat utama sebagaimana dimaksud dalam Pasal 177 ayat (1) huruf a diperlukan: a. rekomendasi penanaman modal asing berupa persetujuan menteri yang menyelenggarakan urusan pemerintahan di bidang pertahanan, dalam hal terdapat kepentingan strategis untuk pendirian badan hukum dengan modal asing melebihi 49oh (empat puluh sembilan persen) yang bergerak di bidang industri alat utama;",Pasal 178,"bidang, badan, industri, pendirian, usaha","Badan Usaha, Badan Hukum, Menteri"
PP_28_2025,PP Nomor 28 Tahun 2025,PP,2025,28,BAB V,"Norma, Standar, Prosedur, Dan Kriteria",Bagian Kedua,Paragraf 15,178,,b,,Ketentuan,rekomendasi pendirian pabrik senjata dan amunisi berupa persetujuan menteri yang menyelenggarakan urusan pemerintahan di bidang pertahanan atau pejabat yang ditunjuk untuk:,Pasal 178 huruf b,"rekomendasi, pendirian, pabrik, senjata, amunisi",Menteri
PP_28_2025,PP Nomor 28 Tahun 2025,PP,2025,28,BAB V,"Norma, Standar, Prosedur, Dan Kriteria",Bagian Kedua,Paragraf 15,178,,b,1,Ketentuan,pendirian badan hukum dengan kepemilikan modal asing maksimal49o/o (empat puluh sembilan persen);,Pasal 178 huruf b angka 1,"pendirian, badan, hukum, kepemilikan, modal",Badan Hukum
PP_28_2025,PP Nomor 28 Tahun 2025,PP,2025,28,BAB V,"Norma, Standar, Prosedur, Dan Kriteria",Bagian Kedua,Paragraf 15,178,,b,2,Ketentuan,pendirian badan hukum dengan kepemilikan dalam negeri; atau,Pasal 178 huruf b angka 2,"pendirian, badan, hukum, kepemilikan, negeri",Badan Hukum
PP_28_2025,PP Nomor 28 Tahun 2025,PP,2025,28,BAB V,"Norma, Standar, Prosedur, Dan Kriteria",Bagian Kedua,Paragraf 15,178,,b,3,Ketentuan,"perubahan kepemilikan saham dalam badan hukum dengan kepemilikan dalam negeri, yang bergerak di bidang industri alat utama; danf atau",Pasal 178 huruf b angka 3,"kepemilikan, perubahan, saham, badan, hukum",Badan Hukum
PP_28_2025,PP Nomor 28 Tahun 2025,PP,2025,28,BAB V,"Norma, Standar, Prosedur, Dan Kriteria",Bagian Kedua,Paragraf 15,178,,c,,Ketentuan,"rekomendasi pendirian pabrik bahan baku bahan peledak, bahan peledak, atau bahan peledak aksesoris berupa persetujuan menteri yang menyelenggarakan urusan pemerintahan di bidang pertahanan atau pejabat yang ditunjuk dalam rangka pendirian badan hukum di bidang industri bahan peledak. Pasal",Pasal 178 huruf c,"bahan, peledak, pendirian, bidang, rekomendasi","Badan Hukum, Menteri"
PP_28_2025,PP Nomor 28 Tahun 2025,PP,2025,28,BAB V,"Norma, Standar, Prosedur, Dan Kriteria",Bagian Kedua,Paragraf 15,179,,,,Ketentuan,Ketentuan mengenai pemberian perizinan dan/atau rekomendasi kegiatan ekspor dan impor alat peralatan pertahanan dan keamanan dan bahan baku bahan peledak serta bahan peledak aksesoris diatur dengan peraturan menteri yang menyelenggarakan urusan pemerintahan di bidang pertahanan setelah berkoordinasi dengan kementerian terkait.,Pasal 179,"bahan, pertahanan, peledak, mengenai, pemberian",Kementerian
PP_28_2025,PP Nomor 28 Tahun 2025,PP,2025,28,BAB V,"Norma, Standar, Prosedur, Dan Kriteria",Bagian Kedua,Paragraf 15,180,,,,Ketentuan,PB subsektor keamanan meliputi kegiatan usaha:,Pasal 180,"subsektor, keamanan, meliputi, kegiatan, usaha",
PP_28_2025,PP Nomor 28 Tahun 2025,PP,2025,28,BAB V,"Norma, Standar, Prosedur, Dan Kriteria",Bagian Kedua,Paragraf 15,180,,a,,Ketentuan,jasa konsultansi keamanan;,Pasal 180 huruf a,"jasa, konsultansi, keamanan",
PP_28_2025,PP Nomor 28 Tahun 2025,PP,2025,28,BAB V,"Norma, Standar, Prosedur, Dan Kriteria",Bagian Kedua,Paragraf 15,180,,b,,Ketentuan,jasa penerapan peralatan keamanan;,Pasal 180 huruf b,"jasa, penerapan, peralatan, keamanan",
PP_28_2025,PP Nomor 28 Tahun 2025,PP,2025,28,BAB V,"Norma, Standar, Prosedur, Dan Kriteria",Bagian Kedua,Paragraf 15,180,,c,,Ketentuan,jasa pelatihan keamanan;,Pasal 180 huruf c,"jasa, pelatihan, keamanan",
PP_28_2025,PP Nomor 28 Tahun 2025,PP,2025,28,BAB V,"Norma, Standar, Prosedur, Dan Kriteria",Bagian Kedua,Paragraf 15,180,,d,,Ketentuan,jasa kawal angkut uang dan barang berharga;,Pasal 180 huruf d,"jasa, kawal, angkut, uang, barang",
PP_28_2025,PP Nomor 28 Tahun 2025,PP,2025,28,BAB V,"Norma, Standar, Prosedur, Dan Kriteria",Bagian Kedua,Paragraf 15,180,,e,,Ketentuan,jasa penyediaan tenaga pengamanan; dan,Pasal 180 huruf e,"jasa, penyediaan, tenaga, pengamanan",
PP_28_2025,PP Nomor 28 Tahun 2025,PP,2025,28,BAB V,"Norma, Standar, Prosedur, Dan Kriteria",Bagian Kedua,Paragraf 15,180,,f,,Ketentuan,jasa penyediaan satwa keamanan (K9).,Pasal 180 huruf f,"jasa, penyediaan, satwa, keamanan",
PP_28_2025,PP Nomor 28 Tahun 2025,PP,2025,28,BAB V,"Norma, Standar, Prosedur, Dan Kriteria",Bagian Kedua,Paragraf 16,181,,,,Ketentuan,PB sektor ekonomi kreatif meliputi kegiatan usaha ekonomi kreatif.,Pasal 181,"ekonomi, kreatif, sektor, meliputi, kegiatan",
PP_28_2025,PP Nomor 28 Tahun 2025,PP,2025,28,BAB V,"Norma, Standar, Prosedur, Dan Kriteria",Bagian Kedua,Paragraf 17,182,,,,Ketentuan,PB sektor informasi geospasial meliputi kegiatan usaha:,Pasal 182,"sektor, informasi, geospasial, meliputi, kegiatan",
PP_28_2025,PP Nomor 28 Tahun 2025,PP,2025,28,BAB V,"Norma, Standar, Prosedur, Dan Kriteria",Bagian Kedua,Paragraf 17,182,,a,,Ketentuan,perencanaan dan pengawasan penyelenggaraan informasi geospasial;,Pasal 182 huruf a,"perencanaan, pengawasan, penyelenggaraan, informasi, geospasial",
PP_28_2025,PP Nomor 28 Tahun 2025,PP,2025,28,BAB V,"Norma, Standar, Prosedur, Dan Kriteria",Bagian Kedua,Paragraf 17,182,,b,,Ketentuan,"pelaksanaan akuisisi data geospasial berbasis metode terestris, metode fotogrametri dan pengindraan jauh, atau hidrografi; dan c. pengolahan dan pengelolaan data dan informasi geospasial. Paragraf. . . -lo4-",Pasal 182 huruf b,"data, geospasial, metode, pelaksanaan, akuisisi",
PP_28_2025,PP Nomor 28 Tahun 2025,PP,2025,28,BAB V,"Norma, Standar, Prosedur, Dan Kriteria",Bagian Kedua,Paragraf 18,183,1,,,Ketentuan,PB sektor ketenagakerjaan meliputi kegiatan usaha: a. pelatihan kerja; b. alih daya;,Pasal 183 ayat (1),"sektor, ketenagakerjaan, meliputi, kegiatan, usaha",
PP_28_2025,PP Nomor 28 Tahun 2025,PP,2025,28,BAB V,"Norma, Standar, Prosedur, Dan Kriteria",Bagian Kedua,Paragraf 18,183,1,c,,Ketentuan,penyeleksian dan penempatan tenaga kerja dalam negeri; d. penempatan pekerja rumah tangga;,Pasal 183 ayat (1) huruf c,"penempatan, penyeleksian, tenaga, kerja, negeri",Pekerja
PP_28_2025,PP Nomor 28 Tahun 2025,PP,2025,28,BAB V,"Norma, Standar, Prosedur, Dan Kriteria",Bagian Kedua,Paragraf 18,183,1,e,,Ketentuan,penempatan tenaga kerja daring portall; Qob,Pasal 183 ayat (1) huruf e,"penempatan, tenaga, kerja, daring, portall",
PP_28_2025,PP Nomor 28 Tahun 2025,PP,2025,28,BAB V,"Norma, Standar, Prosedur, Dan Kriteria",Bagian Kedua,Paragraf 18,183,1,f,,Ketentuan,penyeleksian dan penempatan pekerja migran Indonesia;,Pasal 183 ayat (1) huruf f,"penyeleksian, penempatan, pekerja, migran, indonesia",Pekerja
PP_28_2025,PP Nomor 28 Tahun 2025,PP,2025,28,BAB V,"Norma, Standar, Prosedur, Dan Kriteria",Bagian Kedua,Paragraf 18,183,1,g,,Ketentuan,"jasa fabrikasi, pemeliharaan, reparasi, dan instalasi teknik keselamatan dan kesehatan kerja;",Pasal 183 ayat (1) huruf g,"jasa, fabrikasi, pemeliharaan, reparasi, instalasi",
PP_28_2025,PP Nomor 28 Tahun 2025,PP,2025,28,BAB V,"Norma, Standar, Prosedur, Dan Kriteria",Bagian Kedua,Paragraf 18,183,1,h,,Ketentuan,jasa sertifikasi dengan lingkup kegiatan usaha lembaga audit sistem manajemen keselamatan dan kesehatan kerja;,Pasal 183 ayat (1) huruf h,"jasa, sertifikasi, lingkup, kegiatan, usaha",Lembaga
PP_28_2025,PP Nomor 28 Tahun 2025,PP,2025,28,BAB V,"Norma, Standar, Prosedur, Dan Kriteria",Bagian Kedua,Paragraf 18,183,1,i,,Ketentuan,jasa pengujian laboratorium dengan lingkup kegiatan usaha pemeriksaan dan pengujian keselamatan dan kesehatan kerja; j. jasa inspeksi periodik dengan lingkup kegiatan usaha pemeriksaan dan pengujian keselamatan dan kesehatan kerja;,Pasal 183 ayat (1) huruf i,"pengujian, jasa, lingkup, kegiatan, usaha",
PP_28_2025,PP Nomor 28 Tahun 2025,PP,2025,28,BAB V,"Norma, Standar, Prosedur, Dan Kriteria",Bagian Kedua,Paragraf 18,183,1,k,,Ketentuan,jasa pembinaan dan konsultasi keselamatan dan kesehatan kerja; dan,Pasal 183 ayat (1) huruf k,"jasa, pembinaan, konsultasi, keselamatan, kesehatan",
PP_28_2025,PP Nomor 28 Tahun 2025,PP,2025,28,BAB V,"Norma, Standar, Prosedur, Dan Kriteria",Bagian Kedua,Paragraf 18,183,1,l,,Ketentuan,sertifikasi profesi pihak ketiga. (21 PB UMKU sektor ketenagakerjaan meliputi penunjang operasional dan/atau komersial kegiatan usaha yang terdiri atas:,Pasal 183 ayat (1) huruf l,"sertifikasi, profesi, pihak, ketiga, umku",
PP_28_2025,PP Nomor 28 Tahun 2025,PP,2025,28,BAB V,"Norma, Standar, Prosedur, Dan Kriteria",Bagian Kedua,Paragraf 18,183,1,a,,Ketentuan,pemeriksaan/pengujian kesehatan tenaga kerja dan/atau pelayanan kesehatan kerja; b. sertifikat layak keselamatan dan kesehatan kerja; dan,Pasal 183 ayat (1) huruf a,"kesehatan, kerja, pemeriksaan, pengujian, tenaga",
PP_28_2025,PP Nomor 28 Tahun 2025,PP,2025,28,BAB V,"Norma, Standar, Prosedur, Dan Kriteria",Bagian Kedua,Paragraf 18,183,1,c,,Ketentuan,penyelenggaraan pemagangan di luar negeri. Paragraf REFUBLIK INDONESIA,Pasal 183 ayat (1) huruf c,"penyelenggaraan, pemagangan, luar, negeri, refublik",
PP_28_2025,PP Nomor 28 Tahun 2025,PP,2025,28,BAB V,"Norma, Standar, Prosedur, Dan Kriteria",Bagian Kedua,Paragraf 19,184,,,,Ketentuan,PB sektor perkoperasian meliputi kegiatan usaha: a. simpan pinjam:,Pasal 184,"sektor, perkoperasian, meliputi, kegiatan, usaha",
PP_28_2025,PP Nomor 28 Tahun 2025,PP,2025,28,BAB V,"Norma, Standar, Prosedur, Dan Kriteria",Bagian Kedua,Paragraf 19,184,,,1,Ketentuan,"dari dan kepada anggota koperasi; dan/atau 2. dari dan kepada koperasi lain, dan b. aktivitas pemeringkatan koperasi.",Pasal 184 angka 1,"koperasi, kepada, anggota, aktivitas, pemeringkatan",Koperasi
PP_28_2025,PP Nomor 28 Tahun 2025,PP,2025,28,BAB V,"Norma, Standar, Prosedur, Dan Kriteria",Bagian Kedua,Paragraf 20,185,1,,,Ketentuan,PB sektor penanaman modal meliputi kegiatan usahayang belum atau tidak memiliki kementerian/lembaga sebagai pengampu. (21 PB sebagaimana yang dimaksud pada ayat (1) meliputi kegiatan: a. kantor advokat; b. kantor konsultan kekayaan intelektual; c. kantor penerjemah atau interpreter; d. perpustakaan dan arsip swasta; e. aktivitas perusahaan holding;,Pasal 185 ayat (1),"kantor, meliputi, kegiatan, sektor, penanaman","Kementerian, Lembaga"
PP_28_2025,PP Nomor 28 Tahun 2025,PP,2025,28,BAB V,"Norma, Standar, Prosedur, Dan Kriteria",Bagian Kedua,Paragraf 20,185,1,f,,Ketentuan,pemakaman dan kegiatan yang berkaitan dengan itu; dan g. aktivitas konsultasi manajemen lainnya. 2l Paragraf Sektor Penyelenggaraan Sistem dan Transaksi Elektronik,Pasal 185 ayat (1) huruf f,"pemakaman, kegiatan, berkaitan, aktivitas, konsultasi",
PP_28_2025,PP Nomor 28 Tahun 2025,PP,2025,28,BAB V,"Norma, Standar, Prosedur, Dan Kriteria",Bagian Kedua,Paragraf 20,186,1,,,Ketentuan,PB sektor penyelenggaraan sistem dan transaksi elektronik meliputi kegiatan usaha: a. aktivitas konsultasi dan perancangan internet of things; b. aktivitas penyediaan identitas digital;,Pasal 186 ayat (1),"aktivitas, sektor, penyelenggaraan, sistem, transaksi",
PP_28_2025,PP Nomor 28 Tahun 2025,PP,2025,28,BAB V,"Norma, Standar, Prosedur, Dan Kriteria",Bagian Kedua,Paragraf 20,186,1,c,,Ketentuan,aktivitas,Pasal 186 ayat (1) huruf c,aktivitas,
PP_28_2025,PP Nomor 28 Tahun 2025,PP,2025,28,BAB V,"Norma, Standar, Prosedur, Dan Kriteria",Bagian Kedua,Paragraf 20,186,1,c,,Ketentuan,aktivitas penyediaan sertifikat elektronik dan layanan yang menggunakan sertifikat elektronik;,Pasal 186 ayat (1) huruf c,"sertifikat, elektronik, aktivitas, penyediaan, layanan",
PP_28_2025,PP Nomor 28 Tahun 2025,PP,2025,28,BAB V,"Norma, Standar, Prosedur, Dan Kriteria",Bagian Kedua,Paragraf 20,186,1,d,,Ketentuan,aktivitas pemrograman berbasis kecerdasan artilisial; e. aktivitas pengembangan teknologi blockchain; dan,Pasal 186 ayat (1) huruf d,"aktivitas, pemrograman, berbasis, kecerdasan, artilisial",
PP_28_2025,PP Nomor 28 Tahun 2025,PP,2025,28,BAB V,"Norma, Standar, Prosedur, Dan Kriteria",Bagian Kedua,Paragraf 20,186,1,f,,Ketentuan,aktivitas penerbitan piranti lunak (sofiuarel.,Pasal 186 ayat (1) huruf f,"aktivitas, penerbitan, piranti, lunak, sofiuarel",
PP_28_2025,PP Nomor 28 Tahun 2025,PP,2025,28,BAB V,"Norma, Standar, Prosedur, Dan Kriteria",Bagian Kedua,Paragraf 20,186,2,,,Ketentuan,PB UMKU sektor penyelenggaraan sistem dan transaksi elektronik meliputi penunjang operasional dan/atau komersial kegiatan usaha yang terdiri atas:,Pasal 186 ayat (2),"umku, sektor, penyelenggaraan, sistem, transaksi",
PP_28_2025,PP Nomor 28 Tahun 2025,PP,2025,28,BAB V,"Norma, Standar, Prosedur, Dan Kriteria",Bagian Kedua,Paragraf 20,186,2,a,,Ketentuan,"pendaftaran penyelenggara sistem elektronik lingkup privat, bagi seluruh sektor usaha; dan b. klasifikasi produk gim.",Pasal 186 ayat (2) huruf a,"pendaftaran, penyelenggara, sistem, elektronik, lingkup",
PP_28_2025,PP Nomor 28 Tahun 2025,PP,2025,28,BAB V,"Norma, Standar, Prosedur, Dan Kriteria",Bagian Kedua,Paragraf 22,187,,,,Ketentuan,"PB sektor lingkungan hidup meliputi kegiatan usaha: a. pengelolaan sampah, limbah, dan bahan berbahaya dan beracun; dan b. pengelolaan air limbah.",Pasal 187,"pengelolaan, limbah, sektor, lingkungan, hidup",
PP_28_2025,PP Nomor 28 Tahun 2025,PP,2025,28,BAB VI,Layanan Sistem Perizinan Berusaha Terintegrasi Secara,Bagian Kesatu,,188,1,,,Ketentuan,Pelaksanaan PBBR dilakukan secara elektronik dan terintegrasi melalui Sistem OSS. (21 Sistem OSS merupakan sistem elektronik yang terintegrasi dalam rangka pelaksanaan PBBR.,Pasal 188 ayat (1),"sistem, pelaksanaan, pbbr, elektronik, terintegrasi",
PP_28_2025,PP Nomor 28 Tahun 2025,PP,2025,28,BAB VI,Layanan Sistem Perizinan Berusaha Terintegrasi Secara,Bagian Kesatu,,188,3,,,Ketentuan,Sistem. . . REPUELIK INDONESIA -to7-,Pasal 188 ayat (3),"sistem, repuelik, indonesia",
PP_28_2025,PP Nomor 28 Tahun 2025,PP,2025,28,BAB VI,Layanan Sistem Perizinan Berusaha Terintegrasi Secara,Bagian Kesatu,,188,3,,,Ketentuan,Sistem OSS terdiri atas: a. subsistem pelayanan informasi; b. subsistem persyaratan dasar; c. subsistem perizinan berusaha; d. subsistem fasilitas Penanaman Modal; e. subsistem kemitraan; dan f. subsistem Pengawasan.,Pasal 188 ayat (3),"subsistem, sistem, terdiri, pelayanan, informasi",
PP_28_2025,PP Nomor 28 Tahun 2025,PP,2025,28,BAB VI,Layanan Sistem Perizinan Berusaha Terintegrasi Secara,Bagian Kesatu,,188,4,,,Kewajiban,Sistem OSS sebagaimana dimaksud pada ayat (1) wajib digunakan oleh: a. kementerian/lembaga; b. pemerintah provinsi; c. pemerintah kabupaten/kota; d. Administrator KEK; e. Badan Pengusahaan KPBPB; dan f. Pelaku Usaha.,Pasal 188 ayat (4),"sistem, wajib, digunakan, kementerian, lembaga","Pelaku Usaha, Kementerian, Pemerintah, Lembaga, Badan"
PP_28_2025,PP Nomor 28 Tahun 2025,PP,2025,28,BAB VI,Layanan Sistem Perizinan Berusaha Terintegrasi Secara,Bagian Kesatu,Paragraf 2,189,1,,,Ketentuan,Pemohon PB terdiri atas Pelaku Usaha: a. orang perseorangan; b. badan usaha; c. kantor perwakilan; dan,Pasal 189 ayat (1),"usaha, pemohon, terdiri, pelaku, orang","Orang Perseorangan, Pelaku Usaha, Badan Usaha"
PP_28_2025,PP Nomor 28 Tahun 2025,PP,2025,28,BAB VI,Layanan Sistem Perizinan Berusaha Terintegrasi Secara,Bagian Kesatu,Paragraf 2,189,1,d,,Ketentuan,badan usaha luar negeri. (21 Orang perseorangan sebagaimana dimaksud pada ayat (1) huruf a merupakan orang perseorangan warga negara Indonesia yang cakap untuk bertindak dan melakukan perbuatan hukum.,Pasal 189 ayat (1) huruf d,"orang, perseorangan, badan, usaha, luar","Orang Perseorangan, Warga Negara, Badan Usaha"
PP_28_2025,PP Nomor 28 Tahun 2025,PP,2025,28,BAB VI,Layanan Sistem Perizinan Berusaha Terintegrasi Secara,Bagian Kesatu,Paragraf 2,189,3,,,Ketentuan,Badan usaha sebagaimana dimaksud pada ayat (1) huruf b merupakan badan usaha berbentuk badan hukum atau tidak berbentuk badan hukum yang didirikan di wilayah Negara Kesatuan Republik Indonesia dan melakukan usaha dan/atau kegiatan pada bidang tertentu.,Pasal 189 ayat (3),"badan, usaha, berbentuk, hukum, didirikan","Badan Usaha, Badan Hukum"
PP_28_2025,PP Nomor 28 Tahun 2025,PP,2025,28,BAB VI,Layanan Sistem Perizinan Berusaha Terintegrasi Secara,Bagian Kesatu,Paragraf 2,189,4,,,Ketentuan,Kantor . REPUBLIK INOONESIA _ 108_,Pasal 189 ayat (4),"kantor, republik, inoonesia",
PP_28_2025,PP Nomor 28 Tahun 2025,PP,2025,28,BAB VI,Layanan Sistem Perizinan Berusaha Terintegrasi Secara,Bagian Kesatu,Paragraf 2,189,4,,,Ketentuan,Kantor perwakilan sebagaimana dimaksud pada ayat (1) huruf c merupakan: a. orang perseorangan warga negara Indonesia; b. orang perseorangan warga negara asing; atau,Pasal 189 ayat (4),"orang, perseorangan, warga, negara, kantor","Orang Perseorangan, Warga Negara"
PP_28_2025,PP Nomor 28 Tahun 2025,PP,2025,28,BAB VI,Layanan Sistem Perizinan Berusaha Terintegrasi Secara,Bagian Kesatu,Paragraf 2,189,4,c,,Ketentuan,"badan usaha yang merupakan perwakilan Pelaku Usaha dari luar negeri, dengan persetujuan pendirian kantor di wilayah Negara Kesatuan Republik Indonesia.",Pasal 189 ayat (4) huruf c,"usaha, badan, perwakilan, pelaku, luar","Pelaku Usaha, Badan Usaha"
PP_28_2025,PP Nomor 28 Tahun 2025,PP,2025,28,BAB VI,Layanan Sistem Perizinan Berusaha Terintegrasi Secara,Bagian Kesatu,Paragraf 2,189,5,,,Ketentuan,Badan usaha luar negeri sebagaimana dimaksud pada ayat (1) huruf d merupakan badan usaha asing yang didirikan di luar wilayah Negara Kesatuan Republik Indonesia dan melakukan usaha dan/atau kegiatan pada bidang tertentu.,Pasal 189 ayat (5),"usaha, badan, luar, negeri, asing",Badan Usaha
PP_28_2025,PP Nomor 28 Tahun 2025,PP,2025,28,BAB VI,Layanan Sistem Perizinan Berusaha Terintegrasi Secara,Bagian Kesatu,Paragraf 2,189,6,,,Ketentuan,Badan Usaha sebagaimana dimaksud pada ayat (3) terdiri atas: a. perseroan terbatas; b. persekutuan komanditer (commanditaire uennotschap);,Pasal 189 ayat (6),"badan, usaha, terdiri, perseroan, terbatas",Badan Usaha
PP_28_2025,PP Nomor 28 Tahun 2025,PP,2025,28,BAB VI,Layanan Sistem Perizinan Berusaha Terintegrasi Secara,Bagian Kesatu,Paragraf 2,189,6,c,,Ketentuan,persekutuan firma (uenootschap onder firma);,Pasal 189 ayat (6) huruf c,"firma, persekutuan, uenootschap, onder",
PP_28_2025,PP Nomor 28 Tahun 2025,PP,2025,28,BAB VI,Layanan Sistem Perizinan Berusaha Terintegrasi Secara,Bagian Kesatu,Paragraf 2,189,6,d,,Ketentuan,persekutuan perdata; e. koperasi; f. perusahaan umum; g. perusahaan umum daerah;,Pasal 189 ayat (6) huruf d,"perusahaan, umum, persekutuan, perdata, koperasi",Koperasi
PP_28_2025,PP Nomor 28 Tahun 2025,PP,2025,28,BAB VI,Layanan Sistem Perizinan Berusaha Terintegrasi Secara,Bagian Kesatu,Paragraf 2,189,6,h,,Ketentuan,badan usaha milik desa/badan usaha milik desa bersama; i. lembaga penyiaran; j. badan hukum lainnya yang dimiliki oleh negara; dan,Pasal 189 ayat (6) huruf h,"badan, usaha, milik, desa, bersama","Badan Usaha, Badan Hukum, Lembaga"
PP_28_2025,PP Nomor 28 Tahun 2025,PP,2025,28,BAB VI,Layanan Sistem Perizinan Berusaha Terintegrasi Secara,Bagian Kesatu,Paragraf 2,189,6,k,,Ketentuan,badan hukum lainnya. (71 Kantor perwakilan sebagaimana dimaksud pada ayat (4) dapat berupa:,Pasal 189 ayat (6) huruf k,"badan, hukum, lainnya, kantor, perwakilan",Badan Hukum
PP_28_2025,PP Nomor 28 Tahun 2025,PP,2025,28,BAB VI,Layanan Sistem Perizinan Berusaha Terintegrasi Secara,Bagian Kesatu,Paragraf 2,189,6,a,,Ketentuan,kantor perwakilan perLrsahaan perdagangan asing;,Pasal 189 ayat (6) huruf a,"kantor, perwakilan, perlrsahaan, perdagangan, asing",
PP_28_2025,PP Nomor 28 Tahun 2025,PP,2025,28,BAB VI,Layanan Sistem Perizinan Berusaha Terintegrasi Secara,Bagian Kesatu,Paragraf 2,189,6,b,,Ketentuan,kantor perwakilan perusahaan asing; atau,Pasal 189 ayat (6) huruf b,"kantor, perwakilan, perusahaan, asing",
PP_28_2025,PP Nomor 28 Tahun 2025,PP,2025,28,BAB VI,Layanan Sistem Perizinan Berusaha Terintegrasi Secara,Bagian Kesatu,Paragraf 2,189,6,c,,Ketentuan,kantor perwakilan badan usaha jasa konstruksi asing.,Pasal 189 ayat (6) huruf c,"kantor, perwakilan, badan, usaha, jasa",Badan Usaha
PP_28_2025,PP Nomor 28 Tahun 2025,PP,2025,28,BAB VI,Layanan Sistem Perizinan Berusaha Terintegrasi Secara,Bagian Kesatu,Paragraf 2,189,8,,,Ketentuan,Badan usaha luar negeri sebagaimana dimaksud pada ayat (5) yang dapat melakukan kegiatan usaha di Indonesia dapat berupa:,Pasal 189 ayat (8),"usaha, badan, luar, negeri, melakukan",Badan Usaha
PP_28_2025,PP Nomor 28 Tahun 2025,PP,2025,28,BAB VI,Layanan Sistem Perizinan Berusaha Terintegrasi Secara,Bagian Kesatu,Paragraf 2,189,8,a,,Ketentuan,pemberi waralaba berasal dari luar negeri; b. pedagang berjangka asing;,Pasal 189 ayat (8) huruf a,"pemberi, waralaba, berasal, luar, negeri",
PP_28_2025,PP Nomor 28 Tahun 2025,PP,2025,28,BAB VI,Layanan Sistem Perizinan Berusaha Terintegrasi Secara,Bagian Kesatu,Paragraf 2,189,8,c,,Ketentuan,penyelenggara sistem elektronik lingkup privat asing; dan d. bentuk usaha tetap. Pasal. . .,Pasal 189 ayat (8) huruf c,"penyelenggara, sistem, elektronik, lingkup, privat",
PP_28_2025,PP Nomor 28 Tahun 2025,PP,2025,28,BAB VI,Layanan Sistem Perizinan Berusaha Terintegrasi Secara,Bagian Kesatu,Paragraf 2,190,,,,Ketentuan,Perseroan terbatas sebagaimana dimaksud dalam Pasal 189 ayat (6) huruf a merupakan perseroan terbatas sebagaimana dimaksud dalam Undang-Undang mengenai perseroan terbatas.,Pasal 190,"perseroan, terbatas, mengenai",
PP_28_2025,PP Nomor 28 Tahun 2025,PP,2025,28,BAB VI,Layanan Sistem Perizinan Berusaha Terintegrasi Secara,Bagian Kesatu,Paragraf 2,191,1,,,Ketentuan,Persekutuan komanditer (commanditaire uennootschapl sebagaimana dimaksud dalam Pasal 189 ayat (6) huruf b merupakan persekutuan komanditer (commanditaire uennootschapl yang telah didaftarkan kepada Pemerintah Pusat.,Pasal 191 ayat (1),"persekutuan, komanditer, commanditaire, uennootschapl, didaftarkan",Pemerintah Pusat
PP_28_2025,PP Nomor 28 Tahun 2025,PP,2025,28,BAB VI,Layanan Sistem Perizinan Berusaha Terintegrasi Secara,Bagian Kesatu,Paragraf 2,191,2,,,Ketentuan,"Pendaftaran persekutuan komanditer (commanditaire uennootschap) kepada Pemerintah Pusat sebagaimana dimaksud pada ayat (1) meliputi pendaftaran akta pendirian, perubahan anggaran dasar, serta pembubaran persekutuan komanditer (commanditaire uennootschapl oleh kementerian yang menyelenggarakan urusan pemerintahan di bidang hukum.",Pasal 191 ayat (2),"pendaftaran, persekutuan, komanditer, commanditaire, uennootschap","Pemerintah Pusat, Kementerian"
PP_28_2025,PP Nomor 28 Tahun 2025,PP,2025,28,BAB VI,Layanan Sistem Perizinan Berusaha Terintegrasi Secara,Bagian Kesatu,Paragraf 2,191,3,,,Ketentuan,Ketentuan lebih lanjut mengenai pendaftaran persekutuan komanditer (commanditaire uennootschapl sebagaimana dimaksud pada ayat (1) diatur dalam peraturan menteri yang menyelenggarakan urusan pemerintahan di bidang hukum.,Pasal 191 ayat (3),"lebih, lanjut, mengenai, pendaftaran, persekutuan",Menteri
PP_28_2025,PP Nomor 28 Tahun 2025,PP,2025,28,BAB VI,Layanan Sistem Perizinan Berusaha Terintegrasi Secara,Bagian Kesatu,Paragraf 2,192,1,,,Ketentuan,Persekutuan firma (uenootschap onder firmal sebagaimana dimaksud dalam Pasal 189 ayat (6) huruf c merupakan persekutuan firma (uenootschap onder firmal yang telah didaftarkan kepada Pemerintah Pusat.,Pasal 192 ayat (1),"persekutuan, firma, uenootschap, onder, firmal",Pemerintah Pusat
PP_28_2025,PP Nomor 28 Tahun 2025,PP,2025,28,BAB VI,Layanan Sistem Perizinan Berusaha Terintegrasi Secara,Bagian Kesatu,Paragraf 2,192,2,,,Ketentuan,"Pendaftaran persekutuan firma (uenootschap onder firmal kepada Pemerintah Pusat sebagaimana dimaksud pada ayat (1) meliputi pendaftaran akta pendirian, perubahan anggaran dasar, serta pembubaran persekutuan lirma (uenootschap onder finnal oleh kementerian yang menyelenggarakan urusan pemerintahan di bidang hukum.",Pasal 192 ayat (2),"pendaftaran, persekutuan, uenootschap, onder, firma","Pemerintah Pusat, Kementerian"
PP_28_2025,PP Nomor 28 Tahun 2025,PP,2025,28,BAB VI,Layanan Sistem Perizinan Berusaha Terintegrasi Secara,Bagian Kesatu,Paragraf 2,192,3,,,Ketentuan,Ketentuan lebih lanjut mengenai pendaftaran persekutuan firma (uenootschap onder firmal sebagaimana dimaksud pada ayat (1) diatur dalam peraturan menteri yang menyelenggarakan urusan pemerintahan di bidang hukum. Pasal. . . REPUBLTK INDONESIA.,Pasal 192 ayat (3),"lebih, lanjut, mengenai, pendaftaran, persekutuan",Menteri
PP_28_2025,PP Nomor 28 Tahun 2025,PP,2025,28,BAB VI,Layanan Sistem Perizinan Berusaha Terintegrasi Secara,Bagian Kesatu,Paragraf 2,193,1,,,Ketentuan,"Persekutuan perdata sebagaimana dimaksud dalam Pasal 189 ayat (6) huruf d merupakan persekutuan perdata yang telah didaftarkan kepada Pemerintah Pusat. (21 Pendaftaran persekutuan perdata kepada Pemerintah Pusat sebagaimana dimaksud pada ayat (1) meliputi pendaftaran akta pendirian, perubahan anggaran dasar, serta pembubaran persekutuan perdata oleh kementerian yang menyelenggarakan urusan pemerintahan di bidang hukum.",Pasal 193 ayat (1),"persekutuan, perdata, kepada, pusat, pendaftaran","Pemerintah Pusat, Kementerian"
PP_28_2025,PP Nomor 28 Tahun 2025,PP,2025,28,BAB VI,Layanan Sistem Perizinan Berusaha Terintegrasi Secara,Bagian Kesatu,Paragraf 2,193,3,,,Ketentuan,Ketentuan lebih lanjut mengenai pendaftaran persekutuan perdata sebagaimana dimaksud pada ayat (1) diatur dalam peraturan menteri yang menyelenggarakan urusan pemerintahan di bidang hukum.,Pasal 193 ayat (3),"lebih, lanjut, mengenai, pendaftaran, persekutuan",Menteri
PP_28_2025,PP Nomor 28 Tahun 2025,PP,2025,28,BAB VI,Layanan Sistem Perizinan Berusaha Terintegrasi Secara,Bagian Kesatu,Paragraf 2,194,1,,,Ketentuan,"Koperasi sebagaimana dimaksud dalam Pasal 189 ayat (6) huruf e merupakan koperasi sebagaimana dimaksud dalam Undang-Undang mengenai perkoperasian yang telah disahkan oleh Pemerintah Pusat. (21 Pengesahan koperasi oleh Pemerintah Pusat sebagaimana dimaksud pada ayat (1) meliputi pengesahan akta pendirian koperasi, perubahan anggaran dasar koperasi, serta pembubaran koperasi oleh kementerian yang menyelenggarakan urusan pemerintahan di bidang hukum.",Pasal 194 ayat (1),"koperasi, pusat, pengesahan, mengenai, perkoperasian","Pemerintah Pusat, Kementerian, Koperasi"
PP_28_2025,PP Nomor 28 Tahun 2025,PP,2025,28,BAB VI,Layanan Sistem Perizinan Berusaha Terintegrasi Secara,Bagian Kesatu,Paragraf 2,194,3,,,Ketentuan,Ketentuan lebih lanjut mengenai pengesahan koperasi sebagaimana dimaksud pada ayat (1) diatur dalam peraturan menteri yang menyelenggarakan urusan pemerintahan di bidang hukum.,Pasal 194 ayat (3),"lebih, lanjut, mengenai, pengesahan, koperasi","Koperasi, Menteri"
PP_28_2025,PP Nomor 28 Tahun 2025,PP,2025,28,BAB VI,Layanan Sistem Perizinan Berusaha Terintegrasi Secara,Bagian Kesatu,Paragraf 2,195,,,,Ketentuan,Perusahaan umum sebagaimana dimaksud dalam Pasal 189 ayat (6) huruf f merupakan perusahaan umum sebagaimana dimaksud dalam Undang-Undang mengenai badan usaha milik negara.,Pasal 195,"perusahaan, umum, mengenai, badan, usaha",Badan Usaha
PP_28_2025,PP Nomor 28 Tahun 2025,PP,2025,28,BAB VI,Layanan Sistem Perizinan Berusaha Terintegrasi Secara,Bagian Kesatu,Paragraf 2,196,,,,Ketentuan,Perusahaan umum daerah sebagaimana dimaksud dalam Pasal 189 ayat (6) huruf g merupakan perusahaan umum milik daerah sebagaimana dimaksud dalam Undang-Undang mengenai pemerintahan daerah. Pasal. . .,Pasal 196,"daerah, perusahaan, umum, milik, mengenai",Pemerintahan Daerah
PP_28_2025,PP Nomor 28 Tahun 2025,PP,2025,28,BAB VI,Layanan Sistem Perizinan Berusaha Terintegrasi Secara,Bagian Kesatu,Paragraf 2,197,,,,Ketentuan,Badan usaha milik desa/badan usaha milik desa bersama sebagaimana dimaksud dalam Pasal 189 ayat (6) huruf h merupakan badan usaha milik desa/badan usaha milik desa bersama sebagaimana dimaksud dalam Undang-Undang mengenai desa.,Pasal 197,"desa, badan, usaha, milik, bersama",Badan Usaha
PP_28_2025,PP Nomor 28 Tahun 2025,PP,2025,28,BAB VI,Layanan Sistem Perizinan Berusaha Terintegrasi Secara,Bagian Kesatu,Paragraf 2,198,,,,Ketentuan,Lembaga penyiaran sebagaimana dimaksud dalam Pasal 189 ayat (6) huruf i merupakan lembaga penyiaran sebagaimana dimaksud dalam Undang-Undang mengenai penyiaran.,Pasal 198,"penyiaran, lembaga, mengenai",Lembaga
PP_28_2025,PP Nomor 28 Tahun 2025,PP,2025,28,BAB VI,Layanan Sistem Perizinan Berusaha Terintegrasi Secara,Bagian Kesatu,Paragraf 2,199,,,,Ketentuan,Badan hukum lainnya yang dimiliki oleh negara sebagaimana j dimaksud dalam Pasal 189 ayat (6) huruf merupakan badan hukum yang didirikan oleh negara dengan undang-undang. Pasal 2OO Badan hukum lainnya sebagaimana dimaksud dalam Pasal 189 ayat (6) huruf k merupakan badan hukum yang diperbolehkan untuk melakukan kegiatan usaha berdasarkan ketentuan peraturan perundang-undangan.,Pasal 199,"badan, hukum, lainnya, negara, dimiliki",Badan Hukum
PP_28_2025,PP Nomor 28 Tahun 2025,PP,2025,28,BAB VI,Layanan Sistem Perizinan Berusaha Terintegrasi Secara,Bagian Kesatu,Paragraf 3,201,1,,,Hak,"Hak akses bagi kementerian/lembaga, DPMPTSP provinsi, DPMPTSP kabupaten/kota, Administrator KEK, dan Badan Pengusahaan KPBPB sebagaimana dimaksud dalam Pasal 188 ayat (a) huruf a sampai dengan huruf e diberikan kepada pengelola hak akses yang ditetapkan oleh menteri/kepala lembaga, kepala DPMPTSP provinsi, kepala DPMPTSP kabupaten/kota, Administrator KEK, atau kepala Badan Pengusahaan KPBPB. (21 Pengelola hak akses sebagaimana dimaksud pada ayat (1) dapat memberikan hak akses turunan sesuai kewenangan dan kebutuhan yang diperlukan. -tt2-",Pasal 201 ayat (1),"akses, dpmptsp, kepala, lembaga, provinsi","Kementerian, Lembaga, Badan"
PP_28_2025,PP Nomor 28 Tahun 2025,PP,2025,28,BAB VI,Layanan Sistem Perizinan Berusaha Terintegrasi Secara,Bagian Kesatu,Paragraf 3,201,3,,,Hak,Pelaku Usaha sebagaimana dimaksud dalam Pasal 188 ayat (41huruf f yang diberikan hak akses meliputi: a. orang perseorangan; dan,Pasal 201 ayat (3),"pelaku, usaha, diberikan, akses, meliputi","Orang Perseorangan, Pelaku Usaha"
PP_28_2025,PP Nomor 28 Tahun 2025,PP,2025,28,BAB VI,Layanan Sistem Perizinan Berusaha Terintegrasi Secara,Bagian Kesatu,Paragraf 3,201,3,b,,Hak,direksi/pengurus/penanggung jawab atau sebutan lain pada badan usaha. Pasal 2O2 Lembaga OSS melakukan evaluasi terhadap pemberian hak akses dan hak akses turunan sebagaimana dimaksud dalam Pasal 2O1.,Pasal 201 ayat (3) huruf b,"akses, direksi, pengurus, penanggung, jawab","Badan Usaha, Lembaga OSS"
PP_28_2025,PP Nomor 28 Tahun 2025,PP,2025,28,BAB VI,Layanan Sistem Perizinan Berusaha Terintegrasi Secara,Bagian Kesatu,Paragraf 3,203,1,,,Hak,"Hak akses kepada kementerian/lembaga, DPMPTSP provinsi, DPMPTSP kabupatenf kota, Administrator KEK, dan Badan Pengusahaan KPBPB sebagaimana dimaksud dalam Pasal 188 ayat (4) huruf a sampai dengan huruf e paling sedikit diberikan untuk: a. melakukan verifikasi teknis dan notifikasi pemenuhan persyaratan dasar, PB, dan/atau PB UMKU;",Pasal 203 ayat (1),"dpmptsp, akses, kepada, kementerian, lembaga","Kementerian, Lembaga, Badan"
PP_28_2025,PP Nomor 28 Tahun 2025,PP,2025,28,BAB VI,Layanan Sistem Perizinan Berusaha Terintegrasi Secara,Bagian Kesatu,Paragraf 3,203,1,b,,Ketentuan,"melakukan verifikasi perubahan atau pencabutan persyaratan dasar, PB, dan/atau PB UMKU; c. pelaksanaan Pengawasan;",Pasal 203 ayat (1) huruf b,"melakukan, verifikasi, perubahan, pencabutan, persyaratan",
PP_28_2025,PP Nomor 28 Tahun 2025,PP,2025,28,BAB VI,Layanan Sistem Perizinan Berusaha Terintegrasi Secara,Bagian Kesatu,Paragraf 3,203,1,d,,Ketentuan,tindak lanjut hasil Pengawasan PB; e. penilaian kepatuhan pelaksanaan PB;,Pasal 203 ayat (1) huruf d,"tindak, lanjut, hasil, pengawasan, penilaian",
PP_28_2025,PP Nomor 28 Tahun 2025,PP,2025,28,BAB VI,Layanan Sistem Perizinan Berusaha Terintegrasi Secara,Bagian Kesatu,Paragraf 3,203,1,f,,Sanksi,tindak lanjut pengaduan Pelaku Usaha; g. pengenaan dan tindak lanjut sanksi administratif; dan h. tindakan administratif atas dasar permohonan Pelaku Usaha. (21 Hak akses kepada Pelaku Usaha sebagaimana dimaksud dalam Pasal 188 ayat (a) huruf f digunakan untuk:,Pasal 203 ayat (1) huruf f,"pelaku, usaha, tindak, lanjut, administratif",Pelaku Usaha
PP_28_2025,PP Nomor 28 Tahun 2025,PP,2025,28,BAB VI,Layanan Sistem Perizinan Berusaha Terintegrasi Secara,Bagian Kesatu,Paragraf 3,203,1,a,,Ketentuan,"mengajukan permohonan persyaratan dasar, PB, dan/atau PB UMKU termasuk perubahan dan pencabutan; b. menyampaikan laporan berkala dari Pelaku Usaha; c. menyampaikan pengaduan; d. mengajukan permohonan fasilitas Penanaman Modal;",Pasal 203 ayat (1) huruf a,"mengajukan, permohonan, menyampaikan, persyaratan, dasar",Pelaku Usaha
PP_28_2025,PP Nomor 28 Tahun 2025,PP,2025,28,BAB VI,Layanan Sistem Perizinan Berusaha Terintegrasi Secara,Bagian Kesatu,Paragraf 3,203,1,e,,Ketentuan,tindak lanjut hasil pelaksanaan Pengawasan;,Pasal 203 ayat (1) huruf e,"tindak, lanjut, hasil, pelaksanaan, pengawasan",
PP_28_2025,PP Nomor 28 Tahun 2025,PP,2025,28,BAB VI,Layanan Sistem Perizinan Berusaha Terintegrasi Secara,Bagian Kesatu,Paragraf 3,203,1,f,,Ketentuan,mengakses.,Pasal 203 ayat (1) huruf f,mengakses,
PP_28_2025,PP Nomor 28 Tahun 2025,PP,2025,28,BAB VI,Layanan Sistem Perizinan Berusaha Terintegrasi Secara,Bagian Kesatu,Paragraf 3,203,1,f,,Ketentuan,"mengakses profil Pelaku Usaha; dan/atau g. mengajukan permohonan pencabutan atas sebagian atau seluruh persyaratan dasar, PB, dan/atau PB UMKU.",Pasal 203 ayat (1) huruf f,"mengakses, profil, pelaku, usaha, mengajukan",Pelaku Usaha
PP_28_2025,PP Nomor 28 Tahun 2025,PP,2025,28,BAB VI,Layanan Sistem Perizinan Berusaha Terintegrasi Secara,Bagian Kesatu,Paragraf 3,203,3,,,Hak,"Dalam hal Pelaku Usaha melakukan kegiatan usaha pembangunan kawasan industri, hak akses kepada Pelaku Usaha sebagaimana dimaksud dalam Pasal 188 ayat (41 huruf f digunakan untuk melakukan notifikasi pemenuhan persyaratan dasar lingkungan kepada Pelaku Usaha di dalam kawasan industri.",Pasal 203 ayat (3),"usaha, pelaku, melakukan, kawasan, industri",Pelaku Usaha
PP_28_2025,PP Nomor 28 Tahun 2025,PP,2025,28,BAB VI,Layanan Sistem Perizinan Berusaha Terintegrasi Secara,Bagian Kesatu,Paragraf 3,204,,,,Hak,Permohonan hak akses melalui Sistem OSS dilakukan oleh Pelaku Usaha yang berbentuk:,Pasal 204,"permohonan, akses, melalui, sistem, pelaku",Pelaku Usaha
PP_28_2025,PP Nomor 28 Tahun 2025,PP,2025,28,BAB VI,Layanan Sistem Perizinan Berusaha Terintegrasi Secara,Bagian Kesatu,Paragraf 3,204,,a,,Ketentuan,"orang perseorangan, dengan mengisi data nomor induk kependudukan;",Pasal 204 huruf a,"orang, perseorangan, mengisi, data, nomor",Orang Perseorangan
PP_28_2025,PP Nomor 28 Tahun 2025,PP,2025,28,BAB VI,Layanan Sistem Perizinan Berusaha Terintegrasi Secara,Bagian Kesatu,Paragraf 3,204,,b,,Ketentuan,"badan usaha, dengan mengisi data nomor pengesahan atau nomor pendaftaran badan usaha;",Pasal 204 huruf b,"badan, usaha, nomor, mengisi, data",Badan Usaha
PP_28_2025,PP Nomor 28 Tahun 2025,PP,2025,28,BAB VI,Layanan Sistem Perizinan Berusaha Terintegrasi Secara,Bagian Kesatu,Paragraf 3,204,,c,,Ketentuan,"perusahaan umum, perusahaan umum daerah, lembaga penyiaran, dan badan hukum lainnya yang dimiliki oleh negara, dengan mengisi data dasar hukum pembentukan;",Pasal 204 huruf c,"perusahaan, umum, hukum, daerah, lembaga","Badan Hukum, Lembaga"
PP_28_2025,PP Nomor 28 Tahun 2025,PP,2025,28,BAB VI,Layanan Sistem Perizinan Berusaha Terintegrasi Secara,Bagian Kesatu,Paragraf 3,204,,d,,Ketentuan,"persyarikatan atau persekutuan, dengan mengisi data dasar hukum pendirian; dan",Pasal 204 huruf d,"persyarikatan, persekutuan, mengisi, data, dasar",
PP_28_2025,PP Nomor 28 Tahun 2025,PP,2025,28,BAB VI,Layanan Sistem Perizinan Berusaha Terintegrasi Secara,Bagian Kesatu,Paragraf 3,204,,e,,Ketentuan,"kantor perwakilan dan badan usaha luar negeri, dengan mengisi data nomor induk kependudukan kepala kantor perwakilan / penanggung j awab yang berkewarganegaraan Indonesia atau nomor paspor kepala kantor perwakilan / penanggung j awab yang berkewarganegaraan asing.",Pasal 204 huruf e,"kantor, perwakilan, nomor, kepala, penanggung",Badan Usaha
PP_28_2025,PP Nomor 28 Tahun 2025,PP,2025,28,BAB VI,Layanan Sistem Perizinan Berusaha Terintegrasi Secara,Bagian Kesatu,Paragraf 3,205,1,,,Hak,Pelaku Usaha dapat melakukan perubahan data hak akses sebagaimana dimaksud dalam Pasal 2Ol ayat (3) secara mandiri dalam Sistem OSS. (21 Perubahan data hak akses sebagaimana dimaksud pada ayat (1) dapat berupa:,Pasal 205 ayat (1),"perubahan, data, akses, pelaku, usaha",Pelaku Usaha
PP_28_2025,PP Nomor 28 Tahun 2025,PP,2025,28,BAB VI,Layanan Sistem Perizinan Berusaha Terintegrasi Secara,Bagian Kesatu,Paragraf 3,205,1,a,,Ketentuan,nama penanggung jawab;,Pasal 205 ayat (1) huruf a,"nama, penanggung, jawab",
PP_28_2025,PP Nomor 28 Tahun 2025,PP,2025,28,BAB VI,Layanan Sistem Perizinan Berusaha Terintegrasi Secara,Bagian Kesatu,Paragraf 3,205,1,b,,Ketentuan,nomor induk kependudukan atau nomor paspor penanggung jawab;,Pasal 205 ayat (1) huruf b,"nomor, induk, kependudukan, paspor, penanggung",
PP_28_2025,PP Nomor 28 Tahun 2025,PP,2025,28,BAB VI,Layanan Sistem Perizinan Berusaha Terintegrasi Secara,Bagian Kesatu,Paragraf 3,205,1,c,,Ketentuan,nomor -tt4-,Pasal 205 ayat (1) huruf c,nomor,
PP_28_2025,PP Nomor 28 Tahun 2025,PP,2025,28,BAB VI,Layanan Sistem Perizinan Berusaha Terintegrasi Secara,Bagian Kesatu,Paragraf 3,205,1,c,,Ketentuan,nomor telepon penanggung jawab;,Pasal 205 ayat (1) huruf c,"nomor, telepon, penanggung, jawab",
PP_28_2025,PP Nomor 28 Tahun 2025,PP,2025,28,BAB VI,Layanan Sistem Perizinan Berusaha Terintegrasi Secara,Bagian Kesatu,Paragraf 3,205,1,d,,Ketentuan,surat elektronik penanggung jawab; dan/atau e. kata sandi.,Pasal 205 ayat (1) huruf d,"surat, elektronik, penanggung, jawab, kata",
PP_28_2025,PP Nomor 28 Tahun 2025,PP,2025,28,BAB VI,Layanan Sistem Perizinan Berusaha Terintegrasi Secara,Bagian Kesatu,Paragraf 3,205,3,,,Hak,Perubahan data hak akses sebagaimana dimaksud pada ayat (1) dapat dilakukan setelah diverifikasi Sistem OSS dengan mempertimbangkan keamanan data.,Pasal 205 ayat (3),"data, perubahan, akses, setelah, diverifikasi",
PP_28_2025,PP Nomor 28 Tahun 2025,PP,2025,28,BAB VI,Layanan Sistem Perizinan Berusaha Terintegrasi Secara,Bagian Kesatu,Paragraf 4,206,1,,,Kewajiban,NIB wajib dimiliki oleh setiap Pelaku Usaha. (21 Setiap Pelaku Usaha sebagaimana dimaksud pada ayat (1) hanya memiliki 1 (satu) NIB.,Pasal 206 ayat (1),"setiap, pelaku, usaha, wajib, dimiliki",Pelaku Usaha
PP_28_2025,PP Nomor 28 Tahun 2025,PP,2025,28,BAB VI,Layanan Sistem Perizinan Berusaha Terintegrasi Secara,Bagian Kesatu,Paragraf 4,206,3,,,Ketentuan,NIB sebagaimana dimaksud pada ayat (1) diterbitkan oleh Lembaga OSS.,Pasal 206 ayat (3),"diterbitkan, lembaga",Lembaga OSS
PP_28_2025,PP Nomor 28 Tahun 2025,PP,2025,28,BAB VI,Layanan Sistem Perizinan Berusaha Terintegrasi Secara,Bagian Kesatu,Paragraf 4,206,4,,,Ketentuan,NIB sebagaimana dimaksud pada ayat (1) merupakan identitas bagi Pelaku Usaha sebagai bukti registrasi/pendaftaran Pelaku Usaha untuk melakukan kegiatan usaha.,Pasal 206 ayat (4),"usaha, pelaku, identitas, bukti, registrasi",Pelaku Usaha
PP_28_2025,PP Nomor 28 Tahun 2025,PP,2025,28,BAB VI,Layanan Sistem Perizinan Berusaha Terintegrasi Secara,Bagian Kesatu,Paragraf 4,206,5,,,Ketentuan,NIB sebagaimana dimaksud pada ayat (1) berlaku juga sebagai:,Pasal 206 ayat (5),berlaku,
PP_28_2025,PP Nomor 28 Tahun 2025,PP,2025,28,BAB VI,Layanan Sistem Perizinan Berusaha Terintegrasi Secara,Bagian Kesatu,Paragraf 4,206,5,a,,Hak,angka pengenal importir sebagaimana dimaksud dalam ketentuan peraturan perundang-undangan yang mengatur mengenai kebijakan dan pengaturan impor; b. hak akses kepabeanan sebagaimana dimaksud dalam peraturan perundang-undangan di bidang kepabeanan;,Pasal 206 ayat (5) huruf a,"perundang, undangan, kepabeanan, pengenal, importir",
PP_28_2025,PP Nomor 28 Tahun 2025,PP,2025,28,BAB VI,Layanan Sistem Perizinan Berusaha Terintegrasi Secara,Bagian Kesatu,Paragraf 4,206,5,c,,Ketentuan,pendaftaran kepesertaan Pelaku Usaha untuk jaminan sosial kesehatan dan jaminan sosial ketenagakerjaan; dan,Pasal 206 ayat (5) huruf c,"jaminan, sosial, pendaftaran, kepesertaan, pelaku",Pelaku Usaha
PP_28_2025,PP Nomor 28 Tahun 2025,PP,2025,28,BAB VI,Layanan Sistem Perizinan Berusaha Terintegrasi Secara,Bagian Kesatu,Paragraf 4,206,5,d,,Kewajiban,wajib lapor ketenagakerjaan untuk periode pertama Pelaku Usaha.,Pasal 206 ayat (5) huruf d,"wajib, lapor, ketenagakerjaan, periode, pertama",Pelaku Usaha
PP_28_2025,PP Nomor 28 Tahun 2025,PP,2025,28,BAB VI,Layanan Sistem Perizinan Berusaha Terintegrasi Secara,Bagian Kesatu,Paragraf 4,206,6,,,Ketentuan,Pelaku Usaha yang memerlukan angka pengenal importir sebagaimana dimaksud pada ayat (5) huruf a hanya dapat memilih:,Pasal 206 ayat (6),"pelaku, usaha, memerlukan, pengenal, importir",Pelaku Usaha
PP_28_2025,PP Nomor 28 Tahun 2025,PP,2025,28,BAB VI,Layanan Sistem Perizinan Berusaha Terintegrasi Secara,Bagian Kesatu,Paragraf 4,206,6,a,,Ketentuan,angka pengenal importir umum untuk kegiatan impor barang yang diperdagangkan; atau,Pasal 206 ayat (6) huruf a,"pengenal, importir, umum, kegiatan, impor",
PP_28_2025,PP Nomor 28 Tahun 2025,PP,2025,28,BAB VI,Layanan Sistem Perizinan Berusaha Terintegrasi Secara,Bagian Kesatu,Paragraf 4,206,6,b,,Ketentuan,angka. . .,Pasal 206 ayat (6) huruf b,,
PP_28_2025,PP Nomor 28 Tahun 2025,PP,2025,28,BAB VI,Layanan Sistem Perizinan Berusaha Terintegrasi Secara,Bagian Kesatu,Paragraf 4,206,6,b,,Hak,"angka pengenal importir produsen untuk kegiatan impor barang yang dipergunakan sendiri sebagai barang modal, bahan baku, bahan penolong , dan f atau bahan untuk mendukung proses produksi. (71 Hak akses kepabeanan sebagaimana dimaksud pada ayat (5) huruf b dapat digunakan oleh:",Pasal 206 ayat (6) huruf b,"bahan, barang, pengenal, importir, produsen",
PP_28_2025,PP Nomor 28 Tahun 2025,PP,2025,28,BAB VI,Layanan Sistem Perizinan Berusaha Terintegrasi Secara,Bagian Kesatu,Paragraf 4,206,6,a,,Ketentuan,"Pelaku Usaha yang merupakan badan usaha, untuk melakukan kegiatan impor dan/atau ekspor; atau",Pasal 206 ayat (6) huruf a,"usaha, pelaku, badan, melakukan, kegiatan","Pelaku Usaha, Badan Usaha"
PP_28_2025,PP Nomor 28 Tahun 2025,PP,2025,28,BAB VI,Layanan Sistem Perizinan Berusaha Terintegrasi Secara,Bagian Kesatu,Paragraf 4,206,6,b,,Ketentuan,"Pelaku Usaha yang merupakan orang perseorangan, hanya dapat melakukan kegiatan ekspor.",Pasal 206 ayat (6) huruf b,"pelaku, usaha, orang, perseorangan, hanya","Orang Perseorangan, Pelaku Usaha"
PP_28_2025,PP Nomor 28 Tahun 2025,PP,2025,28,BAB VI,Layanan Sistem Perizinan Berusaha Terintegrasi Secara,Bagian Kesatu,Paragraf 4,206,8,,,Ketentuan,NIB berbentuk angka acak yang diberi pengaman dan disertai dengan tanda tangan elektronik.,Pasal 206 ayat (8),"berbentuk, acak, diberi, pengaman, disertai",
PP_28_2025,PP Nomor 28 Tahun 2025,PP,2025,28,BAB VI,Layanan Sistem Perizinan Berusaha Terintegrasi Secara,Bagian Kesatu,Paragraf 4,206,9,,,Ketentuan,NIB berlaku selama Pelaku Usaha menjalankan kegiatan usaha sesuai dengan ketentuan peraturan perundang- undangan. Pasal 2O7,Pasal 206 ayat (9),"usaha, berlaku, selama, pelaku, menjalankan",Pelaku Usaha
PP_28_2025,PP Nomor 28 Tahun 2025,PP,2025,28,BAB VI,Layanan Sistem Perizinan Berusaha Terintegrasi Secara,Bagian Kesatu,Paragraf 4,206,1,,,Kewajiban,"NIB sebagaimana dimaksud dalam Pasal 206 rnencakup data paling sedikit: a. profil; b. permodalan usaha; c. nomor pokok wajib pajak; d. KBLI; dan e. lokasi usaha. (21 Untuk mendapatkan NIB sebagaimana dimaksud pada ayat (1), Pelaku Usaha orang perseorangan mengisi data pada Sistem OSS.",Pasal 206 ayat (1),"usaha, data, rnencakup, paling, sedikit","Orang Perseorangan, Pelaku Usaha"
PP_28_2025,PP Nomor 28 Tahun 2025,PP,2025,28,BAB VI,Layanan Sistem Perizinan Berusaha Terintegrasi Secara,Bagian Kesatu,Paragraf 4,206,3,,,Ketentuan,"Data profil sebagaimana dimaksud pada ayat (1) huruf a, bagi Pelaku Usaha orang perseorangan merLrpakan nomor induk kependudukan yang terintegrasi dengan sistem di kementerian yang menyelenggarakan urusan pemerintahan di bidang dalam negeri.",Pasal 206 ayat (3),"data, profil, pelaku, usaha, orang","Orang Perseorangan, Pelaku Usaha, Kementerian"
PP_28_2025,PP Nomor 28 Tahun 2025,PP,2025,28,BAB VI,Layanan Sistem Perizinan Berusaha Terintegrasi Secara,Bagian Kesatu,Paragraf 4,206,4,,,Ketentuan,"Bagi Pelaku Usaha yang merupakan badan usaha, data sebagaimana dimaksud pada ayat (1) huruf a, huruf b, huruf c, dan huruf d, sesuai dengan integrasi antara Sistem OSS dengan sistem di kementerian yang menyelenggarakan urusan pemerintahan di bidang hukum. IIEPUBLIK INDONESIA",Pasal 206 ayat (4),"usaha, sistem, pelaku, badan, data","Pelaku Usaha, Badan Usaha, Kementerian"
PP_28_2025,PP Nomor 28 Tahun 2025,PP,2025,28,BAB VI,Layanan Sistem Perizinan Berusaha Terintegrasi Secara,Bagian Kesatu,Paragraf 4,206,5,,,Kewajiban,"Terhadap data nomor pokok wajib pajak sebagaimana dimaksud pada ayat (1) huruf c, Sistem OSS melakukan validasi sesuai dengan integrasi dengan sistem di kementerian yang menyelenggarakan urusan pemerintahan di bidang keuangan negara.",Pasal 206 ayat (5),"sistem, data, nomor, pokok, wajib",Kementerian
PP_28_2025,PP Nomor 28 Tahun 2025,PP,2025,28,BAB VI,Layanan Sistem Perizinan Berusaha Terintegrasi Secara,Bagian Kesatu,Paragraf 4,206,6,,,Kewajiban,"Bagi Pelaku Usaha orang perseorangan yang belum memiliki nomor pokok wajib pajak, dapat mengajukan permohonan nomor pokok wajib pajak melalui Sistem OSS. (71 Data lokasi usaha sebagaimana dimaksud pada ayat (1) huruf e sesuai dengan integrasi atau validasi antara Sistem OSS dengan sistem di kementerian/badan yang menyelenggarakan urusan pemerintahan di bidang agraria dan tata ruang serta tugas pemerintahan di bidang pertanahan.",Pasal 206 ayat (6),"sistem, usaha, nomor, pokok, wajib","Orang Perseorangan, Pelaku Usaha, Kementerian, Badan"
PP_28_2025,PP Nomor 28 Tahun 2025,PP,2025,28,BAB VI,Layanan Sistem Perizinan Berusaha Terintegrasi Secara,Bagian Kesatu,Paragraf 4,206,8,,,Ketentuan,"Dalam hal data sebagaimana dimaksud pada ayat (1) belum tersedia secara daring, Pelaku Usaha melakukan pengisian pada Sistem OSS.",Pasal 206 ayat (8),"data, belum, tersedia, daring, pelaku",Pelaku Usaha
PP_28_2025,PP Nomor 28 Tahun 2025,PP,2025,28,BAB VI,Layanan Sistem Perizinan Berusaha Terintegrasi Secara,Bagian Kesatu,Paragraf 4,206,9,,,Kewajiban,"Bagi Pelaku Usaha kantor perwakilan dan badan usaha luar negeri selain harus memenuhi ketentuan sebagaimana dimaksud pada ayat (1), harus mengisi data paling sedikit:",Pasal 206 ayat (9),"usaha, pelaku, kantor, perwakilan, badan","Pelaku Usaha, Badan Usaha"
PP_28_2025,PP Nomor 28 Tahun 2025,PP,2025,28,BAB VI,Layanan Sistem Perizinan Berusaha Terintegrasi Secara,Bagian Kesatu,Paragraf 4,206,9,a,,Ketentuan,nama perusahaan di luar negeri yang menunjuk;,Pasal 206 ayat (9) huruf a,"nama, perusahaan, luar, negeri, menunjuk",
PP_28_2025,PP Nomor 28 Tahun 2025,PP,2025,28,BAB VI,Layanan Sistem Perizinan Berusaha Terintegrasi Secara,Bagian Kesatu,Paragraf 4,206,9,b,,Ketentuan,alamat perusahaan di luar negeri yang menunjuk; dan,Pasal 206 ayat (9) huruf b,"alamat, perusahaan, luar, negeri, menunjuk",
PP_28_2025,PP Nomor 28 Tahun 2025,PP,2025,28,BAB VI,Layanan Sistem Perizinan Berusaha Terintegrasi Secara,Bagian Kesatu,Paragraf 4,206,9,c,,Ketentuan,data kantor perwakilan di Indonesia.,Pasal 206 ayat (9) huruf c,"data, kantor, perwakilan, indonesia",
PP_28_2025,PP Nomor 28 Tahun 2025,PP,2025,28,BAB VI,Layanan Sistem Perizinan Berusaha Terintegrasi Secara,Bagian Kesatu,Paragraf 4,208,1,,,Ketentuan,"Terhadap data sebagaimana dimaksud dalam Pasal 2O7 ayat (1), Sistem OSS melakukan penapisan kesesuaian dengan ketentuan bidang usaha dan ketentuan Penanaman Modal lainnya, termasuk:",Pasal 208 ayat (1),"data, sistem, melakukan, penapisan, kesesuaian",
PP_28_2025,PP Nomor 28 Tahun 2025,PP,2025,28,BAB VI,Layanan Sistem Perizinan Berusaha Terintegrasi Secara,Bagian Kesatu,Paragraf 4,208,1,a,,Ketentuan,bidang usaha yang diklasilikasikan sebagai bidang usaha prioritas;,Pasal 208 ayat (1) huruf a,"bidang, usaha, diklasilikasikan, prioritas",
PP_28_2025,PP Nomor 28 Tahun 2025,PP,2025,28,BAB VI,Layanan Sistem Perizinan Berusaha Terintegrasi Secara,Bagian Kesatu,Paragraf 4,208,1,b,,Kewajiban,alokasi bidang usaha untuk UMK-M dan koperasi; c. kewajiban kemitraan dengan UMK dan koperasi; d. ketentuan bidang usaha dengan persyaratan tertentu; dan,Pasal 208 ayat (1) huruf b,"bidang, usaha, koperasi, alokasi, kewajiban","Koperasi, UMK-M"
PP_28_2025,PP Nomor 28 Tahun 2025,PP,2025,28,BAB VI,Layanan Sistem Perizinan Berusaha Terintegrasi Secara,Bagian Kesatu,Paragraf 4,208,1,e,,Ketentuan,"ketentuan bidang usaha yang tertutup untuk Penanaman Modal. (21 Penapisan kesesuaian dengan ketentuan bidang usaha dan ketentuan Penanaman Modal lainnya sebagaimana dimaksud pada ayat (1), menentukan insentif dan/atau fasilitas Penanaman Modal yang dapat diperoleh oleh Pelaku Usaha. -tr7-",Pasal 208 ayat (1) huruf e,"usaha, penanaman, modal, bidang, tertutup",Pelaku Usaha
PP_28_2025,PP Nomor 28 Tahun 2025,PP,2025,28,BAB VI,Layanan Sistem Perizinan Berusaha Terintegrasi Secara,Bagian Kesatu,Paragraf 4,208,3,,,Ketentuan,"Terhadap data yang telah dilakukan penapisan, Sistem OSS mengalirkan data kepada kementerian/lembaga, DPMPTSP provinsi, DPMPTSP kabupate n f kota, Administrator KEK, dan Badan Pengusahaan KPBPB sesuai dengan kewenangan sebagaimana dimaksud dalam Pasal 138.",Pasal 208 ayat (3),"data, dpmptsp, penapisan, sistem, mengalirkan","Kementerian, Lembaga, Badan"
PP_28_2025,PP Nomor 28 Tahun 2025,PP,2025,28,BAB VI,Layanan Sistem Perizinan Berusaha Terintegrasi Secara,Bagian Kesatu,Paragraf 5,209,1,,,Ketentuan,"Dalam hal menggunakan tenaga kerja asing, Pelaku Usaha menyampaikan rencana jumlah penggunaan tenaga kerja asing melalui sistem elektronik yang diselenggarakan kementerian yang menyelenggarakan urusan pemerintahan di bidang ketenagakerjaan.",Pasal 209 ayat (1),"tenaga, kerja, asing, menggunakan, pelaku","Pelaku Usaha, Kementerian"
PP_28_2025,PP Nomor 28 Tahun 2025,PP,2025,28,BAB VI,Layanan Sistem Perizinan Berusaha Terintegrasi Secara,Bagian Kesatu,Paragraf 5,209,2,,,Ketentuan,Kementerian yang menyelenggarakan urusan pemerintahan di bidang ketenagakerjaan meneruskan pengesahan rencana penggunaan tenaga kerja asing kepada Lembaga OSS dan kementerian yang menyelenggarakan suburusan pemerintahan imigrasi.,Pasal 209 ayat (2),"kementerian, menyelenggarakan, pemerintahan, urusan, bidang","Kementerian, Lembaga OSS"
PP_28_2025,PP Nomor 28 Tahun 2025,PP,2025,28,BAB VI,Layanan Sistem Perizinan Berusaha Terintegrasi Secara,Bagian Kesatu,Paragraf 6,211,,,,Kewajiban,Pelaku Usaha yang telah mengisi data sebagaimana dimaksud dalam Pasal 2O7 ayat (1) wajib melanjutkan proses di Sistem OSS untuk mendapatkan PBBR dengan memasukkan data kegiatan usaha utama untuk masing-masing kode KBLI 5 (lima) digit dan lokasi usaha paling sedikit memuat:,Pasal 211,"usaha, data, masing, pelaku, mengisi",Pelaku Usaha
PP_28_2025,PP Nomor 28 Tahun 2025,PP,2025,28,BAB VI,Layanan Sistem Perizinan Berusaha Terintegrasi Secara,Bagian Kesatu,Paragraf 6,211,,a,,Ketentuan,jenis produk yang dihasilkan; b. kapasitas produk;,Pasal 211 huruf a,"produk, jenis, dihasilkan, kapasitas",
PP_28_2025,PP Nomor 28 Tahun 2025,PP,2025,28,BAB VI,Layanan Sistem Perizinan Berusaha Terintegrasi Secara,Bagian Kesatu,Paragraf 6,211,,c,,Ketentuan,jumlah tenaga kerja; dan d. rencana nilai investasi. Pasal212,Pasal 211 huruf c,"jumlah, tenaga, kerja, rencana, nilai",
PP_28_2025,PP Nomor 28 Tahun 2025,PP,2025,28,BAB VI,Layanan Sistem Perizinan Berusaha Terintegrasi Secara,Bagian Kesatu,Paragraf 6,211,1,,,Kewajiban,"Untuk Penanaman Modal Asing, Sistem OSS melaksanakan pemeriksaan ketentuan atas data usaha berupa rencana nilai investasi sebagaimana dimaksud dalam Pasal 21 t huruf d yang diajukan oleh Pelaku Usaha meliputi: a. minimum investasi; dan b. ketentuan permodalan. (21 Ketentuan minimum investasi bagi Penanaman Modal Asing sebagaimana dimaksud pada ayat (1) hurrrf a per bidang usaha KBLI 5 (lima) digit per lokasi usaha harus lebih besar dari Rp10.000.000.000,00 (sepuluh miliar rupiah), di luar tanah dan bangunan.",Pasal 211 ayat (1),"usaha, investasi, penanaman, modal, asing",Pelaku Usaha
PP_28_2025,PP Nomor 28 Tahun 2025,PP,2025,28,BAB VI,Layanan Sistem Perizinan Berusaha Terintegrasi Secara,Bagian Kesatu,Paragraf 6,211,3,,,Ketentuan,"Ketentuan sebagaimana dimaksud pada ayat (2) dikecualikan untuk kegiatan usaha: a. perdagangan besar per 4 (empat) digit awal KBLI, total investasinya lebih besar dari Rp10.000.000.OO0,00 (sepuluh miliar rupiah) di luar tanah dan bangunan; jasa b.",Pasal 211 ayat (3),"besar, dikecualikan, kegiatan, usaha, perdagangan",
PP_28_2025,PP Nomor 28 Tahun 2025,PP,2025,28,BAB VI,Layanan Sistem Perizinan Berusaha Terintegrasi Secara,Bagian Kesatu,Paragraf 6,211,3,b,,Ketentuan,"jasa makanan dan minuman sepanjang terbuka untuk Penanaman Modal Asing per 2 (dua) digit awal KBLI per 1 (satu) titik lokasi usaha, total investasinya lebih besar dari Rp10.000.000.000,00 (sepuluh miliar rupiah) di luar tanah dan bangunan;",Pasal 211 ayat (3) huruf b,"jasa, makanan, minuman, sepanjang, terbuka",
PP_28_2025,PP Nomor 28 Tahun 2025,PP,2025,28,BAB VI,Layanan Sistem Perizinan Berusaha Terintegrasi Secara,Bagian Kesatu,Paragraf 6,211,3,c,,Ketentuan,"konstruksi sepanjang terbuka untuk Penanaman Modal Asing per 4 (empat) digit awal KBLI, total investasinya lebih besar dari Rp10.000.000.000,00 (sepuluh miliar rupiah) di luar tanah dan bangunan dalam satu kegiatan; atau",Pasal 211 ayat (3) huruf c,"konstruksi, sepanjang, terbuka, penanaman, modal",
PP_28_2025,PP Nomor 28 Tahun 2025,PP,2025,28,BAB VI,Layanan Sistem Perizinan Berusaha Terintegrasi Secara,Bagian Kesatu,Paragraf 6,211,3,d,,Ketentuan,"industri yang menghasilkan jenis produk dengan KBLI 5 (lima) digit yang berbeda dalam 1 (satu) lini produksi, total investasinya lebih besar dari Rp10.000.000.000,00 (sepuluh miliar rupiah) di luar tanah dan bangunan.",Pasal 211 ayat (3) huruf d,"industri, menghasilkan, jenis, produk, kbli",
PP_28_2025,PP Nomor 28 Tahun 2025,PP,2025,28,BAB VI,Layanan Sistem Perizinan Berusaha Terintegrasi Secara,Bagian Kesatu,Paragraf 6,213,1,,,Kewajiban,"Terhadap kegiatan usaha pendukung sebagaimana dimaksud dalam Pasal 2lO ayat (3), Pelaku Usaha yang telah mengisi data sebagaimana dimaksud dalam Pasal 2O7 ayat (1) wajib melanjutkan proses di Sistem OSS untuk mendapatkan PBBR dengan memasukkan data kegiatan usaha pendukung untuk masing-masing kode KBLI 5 (lima) digit dan lokasi usaha paling sedikit memuat:",Pasal 213 ayat (1),"usaha, kegiatan, pendukung, data, masing",Pelaku Usaha
PP_28_2025,PP Nomor 28 Tahun 2025,PP,2025,28,BAB VI,Layanan Sistem Perizinan Berusaha Terintegrasi Secara,Bagian Kesatu,Paragraf 6,213,1,a,,Ketentuan,jenis produk yang dihasilkan; b. kapasitas produk;,Pasal 213 ayat (1) huruf a,"produk, jenis, dihasilkan, kapasitas",
PP_28_2025,PP Nomor 28 Tahun 2025,PP,2025,28,BAB VI,Layanan Sistem Perizinan Berusaha Terintegrasi Secara,Bagian Kesatu,Paragraf 6,213,1,c,,Kewajiban,"jumlah tenaga kerja; dan d. rencana nilai investasi. (21 Terhadap kegiatan usaha pendukung sebagaimana dimaksud dalam Pasal 2lO ayat (3), Pelaku Usaha wajib memenuhi persyaratan sesuai dengan ketentuan peraturan perundang-undangan, termasuk pengidentifikasian PBBR.",Pasal 213 ayat (1) huruf c,"usaha, jumlah, tenaga, kerja, rencana",Pelaku Usaha
PP_28_2025,PP Nomor 28 Tahun 2025,PP,2025,28,BAB VI,Layanan Sistem Perizinan Berusaha Terintegrasi Secara,Bagian Kesatu,Paragraf 6,213,3,,,Kewajiban,"Untuk Penanaman Modal Asing, kegiatan usaha pendukung dikecualikan dari proses pemeriksaan ketentuan nilai permodalan dan minimum investasi sebagaimana dimaksud dalam Pasal 212 ayat (21 serta kewajiban pencantuman KBLI dalam maksud dan tujuan pada legalitas Pelaku Usaha. Pasal REPUELIK INDONESIA -r20-",Pasal 213 ayat (3),"usaha, penanaman, modal, asing, kegiatan",Pelaku Usaha
PP_28_2025,PP Nomor 28 Tahun 2025,PP,2025,28,BAB VI,Layanan Sistem Perizinan Berusaha Terintegrasi Secara,Bagian Kesatu,Paragraf 6,214,1,,,Ketentuan,Pelaku Usaha mendaftarkan kantor cabang administrasi sebagaimana dimaksud dalam Pasal 2lO ayat (4) pada Sistem OSS dengan melengkapi data paling sedikit: a. alamat kantor cabang administrasi;,Pasal 214 ayat (1),"kantor, cabang, administrasi, pelaku, usaha",Pelaku Usaha
PP_28_2025,PP Nomor 28 Tahun 2025,PP,2025,28,BAB VI,Layanan Sistem Perizinan Berusaha Terintegrasi Secara,Bagian Kesatu,Paragraf 6,214,1,b,,Kewajiban,nomor pokok wajib pajak kantor cabang administrasi atau nomor identitas tempat kegiatan usaha; dan,Pasal 214 ayat (1) huruf b,"nomor, pokok, wajib, pajak, kantor",
PP_28_2025,PP Nomor 28 Tahun 2025,PP,2025,28,BAB VI,Layanan Sistem Perizinan Berusaha Terintegrasi Secara,Bagian Kesatu,Paragraf 6,214,1,c,,Ketentuan,penanggung jawab kantor cabang administrasi.,Pasal 214 ayat (1) huruf c,"penanggung, jawab, kantor, cabang, administrasi",
PP_28_2025,PP Nomor 28 Tahun 2025,PP,2025,28,BAB VI,Layanan Sistem Perizinan Berusaha Terintegrasi Secara,Bagian Kesatu,Paragraf 6,214,2,,,Kewajiban,"Dalam hal kantor cabang administrasi lebih dari 1 (satu) lokasi, Pelaku Usaha harus melengkapi data sebagaimana dimaksud pada ayat (1) untuk setiap lokasi kantor cabang administrasi.",Pasal 214 ayat (2),"kantor, cabang, administrasi, lokasi, lebih",Pelaku Usaha
PP_28_2025,PP Nomor 28 Tahun 2025,PP,2025,28,BAB VI,Layanan Sistem Perizinan Berusaha Terintegrasi Secara,Bagian Kesatu,Paragraf 6,214,3,,,Ketentuan,Pendaftaran kantor cabang administrasi sebagaimana dimaksud pada ayat (1) diterbitkan melalui Sistem OSS sebagai lampiran NIB.,Pasal 214 ayat (3),"pendaftaran, kantor, cabang, administrasi, diterbitkan",
PP_28_2025,PP Nomor 28 Tahun 2025,PP,2025,28,BAB VI,Layanan Sistem Perizinan Berusaha Terintegrasi Secara,Bagian Kesatu,Paragraf 6,215,1,,,Ketentuan,Dalam hal 1 (satu) kegiatan usaha utama sebagaimana dimaksud dalam Pasal 2lO ayat (2) merupakan:,Pasal 215 ayat (1),"satu, kegiatan, usaha, utama",
PP_28_2025,PP Nomor 28 Tahun 2025,PP,2025,28,BAB VI,Layanan Sistem Perizinan Berusaha Terintegrasi Secara,Bagian Kesatu,Paragraf 6,215,1,a,,Ketentuan,kegiatan dalam 1 (satu) lini produksi yang menghasilkan lebih dari 1 (satu) produk dengan kode KBLI 5 (lima) digit yang berbeda di lokasi yang sama; atau,Pasal 215 ayat (1) huruf a,"satu, kegiatan, lini, produksi, menghasilkan",
PP_28_2025,PP Nomor 28 Tahun 2025,PP,2025,28,BAB VI,Layanan Sistem Perizinan Berusaha Terintegrasi Secara,Bagian Kesatu,Paragraf 6,215,1,b,,Ketentuan,"kegiatan yang menghasilkan lebih dari 1 (satu) jasa dengan kode KBLI 5 (lima) digit yang berbeda di lokasi yang sama, kelengkapan data dapat digabung menjadi satu. (21 Kelengkapan data yang dapat digabung sebagaimana dimaksud pada ayat (1) dapat berupa: a. kebutuhan luasan lahan; b. kebutuhan bangunan gedung; c. mesin dan peralatan; dan d. nilai investasi.",Pasal 215 ayat (1) huruf b,"satu, kelengkapan, data, digabung, kebutuhan",
PP_28_2025,PP Nomor 28 Tahun 2025,PP,2025,28,BAB VI,Layanan Sistem Perizinan Berusaha Terintegrasi Secara,Bagian Kedua,,216,1,,,Ketentuan,Subsistem pelayanan informasi sebagaimana dimaksud dalam Pasal 188 ayat (3) huruf a menyediakan informasi dan layanan pusat bantuan dalam memperoleh PBBR serta informasi lain.,Pasal 216 ayat (1),"informasi, subsistem, pelayanan, menyediakan, layanan",
PP_28_2025,PP Nomor 28 Tahun 2025,PP,2025,28,BAB VI,Layanan Sistem Perizinan Berusaha Terintegrasi Secara,Bagian Kedua,,216,2,,,Ketentuan,Penyediaan. . . -t2t- (21 Penyediaan informasi dan layanan pusat bantuan sebagaimana dimaksud pada ayat (1) paling sedikit memuat: a. KBLI berdasarkan tingkat Risiko; b. RTR; c. ketentuan persyaratan Penanaman Modal;,Pasal 216 ayat (2),"penyediaan, informasi, layanan, pusat, bantuan",
PP_28_2025,PP Nomor 28 Tahun 2025,PP,2025,28,BAB VI,Layanan Sistem Perizinan Berusaha Terintegrasi Secara,Bagian Kedua,,216,2,d,,Kewajiban,"persyaratan dan/atau kewajiban PB, jangka waktu penerbitan, standar pelaksanaan kegiatan usaha dan penunjang kegiatan usaha, dan ketentuan lain di dalam norma, standar, prosedur, dan kriteria seluruh sektor bidang usaha, pedoman dan tata cara pengajuan NIB, Sertifikat Standar, dan lzin; e. persyaratan dasar; f. ketentuan insentif dan fasilitas Penanaman Modal;",Pasal 216 ayat (2) huruf d,"standar, usaha, persyaratan, kegiatan, kewajiban",
PP_28_2025,PP Nomor 28 Tahun 2025,PP,2025,28,BAB VI,Layanan Sistem Perizinan Berusaha Terintegrasi Secara,Bagian Kedua,,216,2,g,,Kewajiban,"Pengawasan persyaratan dasar, PB, dan/atau PB UMKU serta kewajiban pelaporan;",Pasal 216 ayat (2) huruf g,"pengawasan, persyaratan, dasar, umku, kewajiban",
PP_28_2025,PP Nomor 28 Tahun 2025,PP,2025,28,BAB VI,Layanan Sistem Perizinan Berusaha Terintegrasi Secara,Bagian Kedua,,216,2,h,,Ketentuan,"panduan pengguna Sistem OSS, kanal kontak, dan hal-hal yang sering ditanya lfrequently asked questionsl; i. data statistik realisasi investasi; dan",Pasal 216 ayat (2) huruf h,"panduan, pengguna, sistem, kanal, kontak",
PP_28_2025,PP Nomor 28 Tahun 2025,PP,2025,28,BAB VI,Layanan Sistem Perizinan Berusaha Terintegrasi Secara,Bagian Kedua,,216,2,j,,Ketentuan,informasi lain yang ditetapkan dengan keputusan Lembaga OSS.,Pasal 216 ayat (2) huruf j,"informasi, ditetapkan, keputusan, lembaga",Lembaga OSS
PP_28_2025,PP Nomor 28 Tahun 2025,PP,2025,28,BAB VI,Layanan Sistem Perizinan Berusaha Terintegrasi Secara,Bagian Kedua,,216,3,,,Hak,Informasi sebagaimana dimaksud pada ayat (21 dapat diakses oleh masyarakat umum tanpa menggunakan hak akses.,Pasal 216 ayat (3),"informasi, diakses, masyarakat, umum, tanpa",Masyarakat
PP_28_2025,PP Nomor 28 Tahun 2025,PP,2025,28,BAB VI,Layanan Sistem Perizinan Berusaha Terintegrasi Secara,Bagian Keempat,,218,1,,,Hak,Subsistem perizinan berusaha sebagaimana dimaksud dalam Pasal 188 ayat (3) huruf c dapat diakses dengan menggunakan hak akses. (21 Subsistem perizinan berusaha sebagaimana dimaksud pada ayat (1) mencakup: a. PB: 1. Risiko rendah berupa NIB;,Pasal 218 ayat (1),"subsistem, perizinan, berusaha, diakses, menggunakan",
PP_28_2025,PP Nomor 28 Tahun 2025,PP,2025,28,BAB VI,Layanan Sistem Perizinan Berusaha Terintegrasi Secara,Bagian Keempat,,218,1,,2,Ketentuan,Risiko menengah terdiri atas: a) NIB; dan b) Sertifikat Standar. 3. Risiko tinggi terdiri atas: a) NIB; dan bl lzin. b. PB UMKU.,Pasal 218 ayat (1) angka 2,"risiko, terdiri, menengah, sertifikat, standar",
PP_28_2025,PP Nomor 28 Tahun 2025,PP,2025,28,BAB VI,Layanan Sistem Perizinan Berusaha Terintegrasi Secara,Bagian Keempat,,218,3,,,Hak,Subsistem perizinan berusaha diakses menggunakan hak akses oleh: a. Pelaku Usaha; b. Lembaga OSS; c. kementerian/lembaga; d. DPMPTSP provinsi; e. DPMPTSP kabupaten/kota; f. Administrator KEK; dan g. Badan Pengusahaan KPBPB. (41 Kepala Lembaga OSS dapat memberikan hak akses terbatas selain kepada pihak sebagaimana dimaksud pada ayat (3). Paragraf. . . -t23-,Pasal 218 ayat (3),"lembaga, akses, dpmptsp, subsistem, perizinan","Pelaku Usaha, Kementerian, Lembaga OSS, Badan"
PP_28_2025,PP Nomor 28 Tahun 2025,PP,2025,28,BAB VI,Layanan Sistem Perizinan Berusaha Terintegrasi Secara,Bagian Keempat,Paragraf 3,22O,1,,,Ketentuan,"Dalam hal kegiatan usaha termasuk ke dalam tingkat Risiko rendah, NIB secara otomatis terbit melalui Sistem OSS setelah Pelaku Usaha memenuhi ketentuan sebagaimana dimaksud dalam Pasal 207. (21 NIB sebagaimana dimaksud pada ayat (1) berlaku sebagai legalitas untuk melaksanakan kegiatan berusaha sekaligus menjadi SPPL. Paragraf. . .",Pasal 22O ayat (1),"kegiatan, usaha, termasuk, tingkat, risiko",Pelaku Usaha
PP_28_2025,PP Nomor 28 Tahun 2025,PP,2025,28,BAB VI,Layanan Sistem Perizinan Berusaha Terintegrasi Secara,Bagian Keempat,Paragraf 5,222,1,,,Ketentuan,"Dalam hal kegiatan usaha termasuk ke dalam tingkat Risiko menengah tinggi, setelah memenuhi kelengkapan data sebagaimana dimaksud dalam Pasal 2O7, Pelaku Usaha mengisi pernyataan kesanggupan memenuhi standar pelaksanaan kegiatan usaha melalui Sistem OSS.",Pasal 222 ayat (1),"usaha, kegiatan, memenuhi, termasuk, tingkat",Pelaku Usaha
PP_28_2025,PP Nomor 28 Tahun 2025,PP,2025,28,BAB VI,Layanan Sistem Perizinan Berusaha Terintegrasi Secara,Bagian Keempat,Paragraf 5,222,2,,,Kewajiban,"Dalam hal kegiatan usaha dikategorikan wajib memenuhi standar UKL-UPL, selain mengisi pernyataan kesanggupan memenuhi standar pelaksanaan kegiatan usaha sebagaimana dimaksud pada ayat (1), Pelaku Usaha mengisi formulir UKL-UPL yang tersedia di Sistem OSS untuk memperoleh NIB dan Sertifikat Standar yang mencantumkan tanda belum terverifikasi.",Pasal 222 ayat (2),"usaha, standar, kegiatan, memenuhi, mengisi",Pelaku Usaha
PP_28_2025,PP Nomor 28 Tahun 2025,PP,2025,28,BAB VI,Layanan Sistem Perizinan Berusaha Terintegrasi Secara,Bagian Keempat,Paragraf 5,222,3,,,Kewajiban,"Dalam hal kegiatan usaha tidak wajib UKL-UPL, selain mengisi pernyataan kesanggupan memenuhi standar pelaksanaan kegiatan usaha sebagaimana dimaksud pada ayat (1), Pelaku Usaha mengisi formulir SPPL yang tersedia di Sistem OSS untuk memperoleh NIB dan Sertifikat Standar yang mencantumkan tanda belum terverifikasi.",Pasal 222 ayat (3),"usaha, kegiatan, mengisi, standar, wajib",Pelaku Usaha
PP_28_2025,PP Nomor 28 Tahun 2025,PP,2025,28,BAB VI,Layanan Sistem Perizinan Berusaha Terintegrasi Secara,Bagian Keempat,Paragraf 5,222,4,,,Ketentuan,"Setelah memperoleh NIB dan Sertifikat Standar yang mencantumkan tanda belum terverilikasi sebagaimana dimaksud pada ayat (21 atau ayat (3), Pelaku Usaha melakukan pemenuhan standar pelaksanaan kegiatan usaha sesuai jangka waktu berdasarkan norma, standar, prosedur, dan kriteria melalui Sistem OSS.",Pasal 222 ayat (4),"standar, usaha, setelah, memperoleh, sertifikat",Pelaku Usaha
PP_28_2025,PP Nomor 28 Tahun 2025,PP,2025,28,BAB VI,Layanan Sistem Perizinan Berusaha Terintegrasi Secara,Bagian Keempat,Paragraf 5,222,5,,,Ketentuan,"Pemenuhan standar pelaksanaan kegiatan usaha sebagaimana dimaksud pada ayat (4) diteruskan Sistem OSS kepada kementerian/lembaga, DPMPTSP provinsi, DPMPTSP kabupaten/kota, Administrator KEK, dan Badan Pengusahaan KPBPB sesuai dengan kewenangan masing-masing untuk dilakukan verifikasi.",Pasal 222 ayat (5),"dpmptsp, masing, pemenuhan, standar, pelaksanaan","Kementerian, Lembaga, Badan"
PP_28_2025,PP Nomor 28 Tahun 2025,PP,2025,28,BAB VI,Layanan Sistem Perizinan Berusaha Terintegrasi Secara,Bagian Keempat,Paragraf 5,222,6,,,Ketentuan,"Verifikasi sebagaimana dimaksud pada ayat (5) dilakukan kementerian/lembaga, organisasi perangkat daerah provinsi, organisasi perangkat daerah kabupatenfkota, Administrator KEK, atau Badan Pengusahaan KPBPB sesuai dengan kewenangan masing-masing dalam jangka waktu sesuai norma, standar, prosedur, dan kriteria. (71 Berdasarkan hasil verifikasi, kementerianllembaga, organisasi perangkat daerah provinsi, organisasi perangkat daerah kabupaten/kota, Administrator KEK, atau Badan Pengusahaan KPBPB menyampaikan notifikasi ke Sistem OSS berupa memenuhi persyaratan atau tidak memenuhi persyaratan.",Pasal 222 ayat (6),"organisasi, perangkat, daerah, verifikasi, provinsi","Perangkat Daerah, Kementerian, Lembaga, Badan"
PP_28_2025,PP Nomor 28 Tahun 2025,PP,2025,28,BAB VI,Layanan Sistem Perizinan Berusaha Terintegrasi Secara,Bagian Keempat,Paragraf 5,222,8,,,Ketentuan,"Dalam melakukan verifikasi sebagaimana dimaksud pada ayat (5) dan ayat (6), Administrator KEK atau Badan Pengusahaan KPBPB dapat bekerja sama dengan kementerian/lembaga, organisasi perangkat daerah provinsi, organisasi perangkat daerah kabupatenfkota, atau lembaga atau profesi ahli yang bersertifikat atau terakreditasi sesuai dengan ketentuan peraturan perundang-undangan. Pasal _126- Pasal223",Pasal 222 ayat (8),"lembaga, organisasi, perangkat, daerah, melakukan","Perangkat Daerah, Kementerian, Lembaga, Badan"
PP_28_2025,PP Nomor 28 Tahun 2025,PP,2025,28,BAB VI,Layanan Sistem Perizinan Berusaha Terintegrasi Secara,Bagian Keempat,Paragraf 5,222,1,,,Ketentuan,"Dalam hal berdasarkan notifikasi sebagaimana dimaksud dalam Pasal 222 ayat (71 dinyatakan memenuhi persyaratan, Sistem OSS mencantumkan keterangan bahwa Sertifikat Standar telah diverifikasi. (21 Pelaku Usaha dapat mencetak Sertifikat Standar yang telah mencantumkan keterangan telah diverifikasi sebagaimana dimaksud pada ayat (1).",Pasal 222 ayat (1),"mencantumkan, keterangan, sertifikat, standar, diverifikasi",Pelaku Usaha
PP_28_2025,PP Nomor 28 Tahun 2025,PP,2025,28,BAB VI,Layanan Sistem Perizinan Berusaha Terintegrasi Secara,Bagian Keempat,Paragraf 5,224,1,,,Ketentuan,"Dalam hal berdasarkan notifikasi sebagaimana dimaksud dalam Pasal 222 ayat (7) dinyatakan Pelaku Usaha tidak memenuhi persyaratan, Sistem OSS menyampaikan kepada Pelaku Usaha untuk melakukan pemenuhan persyaratan Sertifikat Standar dalam jangka waktu yang telah ditetapkan dalam norma, standar, prosedur, dan kriteria.",Pasal 224 ayat (1),"pelaku, usaha, persyaratan, standar, notifikasi",Pelaku Usaha
PP_28_2025,PP Nomor 28 Tahun 2025,PP,2025,28,BAB VI,Layanan Sistem Perizinan Berusaha Terintegrasi Secara,Bagian Keempat,Paragraf 5,224,2,,,Ketentuan,Pelaku Usaha menyampaikan permohonan melalui Sistem OSS untuk dilakukan verifikasi kembali setelah melakukan pemenuhan persyaratan Sertifikat Standar.,Pasal 224 ayat (2),"pelaku, usaha, menyampaikan, permohonan, melalui",Pelaku Usaha
PP_28_2025,PP Nomor 28 Tahun 2025,PP,2025,28,BAB VI,Layanan Sistem Perizinan Berusaha Terintegrasi Secara,Bagian Keempat,Paragraf 5,224,3,,,Ketentuan,"Ketentuan verifikasi sebagaimana dimaksud dalam Pasal 222 ayat (5), ayat (6), ayat (7), dan ayat (8), dan Pasal 223 berlaku secara mutatis mutandis dalam pelaksanaan verifikasi kembali. (41 Dalam hal berdasarkan verifikasi kembali sebagaimana dimaksud pada ayat (21 dan ayat (3), Pelaku Usaha tetap tidak memenuhi persyaratan Sertifikat Standar dalam jangka waktu yang ditetapkan dalam norma, standar, prosedur, dan kriteria, Sistem OSS membatalkan Sertifikat Standar yang belum diverifikasi.",Pasal 224 ayat (3),"verifikasi, standar, kembali, sertifikat, berlaku",Pelaku Usaha
PP_28_2025,PP Nomor 28 Tahun 2025,PP,2025,28,BAB VI,Layanan Sistem Perizinan Berusaha Terintegrasi Secara,Bagian Keempat,Paragraf 5,225,1,,,Ketentuan,"Dalam hal kementerian/lembaga, organisasi perangkat daerah provinsi, organisasi perangkat daerah kabupaten/kota, Administrator KEK, atau Badan Pengusahaan KPBPB sesuai dengan kewenangan masing- masing tidak memberikan notifikasi hasil verifikasi kepada Sistem OSS, Sistem OSS secara otomatis mencantumkan keterangan bahwa Sertifikat Standar telah terverifikasi.",Pasal 225 ayat (1),"organisasi, perangkat, daerah, masing, sistem","Perangkat Daerah, Kementerian, Lembaga, Badan"
PP_28_2025,PP Nomor 28 Tahun 2025,PP,2025,28,BAB VI,Layanan Sistem Perizinan Berusaha Terintegrasi Secara,Bagian Keempat,Paragraf 5,225,2,,,Ketentuan,Pelaku Usaha dapat mencetak Sertifikat Standar yang telah mencantumkan keterangan telah terverifikasi sebagaimana dimaksud pada ayat (1). Pasal. . . -r27-,Pasal 225 ayat (2),"pelaku, usaha, mencetak, sertifikat, standar",Pelaku Usaha
PP_28_2025,PP Nomor 28 Tahun 2025,PP,2025,28,BAB VI,Layanan Sistem Perizinan Berusaha Terintegrasi Secara,Bagian Keempat,Paragraf 5,226,,,,Ketentuan,"Dalam hal kegiatan usaha dengan tingkat Risiko menengah tinggi sebagaimana dimaksud dalam Pasal 222 ayat (1) memerlukan pemenuhan standar kegiatan usaha dan/atau standar produk/jasa, Pelaku Usaha mengajukan permohonan PB UMKU sesuai dengan ketentuan yang diatur dalam Peraturan Pemerintah ini.",Pasal 226,"usaha, kegiatan, standar, tingkat, risiko","Pelaku Usaha, Pemerintah"
PP_28_2025,PP Nomor 28 Tahun 2025,PP,2025,28,BAB VI,Layanan Sistem Perizinan Berusaha Terintegrasi Secara,Bagian Keempat,Paragraf 6,227,1,,,Kewajiban,"Sebelum melakukan kegiatan usaha yang termasuk ke dalam tingkat Risiko tinggi, Pelaku Usaha wajib memiliki NIB yang diterbitkan melalui Sistem OSS.",Pasal 227 ayat (1),"usaha, sebelum, melakukan, kegiatan, termasuk",Pelaku Usaha
PP_28_2025,PP Nomor 28 Tahun 2025,PP,2025,28,BAB VI,Layanan Sistem Perizinan Berusaha Terintegrasi Secara,Bagian Keempat,Paragraf 6,227,2,,,Kewajiban,"Setelah memiliki NIB, Pelaku Usaha sebagaimana dimaksud pada ayat (1) wajib memenuhi persyaratan lzin sesuai dengan norma, standar, prosedur, dan kriteria sebelum melaksanakan kegiatan operasional dan/atau komersial.",Pasal 227 ayat (2),"setelah, memiliki, pelaku, usaha, wajib",Pelaku Usaha
PP_28_2025,PP Nomor 28 Tahun 2025,PP,2025,28,BAB VI,Layanan Sistem Perizinan Berusaha Terintegrasi Secara,Bagian Keempat,Paragraf 6,227,3,,,Kewajiban,Persyaratan lzin sebagaimana dimaksud pada ayat (21 meliputi pula Amdal bagi kegiatan usaha yang wajib Amdal.,Pasal 227 ayat (3),"amdal, persyaratan, lzin, meliputi, pula",
PP_28_2025,PP Nomor 28 Tahun 2025,PP,2025,28,BAB VI,Layanan Sistem Perizinan Berusaha Terintegrasi Secara,Bagian Keempat,Paragraf 6,227,4,,,Ketentuan,Pemenuhan persyaratan lzin sebagaimana dimaksud pada ayat (2) disampaikan oleh Pelaku Usaha melalui Sistem OSS.,Pasal 227 ayat (4),"pemenuhan, persyaratan, lzin, disampaikan, pelaku",Pelaku Usaha
PP_28_2025,PP Nomor 28 Tahun 2025,PP,2025,28,BAB VI,Layanan Sistem Perizinan Berusaha Terintegrasi Secara,Bagian Keempat,Paragraf 6,227,5,,,Ketentuan,"Pemenuhan persyaratan lzin sebagaimana dimaksud pada ayat (41 diteruskan Sistem OSS kepada kementerian/lembaga, DPMPTSP provinsi, DPMPTSP kabupatenfkota, Administrator KEK, dan/atau Badan Pengusahaan KPBPB sesuai dengan kewenangan masing- masing untuk dilakukan verifikasi.",Pasal 227 ayat (5),"dpmptsp, masing, pemenuhan, persyaratan, lzin","Kementerian, Lembaga, Badan"
PP_28_2025,PP Nomor 28 Tahun 2025,PP,2025,28,BAB VI,Layanan Sistem Perizinan Berusaha Terintegrasi Secara,Bagian Keempat,Paragraf 6,227,6,,,Ketentuan,"Verifikasi sebagaimana dimaksud pada ayat (5), dilakukan oleh kementerian/lembaga, organisasi perangkat daerah provinsi, organisasi perangkat daerah kabupatenfkota, Administrator KEK, dan/atau Badan Pengusahaan KPBPB sesuai dengan kewenangan masing-masing dalam jangka waktu sesuai norma, standar, prosedur, dan kriteria. -t28- (71 Berdasarkan hasil verifikasi, kementerian/lembaga, organisasi perangkat daerah provinsi, organisasi perangkat daerah kabupatenfkota, Administrator KEK, dan/atau Badan Pengusahaan KPBPB menyampaikan notifikasi kepada Sistem OSS berupa memenuhi persyaratan atau tidak memenuhi persyaratan.",Pasal 227 ayat (6),"organisasi, perangkat, daerah, verifikasi, kementerian","Perangkat Daerah, Kementerian, Lembaga, Badan"
PP_28_2025,PP Nomor 28 Tahun 2025,PP,2025,28,BAB VI,Layanan Sistem Perizinan Berusaha Terintegrasi Secara,Bagian Keempat,Paragraf 6,227,8,,,Ketentuan,"Dalam melakukan verifikasi sebagaimana dimaksud pada ayat (5) dan ayat (6), Administrator KEK atau Badan Pengusahaan KPBPB dapat bekerja sama dengan kementerian/lembaga, organisasi perangkat daerah provinsi, organisasi perangkat daerah kabupaten/kota, dan/atau lembaga atau profesi ahli yang bersertilikat atau terakreditasi sesuai dengan ketentuan peraturan perundang-undangan.",Pasal 227 ayat (8),"lembaga, organisasi, perangkat, daerah, melakukan","Perangkat Daerah, Kementerian, Lembaga, Badan"
PP_28_2025,PP Nomor 28 Tahun 2025,PP,2025,28,BAB VI,Layanan Sistem Perizinan Berusaha Terintegrasi Secara,Bagian Keempat,Paragraf 6,228,,,,Ketentuan,"Dalam hal berdasarkan notifikasi sebagaimana dimaksud dalam Pasal 227 ayat (7) Pelaku Usaha dinyatakan memenuhi persyaratan, Sistem OSS menerbitkan lzin kepada Pelaku Usaha.",Pasal 228,"pelaku, usaha, notifikasi, dinyatakan, memenuhi",Pelaku Usaha
PP_28_2025,PP Nomor 28 Tahun 2025,PP,2025,28,BAB VI,Layanan Sistem Perizinan Berusaha Terintegrasi Secara,Bagian Keempat,Paragraf 6,229,,,,Ketentuan,"Dalam hal berdasarkan notifikasi sebagaimana dimaksud dalam Pasal 227 ayat (71 Pelaku Usaha dinyatakan tidak memenuhi persyaratan, Sistem OSS menyampaikan kepada Pelaku Usaha untuk memenuhi kelengkapan pemenuhan persyaratan lzin melalui Sistem OSS.",Pasal 229,"pelaku, usaha, memenuhi, persyaratan, sistem",Pelaku Usaha
PP_28_2025,PP Nomor 28 Tahun 2025,PP,2025,28,BAB VI,Layanan Sistem Perizinan Berusaha Terintegrasi Secara,Bagian Keempat,Paragraf 6,230,,,,Ketentuan,"Dalam hal kementerian/lembaga, organisasi perangkat daerah provinsi, organisasi perangkat daerah kabupatenf kota, Administrator KEK, atau Badan Pengusahaan KPBPB sesuai dengan kewenangan masing-masing tidak memberikan notifikasi hasil verifikasi kepada Sistem OSS, Sistem OSS menerbitkan lzin.",Pasal 230,"organisasi, perangkat, daerah, masing, sistem","Perangkat Daerah, Kementerian, Lembaga, Badan"
PP_28_2025,PP Nomor 28 Tahun 2025,PP,2025,28,BAB VI,Layanan Sistem Perizinan Berusaha Terintegrasi Secara,Bagian Keempat,Paragraf 6,231,,,,Ketentuan,"Dalam hal kegiatan usaha tingkat Risiko tinggi memerlukan pemenuhan standar kegiatan usaha dan/atau standar produk/jasa, Pelaku Usaha mengajukan permohonan PB UMKU sesuai dengan ketentuan yang diatur dalam Peraturan Pemerintah ini. Paragraf -t29-",Pasal 231,"usaha, kegiatan, standar, tingkat, risiko","Pelaku Usaha, Pemerintah"
PP_28_2025,PP Nomor 28 Tahun 2025,PP,2025,28,BAB VI,Layanan Sistem Perizinan Berusaha Terintegrasi Secara,Bagian Keempat,Paragraf 7,232,1,,,Ketentuan,Bagi kegiatan usaha yang termasuk ke dalam tingkat Risiko tinggi yang:,Pasal 232 ayat (1),"kegiatan, usaha, termasuk, tingkat, risiko",
PP_28_2025,PP Nomor 28 Tahun 2025,PP,2025,28,BAB VI,Layanan Sistem Perizinan Berusaha Terintegrasi Secara,Bagian Keempat,Paragraf 7,232,1,a,,Ketentuan,"berlokasi di KEK, KPBPB, atau kawasan industri; dan/atau b. termasuk dalam proyek strategis nasional, kementerian/lembaga, DPMPTSP provinsi, DPMPTSP kabupatenfkota, Administrator KEK, dan/atau Badan Pengusahaan KPBPB sesuai dengan kewenangan masing- masing langsung menerbitkan PB dan PB UMKU tertentu tanpa terlebih dahulu dilakukan pemenuhan persyaratan oleh Pelaku Usaha.",Pasal 232 ayat (1) huruf a,"kpbpb, dpmptsp, masing, berlokasi, kawasan","Pelaku Usaha, Kementerian, Lembaga, Badan"
PP_28_2025,PP Nomor 28 Tahun 2025,PP,2025,28,BAB VI,Layanan Sistem Perizinan Berusaha Terintegrasi Secara,Bagian Keempat,Paragraf 7,232,2,,,Ketentuan,"Ketentuan pemenuhan persyaratan Izin sebagaimana dimaksud dalam Pasal 227 berlaku secara mutatis mutandis bagi kegiatan usaha sebagaimana dimaksud pada ayat (1), kecuali yang termasuk dalam proyek strategis nasional.",Pasal 232 ayat (2),"pemenuhan, persyaratan, izin, berlaku, mutatis",
PP_28_2025,PP Nomor 28 Tahun 2025,PP,2025,28,BAB VI,Layanan Sistem Perizinan Berusaha Terintegrasi Secara,Bagian Keempat,Paragraf 7,232,3,,,Ketentuan,"Dalam hal Pelaku Usaha tidak menyampaikan pemenuhan persyaratan sebagaimana dimaksud pada ayat (2), kementerian/lembaga, DPMPTSP provinsi, DPMPTSP kabupatenfkota, Administrator KEK, dan/atau Badan Pengusahaan KPBPB sesuai dengan kewenangan masing- masing, membatalkan lzin yang telah diterbitkan sebagaimana dimaksud pada ayat (1) melalui Sistem OSS.",Pasal 232 ayat (3),"dpmptsp, masing, pelaku, usaha, menyampaikan","Pelaku Usaha, Kementerian, Lembaga, Badan"
PP_28_2025,PP Nomor 28 Tahun 2025,PP,2025,28,BAB VI,Layanan Sistem Perizinan Berusaha Terintegrasi Secara,Bagian Keempat,Paragraf 8,233,1,,,Ketentuan,UMK diberikan kemudahan perizinan berusaha melalui perizinan tunggal.,Pasal 233 ayat (1),"perizinan, diberikan, kemudahan, berusaha, melalui",
PP_28_2025,PP Nomor 28 Tahun 2025,PP,2025,28,BAB VI,Layanan Sistem Perizinan Berusaha Terintegrasi Secara,Bagian Keempat,Paragraf 8,233,2,,,Ketentuan,"Kriteria UMK mengikuti ketentuan peraturan perundang- undangan mengenai kemudahan, pelindungan, dan pemberdayaan koperasi dan UMK-M. Pasal. . . _130-",Pasal 233 ayat (2),"kriteria, mengikuti, perundang, undangan, mengenai","Koperasi, UMK-M"
PP_28_2025,PP Nomor 28 Tahun 2025,PP,2025,28,BAB VI,Layanan Sistem Perizinan Berusaha Terintegrasi Secara,Bagian Keempat,Paragraf 8,234,1,,,Ketentuan,"Dalam hal kegiatan usaha yang dilakukan oleh UMK sebagaimana dimaksud dalam Pasal 233 memiliki Risiko rendah, pelaku UMK mendapatkan NIB melalui Sistem OSS, sebagai identitas dan legalitas usaha. (21 NIB sebagaimana dimaksud pada ayat (1) untuk kegiatan usaha dengan tingkat Risiko rendah yang dilakukan oleh UMK, berlaku juga sebagai:",Pasal 234 ayat (1),"usaha, kegiatan, risiko, rendah, memiliki",
PP_28_2025,PP Nomor 28 Tahun 2025,PP,2025,28,BAB VI,Layanan Sistem Perizinan Berusaha Terintegrasi Secara,Bagian Keempat,Paragraf 8,234,1,a,,Ketentuan,standar nasional Indonesia sebagaimana dimaksud dalam peraturan perundang-undangan di bidang standardisasi dan penilaian kesesuaian; dan/atau,Pasal 234 ayat (1) huruf a,"standar, nasional, indonesia, perundang, undangan",
PP_28_2025,PP Nomor 28 Tahun 2025,PP,2025,28,BAB VI,Layanan Sistem Perizinan Berusaha Terintegrasi Secara,Bagian Keempat,Paragraf 8,234,1,b,,Ketentuan,pernyataan jaminan halal sebagaimana dimaksud dalam peraturan perundang-undangan di bidang jaminan produk halal.,Pasal 234 ayat (1) huruf b,"jaminan, halal, pernyataan, perundang, undangan",
PP_28_2025,PP Nomor 28 Tahun 2025,PP,2025,28,BAB VI,Layanan Sistem Perizinan Berusaha Terintegrasi Secara,Bagian Keempat,Paragraf 8,234,3,,,Kewajiban,"Dalam hal kegiatan usaha memiliki Risiko menengah atau tinggi, selain NIB pelaku UMK wajib memiliki Sertifikat Standar danf ataulzin.",Pasal 234 ayat (3),"memiliki, kegiatan, usaha, risiko, menengah",
PP_28_2025,PP Nomor 28 Tahun 2025,PP,2025,28,BAB VI,Layanan Sistem Perizinan Berusaha Terintegrasi Secara,Bagian Keempat,Paragraf 8,234,4,,,Ketentuan,Pelaku UMK sebagaimana dimaksud pada ayat (3) menyampaikan permohonan untuk memperoleh Sertifikat Standar dan/atau lzin rnelalui Sistem OSS.,Pasal 234 ayat (4),"pelaku, menyampaikan, permohonan, memperoleh, sertifikat",
PP_28_2025,PP Nomor 28 Tahun 2025,PP,2025,28,BAB VI,Layanan Sistem Perizinan Berusaha Terintegrasi Secara,Bagian Keempat,Paragraf 8,234,5,,,Ketentuan,"Sistem OSS meneruskan permohonan pelaku UMK sebagaimana dimaksud pada ayat (4) kepada kementerian/lembaga, pemerintah provinsi, pemerintah kabupaten/kota, Administrator KEK, dan Badan Pengusahaan KPBPB.",Pasal 234 ayat (5),"sistem, meneruskan, permohonan, pelaku, kepada","Kementerian, Pemerintah, Lembaga, Badan"
PP_28_2025,PP Nomor 28 Tahun 2025,PP,2025,28,BAB VI,Layanan Sistem Perizinan Berusaha Terintegrasi Secara,Bagian Keempat,Paragraf 8,234,6,,,Ketentuan,"Ketentuan sebagaimana dimaksud dalam Pasal 221, Pasal 222, dan Pasal 227 berlaku secara mutatis mutandis untuk pemberian Sertifikat Standar danf atau Izin bagi pelaku UMK.",Pasal 234 ayat (6),"berlaku, mutatis, mutandis, pemberian, sertifikat",
PP_28_2025,PP Nomor 28 Tahun 2025,PP,2025,28,BAB VI,Layanan Sistem Perizinan Berusaha Terintegrasi Secara,Bagian Kelima,,235,1,,,Hak,Subsistem fasilitas Penanaman Modal sebagaimana dimaksud dalam Pasal 188 ayat (3) huruf d dapat diakses dengan menggunakan hak akses.,Pasal 235 ayat (1),"subsistem, fasilitas, penanaman, modal, diakses",
PP_28_2025,PP Nomor 28 Tahun 2025,PP,2025,28,BAB VI,Layanan Sistem Perizinan Berusaha Terintegrasi Secara,Bagian Kelima,,235,2,,,Ketentuan,"Subsistem fasilitas Penanaman Modal sebagaimana dimaksud pada ayat (1), paling sedikit memuat:",Pasal 235 ayat (2),"subsistem, fasilitas, penanaman, modal, paling",
PP_28_2025,PP Nomor 28 Tahun 2025,PP,2025,28,BAB VI,Layanan Sistem Perizinan Berusaha Terintegrasi Secara,Bagian Kelima,,235,2,a,,Ketentuan,pengajuan . -131 - a. pengajuan pembebasan bea masuk atas impor mesin serta barang dan bahan untuk pembangunan atau pengembangan industri dalam rangka Penanaman Modal; b. pengajuan pembebasan bea masuk atas impor barang modal dalam rangka pembangunan atau pengembangan industri pembangkitan listrik untuk kepentingan umum; c. pengajuan pembebasan atau keringanan bea masuk atas impor barang dalam rangka kontrak karya atau perjanjian karya pengusahaan pertambangan batubara;,Pasal 235 ayat (2) huruf a,"pengajuan, pembebasan, masuk, impor, barang",
PP_28_2025,PP Nomor 28 Tahun 2025,PP,2025,28,BAB VI,Layanan Sistem Perizinan Berusaha Terintegrasi Secara,Bagian Kelima,,235,2,d,,Ketentuan,pengajuan fasilitas pengurangan pajak penghasilan badan;,Pasal 235 ayat (2) huruf d,"pengajuan, fasilitas, pengurangan, pajak, penghasilan",Badan
PP_28_2025,PP Nomor 28 Tahun 2025,PP,2025,28,BAB VI,Layanan Sistem Perizinan Berusaha Terintegrasi Secara,Bagian Kelima,,235,2,e,,Ketentuan,pengajuan fasilitas pajak penghasilan untuk Penanaman Modal di bidang-bidang usaha tertentu dan/atau di daerah-daerah tertentu;,Pasal 235 ayat (2) huruf e,"bidang, tertentu, daerah, pengajuan, fasilitas",
PP_28_2025,PP Nomor 28 Tahun 2025,PP,2025,28,BAB VI,Layanan Sistem Perizinan Berusaha Terintegrasi Secara,Bagian Kelima,,235,2,f,,Ketentuan,"pengajuan pengurangan penghasilan bruto atas penyelenggaraan kegiatan praktik kerja, pemagangan, dan/atau pembelajaran dalam rangka pembinaan dan pengembangan sumber daya manusia berbasis kompetensi tertentu;",Pasal 235 ayat (2) huruf f,"pengajuan, pengurangan, penghasilan, bruto, penyelenggaraan",
PP_28_2025,PP Nomor 28 Tahun 2025,PP,2025,28,BAB VI,Layanan Sistem Perizinan Berusaha Terintegrasi Secara,Bagian Kelima,,235,2,g,,Ketentuan,pengajuan pengurangan penghasilan bruto atas kegiatan penelitian dan pengembangan tertentu di Indonesia; dan/atau,Pasal 235 ayat (2) huruf g,"pengajuan, pengurangan, penghasilan, bruto, kegiatan",
PP_28_2025,PP Nomor 28 Tahun 2025,PP,2025,28,BAB VI,Layanan Sistem Perizinan Berusaha Terintegrasi Secara,Bagian Kelima,,235,2,h,,Ketentuan,fasilitas pengurangan penghasilan neto atas Penanaman Modal baru atau perluasan usaha pada bidang usaha tertentu yang merupakan industri padat karya.,Pasal 235 ayat (2) huruf h,"usaha, fasilitas, pengurangan, penghasilan, neto",
PP_28_2025,PP Nomor 28 Tahun 2025,PP,2025,28,BAB VI,Layanan Sistem Perizinan Berusaha Terintegrasi Secara,Bagian Keenam,,236,1,,,Hak,"Subsistem kemitraan sebagaimana dimaksud dalam Pasal 188 ayat (3) huruf e dapat diakses dengan menggunakan hak akses. (21 Subsistem kemitraan sebagaimana dimaksud pada ayat (1), paling sedikit memuat: _t32_",Pasal 236 ayat (1),"subsistem, kemitraan, diakses, menggunakan, akses",
PP_28_2025,PP Nomor 28 Tahun 2025,PP,2025,28,BAB VI,Layanan Sistem Perizinan Berusaha Terintegrasi Secara,Bagian Keenam,,236,1,a,,Ketentuan,kemitraan sebagaimana diatur dalam peraturan perundang-undangan di bidang usaha Penanaman Modal;,Pasal 236 ayat (1) huruf a,"kemitraan, diatur, perundang, undangan, bidang",
PP_28_2025,PP Nomor 28 Tahun 2025,PP,2025,28,BAB VI,Layanan Sistem Perizinan Berusaha Terintegrasi Secara,Bagian Keenam,,236,1,b,,Ketentuan,kemitraan lain yang dipersyaratkan dalam ketentuan peraturan perundang-undangan ; c. kemitraan yang bersifat sukarela yang dilakukan oleh Pelaku Usaha; dan d. monitoring dan evaluasi atas implementasi komitmen kemitraan.,Pasal 236 ayat (1) huruf b,"kemitraan, dipersyaratkan, perundang, undangan, bersifat",Pelaku Usaha
PP_28_2025,PP Nomor 28 Tahun 2025,PP,2025,28,BAB VI,Layanan Sistem Perizinan Berusaha Terintegrasi Secara,Bagian Ketujuh,,237,1,,,Hak,Subsistem Pengawasan sebagaimana dimaksud dalam Pasal 188 ayat (3) huruf f dapat diakses dengan menggunakan hak akses.,Pasal 237 ayat (1),"subsistem, pengawasan, diakses, menggunakan, akses",
PP_28_2025,PP Nomor 28 Tahun 2025,PP,2025,28,BAB VI,Layanan Sistem Perizinan Berusaha Terintegrasi Secara,Bagian Ketujuh,,237,2,,,Ketentuan,"Subsistem Pengawasan sebagaimana dimaksud pada ayat (1), paling sedikit memuat: a. laporan berkala dari Pelaku Usaha; b. perencanaan inspeksi lapangan tahunan; c. perangkat kerja Pengawasan; d. penilaian kepatuhan pelaksanaan persyaratan dasar, PB, dan/atau PB UMKU;",Pasal 237 ayat (2),"pengawasan, subsistem, paling, sedikit, memuat",Pelaku Usaha
PP_28_2025,PP Nomor 28 Tahun 2025,PP,2025,28,BAB VI,Layanan Sistem Perizinan Berusaha Terintegrasi Secara,Bagian Ketujuh,,237,2,e,,Ketentuan,pengaduan terhadap Pelaku Usaha dan pelaksana Pengawasan serta tindak lanjutnya;,Pasal 237 ayat (2) huruf e,"pengaduan, pelaku, usaha, pelaksana, pengawasan",Pelaku Usaha
PP_28_2025,PP Nomor 28 Tahun 2025,PP,2025,28,BAB VI,Layanan Sistem Perizinan Berusaha Terintegrasi Secara,Bagian Ketujuh,,237,2,f,,Sanksi,"tindakan administratif berupa pencabutan atas sebagian atau seluruh persyaratan dasar, PB, dan/atau PB UMKU; dan g. pembinaan dan sanksi administratif.",Pasal 237 ayat (2) huruf f,"administratif, tindakan, berupa, pencabutan, sebagian",
PP_28_2025,PP Nomor 28 Tahun 2025,PP,2025,28,BAB VI,Layanan Sistem Perizinan Berusaha Terintegrasi Secara,Bagian Ketujuh,,237,3,,,Ketentuan,"Perangkat kerja Pengawasan sebagaimana dimaksud pada ayat (21huruf c terdiri atas: a. data, profil, dan informasi Pelaku Usaha yang terdapat pada Sistem OSS; b. surat tugas pelaksana inspeksi lapangan; c. surat pemberitahuan kunjungan; d. berita acara pemeriksaan; dan",Pasal 237 ayat (3),"surat, perangkat, kerja, pengawasan, terdiri",Pelaku Usaha
PP_28_2025,PP Nomor 28 Tahun 2025,PP,2025,28,BAB VI,Layanan Sistem Perizinan Berusaha Terintegrasi Secara,Bagian Ketujuh,,237,3,e,,Ketentuan,"perangkat kerja lainnya yang diperlukan untuk mendukung pelaksanaan Pengawasan. REPUBLIK INDONESIA, _133_",Pasal 237 ayat (3) huruf e,"perangkat, kerja, lainnya, diperlukan, mendukung",
PP_28_2025,PP Nomor 28 Tahun 2025,PP,2025,28,BAB VII,Pengawasan,Bagian Kesatu,,238,1,,,Ketentuan,"Pengawasan PBBR dilaksanakan oleh: a. Pemerintah Pusat; b. Pemerintah Daerah; c. Administrator KEK; dan/atau d. Badan Pengusahaan KPBPB, sesuai dengan kewenangan masing-masing. (21 Pengawasan sebagaimana dimaksud pada ayat (1) bertujuan untuk:",Pasal 238 ayat (1),"pengawasan, masing, pbbr, dilaksanakan, pusat","Pemerintah Daerah, Pemerintah Pusat, Badan"
PP_28_2025,PP Nomor 28 Tahun 2025,PP,2025,28,BAB VII,Pengawasan,Bagian Kesatu,,238,1,a,,Ketentuan,"memastikan kepatuhan pemenuhan ketentuan persyaratan dasar, PB, dan PB UMKU;",Pasal 238 ayat (1) huruf a,"memastikan, kepatuhan, pemenuhan, persyaratan, dasar",
PP_28_2025,PP Nomor 28 Tahun 2025,PP,2025,28,BAB VII,Pengawasan,Bagian Kesatu,,238,1,b,,Kewajiban,"mengumpulkan data, bukti, dan/atau laporan terjadinya bahaya terhadap keselamatan, kesehatan, lingkungan hidup, dan/atau bahaya lainnya yang dapat ditimbulkan dari pelaksanaan kegiatan usaha; dan c. memastikan perkembangan realisasi dan pemenuhan kewajiban Penanaman Modal.",Pasal 238 ayat (1) huruf b,"bahaya, mengumpulkan, data, bukti, laporan",
PP_28_2025,PP Nomor 28 Tahun 2025,PP,2025,28,BAB VII,Pengawasan,Bagian Kesatu,,238,3,,,Ketentuan,"Pengawasan sebagaimana dimaksud pada ayat (1), terdiri atas: a. Pengawasan rutin; dan b. Pengawasan insidental.",Pasal 238 ayat (3),"pengawasan, terdiri, rutin, insidental",
PP_28_2025,PP Nomor 28 Tahun 2025,PP,2025,28,BAB VII,Pengawasan,Bagian Kesatu,,238,4,,,Ketentuan,"Pengawasan sebagaimana dimaksud pada ayat (1), dilakukan atas pelaksanaan PBBR. Bagian . . . -t34-",Pasal 238 ayat (4),"pengawasan, pelaksanaan, pbbr",
PP_28_2025,PP Nomor 28 Tahun 2025,PP,2025,28,BAB VII,Pengawasan,Bagian Kedua,,239,,,,Ketentuan,Pengawasan rutin sebagaimana dimaksud dalam Pasal 238 ayat (3) huruf a dilakukan melalui: a. pemeriksaan laporan Pelaku Usaha; dan/atau b. inspeksi lapangan rutin.,Pasal 239,"rutin, pengawasan, melalui, pemeriksaan, laporan",Pelaku Usaha
PP_28_2025,PP Nomor 28 Tahun 2025,PP,2025,28,BAB VII,Pengawasan,Bagian Kedua,Paragraf 2,240,1,,,Ketentuan,"Pemeriksaan laporan Pelaku Usaha sebagaimana dimaksud dalam Pasal239 huruf a dilakukan berdasarkan laporan yang disampaikan oleh Pelaku Usaha kepada Pemerintah Pusat, Pemerintah Daerah, Administrator KEK, dan/atau Badan Pengusahaan KPBPB sesuai dengan kewenangan masing-masing. (21 Laporan Pelaku Usaha sebagaimana dimaksud pada ayat",Pasal 240 ayat (1),"laporan, pelaku, usaha, masing, pemeriksaan","Pemerintah Daerah, Pemerintah Pusat, Pelaku Usaha, Badan"
PP_28_2025,PP Nomor 28 Tahun 2025,PP,2025,28,BAB VII,Pengawasan,Bagian Kedua,Paragraf 2,240,1,,,Ketentuan,memuat:,Pasal 240 ayat (1),memuat,
PP_28_2025,PP Nomor 28 Tahun 2025,PP,2025,28,BAB VII,Pengawasan,Bagian Kedua,Paragraf 2,240,1,a,,Ketentuan,"kepatuhan pemenuhan persyaratan dasar, PB, dan/atau PB UMKU; dan",Pasal 240 ayat (1) huruf a,"kepatuhan, pemenuhan, persyaratan, dasar, umku",
PP_28_2025,PP Nomor 28 Tahun 2025,PP,2025,28,BAB VII,Pengawasan,Bagian Kedua,Paragraf 2,240,1,b,,Kewajiban,perkembangan realisasi dan pemenuhan kewajiban Penanaman Modal.,Pasal 240 ayat (1) huruf b,"perkembangan, realisasi, pemenuhan, kewajiban, penanaman",
PP_28_2025,PP Nomor 28 Tahun 2025,PP,2025,28,BAB VII,Pengawasan,Bagian Kedua,Paragraf 2,240,3,,,Ketentuan,"Kepatuhan pemenuhan PB dan/atau PB UMKU sebagaimana dimaksud pada ayat (21 huruf a sebagaimana tercantum dalam Lampiran I dan Lampiran II yang merupakan bagian tidak terpisahkan dari Peraturan Pemerintah ini. (41 Laporan kepatuhan pemenuhan persyaratan dasar, PB, dan/atau PB UMKU sebagaimana dimaksud pada ayat (21 huruf a disampaikan sesuai dengan norma, standar, prosedur, dan kriteria yang ditetapkan oleh kementerian/lembaga sesuai dengan kewenangan masing- masing.",Pasal 240 ayat (3),"kepatuhan, pemenuhan, umku, lampiran, masing","Kementerian, Pemerintah, Lembaga"
PP_28_2025,PP Nomor 28 Tahun 2025,PP,2025,28,BAB VII,Pengawasan,Bagian Kedua,Paragraf 2,240,5,,,Kewajiban,Perkembangan realisasi dan pemenuhan kewajiban Penanaman Modal sebagaimana dimaksud pada ayat (21 huruf b disampaikan dalam laporan kegiatan Penanaman Modal melalui Sistem OSS.,Pasal 240 ayat (5),"penanaman, modal, perkembangan, realisasi, pemenuhan",
PP_28_2025,PP Nomor 28 Tahun 2025,PP,2025,28,BAB VII,Pengawasan,Bagian Kedua,Paragraf 2,240,6,,,Kewajiban,Laporan kegiatan Penanaman Modal sebagaimana dimaksud pada ayat (5) memuat: a. realisasi Penanaman Modal; b. realisasi tenaga kerja; c. realisasi produksi; d. kewajiban Penanaman Modal; dan e. kendala yang dihadapi penanam modal. Pasal241,Pasal 240 ayat (6),"modal, penanaman, realisasi, laporan, kegiatan",
PP_28_2025,PP Nomor 28 Tahun 2025,PP,2025,28,BAB VII,Pengawasan,Bagian Kedua,Paragraf 2,240,1,,,Ketentuan,"Atas penyampaian laporan Pelaku Usaha sebagaimana dimaksud dalam Pasal 24O ayat (2), Pemerintah Pusat, Pemerintah Daerah, Administrator KEK, dan/atau Badan Pengusahaan KPBPB sesuai dengan kewenangan masing- masing mempunyai tugas: a. melakukan reviu; dan b. men5rusun laporan hasil reviu. (21 Hasil reviu sebagaimana dimaksud pada ayat (1), dilakukan penginputan oleh Pemerintah Pusat, Pemerintah Daerah, Administrator KEK, dan/atau Badan Pengusahaan KPBPB ke Sistem OSS dalam rangka pemutakhiran profil Pelaku Usaha.",Pasal 240 ayat (1),"reviu, laporan, pelaku, usaha, pusat","Pemerintah Daerah, Pemerintah Pusat, Pelaku Usaha, Badan"
PP_28_2025,PP Nomor 28 Tahun 2025,PP,2025,28,BAB VII,Pengawasan,Bagian Kedua,Paragraf 2,240,3,,,Ketentuan,Profil Pelaku Usaha sebagaimana dimaksud pada ayat (21 meliputi kategori: a. sangat baik; b. baik; c. kurang baik; atau,Pasal 240 ayat (3),"baik, profil, pelaku, usaha, meliputi",Pelaku Usaha
PP_28_2025,PP Nomor 28 Tahun 2025,PP,2025,28,BAB VII,Pengawasan,Bagian Kedua,Paragraf 2,240,3,d,,Ketentuan,"tidak baik. Pasal REPUBLIK INOONESIA, _136_",Pasal 240 ayat (3) huruf d,"baik, republik, inoonesia",
PP_28_2025,PP Nomor 28 Tahun 2025,PP,2025,28,BAB VII,Pengawasan,Bagian Kedua,Paragraf 2,242,1,,,Sanksi,"Tindak lanjut hasil reviu sebagaimana dimaksud dalam Pasal 241, meliputi: a. pembinaan/pendampingan; b. pengenaan sanksi administratif; dan/atau c. inspeksi lapangan.",Pasal 242 ayat (1),"tindak, lanjut, hasil, reviu, meliputi",
PP_28_2025,PP Nomor 28 Tahun 2025,PP,2025,28,BAB VII,Pengawasan,Bagian Kedua,Paragraf 2,242,2,,,Ketentuan,"Pembinaan/pendampingan sebagaimana dimaksud pada ayat (1) huruf a dilakukan terhadap Pelaku Usaha dalam rangka meningkatkan kualitas kepatuhan pemenuhan persyaratan dasar, PB, dan/atau PB UMKU.",Pasal 242 ayat (2),"pembinaan, pendampingan, pelaku, usaha, rangka",Pelaku Usaha
PP_28_2025,PP Nomor 28 Tahun 2025,PP,2025,28,BAB VII,Pengawasan,Bagian Kedua,Paragraf 2,242,3,,,Sanksi,Pengenaan sanksi administratif sebagaimana dimaksud pada ayat (1) huruf b dikenakan kepada Pelaku Usaha dengan tingkat kepatuhan kurang baik dan tidak baik sebagaimana dimaksud dalam Pasal 24I ayat (1) huruf c dan huruf d.,Pasal 242 ayat (3),"baik, pengenaan, sanksi, administratif, dikenakan",Pelaku Usaha
PP_28_2025,PP Nomor 28 Tahun 2025,PP,2025,28,BAB VII,Pengawasan,Bagian Kedua,Paragraf 3,243,1,,,Ketentuan,Inspeksi lapangan rutin sebagaimana dimaksud dalam Pasal 239 huruf b dilakukan secara terintegrasi dan terkoordinasi. (21 Integrasi dan koordinasi inspeksi lapangan rutin sebagaimana dimaksud pada ayat (1) dilakukan melalui Sistem OSS.,Pasal 243 ayat (1),"inspeksi, lapangan, rutin, terintegrasi, terkoordinasi",
PP_28_2025,PP Nomor 28 Tahun 2025,PP,2025,28,BAB VII,Pengawasan,Bagian Kedua,Paragraf 3,243,3,,,Ketentuan,"Inspeksi lapangan rutin secara terkoordinasi sebagaimana dimaksud pada ayat (1) dilakukan antar Pemerintah Pusat, Pemerintah Daerah, Administrator KEK, dan/atau Badan Pengusahaan KPBPB. (41 Inspeksi lapangan rutin sebagaimana dimaksud pada ayat",Pasal 243 ayat (3),"inspeksi, lapangan, rutin, terkoordinasi, antar","Pemerintah Daerah, Pemerintah Pusat, Badan"
PP_28_2025,PP Nomor 28 Tahun 2025,PP,2025,28,BAB VII,Pengawasan,Bagian Kedua,Paragraf 3,243,1,,,Ketentuan,dilakukan melalui tahap: a. perencanaan inspeksi lapangan rutin; b. pelaksanaan inspeksi lapangan rutin; c. penilaian kepatuhan; dan d. penetapan tindak lanjut hasil inspeksi lapangan rutin.,Pasal 243 ayat (1),"inspeksi, lapangan, rutin, melalui, tahap",
PP_28_2025,PP Nomor 28 Tahun 2025,PP,2025,28,BAB VII,Pengawasan,Bagian Kedua,Paragraf 3,243,5,,,Ketentuan,Inspeksi . . R.EPUBLIK INDONESIA. -r37-,Pasal 243 ayat (5),"inspeksi, epublik, indonesia",
PP_28_2025,PP Nomor 28 Tahun 2025,PP,2025,28,BAB VII,Pengawasan,Bagian Kedua,Paragraf 3,243,5,,,Ketentuan,Inspeksi lapangan rutin sebagaimana dimaksud pada ayat (1) dilaksanakan dalam bentuk kunjungan fisik dan/atau virtual.,Pasal 243 ayat (5),"inspeksi, lapangan, rutin, dilaksanakan, bentuk",
PP_28_2025,PP Nomor 28 Tahun 2025,PP,2025,28,BAB VII,Pengawasan,Bagian Kedua,Paragraf 3,244,1,,,Ketentuan,Inspeksi lapangan rutin dilakukan oleh koordinator dan pelaksana. (21 Koordinator pelaksanaan inspeksi lapangan rutin sebagaimana dimaksud pada ayat (1) yaitu:,Pasal 244 ayat (1),"inspeksi, lapangan, rutin, koordinator, pelaksana",
PP_28_2025,PP Nomor 28 Tahun 2025,PP,2025,28,BAB VII,Pengawasan,Bagian Kedua,Paragraf 3,244,1,a,,Ketentuan,"kementerian/badan yang menyelenggarakan urusan pemerintahan di bidang investasi dan tugas pemerintahan di bidang koordinasi penanaman modal, atas pelaksanaan penerbitan PB yang menjadi kewenangan Pemerintah Pusat;",Pasal 244 ayat (1) huruf a,"pemerintahan, bidang, kementerian, badan, menyelenggarakan","Pemerintah Pusat, Kementerian, Badan"
PP_28_2025,PP Nomor 28 Tahun 2025,PP,2025,28,BAB VII,Pengawasan,Bagian Kedua,Paragraf 3,244,1,b,,Ketentuan,"DPMPTSP provinsi, atas pelaksanaan penerbitan PB yang menjadi kewenangan pemerintah provinsi;",Pasal 244 ayat (1) huruf b,"provinsi, dpmptsp, pelaksanaan, penerbitan, menjadi",Pemerintah
PP_28_2025,PP Nomor 28 Tahun 2025,PP,2025,28,BAB VII,Pengawasan,Bagian Kedua,Paragraf 3,244,1,c,,Ketentuan,"DPMPTSP kabupatenf kota, atas pelaksanaan penerbitan PB yang menjadi kewenangan pemerintah kabupaten/kota; d. Administrator KEK, atas pelaksanaan penerbitan PB yang menjadi kewenangan Administrator KEK; dan",Pasal 244 ayat (1) huruf c,"kota, pelaksanaan, penerbitan, menjadi, kewenangan",Pemerintah
PP_28_2025,PP Nomor 28 Tahun 2025,PP,2025,28,BAB VII,Pengawasan,Bagian Kedua,Paragraf 3,244,1,e,,Ketentuan,"Badan Pengusahaan KPBPB, atas pelaksanaan penerbitan PB yang menjadi kewenangan Badan Pengusahaan KPBPB.",Pasal 244 ayat (1) huruf e,"badan, pengusahaan, kpbpb, pelaksanaan, penerbitan",Badan
PP_28_2025,PP Nomor 28 Tahun 2025,PP,2025,28,BAB VII,Pengawasan,Bagian Kedua,Paragraf 3,244,3,,,Ketentuan,Pelaksana inspeksi lapangan rutin sebagaimana dimaksud pada ayat (1) yaitu:,Pasal 244 ayat (3),"pelaksana, inspeksi, lapangan, rutin, yaitu",
PP_28_2025,PP Nomor 28 Tahun 2025,PP,2025,28,BAB VII,Pengawasan,Bagian Kedua,Paragraf 3,244,3,a,,Ketentuan,"kementerian/lembaga pengampu untuk persyaratan dasar, PB, dan PB UMKU yang menjadi kewenangan Pemerintah Pusat dan lintas provinsi; b. organisasi perangkat daerah teknis pengampu untuk persyaratan dasar, PB, dan PB UMKU yang menjadi kewenangan pemerintah provinsi dan lintas kabupatenlkota; c. organisasi perangkat daerah teknis pengampu untuk persyaratan dasar, PB, dan PB UMKU yang menjadi kewenangan pemerintah kabupaten kota; /",Pasal 244 ayat (3) huruf a,"pengampu, persyaratan, dasar, umku, menjadi","Pemerintah Pusat, Perangkat Daerah, Kementerian, Lembaga"
PP_28_2025,PP Nomor 28 Tahun 2025,PP,2025,28,BAB VII,Pengawasan,Bagian Kedua,Paragraf 3,244,3,d,,Ketentuan,"Administrator KEK pengampu untuk persyaratan dasar, PB, dan PB UMKU yang menjadi kewenangan Administrator KEK; dan",Pasal 244 ayat (3) huruf d,"administrator, pengampu, persyaratan, dasar, umku",
PP_28_2025,PP Nomor 28 Tahun 2025,PP,2025,28,BAB VII,Pengawasan,Bagian Kedua,Paragraf 3,244,3,e,,Ketentuan,"Badan Pengusahaan KPBPB pengampu untuk persyaratan dasar, PB, dan PB UMKU yang menjadi kewenangan Badan Pengusahaan KPBPB. (41 Tugas koordinator inspeksi lapangan rutin sebagaimana dimaksud pada ayat (1) meliputi:",Pasal 244 ayat (3) huruf e,"badan, pengusahaan, kpbpb, pengampu, persyaratan",Badan
PP_28_2025,PP Nomor 28 Tahun 2025,PP,2025,28,BAB VII,Pengawasan,Bagian Kedua,Paragraf 3,244,3,a,,Ketentuan,menetapkan daftar kegiatan usaha yang akan dilakukan inspeksi lapangan rutin dalam periode (satu) tahun;,Pasal 244 ayat (3) huruf a,"menetapkan, daftar, kegiatan, usaha, inspeksi",
PP_28_2025,PP Nomor 28 Tahun 2025,PP,2025,28,BAB VII,Pengawasan,Bagian Kedua,Paragraf 3,244,3,b,,Ketentuan,menetapkan jadwal pelaksanaan inspeksi lapangan rutin;,Pasal 244 ayat (3) huruf b,"menetapkan, jadwal, pelaksanaan, inspeksi, lapangan",
PP_28_2025,PP Nomor 28 Tahun 2025,PP,2025,28,BAB VII,Pengawasan,Bagian Kedua,Paragraf 3,244,3,c,,Ketentuan,mengoordinasikan pelaksanaan inspeksi lapangan rutin;,Pasal 244 ayat (3) huruf c,"mengoordinasikan, pelaksanaan, inspeksi, lapangan, rutin",
PP_28_2025,PP Nomor 28 Tahun 2025,PP,2025,28,BAB VII,Pengawasan,Bagian Kedua,Paragraf 3,244,3,d,,Ketentuan,melakukan penilaian kepatuhan inspeksi lapangan rutin; dan e. menindaklanjuti hasil inspeksi lapangan rutin.,Pasal 244 ayat (3) huruf d,"inspeksi, lapangan, rutin, melakukan, penilaian",
PP_28_2025,PP Nomor 28 Tahun 2025,PP,2025,28,BAB VII,Pengawasan,Bagian Kedua,Paragraf 3,244,5,,,Ketentuan,Pelaksana inspeksi lapangan rutin sebagaimana dimaksud pada ayat (1) yang mengampu PB memiliki tugas untuk:,Pasal 244 ayat (5),"pelaksana, inspeksi, lapangan, rutin, mengampu",
PP_28_2025,PP Nomor 28 Tahun 2025,PP,2025,28,BAB VII,Pengawasan,Bagian Kedua,Paragraf 3,244,5,a,,Ketentuan,mengusulkan kegiatan usaha yang akan dilakukan inspeksi lapangan rutin untuk I (satu) tahun;,Pasal 244 ayat (5) huruf a,"mengusulkan, kegiatan, usaha, inspeksi, lapangan",
PP_28_2025,PP Nomor 28 Tahun 2025,PP,2025,28,BAB VII,Pengawasan,Bagian Kedua,Paragraf 3,244,5,b,,Ketentuan,mengusulkan jadwal pelaksanaan yang akan dilakukan inspeksi lapangan rutin ke dalam Sistem OSS;,Pasal 244 ayat (5) huruf b,"mengusulkan, jadwal, pelaksanaan, inspeksi, lapangan",
PP_28_2025,PP Nomor 28 Tahun 2025,PP,2025,28,BAB VII,Pengawasan,Bagian Kedua,Paragraf 3,244,5,c,,Ketentuan,mengusulkan personel sebagai pelaksana inspeksi lapangan rutin ke dalam Sistem OSS; d. melakukan penilaian kepatuhan; dan e. menindaklanjuti hasil inspeksi lapangan rutin.,Pasal 244 ayat (5) huruf c,"inspeksi, lapangan, rutin, mengusulkan, personel",
PP_28_2025,PP Nomor 28 Tahun 2025,PP,2025,28,BAB VII,Pengawasan,Bagian Kedua,Paragraf 3,244,6,,,Ketentuan,Pelaksana inspeksi lapangan rutin sebagaimana dimaksud pada ayat (1) yang mengampu persyaratan dasar dan PB UMKU memiliki tugas untuk:,Pasal 244 ayat (6),"pelaksana, inspeksi, lapangan, rutin, mengampu",
PP_28_2025,PP Nomor 28 Tahun 2025,PP,2025,28,BAB VII,Pengawasan,Bagian Kedua,Paragraf 3,244,6,a,,Ketentuan,mengusulkan kegiatan usaha yang akan dilakukan inspeksi lapangan rutin kepada kementerian/lembaga pengampu PB;,Pasal 244 ayat (6) huruf a,"mengusulkan, kegiatan, usaha, inspeksi, lapangan","Kementerian, Lembaga"
PP_28_2025,PP Nomor 28 Tahun 2025,PP,2025,28,BAB VII,Pengawasan,Bagian Kedua,Paragraf 3,244,6,b,,Ketentuan,mengusulkan personel sebagai pelaksana inspeksi lapangan rutin; c. melakukan penilaian kepatuhan; dan d. menindaklanjuti hasil inspeksi lapangan rutin.,Pasal 244 ayat (6) huruf b,"inspeksi, lapangan, rutin, mengusulkan, personel",
PP_28_2025,PP Nomor 28 Tahun 2025,PP,2025,28,BAB VII,Pengawasan,Bagian Kedua,Paragraf 3,244,7,,,Ketentuan,Pemerintah. . .,Pasal 244 ayat (7),,Pemerintah
PP_28_2025,PP Nomor 28 Tahun 2025,PP,2025,28,BAB VII,Pengawasan,Bagian Kedua,Paragraf 3,244,7,,,Ketentuan,"Pemerintah Pusat dapat mendelegasikan pelaksanaan inspeksi lapangan rutin kepada Pemerintah Daerah, Administrator KEK, dan/atau Badan Pengusahaan KPBPB.",Pasal 244 ayat (7),"pusat, mendelegasikan, pelaksanaan, inspeksi, lapangan","Pemerintah Daerah, Pemerintah Pusat, Badan"
PP_28_2025,PP Nomor 28 Tahun 2025,PP,2025,28,BAB VII,Pengawasan,Bagian Kedua,Paragraf 3,244,8,,,Ketentuan,"Dalam hal Pemerintah Daerah, Administrator KEK, dan/atau Badan Pengusahaan KPBPB tidak dapat melakukan inspeksi lapangan rutin, Pemerintah Pusat dapat mengambil alih inspeksi lapangan rutin sesuai dengan ketentuan peraturan perundang-undangan.",Pasal 244 ayat (8),"inspeksi, lapangan, rutin, daerah, administrator","Pemerintah Daerah, Pemerintah Pusat, Badan"
PP_28_2025,PP Nomor 28 Tahun 2025,PP,2025,28,BAB VII,Pengawasan,Bagian Kedua,Paragraf 4,245,1,,,Ketentuan,Perencanaan inspeksi lapangan rutin mencakup penjrusunan:,Pasal 245 ayat (1),"perencanaan, inspeksi, lapangan, rutin, mencakup",
PP_28_2025,PP Nomor 28 Tahun 2025,PP,2025,28,BAB VII,Pengawasan,Bagian Kedua,Paragraf 4,245,1,a,,Ketentuan,jadwal pelaksanaan inspeksi lapangan rutin; b. sumber daya manusia pelaksana inspeksi lapangan rutin; dan c. anggaran pelaksanaan inspeksi lapangan rutin. (21 Inspeksi lapangan rutin sebagaimana dimaksud pada ayat,Pasal 245 ayat (1) huruf a,"inspeksi, lapangan, rutin, pelaksanaan, jadwal",
PP_28_2025,PP Nomor 28 Tahun 2025,PP,2025,28,BAB VII,Pengawasan,Bagian Kedua,Paragraf 4,245,1,,,Ketentuan,dilakukan berdasarkan:,Pasal 245 ayat (1),,
PP_28_2025,PP Nomor 28 Tahun 2025,PP,2025,28,BAB VII,Pengawasan,Bagian Kedua,Paragraf 4,245,1,a,,Ketentuan,hasil reviu atas laporan Pelaku Usaha sebagaimana dimaksud dalam Pasal 241; danf atau b. data dan informasi kegiatan usaha.,Pasal 245 ayat (1) huruf a,"usaha, hasil, reviu, laporan, pelaku",Pelaku Usaha
PP_28_2025,PP Nomor 28 Tahun 2025,PP,2025,28,BAB VII,Pengawasan,Bagian Kedua,Paragraf 4,245,3,,,Ketentuan,"Anggaran pelaksanaan inspeksi lapangan rutin sebagaimana dimaksud pada ayat (1) huruf c, dibebankan pada masing-masing kementerian/lembaga, Pemerintah Daerah, Administrator KEK, dan/atau Badan Pengusahaan KPBPB sesuai dengan kewenangan masing- masing. Paragraf -t40_",Pasal 245 ayat (3),"masing, anggaran, pelaksanaan, inspeksi, lapangan","Pemerintah Daerah, Kementerian, Lembaga, Badan"
PP_28_2025,PP Nomor 28 Tahun 2025,PP,2025,28,BAB VII,Pengawasan,Bagian Kedua,Paragraf 5,246,1,,,Ketentuan,"Kementerian/lembaga men5rusun dan menetapkan norma, standar, prosedur, dan kriteria sebagai pedoman pelaksanaan inspeksi lapangan rutin yang memuat bobot kualitatif dan penilaian kepatuhan Pelaku Usaha.",Pasal 246 ayat (1),"kementerian, lembaga, rusun, menetapkan, norma","Pelaku Usaha, Kementerian, Lembaga"
PP_28_2025,PP Nomor 28 Tahun 2025,PP,2025,28,BAB VII,Pengawasan,Bagian Kedua,Paragraf 5,246,2,,,Ketentuan,"Pelaksanaan inspeksi lapangan rutin sebagaimana dimaksud pada ayat (1), meliputi pemeriksaan:",Pasal 246 ayat (2),"pelaksanaan, inspeksi, lapangan, rutin, meliputi",
PP_28_2025,PP Nomor 28 Tahun 2025,PP,2025,28,BAB VII,Pengawasan,Bagian Kedua,Paragraf 5,246,2,a,,Ketentuan,"pemenuhan kepatuhan persyaratan dasar, PB, dan/atau PB UMKU; dan",Pasal 246 ayat (2) huruf a,"pemenuhan, kepatuhan, persyaratan, dasar, umku",
PP_28_2025,PP Nomor 28 Tahun 2025,PP,2025,28,BAB VII,Pengawasan,Bagian Kedua,Paragraf 5,246,2,b,,Kewajiban,perkembangan realisasi dan pemenuhan kewajiban Penanaman Modal.,Pasal 246 ayat (2) huruf b,"perkembangan, realisasi, pemenuhan, kewajiban, penanaman",
PP_28_2025,PP Nomor 28 Tahun 2025,PP,2025,28,BAB VII,Pengawasan,Bagian Kedua,Paragraf 5,246,3,,,Ketentuan,"Pelaksanaan inspeksi lapangan rutin sebagaimana dimaksud pada ayat (2), dituangkan dalam berita acara pemeriksaan yang memuat: a. hasil penilaian kepatuhan Pelaku Usaha; dan b. tindak lanjut hasil inspeksi lapangan rutin.",Pasal 246 ayat (3),"inspeksi, lapangan, rutin, hasil, pelaksanaan",Pelaku Usaha
PP_28_2025,PP Nomor 28 Tahun 2025,PP,2025,28,BAB VII,Pengawasan,Bagian Kedua,Paragraf 5,246,4,,,Ketentuan,Berita acara pemeriksaan sebagaimana dimaksud pada ayat (3) ditandatangani bersama dengan Pelaku Usaha secara elektronik dalam Sistem OSS.,Pasal 246 ayat (4),"berita, acara, pemeriksaan, ditandatangani, bersama",Pelaku Usaha
PP_28_2025,PP Nomor 28 Tahun 2025,PP,2025,28,BAB VII,Pengawasan,Bagian Kedua,Paragraf 5,246,5,,,Ketentuan,"Dalam hal Pelaku Usaha menolak menandatangani berita acara pemeriksaan, berita acara mencantumkan alasan penolakan Pelaku Usaha.",Pasal 246 ayat (5),"pelaku, usaha, berita, acara, menolak",Pelaku Usaha
PP_28_2025,PP Nomor 28 Tahun 2025,PP,2025,28,BAB VII,Pengawasan,Bagian Kedua,Paragraf 5,246,6,,,Ketentuan,"Dalam hal berdasarkan hasil inspeksi lapangan rutin ditemukan pelanggaran yang dilakukan oleh Pelaku Usaha, kementerian/lembaga, Pemerintah Daerah, Administrator KEK, dan/atau Badan Pengusahaan KPBPB melakukan penghentian pelanggaran untuk mencegah dampak yang lebih besar dalam jangka waktu paling lambat 1 (satu) Hari setelah penandatanganan berita acara pemeriksaan sebagaimana dimaksud pada ayat (4).",Pasal 246 ayat (6),"pelanggaran, hasil, inspeksi, lapangan, rutin","Pemerintah Daerah, Pelaku Usaha, Kementerian, Lembaga, Badan"
PP_28_2025,PP Nomor 28 Tahun 2025,PP,2025,28,BAB VII,Pengawasan,Bagian Kedua,Paragraf 5,247,1,,,Ketentuan,"Dalam hal inspeksi lapangan rutin memerlukan kompetensi khusus tertentu, kementerian/lembaga, Pemerintah Daerah, Administrator KEK, dan/atau Badan Pengusahaan KPBPB dapat bekerja sama atau menugaskan lembaga yang terakreditasi atau profesi ahli yang bersertifikat sebagai pelaksana inspeksi lapangan rutin dan dicantumkan ke dalam daftar usulan personel pelaksana inspeksi lapangan rutin.",Pasal 247 ayat (1),"inspeksi, lapangan, rutin, lembaga, pelaksana","Pemerintah Daerah, Kementerian, Lembaga, Badan"
PP_28_2025,PP Nomor 28 Tahun 2025,PP,2025,28,BAB VII,Pengawasan,Bagian Kedua,Paragraf 5,247,2,,,Ketentuan,"Pelaksanaan . REPUBLIK TNOONESIA -t47- (21 Pelaksanaan inspeksi lapangan rutin oleh lembaga yang terakreditasi atau profesi ahli yang bersertifikat sebagaimana dimaksud pada ayat (1), dituangkan dalam berita acara pemeriksaan yang memuat:",Pasal 247 ayat (2),"pelaksanaan, republik, tnoonesia, inspeksi, lapangan",Lembaga
PP_28_2025,PP Nomor 28 Tahun 2025,PP,2025,28,BAB VII,Pengawasan,Bagian Kedua,Paragraf 5,247,2,a,,Ketentuan,hasil penilaian kepatuhan Pelaku Usaha; dan,Pasal 247 ayat (2) huruf a,"hasil, penilaian, kepatuhan, pelaku, usaha",Pelaku Usaha
PP_28_2025,PP Nomor 28 Tahun 2025,PP,2025,28,BAB VII,Pengawasan,Bagian Kedua,Paragraf 5,247,2,b,,Ketentuan,tindak lanjut hasil inspeksi lapangan rutin.,Pasal 247 ayat (2) huruf b,"tindak, lanjut, hasil, inspeksi, lapangan",
PP_28_2025,PP Nomor 28 Tahun 2025,PP,2025,28,BAB VII,Pengawasan,Bagian Kedua,Paragraf 5,247,3,,,Ketentuan,"Berita acara pemeriksaan sebagaimana dimaksud pada ayat (21ditandatangani bersama dengan Pelaku Usaha. (41 Dalam hal Pelaku Usaha menolak menandatangani berita acara pemeriksaan, berita acara mencantumkan alasan penolakan Pelaku Usaha.",Pasal 247 ayat (3),"berita, acara, pelaku, usaha, pemeriksaan",Pelaku Usaha
PP_28_2025,PP Nomor 28 Tahun 2025,PP,2025,28,BAB VII,Pengawasan,Bagian Kedua,Paragraf 5,247,5,,,Ketentuan,"Hasil inspeksi lapangan rutin oleh lembaga yang terakreditasi atau profesi ahli yang bersertifikat sebagaimana dimaksud pada ayat (1) dilaporkan kepada kementerian/lembaga, Pemerintah Daerah, Administrator KEK, dan/atau Badan Pengusahaan KPBPB yang menugaskan dalam jangka waktu paling lambat 1 (satu) Hari sejak penandatanganan berita acara sebagaimana dimaksud pada ayat (3).",Pasal 247 ayat (5),"lembaga, hasil, inspeksi, lapangan, rutin","Pemerintah Daerah, Kementerian, Lembaga, Badan"
PP_28_2025,PP Nomor 28 Tahun 2025,PP,2025,28,BAB VII,Pengawasan,Bagian Kedua,Paragraf 5,247,6,,,Ketentuan,"Kementerian/lembaga, Pemerintah Daerah, Administrator KEK, dan/atau Badan Pengusahaan KPBPB melakukan penginputan laporan hasil inspeksi lapangan rutin ke Sistem OSS paling lama 3 (tiga) Hari, sejak diterimanya laporan dari lembaga yang terakreditasi atau profesi ahli yang bersertifikat sebagaimana dimaksud pada ayat (5). (71 Kementerian/lembaga, Pemerintah Daerah, Administrator KEK, dan/atau Badan Pengusahaan KPBPB melakukan penghentian pelanggaran untuk mencegah dampak yang lebih besar dalam jangka waktu paling lambat 1 (satu) Hari setelah menerima laporan lembaga yang terakreditasi atau profesi ahli yang bersertihkat sebagaimana dimaksud pada ayat (2).",Pasal 247 ayat (6),"lembaga, laporan, kementerian, daerah, administrator","Pemerintah Daerah, Kementerian, Lembaga, Badan"
PP_28_2025,PP Nomor 28 Tahun 2025,PP,2025,28,BAB VII,Pengawasan,Bagian Kedua,Paragraf 5,248,,,,Larangan,"Kementerian/lembaga, Pemerintah Daerah, Administrator KEK, dan/ atau Badan Pengusahaan KPBPB dilarang melakukan inspeksi lapangan rutin dalam rangka pengawasan rutin di luar perencanaan inspeksi lapangan rutin sebagaimana dimaksud dalam Pasal 245 ayat (l). Paragraf REFUBLIK INDONESIA. _r42_",Pasal 248,"rutin, inspeksi, lapangan, kementerian, lembaga","Pemerintah Daerah, Kementerian, Lembaga, Badan"
PP_28_2025,PP Nomor 28 Tahun 2025,PP,2025,28,BAB VII,Pengawasan,Bagian Kedua,Paragraf 6,249,1,,,Ketentuan,"Berdasarkan hasil inspeksi lapangan rutin sebagaimana dimaksud dalam Pasal 243, Sistem OSS melakukan pengolahan data penilaian kepatuhan Pelaku Usaha guna menentukan profil Pelaku Usaha dengan kategori: a. sangat baik; b. baik; c. kurang baik; atau d. tidak baik.",Pasal 249 ayat (1),"baik, pelaku, usaha, hasil, inspeksi",Pelaku Usaha
PP_28_2025,PP Nomor 28 Tahun 2025,PP,2025,28,BAB VII,Pengawasan,Bagian Kedua,Paragraf 6,249,2,,,Ketentuan,Profil Pelaku Usaha sebagaimana dimaksud pada ayat (1) dapat diakses melalui Sistem OSS oleh Pelaku Usaha yang bersangkutan.,Pasal 249 ayat (2),"pelaku, usaha, profil, diakses, melalui",Pelaku Usaha
PP_28_2025,PP Nomor 28 Tahun 2025,PP,2025,28,BAB VII,Pengawasan,Bagian Kedua,Paragraf 7,250,1,,,Ketentuan,"Tindak lanjut hasil inspeksi lapangan rutin sebagaimana dimaksud dalam Pasal 246 ayat (3) huruf b, meliputi:",Pasal 250 ayat (1),"tindak, lanjut, hasil, inspeksi, lapangan",
PP_28_2025,PP Nomor 28 Tahun 2025,PP,2025,28,BAB VII,Pengawasan,Bagian Kedua,Paragraf 7,250,1,a,,Ketentuan,pembinaan/pendampingan; dan/atau,Pasal 250 ayat (1) huruf a,"pembinaan, pendampingan",
PP_28_2025,PP Nomor 28 Tahun 2025,PP,2025,28,BAB VII,Pengawasan,Bagian Kedua,Paragraf 7,250,1,b,,Sanksi,"pengenaan sanksi administratif. (21 Pembinaan/pendampingan sebagaimana dimaksud pada ayat (1) huruf a dilakukan terhadap Pelaku Usaha dalam rangka meningkatkan kualitas kepatuhan pemenuhan persyaratan dasar, PB, dan/atau PB UMKU.",Pasal 250 ayat (1) huruf b,"pengenaan, sanksi, administratif, pembinaan, pendampingan",Pelaku Usaha
PP_28_2025,PP Nomor 28 Tahun 2025,PP,2025,28,BAB VII,Pengawasan,Bagian Kedua,Paragraf 7,250,3,,,Sanksi,Pengenaan sanksi administratif sebagaimana dimaksud pada ayat (1) huruf b dikenakan kepada Pelaku Usaha dengan tingkat kepatuhan kurang baik dan tidak baik sebagaimana dimaksud dalam Pasal 249 ayat (1) huruf c dan huruf d. Bagian -L43-,Pasal 250 ayat (3),"baik, pengenaan, sanksi, administratif, dikenakan",Pelaku Usaha
PP_28_2025,PP Nomor 28 Tahun 2025,PP,2025,28,BAB VII,Pengawasan,Bagian Ketiga,,251,1,,,Ketentuan,Pengawasan insidental sebagaimana dimaksud dalam Pasal 238 ayat (3) huruf b merupakan Pengawasan yang dilakukan pada waktu tertentu.,Pasal 251 ayat (1),"pengawasan, insidental, waktu, tertentu",
PP_28_2025,PP Nomor 28 Tahun 2025,PP,2025,28,BAB VII,Pengawasan,Bagian Ketiga,,251,2,,,Ketentuan,Pengawasan insidental sebagaimana dimaksud pada ayat,Pasal 251 ayat (2),"pengawasan, insidental",
PP_28_2025,PP Nomor 28 Tahun 2025,PP,2025,28,BAB VII,Pengawasan,Bagian Ketiga,,251,1,,,Ketentuan,dilaksanakan berdasarkan: a. adanya pengaduan masyarakat;,Pasal 251 ayat (1),"dilaksanakan, adanya, pengaduan, masyarakat",Masyarakat
PP_28_2025,PP Nomor 28 Tahun 2025,PP,2025,28,BAB VII,Pengawasan,Bagian Ketiga,,251,1,b,,Ketentuan,adanya pengaduan dan/atau kebutuhan dari Pelaku Usaha; dan/atau,Pasal 251 ayat (1) huruf b,"adanya, pengaduan, kebutuhan, pelaku, usaha",Pelaku Usaha
PP_28_2025,PP Nomor 28 Tahun 2025,PP,2025,28,BAB VII,Pengawasan,Bagian Ketiga,,251,1,c,,Ketentuan,"adanya indikasi Pelaku Usaha melakukan kegiatan tidak sesuai dengan persyaratan dasar, PB, dan/atau PB UMKU.",Pasal 251 ayat (1) huruf c,"adanya, indikasi, pelaku, usaha, melakukan",Pelaku Usaha
PP_28_2025,PP Nomor 28 Tahun 2025,PP,2025,28,BAB VII,Pengawasan,Bagian Ketiga,,251,3,,,Ketentuan,Pengawasan insidental dilakukan melalui inspeksi lapangan insidental.,Pasal 251 ayat (3),"insidental, pengawasan, melalui, inspeksi, lapangan",
PP_28_2025,PP Nomor 28 Tahun 2025,PP,2025,28,BAB VII,Pengawasan,Bagian Ketiga,,251,4,,,Ketentuan,Inspeksi lapangan insidental sebagaimana dimaksud pada ayat (3) dituangkan dalam berita acara pemeriksaan melalui Sistem OSS.,Pasal 251 ayat (4),"inspeksi, lapangan, insidental, dituangkan, berita",
PP_28_2025,PP Nomor 28 Tahun 2025,PP,2025,28,BAB VII,Pengawasan,Bagian Ketiga,Paragraf 2,252,1,,,Ketentuan,"Inspeksi lapangan insidental sebagaimana dimaksud dalam Pasal 251 ayat (3) dapat dilaksanakan secara terkoordinasi atau mandiri oleh kementerian/lembaga, Pemerintah Daerah, Administrator KEK, dan/atau Badan Pengusahaan KPBPB sesuai dengan kewenangan masing- masing. (21 Ketentuan mengenai:",Pasal 252 ayat (1),"masing, inspeksi, lapangan, insidental, dilaksanakan","Pemerintah Daerah, Kementerian, Lembaga, Badan"
PP_28_2025,PP Nomor 28 Tahun 2025,PP,2025,28,BAB VII,Pengawasan,Bagian Ketiga,Paragraf 2,252,1,a,,Ketentuan,"pelaksanaan inspeksi lapangan rutin sebagaimana dimaksud dalam Pasal 246 ayat (21, ayat (3), ayat (4), dan ayat (5); dan",Pasal 252 ayat (1) huruf a,"pelaksanaan, inspeksi, lapangan, rutin",
PP_28_2025,PP Nomor 28 Tahun 2025,PP,2025,28,BAB VII,Pengawasan,Bagian Ketiga,Paragraf 2,252,1,b,,Ketentuan,lembaga . -t44-,Pasal 252 ayat (1) huruf b,lembaga,Lembaga
PP_28_2025,PP Nomor 28 Tahun 2025,PP,2025,28,BAB VII,Pengawasan,Bagian Ketiga,Paragraf 2,252,1,b,,Ketentuan,"lembaga yang terakreditasi atau profesi ahli yang bersertifikat sebagaimana dimaksud dalam Pasal 247, berlaku secara mutatis mutandis terhadap pelaksanaan inspeksi lapangan insidental.",Pasal 252 ayat (1) huruf b,"lembaga, terakreditasi, profesi, ahli, bersertifikat",Lembaga
PP_28_2025,PP Nomor 28 Tahun 2025,PP,2025,28,BAB VII,Pengawasan,Bagian Ketiga,Paragraf 3,253,,,,Ketentuan,"Ketentuan mengenai penilaian kepatuhan inspeksi lapangan rutin sebagaimana dimaksud dalam Pasal 249 berl,aku secara mutatis mutandis terhadap penilaian kepatuhan inspeksi lapangan insidental.",Pasal 253,"penilaian, kepatuhan, inspeksi, lapangan, mengenai",
PP_28_2025,PP Nomor 28 Tahun 2025,PP,2025,28,BAB VII,Pengawasan,Bagian Ketiga,Paragraf 4,254,,,,Ketentuan,Ketentuan mengenai tindak lanjut inspeksi lapangan rutin sebagaimana dimaksud dalam Pasal 25O berlaku secara mutatis mutandis terhadap tindak lanjut inspeksi lapangan insidental.,Pasal 254,"tindak, lanjut, inspeksi, lapangan, mengenai",
PP_28_2025,PP Nomor 28 Tahun 2025,PP,2025,28,BAB VII,Pengawasan,Bagian Keempat,,255,1,,,Ketentuan,Kementerian/lembaga dan Pemerintah Daerah memberikan kemudahan Pengawasan kegiatan usaha kepada pelaku UMK. (21 Kemudahan Pengawasan sebagaimana dimaksud pada ayat (1) berupa:,Pasal 255 ayat (1),"kemudahan, pengawasan, kementerian, lembaga, daerah","Pemerintah Daerah, Kementerian, Lembaga"
PP_28_2025,PP Nomor 28 Tahun 2025,PP,2025,28,BAB VII,Pengawasan,Bagian Keempat,,255,1,a,,Ketentuan,laporan kegiatan Penanaman Modal disampaikan dengan ketentuan: 1. tidak diwajibkan bagi Pelaku Usaha mikro; dan,Pasal 255 ayat (1) huruf a,"laporan, kegiatan, penanaman, modal, disampaikan",Pelaku Usaha
PP_28_2025,PP Nomor 28 Tahun 2025,PP,2025,28,BAB VII,Pengawasan,Bagian Keempat,,255,1,a,2,Ketentuan,dilakukan -t45-,Pasal 255 ayat (1) huruf a angka 2,,
PP_28_2025,PP Nomor 28 Tahun 2025,PP,2025,28,BAB VII,Pengawasan,Bagian Keempat,,255,1,a,2,Ketentuan,dilakukan setiap 6 (enam) bulan dalam 1 (satu) tahun laporan bagi Pelaku Usaha kecil.,Pasal 255 ayat (1) huruf a angka 2,"setiap, enam, bulan, satu, tahun",Pelaku Usaha
PP_28_2025,PP Nomor 28 Tahun 2025,PP,2025,28,BAB VII,Pengawasan,Bagian Keempat,,255,1,b,,Ketentuan,"Pengawasan rutin PBBR untuk pelaku UMK dilakukan melalui pembinaan, pendampingan, atau penyuluhan terkait kegiatan usaha; dan",Pasal 255 ayat (1) huruf b,"pengawasan, rutin, pbbr, pelaku, melalui",
PP_28_2025,PP Nomor 28 Tahun 2025,PP,2025,28,BAB VII,Pengawasan,Bagian Keempat,,255,1,c,,Kewajiban,"dalam hal berdasarkan hasil penilaian atas Pengawasan rutin yang dilakukan sebelumnya terhadap standar dan kewajiban, pelaku UMK dinilai patuh, tidak perlu dilakukan inspeksi lapangan.",Pasal 255 ayat (1) huruf c,"hasil, penilaian, pengawasan, rutin, sebelumnya",
PP_28_2025,PP Nomor 28 Tahun 2025,PP,2025,28,BAB VII,Pengawasan,Bagian Kelima,,256,1,,,Ketentuan,"Pencabutan persyaratan dasar, PB, dan/atau PB UMKU dilakukan dalam hal terdapat: a. permohonan Pelaku Usaha; b. permohonan pembubaran badan usaha; c. Pelaku Usaha melakukan pelanggaran ketentuan peraturan perundang-undangan terkait PBBR;",Pasal 256 ayat (1),"usaha, permohonan, pelaku, pencabutan, persyaratan","Pelaku Usaha, Badan Usaha"
PP_28_2025,PP Nomor 28 Tahun 2025,PP,2025,28,BAB VII,Pengawasan,Bagian Kelima,,256,1,d,,Ketentuan,putusan pengadilan yang telah berkekuatan hukum tetap; dan/atau,Pasal 256 ayat (1) huruf d,"putusan, pengadilan, berkekuatan, hukum, tetap",
PP_28_2025,PP Nomor 28 Tahun 2025,PP,2025,28,BAB VII,Pengawasan,Bagian Kelima,,256,1,e,,Hak,"berakhirnya hak atas tanah atau alokasi tanah di atas Hak Pengelolaan. (21 Permohonan pencabutan persyaratan dasar, PB, dan/atau PB UMKU sebagaimana dimaksud pada ayat (1) huruf a dan huruf b diajukan oleh Pelaku Usaha melalui Sistem OSS.",Pasal 256 ayat (1) huruf e,"tanah, berakhirnya, alokasi, pengelolaan, permohonan",Pelaku Usaha
PP_28_2025,PP Nomor 28 Tahun 2025,PP,2025,28,BAB VII,Pengawasan,Bagian Kelima,,256,3,,,Ketentuan,"Pencabutan berdasarkan ketentuan sebagaimana dimaksud pada ayat (1) huruf c dilakukan oleh kementerian/lembaga, Pemerintah Daerah, Administrator KEK, atau Badan Pengusahaan KPBPB melalui Sistem OSS sebagai tindak lanjut hasil pengawasan. (41 Pencabutan berdasarkan ketentuan sebagaimana dimaksud pada ayat (1) huruf d dilakukan oleh Lembaga OSS berdasarkan surat, keterangan, atau informasi tertulis yang telah berkekuatan hukum tetap dari lembaga peradilan.",Pasal 256 ayat (3),"lembaga, pencabutan, kementerian, daerah, administrator","Pemerintah Daerah, Kementerian, Lembaga OSS, Badan"
PP_28_2025,PP Nomor 28 Tahun 2025,PP,2025,28,BAB VII,Pengawasan,Bagian Kelima,,256,5,,,Ketentuan,Pencabutan REPUELIK INDONESIA -t46-,Pasal 256 ayat (5),"pencabutan, repuelik, indonesia",
PP_28_2025,PP Nomor 28 Tahun 2025,PP,2025,28,BAB VII,Pengawasan,Bagian Kelima,,256,5,,,Ketentuan,Pencabutan berdasarkan ketentuan sebagaimana dimaksud pada ayat (1) huruf e dilakukan oleh Lembaga OSS berdasarkan surat keputusan yang dikeluarkan oleh kepala Badan Pengusahaan KPBPB sesuai dengan ketentuan peraturan perundang- undangan di bidang kawasan perdagangan bebas dan pelabuhan bebas.,Pasal 256 ayat (5),"bebas, pencabutan, lembaga, surat, keputusan","Lembaga OSS, Badan"
PP_28_2025,PP Nomor 28 Tahun 2025,PP,2025,28,BAB VII,Pengawasan,Bagian Kelima,,256,6,,,Ketentuan,"Keputusan pencabutan persyaratan dasar, PB, dan/atau PB UMKU diterbitkan oleh Lembaga OSS. (71 Pencabutan sebagaimana dimaksud pada ayat (1) dilakukan sesuai dengan kewenangan penerbitan persyaratan dasar, PB, dan/atau PB UMKU.",Pasal 256 ayat (6),"pencabutan, persyaratan, dasar, umku, keputusan",Lembaga OSS
PP_28_2025,PP Nomor 28 Tahun 2025,PP,2025,28,BAB VII,Pengawasan,Bagian Kelima,,256,8,,,Ketentuan,"Ketentuan lebih lanjut mengenai tata cara pencabutan persyaratan dasar, PB, dan/atau PB UMKU diatur dalam peraturan menteri/kepala badan yang menyelenggarakan urusan pemerintahan di bidang investasi dan tugas pemerintahan di bidang koordinasi penanaman modal.",Pasal 256 ayat (8),"pemerintahan, bidang, lebih, lanjut, mengenai","Menteri, Badan"
PP_28_2025,PP Nomor 28 Tahun 2025,PP,2025,28,BAB VII,Pengawasan,Bagian Keenam,,257,1,,,Ketentuan,Pengawasan terhadap PBBR dapat dilakukan secara terkoordinasi dan terintegrasi dengan penyelenggaraan jaminan produk halal. (21 Integrasi sebagaimana dimaksud pada ayat (1) termasuk integrasi antara sistem elektronik terintegrasi layanan penyelenggaraan jaminan produk halal dengan Sistem OSS.,Pasal 257 ayat (1),"terintegrasi, penyelenggaraan, jaminan, produk, halal",
PP_28_2025,PP Nomor 28 Tahun 2025,PP,2025,28,BAB VII,Pengawasan,Bagian Keenam,,257,3,,,Ketentuan,Ketentuan lebih lanjut mengenai Pengawasan terhadap PBBR secara terkoordinasi dan terintegrasi dengan penyelenggaraan jaminan produk halal diatur dalam peraturan menteri/kepala badan yang menyelenggarakan urusan pemerintahan di bidang investasi dan tugas pemerintahan di bidang koordinasi penanaman modal setelah berkoordinasi dengan kepala badan yang melaksanakan tugas pemerintahan di bidang penyelenggaraan j aminan produk halal. Bagian -t47-,Pasal 257 ayat (3),"pemerintahan, bidang, penyelenggaraan, produk, halal","Menteri, Badan"
PP_28_2025,PP Nomor 28 Tahun 2025,PP,2025,28,BAB VII,Pengawasan,Bagian Ketujuh,,258,1,,,Ketentuan,Masyarakat dapat berperan serta dalam penyelenggaraan Pengawasan. (21 Peran serta masyarakat sebagaimana dimaksud pada ayat (1) meliputi:,Pasal 258 ayat (1),"masyarakat, berperan, penyelenggaraan, pengawasan, peran",Masyarakat
PP_28_2025,PP Nomor 28 Tahun 2025,PP,2025,28,BAB VII,Pengawasan,Bagian Ketujuh,,258,1,a,,Ketentuan,melakukan pemantauan terkait penyelenggaraan kegiatan usaha; dan,Pasal 258 ayat (1) huruf a,"melakukan, pemantauan, terkait, penyelenggaraan, kegiatan",
PP_28_2025,PP Nomor 28 Tahun 2025,PP,2025,28,BAB VII,Pengawasan,Bagian Ketujuh,,258,1,b,,Ketentuan,menyampaikan pengaduan masyarakat atas penyelenggaraan kegiatan usaha.,Pasal 258 ayat (1) huruf b,"menyampaikan, pengaduan, masyarakat, penyelenggaraan, kegiatan",Masyarakat
PP_28_2025,PP Nomor 28 Tahun 2025,PP,2025,28,BAB VII,Pengawasan,Bagian Ketujuh,,258,3,,,Ketentuan,Penyampaian pengaduan masyarakat sebagaimana dimaksud pada ayat (21huruf b dilakukan secara:,Pasal 258 ayat (3),"penyampaian, pengaduan, masyarakat",Masyarakat
PP_28_2025,PP Nomor 28 Tahun 2025,PP,2025,28,BAB VII,Pengawasan,Bagian Ketujuh,,258,3,a,,Ketentuan,langsung kepada Pemerintah Pusat atau Pemerintah Daerah; dan/atau b. tidak langsung yang disampaikan secara:,Pasal 258 ayat (3) huruf a,"langsung, kepada, pusat, daerah, disampaikan","Pemerintah Daerah, Pemerintah Pusat"
PP_28_2025,PP Nomor 28 Tahun 2025,PP,2025,28,BAB VII,Pengawasan,Bagian Ketujuh,,258,3,a,1,Ketentuan,tertulis kepada Pemerintah Pusat atau Pemerintah Daerah; atau,Pasal 258 ayat (3) huruf a angka 1,"tertulis, kepada, pusat, daerah","Pemerintah Daerah, Pemerintah Pusat"
PP_28_2025,PP Nomor 28 Tahun 2025,PP,2025,28,BAB VII,Pengawasan,Bagian Ketujuh,,258,3,a,2,Ketentuan,elektronik melalui Sistem OSS atau saluran pengaduan yang disediakan. (41 Lembaga OSS men5rusun prosedur pengelolaan pengaduan masyarakat secara elektronik melalui Sistem OSS sebagaimana dimaksud pada ayat (3) huruf b angka 2.,Pasal 258 ayat (3) huruf a angka 2,"elektronik, melalui, sistem, pengaduan, saluran","Lembaga OSS, Masyarakat"
PP_28_2025,PP Nomor 28 Tahun 2025,PP,2025,28,BAB VII,Pengawasan,Bagian Ketujuh,,258,5,,,Ketentuan,"Kementerian/lembaga, Pemerintah Daerah, Administrator KEK, dan/atau Badan Pengusahaan KPBPB menindaklanjuti pengaduan masyarakat secara sendiri- sendiri atau bersama-sama dengan kementerian/lembaga lainnya dan/atau Pemerintah Daerah.",Pasal 258 ayat (5),"kementerian, lembaga, daerah, sendiri, administrator","Pemerintah Daerah, Kementerian, Masyarakat, Lembaga, Badan"
PP_28_2025,PP Nomor 28 Tahun 2025,PP,2025,28,BAB VII,Pengawasan,Bagian Ketujuh,,258,6,,,Kewajiban,Pengaduan dari masyarakat sebagaimana dimaksud pada ayat (21 huruf b harus disampaikan secara benar dan dapat dipertanggungj awabkan. Pasal REFUBLIK INDONESIA,Pasal 258 ayat (6),"pengaduan, masyarakat, disampaikan, benar, dipertanggungj",Masyarakat
PP_28_2025,PP Nomor 28 Tahun 2025,PP,2025,28,BAB VII,Pengawasan,Bagian Ketujuh,,259,,,,Ketentuan,Pelaku Usaha dapat melakukan pengaduan terhadap pelaksana Pengawasan yang tidak menjalankan Pengawasan sesuai dengan ketentuan Peraturan Pemerintah ini.,Pasal 259,"pengawasan, pelaku, usaha, melakukan, pengaduan","Pelaku Usaha, Pemerintah"
PP_28_2025,PP Nomor 28 Tahun 2025,PP,2025,28,BAB VII,Pengawasan,Bagian Ketujuh,,260,,,,Sanksi,Pelaksana Pengawasan yang tidak menjalankan Pengawasan sesuai dengan ketentuan Peraturan Pemerintah ini dikenai sanksi sesuai dengan ketentuan peraturan perundang- undangan.,Pasal 260,"pengawasan, pelaksana, menjalankan, dikenai, sanksi",Pemerintah
PP_28_2025,PP Nomor 28 Tahun 2025,PP,2025,28,BAB VII,Pengawasan,Bagian Ketujuh,,261,,,,Sanksi,Setiap orang yang menghalangi kegiatan Pengawasan dikenai sanksi administratif danlatau pidana sesuai dengan ketentuan peraturan perundang-undangan.,Pasal 261,"setiap, orang, menghalangi, kegiatan, pengawasan",
PP_28_2025,PP Nomor 28 Tahun 2025,PP,2025,28,BAB VII,Pengawasan,Bagian Ketujuh,,262,,,,Ketentuan,"Ketentuan lebih lanjut mengenai norma, standar, prosedur, dan kriteria terkait pelaksanaan Pengawasan diatur dalam peraturan menteri/kepala badan yang menyelenggarakan urusan pemerintahan di bidang investasi dan tugas pemerintahan di bidang koordinasi penanaman modal.",Pasal 262,"pemerintahan, bidang, lebih, lanjut, mengenai","Menteri, Badan"
PP_28_2025,PP Nomor 28 Tahun 2025,PP,2025,28,BAB VII,Pengawasan,Bagian Kedelapan,,263,1,,,Ketentuan,"Pengawasan terhadap KKPRL, rekomendasi pemanfaatan pulau-pulau kecil dengan luas di bawah 1O0 km2 (seratus kilometer persegi), PB, dan/atau PB UMKU pada sektor kelautan dan perikanan dilakukan oleh: a. menteri yang menyelenggarakan urusan pemerintahan di bidang kelautan dan perikanan; b. gubernur; c. bupati/wali kota; d. kepala Administrator KEK; dan/atau -r49- e. kepala Badan Pengusahaan KPBPB, sesuai dengan kewenangan masing-masing berdasarkan ketentuan peraturan perundang-undangan. (21 Kewenangan Pengawasan sebagaimana dimaksud pada ayat (1) dilakukan dengan ketentuan:",Pasal 263 ayat (1),"pengawasan, pulau, kelautan, perikanan, kepala","Wali Kota, Gubernur, Menteri, Bupati, Badan"
PP_28_2025,PP Nomor 28 Tahun 2025,PP,2025,28,BAB VII,Pengawasan,Bagian Kedelapan,,263,1,a,,Ketentuan,Pengawasan bersifat teknis oleh pejabat bidang kelautan dan perikanan; b. Pengawasan penegakan hukum oleh:,Pasal 263 ayat (1) huruf a,"pengawasan, bersifat, teknis, pejabat, bidang",
PP_28_2025,PP Nomor 28 Tahun 2025,PP,2025,28,BAB VII,Pengawasan,Bagian Kedelapan,,263,1,a,1,Ketentuan,"polisi khusus pengelolaan wilayah pesisir dan pulau-pulau kecil; dan 2. pengawas perikanan, sesuai dengan ketentuan peraturan perundang-undangan.",Pasal 263 ayat (1) huruf a angka 1,"pulau, polisi, khusus, pengelolaan, wilayah",
PP_28_2025,PP Nomor 28 Tahun 2025,PP,2025,28,BAB VII,Pengawasan,Bagian Kedelapan,,264,,,,Ketentuan,"Ketentuan mengenai tata cara pelaksanaan Pengawasan terhadap KKPRL, rekomendasi pemanfaatan pulau-pulau kecil dengan luas di bawah 100 km2 (seratus kilometer persegi), PB, dan/atau PB UMKU di sektor kelautan dan perikanan sebagaimana dimaksud dalam Pasal 263, kompetensi, dan peningkatan kapasitas pengawas pada sektor kelautan dan perikanan diatur dalam peraturan menteri yang menyelenggarakan urusan pemerintahan di bidang kelautan dan perikanan.",Pasal 264,"kelautan, perikanan, pulau, sektor, mengenai",Menteri
PP_28_2025,PP Nomor 28 Tahun 2025,PP,2025,28,BAB VII,Pengawasan,Bagian Kedelapan,Paragraf 2,265,1,,,Ketentuan,Pengawasan terhadap PB dan/atau PB UMKU di sektor pertanian dilakukan oleh: a. menteri yang menyelenggarakan urusan pemerintahan di bidang pertanian; b. gubernur;,Pasal 265 ayat (1),"pertanian, pengawasan, umku, sektor, menteri","Gubernur, Menteri"
PP_28_2025,PP Nomor 28 Tahun 2025,PP,2025,28,BAB VII,Pengawasan,Bagian Kedelapan,Paragraf 2,265,1,c,,Ketentuan,"bupati/wali kota; d. kepala Administrator KEK; dan/atau e. kepala Badan Pengusahaan KPBPB, sesuai dengan kewenangan masing-masing berdasarkan ketentuan peraturan perundang-undangan.",Pasal 265 ayat (1) huruf c,"kepala, masing, bupati, wali, kota","Wali Kota, Bupati, Badan"
PP_28_2025,PP Nomor 28 Tahun 2025,PP,2025,28,BAB VII,Pengawasan,Bagian Kedelapan,Paragraf 2,265,2,,,Ketentuan,"Kewenangan _150_ (21 Kewenangan Pengawasan oleh menteri yang menyelenggarakan urusan pemerintahan di bidang pertanian sebagaimana dimaksud pada ayat (1) huruf a dilakukan oleh tenaga pengawas atau pejabat lainnya sesuai tugas, fungsi, dan kewenangan masing-masing.",Pasal 265 ayat (2),"kewenangan, masing, pengawasan, menteri, menyelenggarakan",Menteri
PP_28_2025,PP Nomor 28 Tahun 2025,PP,2025,28,BAB VII,Pengawasan,Bagian Kedelapan,Paragraf 2,266,,,,Ketentuan,"Pengawasan rutin pada sektor pertanian selain berdasarkan laporan kegiatan Penanaman Modal sebagaimana dimaksud dalam Pasal 24O ayat (5), juga berdasarkan laporan Pelaku Usaha sektor pertanian.",Pasal 266,"sektor, pertanian, laporan, pengawasan, rutin",Pelaku Usaha
PP_28_2025,PP Nomor 28 Tahun 2025,PP,2025,28,BAB VII,Pengawasan,Bagian Kedelapan,Paragraf 2,267,,,,Ketentuan,"Ketentuan mengenai tata cara pelaksanaan Pengawasan terhadap PB dan/atau PB UMKU sebagaimana dimaksud dalam Pasal 265, kompetensi, dan peningkatan kapasitas pengawas pada sektor pertanian diatur dalam peraturan menteri yang menyelenggarakan urusan pemerintahan di bidang pertanian.",Pasal 267,"pertanian, mengenai, tata, cara, pelaksanaan",Menteri
PP_28_2025,PP Nomor 28 Tahun 2025,PP,2025,28,BAB VII,Pengawasan,Bagian Kedelapan,Paragraf 3,268,,,,Ketentuan,"Pengawasan terhadap persetujuan kawasan hutan, rekomendasi pemanfaatan kawasan suaka alam atau kawasan pelestarian alam, dan PB di sektor kehutanan dilakukan oleh: a. menteri yang menyelenggarakan urusan pemerintahan di bidang kehutanan; b. gubernur;",Pasal 268,"kawasan, alam, kehutanan, pengawasan, persetujuan","Gubernur, Menteri"
PP_28_2025,PP Nomor 28 Tahun 2025,PP,2025,28,BAB VII,Pengawasan,Bagian Kedelapan,Paragraf 3,268,,c,,Ketentuan,"bupati/wali kota; d. kepala Administrator KEK; atau e. kepala Badan Pengusahaan KPBPB, sesuai dengan kewenangan masing-masing berdasarkan ketentuan peraturan perundang-undangan. Pasal R.EPUBLIK INDONESIA -151 -",Pasal 268 huruf c,"kepala, masing, bupati, wali, kota","Wali Kota, Bupati, Badan"
PP_28_2025,PP Nomor 28 Tahun 2025,PP,2025,28,BAB VII,Pengawasan,Bagian Kedelapan,Paragraf 3,269,,,,Ketentuan,"Ketentuan mengenai tata cara pelaksanaan pengawasan terhadap persetujuan kawasan hutan, rekomendasi pemanfaatan kawasan suaka alam atau kawasan pelestarian alam, dan PB sebagaimana dimaksud dalam Pasal 268, kompetensi, dan peningkatan kapasitas pengawas pada sektor kehutanan diatur dalam peraturan menteri yang menyelenggarakan urusan pemerintahan di bidang kehutanan.",Pasal 269,"kawasan, alam, kehutanan, mengenai, tata",Menteri
PP_28_2025,PP Nomor 28 Tahun 2025,PP,2025,28,BAB VII,Pengawasan,Bagian Kedelapan,Paragraf 4,27O,1,,,Ketentuan,"Pengawasan terhadap PB dan/atau PB UMKU pada sektor energi dan sumber daya mineral dilakukan oleh: a. menteri yang menyelenggarakan urusan pemerintahan di bidang energi dan sumber daya mineral; b. gubernur; c. bupati/wali kota; d. kepala Administrator KEK; e. kepala Badan Pengusahaan KPBPB; dan/atau f. kepala badan/lembaga lain, sesuai dengan kewenangan masing-masing berdasarkan ketentuan peraturan perundang-undangan dan/atau kontrak kerja sama. (21 Kewenangan Pengawasan sebagaimana dimaksud pada ayat (1) dilakukan oleh aparatur sipil negara bidang energi dan sumber daya mineral sesuai dengan ketentuan peraturan perundang-undangan. Pasal271 Dalam melaksanakan Pengawasan sebagaimana dimaksud dalam Pasal 27O, menteri yang menyelenggarakan urusan pemerintahan di bidang energi dan sumber daya mineral dapat mendelegasikan dan/atau melimpahkan kepada Pemerintah Daerah untuk melaksanakan Pengawasan sesuai dengan ketentuan peraturan perundang-undangan. Pasal. . . REPUBLTK INDONESIA -t52-",Pasal 27O ayat (1),"pengawasan, energi, sumber, daya, mineral","Pemerintah Daerah, Wali Kota, Gubernur, Menteri, Lembaga, Bupati"
PP_28_2025,PP Nomor 28 Tahun 2025,PP,2025,28,BAB VII,Pengawasan,Bagian Kedelapan,Paragraf 4,272,,,,Ketentuan,"Ketentuan mengenai tata cara pelaksanaan Pengawasan terhadap PB dan/atau PB UMKU sebagaimana dimaksud dalam Pasal 27O, kompetensi, dan peningkatan kapasitas pengawas pada sektor energi dan sumber daya mineral diatur dalam peraturan menteri yang menyelenggarakan urusan pemerintahan di bidang energi dan sumber daya mineral.",Pasal 272,"energi, sumber, daya, mineral, mengenai",Menteri
PP_28_2025,PP Nomor 28 Tahun 2025,PP,2025,28,BAB VII,Pengawasan,Bagian Kedelapan,Paragraf 5,273,1,,,Ketentuan,Pengawasan terhadap PB dan/atau PB UMKU di sektor ketenaganukliran dilakukan oleh kepala badan yang melaksanakan tugas pemerintahan di bidang pengawasan ketenaganukliran berdasarkan Peraturan Pemerintah ini dan ketentuan peraturan perundang-undangan.,Pasal 273 ayat (1),"pengawasan, ketenaganukliran, umku, sektor, kepala","Pemerintah, Badan"
PP_28_2025,PP Nomor 28 Tahun 2025,PP,2025,28,BAB VII,Pengawasan,Bagian Kedelapan,Paragraf 5,273,2,,,Ketentuan,"Pengawasan terhadap PB dan/atau PB UMKU sebagaimana dimaksud pada ayat (1) dilaksanakan secara rutin atau insidental. Pasal274 Kewenangan Pengawasan sebagaimana dimaksud dalam Pasal 273 ayat (2) dilakukan oleh: a. inspektur keselamatan nuklir; b. asesor; c. pejabat lain; dan f atau d. ahli, yang ditugaskan oleh kepala badan yang melaksanakan tugas pemerintahan di bidang pengawasan ketenaganukliran, sesuai dengan ketentuan peraturan perundang-undangan. Pasal Pasal275",Pasal 273 ayat (2),"pengawasan, umku, dilaksanakan, rutin, insidental",Badan
PP_28_2025,PP Nomor 28 Tahun 2025,PP,2025,28,BAB VII,Pengawasan,Bagian Kedelapan,Paragraf 5,273,1,,,Ketentuan,Pengawasan rutin sebagaimana dimaksud dalam Pasal 273 ayat (2) dilakukan sesuai dengan ketentuan sebagaimana dimaksud dalam Pasal 239. (21 Pengawasan sebagaimana dimaksud pada ayat (1) dilakukan minimal 1 (satu) kali selama masa berlaku PB dan/atau PB UMKU.,Pasal 273 ayat (1),"pengawasan, rutin, minimal, satu, kali",
PP_28_2025,PP Nomor 28 Tahun 2025,PP,2025,28,BAB VII,Pengawasan,Bagian Kedelapan,Paragraf 5,276,,,,Ketentuan,"Pengawasan insidental sebagaimana dimaksud dalam Pasal 273 ayat (2), selain berdasarkan ketentuan sebagaimana dimaksud dalam Pasal 251 ayat (2) juga dilaksanakan pada:",Pasal 276,"pengawasan, insidental, selain, dilaksanakan",
PP_28_2025,PP Nomor 28 Tahun 2025,PP,2025,28,BAB VII,Pengawasan,Bagian Kedelapan,Paragraf 5,276,,a,,Ketentuan,"keadaan darurat yang membahayakan pekerja, masyarakat, dan lingkungan; b. pelaksanaan Pengawasan untuk garda-aman nuklir; dan c. pengangkutan zat radioaktif.",Pasal 276 huruf a,"keadaan, darurat, membahayakan, pekerja, masyarakat","Masyarakat, Pekerja"
PP_28_2025,PP Nomor 28 Tahun 2025,PP,2025,28,BAB VII,Pengawasan,Bagian Kedelapan,Paragraf 5,277,,,,Ketentuan,"Ketentuan mengenai tata cara pelaksanaan Pengawasan terhadap PB dan/atau PB UMKU pada sektor ketenaganukliran sebagaimana dimaksud dalam Pasal 273, kompetensi, dan peningkatan kapasitas pengawas pada sektor ketenaganukliran diatur dalam peraturan kepala badan yang melaksanakan tugas pemerintahan di bidang pengawasan ketenaganukliran",Pasal 277,"ketenaganukliran, pengawasan, sektor, mengenai, tata",Badan
PP_28_2025,PP Nomor 28 Tahun 2025,PP,2025,28,BAB VII,Pengawasan,Bagian Kedelapan,Paragraf 6,278,,,,Ketentuan,Pengawasan terhadap PB dan/atau PB UMKU pada sektor perindustrian dilakukan oleh:,Pasal 278,"pengawasan, umku, sektor, perindustrian",
PP_28_2025,PP Nomor 28 Tahun 2025,PP,2025,28,BAB VII,Pengawasan,Bagian Kedelapan,Paragraf 6,278,,a,,Ketentuan,menteri yang menyelenggarakan urusan pemerintahan di bidang perindustrian; b. gubernur; REPUBLIK INOONESIA,Pasal 278 huruf a,"menteri, menyelenggarakan, urusan, pemerintahan, bidang","Gubernur, Menteri"
PP_28_2025,PP Nomor 28 Tahun 2025,PP,2025,28,BAB VII,Pengawasan,Bagian Kedelapan,Paragraf 6,278,,c,,Ketentuan,"bupati/wali kota; d. kepala Administrator KEK; atau e. kepala Badan Pengusahaan KPBPB, sesuai dengan kewenangan masing-masing berdasarkan ketentuan peraturan perundang-undangan.",Pasal 278 huruf c,"kepala, masing, bupati, wali, kota","Wali Kota, Bupati, Badan"
PP_28_2025,PP Nomor 28 Tahun 2025,PP,2025,28,BAB VII,Pengawasan,Bagian Kedelapan,Paragraf 6,279,,,,Ketentuan,"Ketentuan mengenai tata cara pelaksanaan pengawasan terhadap PB dan/atau PB UMKU pada sektor perindustrian sebagaimana dimaksud dalam Pasal 278, kompetensi, dan peningkatan kapasitas pengawas pada sektor perindustrian diatur dalam peraturan menteri yang menyelenggarakan urusan pemerintahan di bidang perindustrian.",Pasal 279,"perindustrian, sektor, mengenai, tata, cara",Menteri
PP_28_2025,PP Nomor 28 Tahun 2025,PP,2025,28,BAB VII,Pengawasan,Bagian Kedelapan,Paragraf 7,280,,,,Ketentuan,Pengawasan terhadap PB dan/atau PB UMKU pada sektor perdagangan dan metrologi legal dilakukan oleh:,Pasal 280,"pengawasan, umku, sektor, perdagangan, metrologi",
PP_28_2025,PP Nomor 28 Tahun 2025,PP,2025,28,BAB VII,Pengawasan,Bagian Kedelapan,Paragraf 7,280,,a,,Ketentuan,menteri yang menyelenggarakan urusan pemerintahan di bidang perdagangan; b. gubernur;,Pasal 280 huruf a,"menteri, menyelenggarakan, urusan, pemerintahan, bidang","Gubernur, Menteri"
PP_28_2025,PP Nomor 28 Tahun 2025,PP,2025,28,BAB VII,Pengawasan,Bagian Kedelapan,Paragraf 7,280,,c,,Ketentuan,"bupati/wali kota; d. kepala Administrator KEK; atau e. kepala Badan Pengusahaan KPBPB, sesuai dengan kewenangan masing-masing berdasarkan ketentuan peraturan perundang-undangan.",Pasal 280 huruf c,"kepala, masing, bupati, wali, kota","Wali Kota, Bupati, Badan"
PP_28_2025,PP Nomor 28 Tahun 2025,PP,2025,28,BAB VII,Pengawasan,Bagian Kedelapan,Paragraf 7,281,,,,Ketentuan,"Ketentuan mengenai tata cara pelaksanaan pengawasan terhadap PB dan/atau PB UMKU pada sektor perdagangan dan metrologi legal sebagaimana dimaksud dalam Pasal 28O, kompetensi, dan peningkatan kapasitas pengawas pada sektor perdagangan dan metrologi legal diatur dalam peraturan menteri yang menyelenggarakan urLlsan pemerintahan di bidang perdagangan. Paragraf. . . TIEPUBLIK INDONESIA",Pasal 281,"perdagangan, sektor, metrologi, legal, mengenai",Menteri
PP_28_2025,PP Nomor 28 Tahun 2025,PP,2025,28,BAB VII,Pengawasan,Bagian Kedelapan,Paragraf 8,282,,,,Ketentuan,"Pengawasan terhadap Bangunan Gedung, PB, dan/atau PB UMKU di sektor pekerjaan umum dan perumahan ralryat dilakukan oleh:",Pasal 282,"pengawasan, bangunan, gedung, umku, sektor",
PP_28_2025,PP Nomor 28 Tahun 2025,PP,2025,28,BAB VII,Pengawasan,Bagian Kedelapan,Paragraf 8,282,,a,,Ketentuan,menteri yang menyelenggarakan urusan pemerintahan di bidang pekerjaan umum;,Pasal 282 huruf a,"menteri, menyelenggarakan, urusan, pemerintahan, bidang",Menteri
PP_28_2025,PP Nomor 28 Tahun 2025,PP,2025,28,BAB VII,Pengawasan,Bagian Kedelapan,Paragraf 8,282,,b,,Ketentuan,"menteri yang menyelenggarakan urusan pemerintahan di bidang perumahan dan kawasan permukiman; c. gubernur; d. bupati/wali kota; e. kepala Administrator KEK; atau f. kepala Badan Pengusahaan KPBPB, sesuai dengan kewenangan masing-masing berdasarkan ketentuan peraturan perundang-undangan.",Pasal 282 huruf b,"kepala, masing, menteri, menyelenggarakan, urusan","Wali Kota, Gubernur, Menteri, Bupati, Badan"
PP_28_2025,PP Nomor 28 Tahun 2025,PP,2025,28,BAB VII,Pengawasan,Bagian Kedelapan,Paragraf 8,283,1,,,Ketentuan,"Pengawasan rutin pada subsektor jasa konstruksi selain berdasarkan laporan kegiatan Penanaman Modal sebagaimana dimaksud dalam Pasal 24O ayat (5), juga berdasarkan: a. laporan kegiatan usaha tahunan; dan",Pasal 283 ayat (1),"laporan, kegiatan, pengawasan, rutin, subsektor",
PP_28_2025,PP Nomor 28 Tahun 2025,PP,2025,28,BAB VII,Pengawasan,Bagian Kedelapan,Paragraf 8,283,1,b,,Ketentuan,pengawasan pelaksanaan proyek jasa konstruksi. (21 Laporan kegiatan usaha tahunan sebagaimana dimaksud pada ayat (1) hurufa untuk usaha orang perseorangan dan badan usaha jasa konstruksi kualifikasi kecil paling sedikit meliputi: a. laporan keuangan; dan b. data kepatuhan pelaksanaan PB.,Pasal 283 ayat (1) huruf b,"usaha, pelaksanaan, jasa, konstruksi, laporan","Orang Perseorangan, Badan Usaha"
PP_28_2025,PP Nomor 28 Tahun 2025,PP,2025,28,BAB VII,Pengawasan,Bagian Kedelapan,Paragraf 8,283,3,,,Ketentuan,"Laporan kegiatan usaha tahunan sebagaimana dimaksud pada ayat (1) huruf a untuk badan usaha jasa konstruksi kualifikasi menengah atau besar, dan badan usaha jasa konstruksi spesialis paling sedikit meliputi: a. data kepatuhan pelaksanaan PB; b. data kinerja manajemen perusahaan; c. data kinerja proyek;",Pasal 283 ayat (3),"usaha, data, badan, jasa, konstruksi",Badan Usaha
PP_28_2025,PP Nomor 28 Tahun 2025,PP,2025,28,BAB VII,Pengawasan,Bagian Kedelapan,Paragraf 8,283,3,d,,Ketentuan,laporan. d. laporan keuangan; dan,Pasal 283 ayat (3) huruf d,"laporan, keuangan",
PP_28_2025,PP Nomor 28 Tahun 2025,PP,2025,28,BAB VII,Pengawasan,Bagian Kedelapan,Paragraf 8,283,3,e,,Ketentuan,data keikutsertaan dalam kegiatan pengembangan usaha berkelanjutan.,Pasal 283 ayat (3) huruf e,"data, keikutsertaan, kegiatan, pengembangan, usaha",
PP_28_2025,PP Nomor 28 Tahun 2025,PP,2025,28,BAB VII,Pengawasan,Bagian Kedelapan,Paragraf 8,283,4,,,Ketentuan,Laporan kegiatan usaha tahunan sebagaimana dimaksud pada ayat (1) huruf a untuk lembaga sertifikasi paling sedikit meliputi: a. data profil lembaga sertifikasi; b. data kepatuhan pelaksanaan PB; c. data kinerja; d. laporan keuangan; dan e. data operasional.,Pasal 283 ayat (4),"data, laporan, lembaga, sertifikasi, kegiatan",Lembaga
PP_28_2025,PP Nomor 28 Tahun 2025,PP,2025,28,BAB VII,Pengawasan,Bagian Kedelapan,Paragraf 8,283,5,,,Ketentuan,Laporan kegiatan usaha tahunan sebagaimana dimaksud pada ayat (1) huruf a mengikuti ketentuan dalam peraturan perundang-undangan bidang jasa konstruksi.,Pasal 283 ayat (5),"laporan, kegiatan, usaha, tahunan, mengikuti",
PP_28_2025,PP Nomor 28 Tahun 2025,PP,2025,28,BAB VII,Pengawasan,Bagian Kedelapan,Paragraf 8,284,1,,,Ketentuan,Pengawasan atas pelaksanaan PB dan/atau PB UMKU pada subsektor sumber daya air bertujuan untuk menjamin ditaatinya ketentuan dalam PB dan/atau PB UMKU.,Pasal 284 ayat (1),"umku, pengawasan, pelaksanaan, subsektor, sumber",
PP_28_2025,PP Nomor 28 Tahun 2025,PP,2025,28,BAB VII,Pengawasan,Bagian Kedelapan,Paragraf 8,284,2,,,Ketentuan,Pengawasan sebagaimana dimaksud pada ayat (1) dilakukan terhadap: a. kesesuaian identitas antara pemegang PB dan/atau PB UMKU pada subsektor sumber daya air;,Pasal 284 ayat (2),"pengawasan, kesesuaian, identitas, pemegang, umku",
PP_28_2025,PP Nomor 28 Tahun 2025,PP,2025,28,BAB VII,Pengawasan,Bagian Kedelapan,Paragraf 8,284,2,b,,Ketentuan,"kesesuaian antara pelaksanaan dengan norma, standar, prosedur, dan kriteria dalam PB dan/atau PB UMKU pada subsektor sumber daya air;",Pasal 284 ayat (2) huruf b,"kesesuaian, pelaksanaan, norma, standar, prosedur",
PP_28_2025,PP Nomor 28 Tahun 2025,PP,2025,28,BAB VII,Pengawasan,Bagian Kedelapan,Paragraf 8,284,2,c,,Ketentuan,kesesuaian antara prasarana dan sarana yang tercantum dalam PB dan/atau PB UMKU pada subsektor sumber daya air dengan prasarana dan sarana yang dibangun; d. dampak negatif yang ditimbulkan; dan/atau,Pasal 284 ayat (2) huruf c,"prasarana, sarana, kesesuaian, tercantum, umku",
PP_28_2025,PP Nomor 28 Tahun 2025,PP,2025,28,BAB VII,Pengawasan,Bagian Kedelapan,Paragraf 8,284,2,e,,Ketentuan,penggunaan sumber daya air lain yang belum memperoleh PB dan/atau PB UMKU pada subsektor sumber daya air.,Pasal 284 ayat (2) huruf e,"sumber, daya, penggunaan, belum, memperoleh",
PP_28_2025,PP Nomor 28 Tahun 2025,PP,2025,28,BAB VII,Pengawasan,Bagian Kedelapan,Paragraf 8,284,3,,,Ketentuan,Pengawasan sebagaimana dimaksud pada ayat (21 dilakukan oleh:,Pasal 284 ayat (3),pengawasan,
PP_28_2025,PP Nomor 28 Tahun 2025,PP,2025,28,BAB VII,Pengawasan,Bagian Kedelapan,Paragraf 8,284,3,a,,Ketentuan,balai. . . REPUBLIK INOONESIA a. balai besar wilayah sungai/balai wilayah sungai;,Pasal 284 ayat (3) huruf a,"balai, wilayah, sungai, republik, inoonesia",
PP_28_2025,PP Nomor 28 Tahun 2025,PP,2025,28,BAB VII,Pengawasan,Bagian Kedelapan,Paragraf 8,284,3,b,,Ketentuan,instansi yang membidangi sumber daya air sesuai dengan kewenangannya;,Pasal 284 ayat (3) huruf b,"instansi, membidangi, sumber, daya, kewenangannya",Instansi
PP_28_2025,PP Nomor 28 Tahun 2025,PP,2025,28,BAB VII,Pengawasan,Bagian Kedelapan,Paragraf 8,284,3,c,,Ketentuan,"badan usaha milik negara/daerah di bidang pengelolaan sumber daya air, dan dapat melibatkan peran masyarakat.",Pasal 284 ayat (3) huruf c,"badan, usaha, milik, negara, daerah","Badan Usaha, Masyarakat"
PP_28_2025,PP Nomor 28 Tahun 2025,PP,2025,28,BAB VII,Pengawasan,Bagian Kedelapan,Paragraf 8,284,4,,,Ketentuan,"Hasil Pengawasan sebagaimana dimaksud pada ayat (3) merupakan bahan atau masukan bagi perbaikan, penertiban, dan/atau peningkatan penyelenggaraan PB dan/atau PB UMKU pada subsektor sumber daya air.",Pasal 284 ayat (4),"hasil, pengawasan, bahan, masukan, perbaikan",
PP_28_2025,PP Nomor 28 Tahun 2025,PP,2025,28,BAB VII,Pengawasan,Bagian Kedelapan,Paragraf 8,285,1,,,Kewajiban,"Pelaksanaan pekerjaan konstruksi, penggalian, jalan pemasangan, pengembalian konstruksi dan pelaksanaan pekerjaan perbaikan alinyemen vertikal dan horizontal, pelebaran jalur lalu lintas, peninggian ruang bebas, peningkatan kemampuan struktur jalan, peningkatan kemampuan struktur jembatan, pengaturan lalu lintas, dan pelaksanaan penggunaan ruang milik jalan wajib diawasi oleh petugas yang ditunjuk oleh penyelenggara jalan. (21 Hasil pelaksanaan pekerjaan sebagaimana dimaksud pada ayat (1) wajib diperiksa oleh tim pemeriksa teknis yang dibentuk oleh penyelenggara jalan.",Pasal 285 ayat (1),"jalan, pelaksanaan, pekerjaan, konstruksi, lalu",
PP_28_2025,PP Nomor 28 Tahun 2025,PP,2025,28,BAB VII,Pengawasan,Bagian Kedelapan,Paragraf 8,286,1,,,Ketentuan,Pengawasan atas pelaksanaan PB untuk pengembangan perumahan bertujuan untuk menjamin ditaatinya ketentuan peraturan perundang-undangan dalam pelaksanaan pengembangan perumahan setelah diterbitkannya PB. (21 Pelaku Usaha pada subsektor pengembangan perumahan selain menyampaikan laporan kegiatan Penanaman Modal sebagaimana dimaksud dalam Pasal 24O ayat (5) juga menyampaikan laporan yang memuat:,Pasal 286 ayat (1),"pengembangan, perumahan, pelaksanaan, menyampaikan, laporan",Pelaku Usaha
PP_28_2025,PP Nomor 28 Tahun 2025,PP,2025,28,BAB VII,Pengawasan,Bagian Kedelapan,Paragraf 8,286,1,a,,Ketentuan,pelaksanaan sistem perjanjian pengikatan jual beli untuk rumah tapak dan rumah susun; dan,Pasal 286 ayat (1) huruf a,"rumah, pelaksanaan, sistem, perjanjian, pengikatan",
PP_28_2025,PP Nomor 28 Tahun 2025,PP,2025,28,BAB VII,Pengawasan,Bagian Kedelapan,Paragraf 8,286,1,b,,Ketentuan,pembentukan perhimpunan pemilik dan penghuni satuan rumah susun untuk rumah susun sesuai dengan ketentuan peraturan perundang-undangan. Pasal. . .,Pasal 286 ayat (1) huruf b,"rumah, susun, pembentukan, perhimpunan, pemilik",
PP_28_2025,PP Nomor 28 Tahun 2025,PP,2025,28,BAB VII,Pengawasan,Bagian Kedelapan,Paragraf 8,287,,,,Ketentuan,Pengawasan atas pelaksanaan PB untuk menyelenggarakan sistem penyediaan air minum bertujuan untuk menjamin ditaatinya ketentuan dalam PB.,Pasal 287,"pengawasan, pelaksanaan, menyelenggarakan, sistem, penyediaan",
PP_28_2025,PP Nomor 28 Tahun 2025,PP,2025,28,BAB VII,Pengawasan,Bagian Kedelapan,Paragraf 8,288,,,,Ketentuan,"Ketentuan mengenai tata cara pelaksanaan Pengawasan terhadap Bangunan Gedung, PB, dan/atau PB UMKU pada sektor pekerjaan umum dan perumahan rakyat sebagaimana dimaksud dalam Pasal 282, kompetensi, dan peningkatan kapasitas pengawas pada sektor pekerjaan umum dan perumahan ralryat diatur dalam:",Pasal 288,"sektor, pekerjaan, umum, perumahan, mengenai",
PP_28_2025,PP Nomor 28 Tahun 2025,PP,2025,28,BAB VII,Pengawasan,Bagian Kedelapan,Paragraf 8,288,,a,,Ketentuan,peraturan menteri yang menyelenggarakan urusan pemerintahan di bidang pekerjaan umum; dan,Pasal 288 huruf a,"menteri, menyelenggarakan, urusan, pemerintahan, bidang",Menteri
PP_28_2025,PP Nomor 28 Tahun 2025,PP,2025,28,BAB VII,Pengawasan,Bagian Kedelapan,Paragraf 8,288,,b,,Ketentuan,"peraturan menteri yang menyelenggarakan urusan pemerintahan di bidang perumahan dan kawasan permukiman, sesuai dengan kewenangan masing-masing.",Pasal 288 huruf b,"masing, menteri, menyelenggarakan, urusan, pemerintahan",Menteri
PP_28_2025,PP Nomor 28 Tahun 2025,PP,2025,28,BAB VII,Pengawasan,Bagian Kedelapan,Paragraf 9,289,,,,Ketentuan,"Pengawasan terhadap persetujuan teknis analisis mengenai dampak lalu lintas, PB, dan/atau PB UMKU pada sektor transportasi dilakukan oleh:",Pasal 289,"pengawasan, persetujuan, teknis, analisis, mengenai",
PP_28_2025,PP Nomor 28 Tahun 2025,PP,2025,28,BAB VII,Pengawasan,Bagian Kedelapan,Paragraf 9,289,,a,,Ketentuan,menteri yang menyelenggarakan urusan pemerintahan di bidang transportasi; b. gubernur;,Pasal 289 huruf a,"menteri, menyelenggarakan, urusan, pemerintahan, bidang","Gubernur, Menteri"
PP_28_2025,PP Nomor 28 Tahun 2025,PP,2025,28,BAB VII,Pengawasan,Bagian Kedelapan,Paragraf 9,289,,c,,Ketentuan,"bupati/wali kota; d. kepala Administrator KEK; atau e. kepala Badan Pengusahaan KPBPB, sesuai dengan kewenangan masing-masing berdasarkan ketentuan peraturan perundang-undangan. Pasal NEPUBLIK INOONESIA",Pasal 289 huruf c,"kepala, masing, bupati, wali, kota","Wali Kota, Bupati, Badan"
PP_28_2025,PP Nomor 28 Tahun 2025,PP,2025,28,BAB VII,Pengawasan,Bagian Kedelapan,Paragraf 9,290,1,,,Ketentuan,Pengawasan rutin terhadap kegiatan usaha di sektor transportasi selain berdasarkan ketentuan sebagaimana dimaksud dalam Pasal 239 juga dilakukan dalam bentuk: a. audit; b. inspeksi; c. pengamatan; d. pemantauan;,Pasal 290 ayat (1),"pengawasan, rutin, kegiatan, usaha, sektor",
PP_28_2025,PP Nomor 28 Tahun 2025,PP,2025,28,BAB VII,Pengawasan,Bagian Kedelapan,Paragraf 9,290,1,e,,Ketentuan,"uji petik; dan/atau f. pengujian (test). (21 Audit sebagaimana dimaksud pada ayat (1) huruf a merupakan pemeriksaan yang terjadwal, sistematis, dan mendalam terhadap prosedur, fasilitas, personel, dan dokumentasi organisasi penyedia jasa transportasi untuk melihat tingkat kepatuhan terhadap ketentuan peraturan perundang-undangan.",Pasal 290 ayat (1) huruf e,"petik, pengujian, test, audit, pemeriksaan",
PP_28_2025,PP Nomor 28 Tahun 2025,PP,2025,28,BAB VII,Pengawasan,Bagian Kedelapan,Paragraf 9,290,3,,,Ketentuan,Inspeksi sebagaimana dimaksud pada ayat (1) huruf b merupakan pemeriksaan sederhana terhadap pemenuhan standar suatu produk akhir objek tertentu oleh penyedia jasa.,Pasal 290 ayat (3),"inspeksi, pemeriksaan, sederhana, pemenuhan, standar",
PP_28_2025,PP Nomor 28 Tahun 2025,PP,2025,28,BAB VII,Pengawasan,Bagian Kedelapan,Paragraf 9,290,4,,,Ketentuan,"Pengamatan sebagaimana dimaksud pada ayat (1) huruf c merupakan kegiatan penelusuran yang mendalam atas bagian tertentu dari prosedur, fasilitas, personel, dan dokumentasi organisasi penyedia jasa transportasi dan pemangku kepentingan lainnya untuk melihat tingkat kepatuhan terhadap ketentuan peraturan perundang- undangan.",Pasal 290 ayat (4),"pengamatan, kegiatan, penelusuran, mendalam, tertentu",
PP_28_2025,PP Nomor 28 Tahun 2025,PP,2025,28,BAB VII,Pengawasan,Bagian Kedelapan,Paragraf 9,290,5,,,Ketentuan,"Pemantauan sebagaimana dimaksud pada ayat (1) huruf d merupakan kegiatan evaluasi terhadap data, laporan, dan informasi untuk mengetahui kecenderungan kinerja operasi/pelayanan penyedia jasa transportasi.",Pasal 290 ayat (5),"pemantauan, kegiatan, evaluasi, data, laporan",
PP_28_2025,PP Nomor 28 Tahun 2025,PP,2025,28,BAB VII,Pengawasan,Bagian Kedelapan,Paragraf 9,290,6,,,Ketentuan,Uji petik sebagaimana dimaksud pada ayat (1) huruf e merupakan uji coba secara tertutup atau terbuka terhadap upaya kesesuaian dengan simulasi percobaan. (71 Pengujian (test) sebagaimana dimaksud pada ayat (1) huruf f merupakan uji coba secara tertutup atau terbuka terhadap upaya keamanan transportasi atau tindakan keamanan transportasi dengan simulasi percobaan untuk tindakan melawan hukum. Pasal. . .,Pasal 290 ayat (6),"coba, tertutup, terbuka, upaya, simulasi",
PP_28_2025,PP Nomor 28 Tahun 2025,PP,2025,28,BAB VII,Pengawasan,Bagian Kedelapan,Paragraf 9,291,,,,Ketentuan,Pengawasan insidental selain berdasarkan ketentuan sebagaimana dimaksud dalam Pasal 251 ayat (21 jusa dilakukan: a. pada saat terjadinya kejadian atau kecelakaan; b. adanya laporan petugas;,Pasal 291,"pengawasan, insidental, selain, jusa, saat",
PP_28_2025,PP Nomor 28 Tahun 2025,PP,2025,28,BAB VII,Pengawasan,Bagian Kedelapan,Paragraf 9,291,,c,,Ketentuan,pada masa puncak angkutan; dan d. adanya kejadian penting lainnya.,Pasal 291 huruf c,"masa, puncak, angkutan, adanya, kejadian",
PP_28_2025,PP Nomor 28 Tahun 2025,PP,2025,28,BAB VII,Pengawasan,Bagian Kedelapan,Paragraf 9,292,,,,Ketentuan,"Ketentuan mengenai tata cara pelaksanaan Pengawasan terhadap persetujuan teknis analisis mengenai dampak lalu lintas, PB, dan/atau PB UMKU pada sektor transportasi sebagaimana dimaksud dalam Pasal 289, kompetensi, dan peningkatan kapasitas pengawas pada sektor transportasi diatur dalam peraturan menteri yang menyelenggarakan urusan pemerintahan di bidang transportasi.",Pasal 292,"transportasi, mengenai, sektor, tata, cara",Menteri
PP_28_2025,PP Nomor 28 Tahun 2025,PP,2025,28,BAB VII,Pengawasan,Bagian Kedelapan,Paragraf 10,293,,,,Ketentuan,Pengawasan terhadap PB dan/atau PB UMKU pada subsektor kesehatan dilakukan oleh:,Pasal 293,"pengawasan, umku, subsektor, kesehatan",
PP_28_2025,PP Nomor 28 Tahun 2025,PP,2025,28,BAB VII,Pengawasan,Bagian Kedelapan,Paragraf 10,293,,a,,Ketentuan,menteri yang menyelenggarakan urusan pemerintahan di bidang kesehatan; b. gubernur;,Pasal 293 huruf a,"menteri, menyelenggarakan, urusan, pemerintahan, bidang","Gubernur, Menteri"
PP_28_2025,PP Nomor 28 Tahun 2025,PP,2025,28,BAB VII,Pengawasan,Bagian Kedelapan,Paragraf 10,293,,c,,Ketentuan,"bupati/wali kota; d. kepala Administrator KEK; atau e. kepala Badan Pengusahaan KPBPB, sesuai dengan kewenangan masing-masing berdasarkan ketentuan peraturan perundang-undangan. Pasal REPUBLTK INOONESIA -161 -",Pasal 293 huruf c,"kepala, masing, bupati, wali, kota","Wali Kota, Bupati, Badan"
PP_28_2025,PP Nomor 28 Tahun 2025,PP,2025,28,BAB VII,Pengawasan,Bagian Kedelapan,Paragraf 10,294,,,,Ketentuan,Pengawasan rutin berupa inspeksi lapangan dilakukan dengan ketentuan sebagai berikut:,Pasal 294,"pengawasan, rutin, berupa, inspeksi, lapangan",
PP_28_2025,PP Nomor 28 Tahun 2025,PP,2025,28,BAB VII,Pengawasan,Bagian Kedelapan,Paragraf 10,294,,a,,Ketentuan,untuk kegiatan usaha sektor kesehatan dengan tingkat Risiko menengah rendah dilakukan 2 (dua) tahun sekali;,Pasal 294 huruf a,"kegiatan, usaha, sektor, kesehatan, tingkat",
PP_28_2025,PP Nomor 28 Tahun 2025,PP,2025,28,BAB VII,Pengawasan,Bagian Kedelapan,Paragraf 10,294,,b,,Ketentuan,untuk kegiatan usaha sektor kesehatan dengan tingkat Risiko menengah tinggi dilakukan 1 (satu) tahun sekali; dan,Pasal 294 huruf b,"kegiatan, usaha, sektor, kesehatan, tingkat",
PP_28_2025,PP Nomor 28 Tahun 2025,PP,2025,28,BAB VII,Pengawasan,Bagian Kedelapan,Paragraf 10,294,,c,,Ketentuan,untuk kegiatan usaha sektor kesehatan dengan tingkat Risiko tinggi dilakukan 1 (satu) tahun sekali.,Pasal 294 huruf c,"kegiatan, usaha, sektor, kesehatan, tingkat",
PP_28_2025,PP Nomor 28 Tahun 2025,PP,2025,28,BAB VII,Pengawasan,Bagian Kedelapan,Paragraf 10,295,,,,Ketentuan,"Dalam melakukan Pengawasan, menteri yang menyelenggarakan urusan pemerintahan di bidang kesehatan, gubernur, dan/atau bupati/wali kota dapat menugaskan tenaga pengawas kesehatan sesuai dengan ketentuan peraturan perundang-undangan.",Pasal 295,"kesehatan, melakukan, pengawasan, menteri, menyelenggarakan","Wali Kota, Gubernur, Menteri, Bupati"
PP_28_2025,PP Nomor 28 Tahun 2025,PP,2025,28,BAB VII,Pengawasan,Bagian Kedelapan,Paragraf 10,296,,,,Ketentuan,"Ketentuan lebih lanjut mengenai pengawasan terhadap PB dan/atau PB UMKU pada subsektor kesehatan sebagaimana dimaksud dalam Pasal 293, kompetensi, dan peningkatan kapasitas pengawas pada subsektor kesehatan diatur dalam peraturan menteri yang menyelenggarakan urusan pemerintahan di bidang kesehatan.",Pasal 296,"kesehatan, subsektor, lebih, lanjut, mengenai",Menteri
PP_28_2025,PP Nomor 28 Tahun 2025,PP,2025,28,BAB VII,Pengawasan,Bagian Kedelapan,Paragraf 10,297,,,,Ketentuan,Pengawasan terhadap PB UMKU pada subsektor obat dan makanan dilakukan oleh:,Pasal 297,"pengawasan, umku, subsektor, obat, makanan",
PP_28_2025,PP Nomor 28 Tahun 2025,PP,2025,28,BAB VII,Pengawasan,Bagian Kedelapan,Paragraf 10,297,,a,,Ketentuan,kepala badan yang melaksanakan tugas pemerintahan di bidang pengawasan obat dan makanan; b. gubernur;,Pasal 297 huruf a,"kepala, badan, melaksanakan, tugas, pemerintahan","Gubernur, Badan"
PP_28_2025,PP Nomor 28 Tahun 2025,PP,2025,28,BAB VII,Pengawasan,Bagian Kedelapan,Paragraf 10,297,,c,,Ketentuan,"bupati/wali kota; d. kepala Administrator KEK; atau e. kepala Badan Pengusahaan KPBPB, sesuai dengan kewenangan masing-masing berdasarkan ketentuan peraturan perundang-undangan. Pasal -t62-",Pasal 297 huruf c,"kepala, masing, bupati, wali, kota","Wali Kota, Bupati, Badan"
PP_28_2025,PP Nomor 28 Tahun 2025,PP,2025,28,BAB VII,Pengawasan,Bagian Kedelapan,Paragraf 10,298,1,,,Ketentuan,"Kepala badan yang melaksanakan tugas pemerintahan di bidang pengawasan obat dan makanan, gubernur, bupati/wali kota, kepala Administrator KEK, atau kepala Badan Pengusahaan KPBPB dalam melaksanakan Pengawasan dapat mengangkat tenaga pengawas yang bertugas melakukan Pengawasan sesuai dengan kewenangan masing-masing.",Pasal 298 ayat (1),"kepala, pengawasan, badan, melaksanakan, masing","Wali Kota, Gubernur, Bupati, Badan"
PP_28_2025,PP Nomor 28 Tahun 2025,PP,2025,28,BAB VII,Pengawasan,Bagian Kedelapan,Paragraf 10,298,2,,,Ketentuan,Pengangkatan tenaga pengawas sebagaimana dimaksud pada ayat (1) dilaksanakan sesuai dengan ketentuan peraturan perundang-undangan.,Pasal 298 ayat (2),"pengangkatan, tenaga, pengawas, dilaksanakan, perundang",
PP_28_2025,PP Nomor 28 Tahun 2025,PP,2025,28,BAB VII,Pengawasan,Bagian Kedelapan,Paragraf 10,299,1,,,Hak,"Dalam hal Pengawasan obat dan makanan pada fasilitas produksi, distribusi, pengangkutan, pelayanan, dan/atau penyerahan memerlukan klarilikasi dan konfirmasi lebih lanjut, tenaga pengawas berwenang melakukan tindakan pengamanan setempat.",Pasal 299 ayat (1),"pengawasan, obat, makanan, fasilitas, produksi",
PP_28_2025,PP Nomor 28 Tahun 2025,PP,2025,28,BAB VII,Pengawasan,Bagian Kedelapan,Paragraf 10,299,2,,,Ketentuan,Tindakan pengamanan setempat sebagaimana dimaksud pada ayat (1) meliputi: a. tindakan inventarisasi;,Pasal 299 ayat (2),"tindakan, pengamanan, setempat, meliputi, inventarisasi",
PP_28_2025,PP Nomor 28 Tahun 2025,PP,2025,28,BAB VII,Pengawasan,Bagian Kedelapan,Paragraf 10,299,2,b,,Ketentuan,"tindakan pengamanan terhadap bahan, produk, sarana, dan/atau alat dengan membuat garis pengaman;",Pasal 299 ayat (2) huruf b,"tindakan, pengamanan, bahan, produk, sarana",
PP_28_2025,PP Nomor 28 Tahun 2025,PP,2025,28,BAB VII,Pengawasan,Bagian Kedelapan,Paragraf 10,299,2,c,,Ketentuan,larangan mengedarkan untuk sementara waktu; dan/atau,Pasal 299 ayat (2) huruf c,"larangan, mengedarkan, sementara, waktu",
PP_28_2025,PP Nomor 28 Tahun 2025,PP,2025,28,BAB VII,Pengawasan,Bagian Kedelapan,Paragraf 10,299,2,d,,Ketentuan,sampling untuk uji laboratorium dan/atau penilaian penandaan.,Pasal 299 ayat (2) huruf d,"sampling, laboratorium, penilaian, penandaan",
PP_28_2025,PP Nomor 28 Tahun 2025,PP,2025,28,BAB VII,Pengawasan,Bagian Kedelapan,Paragraf 10,299,3,,,Kewajiban,Pemilik obat dan makanan bertanggung jawab atas obat dan makanan yang dilakukan tindakan pengamanan setempat sebagaimana dimaksud pada ayat (21. (41 Tindakan pengamanan setempat sebagaimana dimaksud pada ayat (21dituangkan dalam berita acara pengamanan setempat.,Pasal 299 ayat (3),"pengamanan, setempat, obat, makanan, tindakan",
PP_28_2025,PP Nomor 28 Tahun 2025,PP,2025,28,BAB VII,Pengawasan,Bagian Kedelapan,Paragraf 10,299,5,,,Ketentuan,Dalam REFUBLIK INDONESIA,Pasal 299 ayat (5),"refublik, indonesia",
PP_28_2025,PP Nomor 28 Tahun 2025,PP,2025,28,BAB VII,Pengawasan,Bagian Kedelapan,Paragraf 10,299,5,,,Sanksi,"Dalam hal hasil pemeriksaan fasilitas produksi, distribusi, pengangkutan, pelayanan, danf atau penyerahan obat dan makanan menunjukkan adanya dugaan tindak pidana di bidang obat dan makanan, penyidik pegawai negeri sipil melakukan penyidikan sesuai dengan ketentuan peraturan perundang-undangan. Pasal 3OO Ketentuan mengenai Pengawasan terhadap PB UMKU di subsektor obat dan makanan sebagaimana dimaksud dalam Pasal 297, kompetensi, dan peningkatan kapasitas tenaga pengawas pada subsektor obat dan makanan diatur dalam peraturan kepala badan yang melaksanakan tugas pemerintahan di bidang pengawasan obat dan makanan.",Pasal 299 ayat (5),"obat, makanan, bidang, pengawasan, subsektor",Badan
PP_28_2025,PP Nomor 28 Tahun 2025,PP,2025,28,BAB VII,Pengawasan,Bagian Kedelapan,Paragraf 10,301,,,,Ketentuan,Pengawasan terhadap PB UMKU pada subsektor pangan segar dilakukan oleh: a. kepala badan yang melaksanakan tugas pemerintahan di bidang pangan; b. gubernur;,Pasal 301,"pangan, pengawasan, umku, subsektor, segar","Gubernur, Badan"
PP_28_2025,PP Nomor 28 Tahun 2025,PP,2025,28,BAB VII,Pengawasan,Bagian Kedelapan,Paragraf 10,301,,c,,Ketentuan,"bupati/wali kota; d. kepala Administrator KEK; atau e. kepala Badan Pengusahaan KPBPB, sesuai dengan kewenangan masing-masing berdasarkan ketentuan peraturan perLrndang-undangan.",Pasal 301 huruf c,"kepala, masing, bupati, wali, kota","Wali Kota, Bupati, Badan"
PP_28_2025,PP Nomor 28 Tahun 2025,PP,2025,28,BAB VII,Pengawasan,Bagian Kedelapan,Paragraf 10,302,1,,,Ketentuan,"Pengawasan rutin pada subsektor pangan segar selain berdasarkan laporan kegiatan Penanaman Modal sebagaimana dimaksud dalam Pasal 24O ayat (5) juga berdasarkan laporan Pelaku Usaha terkait pelaksanaan PB UMKU sarana penanganan pangan segar, peredaran pangan segar, dan jaminan keamanan pangan segar produk ekspor.",Pasal 302 ayat (1),"pangan, segar, laporan, pengawasan, rutin",Pelaku Usaha
PP_28_2025,PP Nomor 28 Tahun 2025,PP,2025,28,BAB VII,Pengawasan,Bagian Kedelapan,Paragraf 10,302,2,,,Ketentuan,Laporan . REPUELIK INOONESIA -t64- (21 Laporan sebagaimana dimaksud pada ayat,Pasal 302 ayat (2),"laporan, repuelik, inoonesia",
PP_28_2025,PP Nomor 28 Tahun 2025,PP,2025,28,BAB VII,Pengawasan,Bagian Kedelapan,Paragraf 10,302,1,,,Ketentuan,"disampaikan 1 (satu) kali dalam 1 (satu) tahun oleh Pelaku Usaha kepada kepala badan yang melaksanakan tugas pemerintahan di bidang pangan, gubernur, bupati/wali kota, kepala Administrator KEK, atau kepala Badan Pengusahaan KPBPB sesuai dengan kewenangan masing- masing.",Pasal 302 ayat (1),"kepala, satu, badan, masing, disampaikan","Pelaku Usaha, Wali Kota, Gubernur, Bupati, Badan"
PP_28_2025,PP Nomor 28 Tahun 2025,PP,2025,28,BAB VII,Pengawasan,Bagian Kedelapan,Paragraf 10,303,1,,,Ketentuan,"Pengawasan rutin melalui inspeksi lapangan rutin selain berdasarkan ketentuan sebagaimana dimaksud dalam Pasal 243 juga dilakukan melalui pemeriksaan terhadap kegiatan/proses produksi, penyimpanan, pengangkutan, dan perdagangan pangan segar. (21 Pengawasan sebagaimana dimaksud pada ayat (1) dilakukan dengan pemeriksaan administrasi dan pemeriksaan teknis atas pemenuhan standar yang dapat disertai dengan pengambilan contoh dan pengujian.",Pasal 303 ayat (1),"pemeriksaan, pengawasan, rutin, melalui, inspeksi",
PP_28_2025,PP Nomor 28 Tahun 2025,PP,2025,28,BAB VII,Pengawasan,Bagian Kedelapan,Paragraf 10,303,3,,,Ketentuan,Pengawasan sebagaimana dimaksud pada ayat (1) dilakukan:,Pasal 303 ayat (3),pengawasan,
PP_28_2025,PP Nomor 28 Tahun 2025,PP,2025,28,BAB VII,Pengawasan,Bagian Kedelapan,Paragraf 10,303,3,a,,Ketentuan,mempertimbangkan kepatuhan Pelaku Usaha dan analisis Risiko keamanan pangan segar; atau,Pasal 303 ayat (3) huruf a,"mempertimbangkan, kepatuhan, pelaku, usaha, analisis",Pelaku Usaha
PP_28_2025,PP Nomor 28 Tahun 2025,PP,2025,28,BAB VII,Pengawasan,Bagian Kedelapan,Paragraf 10,303,3,b,,Ketentuan,1 (satu) kali dalam 1 (satu) tahun. Pasal 3O4,Pasal 303 ayat (3) huruf b,"satu, kali, tahun",
PP_28_2025,PP Nomor 28 Tahun 2025,PP,2025,28,BAB VII,Pengawasan,Bagian Kedelapan,Paragraf 10,303,1,,,Ketentuan,"Kepala badan yang melaksanakan tugas pemerintahan di bidang pangan, gubernur, bupati lwali kota, kepala Administrator KEK, atau kepala Badan Pengusahaan KPBPB dalam melaksanakan pengawasan dapat mengangkat tenaga pengawas yang bertugas melakukan Pengawasan sesuai dengan kewenangan masing-masing.",Pasal 303 ayat (1),"kepala, badan, melaksanakan, pengawasan, masing","Gubernur, Bupati, Badan"
PP_28_2025,PP Nomor 28 Tahun 2025,PP,2025,28,BAB VII,Pengawasan,Bagian Kedelapan,Paragraf 10,303,2,,,Ketentuan,Pengangkatan tenaga pengawas sebagaimana dimaksud pada ayat (1) dilaksanakan sesuai dengan ketentuan peraturan perundang-undangan. Pasal _165_,Pasal 303 ayat (2),"pengangkatan, tenaga, pengawas, dilaksanakan, perundang",
PP_28_2025,PP Nomor 28 Tahun 2025,PP,2025,28,BAB VII,Pengawasan,Bagian Kedelapan,Paragraf 10,305,,,,Ketentuan,"Ketentuan lebih lanjut mengenai tata cara pelaksanaan Pengawasan terhadap PB UMKU di subsektor pangan segar sebagaimana dimaksud dalam Pasal 301, kompetensi, dan peningkatan kapasitas pengawas pada subsektor pangan segar diatur dalam peraturan kepala badan yang melaksanakan tugas pemerintahan di bidang pangan. Paragraf 1 1 Sektor Pendidikan dan Kebudayaan",Pasal 305,"pangan, subsektor, segar, lebih, lanjut",Badan
PP_28_2025,PP Nomor 28 Tahun 2025,PP,2025,28,BAB VII,Pengawasan,Bagian Kedelapan,Paragraf 10,306,,,,Ketentuan,Pengawasan terhadap PB dan/atau PB UMKU pada sektor pendidikan dan kebudayaan dilakukan oleh: a. menteri yang menyelenggarakan suburusan pemerintahan pendidikan dasar dan menengah; b. menteri yang menyelenggarakan suburusan pemerintahan pendidikan tinggi dan urusan pemerintahan di bidang ilmu pengetahuan dan teknologi;,Pasal 306,"pendidikan, pemerintahan, menteri, menyelenggarakan, suburusan",Menteri
PP_28_2025,PP Nomor 28 Tahun 2025,PP,2025,28,BAB VII,Pengawasan,Bagian Kedelapan,Paragraf 10,306,,c,,Ketentuan,"menteri yang menyelenggarakan urusan pemerintahan di bidang kebudayaan; d. kepala Administrator KEK; dan/atau e. kepala Badan Pengusahaan KPBPB, sesuai dengan kewenangan masing-masing berdasarkan ketentuan peraturan perundang-undangan.",Pasal 306 huruf c,"kepala, masing, menteri, menyelenggarakan, urusan","Menteri, Badan"
PP_28_2025,PP Nomor 28 Tahun 2025,PP,2025,28,BAB VII,Pengawasan,Bagian Kedelapan,Paragraf 10,307,,,,Ketentuan,Pengawasan rutin pada sektor pendidikan dan kebudayaan selain berdasarkan laporan kegiatan Penanaman Modal sebagaimana dimaksud dalam Pasal 24O ayat (5) juga dilakukan berdasarkan laporan Pelaku Usaha sektor pendidikan dan kebudayaan.,Pasal 307,"sektor, pendidikan, kebudayaan, laporan, pengawasan",Pelaku Usaha
PP_28_2025,PP Nomor 28 Tahun 2025,PP,2025,28,BAB VII,Pengawasan,Bagian Kedelapan,Paragraf 10,308,,,,Ketentuan,"Ketentuan mengenai tata cara pelaksanaan pengawasan terhadap PB dan/atau PB UMKU di sektor pendidikan dan kebudayaan sebagaimana dimaksud dalam Pasal 306, kompetensi, dan peningkatan kapasitas pengawas pada sektor pendidikan dan kebudayaan diatur dalam:",Pasal 308,"sektor, pendidikan, kebudayaan, mengenai, tata",
PP_28_2025,PP Nomor 28 Tahun 2025,PP,2025,28,BAB VII,Pengawasan,Bagian Kedelapan,Paragraf 10,308,,a,,Ketentuan,peraturan menteri yang menyelenggarakan suburusan pemerintahan pendidikan dasar dan menengah;,Pasal 308 huruf a,"menteri, menyelenggarakan, suburusan, pemerintahan, pendidikan",Menteri
PP_28_2025,PP Nomor 28 Tahun 2025,PP,2025,28,BAB VII,Pengawasan,Bagian Kedelapan,Paragraf 10,308,,b,,Ketentuan,peraturan . . -t66-,Pasal 308 huruf b,,
PP_28_2025,PP Nomor 28 Tahun 2025,PP,2025,28,BAB VII,Pengawasan,Bagian Kedelapan,Paragraf 10,308,,b,,Ketentuan,peraturan menteri yang menyelenggarakan suburusan pemerintahan pendidikan tinggi dan urusan pemerintahan di bidang ilmu pengetahuan dan teknologi; dan,Pasal 308 huruf b,"pemerintahan, menteri, menyelenggarakan, suburusan, pendidikan",Menteri
PP_28_2025,PP Nomor 28 Tahun 2025,PP,2025,28,BAB VII,Pengawasan,Bagian Kedelapan,Paragraf 10,308,,c,,Ketentuan,"peraturan menteri yang menyelenggarakan urusan pemerintahan di bidang kebudayaan, sesuai dengan kewenangan masing-masing.",Pasal 308 huruf c,"masing, menteri, menyelenggarakan, urusan, pemerintahan",Menteri
PP_28_2025,PP Nomor 28 Tahun 2025,PP,2025,28,BAB VII,Pengawasan,Bagian Kedelapan,Paragraf 12,309,,,,Ketentuan,Pengawasan terhadap PB pada sektor pariwisata dilakukan oleh:,Pasal 309,"pengawasan, sektor, pariwisata",
PP_28_2025,PP Nomor 28 Tahun 2025,PP,2025,28,BAB VII,Pengawasan,Bagian Kedelapan,Paragraf 12,309,,a,,Ketentuan,menteri yang menyelenggarakan urusan pemerintahan di bidang pariwisata; b. gubernur;,Pasal 309 huruf a,"menteri, menyelenggarakan, urusan, pemerintahan, bidang","Gubernur, Menteri"
PP_28_2025,PP Nomor 28 Tahun 2025,PP,2025,28,BAB VII,Pengawasan,Bagian Kedelapan,Paragraf 12,309,,c,,Ketentuan,"bupati/wali kota; d. kepala Administrator KEK; dan/atau e. kepala Badan Pengusahaan KPBPB, sesuai dengan kewenangan masing-masing berdasarkan ketentuan peraturan perundang-undangan.",Pasal 309 huruf c,"kepala, masing, bupati, wali, kota","Wali Kota, Bupati, Badan"
PP_28_2025,PP Nomor 28 Tahun 2025,PP,2025,28,BAB VII,Pengawasan,Bagian Kedelapan,Paragraf 12,310,,,,Ketentuan,"Ketentuan mengenai tata cara pelaksanaan pengawasan terhadap PB pada sektor pariwisata sebagaimana dimaksud dalam Pasal 309, kompetensi, dan peningkatan kapasitas pengawas pada sektor pariwisata diatur dalam peraturan menteri yang menyelenggarakan urusan pemerintahan di bidang pariwisata.",Pasal 310,"pariwisata, sektor, mengenai, tata, cara",Menteri
PP_28_2025,PP Nomor 28 Tahun 2025,PP,2025,28,BAB VII,Pengawasan,Bagian Kedelapan,Paragraf 13,31,1,,,Ketentuan,"Pengawasan terhadap PB pada sektor keagamaan dilaksanakan oleh menteri yang menyelenggarakan urusan pemerintahan di bidang agama berdasarkan ketentuan peraturan perLrndang-undangan. _167_ (21 Kewenangan Pengawasan oleh menteri yang menyelenggarakan urusan pemerintahan di bidang agama sebagaimana dimaksud pada ayat (1) dilakukan oleh aparatur sipil negara sesuai tugas, fungsi, dan kewenangan masing-masing. Pasal 3 12 Pengawasan rutin pada sektor keagamaan selain berdasarkan laporan kegiatan Penanaman Modal sebagaimana dimaksud dalam Pasal 24o ayat (5) juga dilakukan berdasarkan laporan Pelaku Usaha terkait penyelenggaraan ibadah haji khusus dan/atau penyelenggaraan perjalanan ibadah umrah.",Pasal 31 ayat (1),"pengawasan, sektor, keagamaan, menteri, menyelenggarakan","Pelaku Usaha, Menteri"
PP_28_2025,PP Nomor 28 Tahun 2025,PP,2025,28,BAB VII,Pengawasan,Bagian Kedelapan,Paragraf 13,313,,,,Ketentuan,"Ketentuan mengenai tata cara pelaksanaan pengawasan terhadap PB di sektor keagamaan sebagaimana dimaksud dalam Pasal 311, kompetensi, dan peningkatan kapasitas pengawas pada sektor keagamaan diatur dalam peraturan menteri yang menyelenggarakan urusan pemerintahan di bidang agama.",Pasal 313,"sektor, keagamaan, mengenai, tata, cara",Menteri
PP_28_2025,PP Nomor 28 Tahun 2025,PP,2025,28,BAB VII,Pengawasan,Bagian Kedelapan,Paragraf 14,314,,,,Ketentuan,"Pengawasan terhadap PB dan/atau PB UMKU pada sektor pos, telekomunikasi, dan penyiaran dilaksanakan oleh menteri yang menyelenggarakan urusan pemerintahan di bidang komunikasi dan informasi berdasarkan ketentuan peraturan perundang- undangan.",Pasal 314,"pengawasan, umku, sektor, telekomunikasi, penyiaran",Menteri
PP_28_2025,PP Nomor 28 Tahun 2025,PP,2025,28,BAB VII,Pengawasan,Bagian Kedelapan,Paragraf 14,315,,,,Ketentuan,Pengawasan atas isi siaran dalam kegiatan usaha pada subsektor penyelenggaraan penyiaran dilaksanakan oleh Komisi Penyiaran Indonesia sesuai dengan ketentuan peraturan perundang-undangan. Pasal,Pasal 315,"penyiaran, pengawasan, siaran, kegiatan, usaha",
PP_28_2025,PP Nomor 28 Tahun 2025,PP,2025,28,BAB VII,Pengawasan,Bagian Kedelapan,Paragraf 14,316,1,,,Ketentuan,"Menteri yang menyelenggarakan urusan pemerintahan di bidang komunikasi dan informasi selain melakukan Pengawasan rutin dan Pengawasan insidental sebagaimana dimaksud dalam Pasal 238, melakukan monitoring dan evaluasi terhadap kualitas layanan dan/atau produk layanan dari Pelaku Usaha yang mendapatkan PB dan/atau PB UMKU untuk kegiatan usaha pada sektor pos, telekomunikasi, dan penyiaran sesuai dengan ketentuan Peraturan Pemerintah ini dan ketentuan peraturan perundang-undangan. (21 Monitoring dan evaluasi sebagaimana dimaksud pada ayat",Pasal 316 ayat (1),"melakukan, pengawasan, monitoring, evaluasi, layanan","Pelaku Usaha, Pemerintah, Menteri"
PP_28_2025,PP Nomor 28 Tahun 2025,PP,2025,28,BAB VII,Pengawasan,Bagian Kedelapan,Paragraf 14,316,1,,,Ketentuan,"dilakukan melalui sistem monitoring pada sektor pos, telekomunikasi, dan penyiaran dengan memanfaatkan teknologi informasi dan komunikasi.",Pasal 316 ayat (1),"melalui, sistem, monitoring, sektor, telekomunikasi",
PP_28_2025,PP Nomor 28 Tahun 2025,PP,2025,28,BAB VII,Pengawasan,Bagian Kedelapan,Paragraf 14,316,3,,,Kewajiban,"Pelaku Usaha yang melakukan kegiatan usaha pada sektor poS, telekomunikasi, dan penyiaran wajib membuka akses dan memberikan informasi yang diminta untuk kepentingan monitoring dan evaluasi sebagaimana dimaksud pada ayat (1) dan ayat (2).",Pasal 316 ayat (3),"usaha, pelaku, melakukan, kegiatan, sektor",Pelaku Usaha
PP_28_2025,PP Nomor 28 Tahun 2025,PP,2025,28,BAB VII,Pengawasan,Bagian Kedelapan,Paragraf 14,316,4,,,Ketentuan,Menteri yang menyelenggarakan urusan pemerintahan di bidang komunikasi dan informasi dapat mengumumkan hasil monitoring dan evaluasi sebagaimana dimaksud pada ayat (1) dan ayat (2).,Pasal 316 ayat (4),"menteri, menyelenggarakan, urusan, pemerintahan, bidang",Menteri
PP_28_2025,PP Nomor 28 Tahun 2025,PP,2025,28,BAB VII,Pengawasan,Bagian Kedelapan,Paragraf 14,317,1,,,Hak,"UMK-M dapat memperoleh pendampingan untuk melakukan kegiatan usaha pada sektor poS, telekomunikasi, dan penyiaran dari menteri yang menyelenggarakan urusan pemerintahan di bidang komunikasi dan informasi.",Pasal 317 ayat (1),"memperoleh, pendampingan, melakukan, kegiatan, usaha","Menteri, UMK-M"
PP_28_2025,PP Nomor 28 Tahun 2025,PP,2025,28,BAB VII,Pengawasan,Bagian Kedelapan,Paragraf 14,317,2,,,Ketentuan,Pendampingan sebagaimana dimaksud pada ayat (1) dapat berupa:,Pasal 317 ayat (2),"pendampingan, berupa",
PP_28_2025,PP Nomor 28 Tahun 2025,PP,2025,28,BAB VII,Pengawasan,Bagian Kedelapan,Paragraf 14,317,2,a,,Ketentuan,"konsultasi teknis dan bisnis untuk kegiatan usaha pada sektor pos, telekomunikasi, dan penyiaran;",Pasal 317 ayat (2) huruf a,"konsultasi, teknis, bisnis, kegiatan, usaha",
PP_28_2025,PP Nomor 28 Tahun 2025,PP,2025,28,BAB VII,Pengawasan,Bagian Kedelapan,Paragraf 14,317,2,b,,Ketentuan,"peningkatan kompetensi berusaha untuk kegiatan usaha pada sektor poS, telekomunikasi, dan penyiaran; dan/atau c. fasilitasi kolaborasi dengan Pelaku Usaha pada sektor poS, telekomunikasi, dan penyiaran serta pihak terkait. Pasal. . .",Pasal 317 ayat (2) huruf b,"usaha, sektor, telekomunikasi, penyiaran, peningkatan",Pelaku Usaha
PP_28_2025,PP Nomor 28 Tahun 2025,PP,2025,28,BAB VII,Pengawasan,Bagian Kedelapan,Paragraf 14,318,1,,,Hak,Pengawasan terhadap hak labuh satelit dilakukan melalui evaluasi secara berkala daftar satelit asing yang beroperasi di wilayah Negara Kesatuan Republik Indonesia.,Pasal 318 ayat (1),"satelit, pengawasan, labuh, melalui, evaluasi",
PP_28_2025,PP Nomor 28 Tahun 2025,PP,2025,28,BAB VII,Pengawasan,Bagian Kedelapan,Paragraf 14,318,2,,,Ketentuan,Evaluasi sebagaimana dimaksud pada ayat (1) dilaksanakan oleh menteri yang menyelenggarakan urusan pemerintahan di bidang komunikasi dan informasi.,Pasal 318 ayat (2),"evaluasi, dilaksanakan, menteri, menyelenggarakan, urusan",Menteri
PP_28_2025,PP Nomor 28 Tahun 2025,PP,2025,28,BAB VII,Pengawasan,Bagian Kedelapan,Paragraf 14,319,1,,,Ketentuan,Pengawasan terhadap lzin pita frekuensi radio dan lzin stasiun radio dilakukan melalui:,Pasal 319 ayat (1),"lzin, radio, pengawasan, pita, frekuensi",
PP_28_2025,PP Nomor 28 Tahun 2025,PP,2025,28,BAB VII,Pengawasan,Bagian Kedelapan,Paragraf 14,319,1,a,,Ketentuan,Pengawasan administrasi; dan/atau b. Pengawasan teknis. (21 Pengawasan administrasi sebagaimana dimaksud pada ayat (1) huruf a dilakukan terhadap pemenuhan PB UMKU lzin pita frekuensi radio dan lzin stasiun radio sebagaimana tercantum dalam Lampiran II yang merupakan bagian tidak terpisahkan dari Peraturan Pemerintah ini.,Pasal 319 ayat (1) huruf a,"pengawasan, administrasi, lzin, radio, teknis",Pemerintah
PP_28_2025,PP Nomor 28 Tahun 2025,PP,2025,28,BAB VII,Pengawasan,Bagian Kedelapan,Paragraf 14,319,3,,,Ketentuan,Pengawasan teknis sebagaimana dimaksud pada ayat (1) huruf b dilakukan melalui kegiatan monitoring spektrum frekuensi radio.,Pasal 319 ayat (3),"pengawasan, teknis, melalui, kegiatan, monitoring",
PP_28_2025,PP Nomor 28 Tahun 2025,PP,2025,28,BAB VII,Pengawasan,Bagian Kedelapan,Paragraf 14,319,4,,,Ketentuan,Kegiatan monitoring spektrum frekuensi radio sebagaimana dimaksud pada ayat (3) terdiri dari: a. observasi penggunaan spektrum frekuensi radio;,Pasal 319 ayat (4),"spektrum, frekuensi, radio, kegiatan, monitoring",
PP_28_2025,PP Nomor 28 Tahun 2025,PP,2025,28,BAB VII,Pengawasan,Bagian Kedelapan,Paragraf 14,319,4,b,,Ketentuan,identifikasi dan deteksi penggunaan spektrum frekuensi radio; c. pengukuran pararneter teknis stasiun radio; dan d. inspeksi stasiun radio.,Pasal 319 ayat (4) huruf b,"radio, stasiun, identifikasi, deteksi, penggunaan",
PP_28_2025,PP Nomor 28 Tahun 2025,PP,2025,28,BAB VII,Pengawasan,Bagian Kedelapan,Paragraf 14,319,5,,,Ketentuan,Kegiatan monitoring spektrum frekuensi radio sebagaimana dimaksud pada ayat (41 dilakukan untuk memastikan:,Pasal 319 ayat (5),"kegiatan, monitoring, spektrum, frekuensi, radio",
PP_28_2025,PP Nomor 28 Tahun 2025,PP,2025,28,BAB VII,Pengawasan,Bagian Kedelapan,Paragraf 14,319,5,a,,Ketentuan,penggunaan spektrum frekuensi radio sesuai dengan PB UMKU yang diberikan;,Pasal 319 ayat (5) huruf a,"penggunaan, spektrum, frekuensi, radio, umku",
PP_28_2025,PP Nomor 28 Tahun 2025,PP,2025,28,BAB VII,Pengawasan,Bagian Kedelapan,Paragraf 14,319,5,b,,Ketentuan,penggunaan spektrum frekuensi radio tidak menimbulkan gangguan yang merugikan pada pengguna spektrum frekuensi radio lain; dan latau,Pasal 319 ayat (5) huruf b,"spektrum, frekuensi, radio, penggunaan, menimbulkan",
PP_28_2025,PP Nomor 28 Tahun 2025,PP,2025,28,BAB VII,Pengawasan,Bagian Kedelapan,Paragraf 14,319,5,c,,Ketentuan,penggunaan. _r70_ c penggunaan sinyal identifikasi atau identitas stasiun radio pada setiap pemancaran spektrum frekuensi radio untuk dinas radio komunikasi tertentu.,Pasal 319 ayat (5) huruf c,"radio, penggunaan, sinyal, identifikasi, identitas",
PP_28_2025,PP Nomor 28 Tahun 2025,PP,2025,28,BAB VII,Pengawasan,Bagian Kedelapan,Paragraf 14,320,,,,Ketentuan,Pengawasan terhadap alat telekomunikasi dan/atau perangkat telekomunikasi dilaksanakan melalui:,Pasal 320,"telekomunikasi, pengawasan, alat, perangkat, dilaksanakan",
PP_28_2025,PP Nomor 28 Tahun 2025,PP,2025,28,BAB VII,Pengawasan,Bagian Kedelapan,Paragraf 14,320,,a,,Ketentuan,pemeriksaan sertifikat alat telekomunikasi dan/atau perangkat telekomunikasi; dan b. pemeriksaan kesesuaian standar teknis alat telekomunikasi dan/atau perangkat telekomunikasi yang diperdagangkan dan/atau dipergunakan terhadap sertihkat alat telekomunikasi dan/ atau perangkat telekomunikasi.,Pasal 320 huruf a,"telekomunikasi, alat, perangkat, pemeriksaan, sertifikat",
PP_28_2025,PP Nomor 28 Tahun 2025,PP,2025,28,BAB VII,Pengawasan,Bagian Kedelapan,Paragraf 14,32,1,,,Ketentuan,"Pemeriksaan sertifikat alat telekomunikasi dan/atau perangkat telekomunikasi sebagaimana dimaksud dalam Pasal 32O huruf a yang dibuat, dirakit, dan/atau dimasukkan, untuk diperdagangkan dan/atau digunakan di wilayah Negara Kesatuan Republik Indonesia, dilaksanakan oleh menteri yang menyelenggarakan urusan pemerintahan di bidang komunikasi dan informasi.",Pasal 32 ayat (1),"telekomunikasi, pemeriksaan, sertifikat, alat, perangkat",Menteri
PP_28_2025,PP Nomor 28 Tahun 2025,PP,2025,28,BAB VII,Pengawasan,Bagian Kedelapan,Paragraf 14,32,2,,,Ketentuan,"Pemeriksaan sertilikat alat telekomunikasi dan/atau perangkat telekomunikasi sebagaimana dimaksud pada ayat (1) untuk alat telekomunikasi dan/atau perangkat telekomunikasi di dalam kawasan pabean, dilaksanakan oleh menteri yang menyelenggarakan urusan pemerintahan di bidang keuangan negara.",Pasal 32 ayat (2),"telekomunikasi, alat, perangkat, pemeriksaan, sertilikat",Menteri
PP_28_2025,PP Nomor 28 Tahun 2025,PP,2025,28,BAB VII,Pengawasan,Bagian Kedelapan,Paragraf 14,32,3,,,Ketentuan,"Dalam hal diperlukan, pemeriksaan sertifikat alat telekomunikasi dan/atau perangkat telekomunikasi sebagaimana dimaksud pada ayat (1) dapat melibatkan instansi terkait sesuai dengan ketentuan peraturan perundang-undangan.",Pasal 32 ayat (3),"telekomunikasi, diperlukan, pemeriksaan, sertifikat, alat",Instansi
PP_28_2025,PP Nomor 28 Tahun 2025,PP,2025,28,BAB VII,Pengawasan,Bagian Kedelapan,Paragraf 14,32,4,,,Kewajiban,"Selain pemeriksaan sertifikat alat telekomunikasi dan/atau perangkat telekomunikasi, pemeriksaan sebagaimana dimaksud pada ayat (1) juga dilakukan terhadap pemenuhan kewajiban pemasangan label.",Pasal 32 ayat (4),"pemeriksaan, telekomunikasi, selain, sertifikat, alat",
PP_28_2025,PP Nomor 28 Tahun 2025,PP,2025,28,BAB VII,Pengawasan,Bagian Kedelapan,Paragraf 14,32,5,,,Ketentuan,Jenis - t7t -,Pasal 32 ayat (5),jenis,
PP_28_2025,PP Nomor 28 Tahun 2025,PP,2025,28,BAB VII,Pengawasan,Bagian Kedelapan,Paragraf 14,32,5,,,Ketentuan,Jenis alat telekomunikasi dan/atau perangkat telekomunikasi yang dilakukan pemeriksaan di dalam kawasan pabean sebagaimana dimaksud pada ayat (21 ditetapkan oleh menteri yang menyelenggarakan urusan pemerintahan di bidang komunikasi dan informasi.,Pasal 32 ayat (5),"telekomunikasi, jenis, alat, perangkat, pemeriksaan",Menteri
PP_28_2025,PP Nomor 28 Tahun 2025,PP,2025,28,BAB VII,Pengawasan,Bagian Kedelapan,Paragraf 14,322,1,,,Ketentuan,Pemeriksaan kesesuaian standar teknis alat telekomunikasi dan/atau perangkat telekomunikasi yang diperdagangkan dan/atau dipergunakan terhadap sertifikat alat telekomunikasi dan/atau perangkat telekomunikasi sebagaimana dimaksud dalam Pasal 320 huruf b dilaksanakan dengan pertimbangan:,Pasal 322 ayat (1),"telekomunikasi, alat, perangkat, pemeriksaan, kesesuaian",
PP_28_2025,PP Nomor 28 Tahun 2025,PP,2025,28,BAB VII,Pengawasan,Bagian Kedelapan,Paragraf 14,322,1,a,,Ketentuan,"alat telekomunikasi dan/atau perangkat telekomunikasi menimbulkan gangguan baik terhadap jaringan telekomunikasi maupun terhadap keamanan, keselamatan, dan kesehatan manusia; b. adanya laporan pengaduan;",Pasal 322 ayat (1) huruf a,"telekomunikasi, alat, perangkat, menimbulkan, gangguan",
PP_28_2025,PP Nomor 28 Tahun 2025,PP,2025,28,BAB VII,Pengawasan,Bagian Kedelapan,Paragraf 14,322,1,c,,Ketentuan,riwayat ketidaksesuaian alat telekomunikasi dan/atau perangkat telekomunikasi; dan/atau d. adanya perbedaan harga yang signifikan dengan alat telekomunikasi dan/atau perangkat telekomunikasi produk sejenis. (21 Pemeriksaan kesesuaian sebagaimana dimaksud pada ayat (1) dilaksanakan terhadap alat telekomunikasi dan/atau perangkat telekomunikasi di sisi pengguna menggunakan metode sampling melalui: a. pemeriksaan administrasi; dan b. pemeriksaan teknis.,Pasal 322 ayat (1) huruf c,"telekomunikasi, alat, perangkat, pemeriksaan, riwayat",
PP_28_2025,PP Nomor 28 Tahun 2025,PP,2025,28,BAB VII,Pengawasan,Bagian Kedelapan,Paragraf 14,322,3,,,Ketentuan,"Pemeriksaan administrasi sebagaimana dimaksud pada ayat (21 huruf a berupa pemeriksaan terhadap dokumen spesifikasi teknis, kesesuaian merek dan tipe alat telekomunikasi dan/atau perangkat telekomunikasi, dan pemasangan label.",Pasal 322 ayat (3),"pemeriksaan, telekomunikasi, administrasi, berupa, dokumen",
PP_28_2025,PP Nomor 28 Tahun 2025,PP,2025,28,BAB VII,Pengawasan,Bagian Kedelapan,Paragraf 14,322,4,,,Ketentuan,Pemeriksaan teknis sebagaimana dimaksud pada ayat (21 huruf b berupa pengujian sampel alat telekomunikasi dan/atau perangkat telekomunikasi yang dilaksanakan oleh balai pengujian alat telekomunikasi dan/atau perangkat telekomunikasi. Pasal _t72_,Pasal 322 ayat (4),"telekomunikasi, pengujian, alat, perangkat, pemeriksaan",
PP_28_2025,PP Nomor 28 Tahun 2025,PP,2025,28,BAB VII,Pengawasan,Bagian Kedelapan,Paragraf 14,323,,,,Ketentuan,"Ketentuan mengenai tata cara pelaksanaan pengawasan terhadap PB dan/atau PB UMKU di sektor pos, telekomunikasi, dan penyiaran sebagaimana dimaksud dalam Pasal 314, kompetensi, dan peningkatan kapasitas pengawas pada sektor pos, telekomunikasi, dan penyiaran diatur dalam peraturan menteri yang menyelenggarakan urusan pemerintahan di bidang komunikasi dan informasi.",Pasal 323,"sektor, telekomunikasi, penyiaran, mengenai, tata",Menteri
PP_28_2025,PP Nomor 28 Tahun 2025,PP,2025,28,BAB VII,Pengawasan,Bagian Kedelapan,Paragraf 15,324,1,,,Ketentuan,Pengawasan terhadap PB dan/atau PB UMKU di subsektor industri pertahanan dilaksanakan oleh menteri yang menyelenggarakan urusan pemerintahan di bidang pertahanan berdasarkan ketentuan peraturan perundang- undangan. (21 Kewenangan Pengawasan sebagaimana dimaksud pada ayat (1) dilaksanakan oleh menteri yang menyelenggarakan urusan pemerintahan di bidang pertahanan berkoordinasi dengan menteri/kepala lembaga terkait.,Pasal 324 ayat (1),"pertahanan, menteri, pengawasan, dilaksanakan, menyelenggarakan","Menteri, Lembaga"
PP_28_2025,PP Nomor 28 Tahun 2025,PP,2025,28,BAB VII,Pengawasan,Bagian Kedelapan,Paragraf 15,324,3,,,Ketentuan,Pengawasan oleh menteri yang menyelenggarakan urusan pemerintahan di bidang pertahanan sebagaimana dimaksud pada ayat (2) dilaksanakan melalui satuan kerja yang mempunyai tugas dan fungsi terhadap PB dan/atau PB UMKU di subsektor industri pertahanan sesuai dengan ketentuan Peraturan Pemerintah ini dan ketentuan peraturan perundang-undangan.,Pasal 324 ayat (3),"pertahanan, pengawasan, menteri, menyelenggarakan, urusan","Pemerintah, Menteri"
PP_28_2025,PP Nomor 28 Tahun 2025,PP,2025,28,BAB VII,Pengawasan,Bagian Kedelapan,Paragraf 15,325,1,,,Ketentuan,Pengawasan rutin untuk subsektor industri pertahanan mencakup Pengawasan kepatuhan Pelaku Usaha non perseorangan terhadap standar pelaksanaan kegiatan usaha yang meliputi: a. pelaksanaan produksi; b. sumber daya manusia; c. fasilitas produksi dan/atau fasilitas pemeliharaan; dan d. teknologi yang telah dikuasai.,Pasal 325 ayat (1),"pengawasan, usaha, pelaksanaan, produksi, fasilitas",Pelaku Usaha
PP_28_2025,PP Nomor 28 Tahun 2025,PP,2025,28,BAB VII,Pengawasan,Bagian Kedelapan,Paragraf 15,325,2,,,Ketentuan,Pengawasan. _r73_,Pasal 325 ayat (2),pengawasan,
PP_28_2025,PP Nomor 28 Tahun 2025,PP,2025,28,BAB VII,Pengawasan,Bagian Kedelapan,Paragraf 15,325,2,,,Ketentuan,Pengawasan rutin sebagaimana dimaksud pada ayat (1) untuk subsektor industri pertahanan dilakukan melalui: a. survei; b. monitoring; dan/atau c. laporan.,Pasal 325 ayat (2),"pengawasan, rutin, subsektor, industri, pertahanan",
PP_28_2025,PP Nomor 28 Tahun 2025,PP,2025,28,BAB VII,Pengawasan,Bagian Kedelapan,Paragraf 15,325,3,,,Ketentuan,Pengawasan rutin sebagaimana dimaksud pada ayat (21 dilakukan setiap 6 (enam) bulan sekali.,Pasal 325 ayat (3),"pengawasan, rutin, setiap, enam, bulan",
PP_28_2025,PP Nomor 28 Tahun 2025,PP,2025,28,BAB VII,Pengawasan,Bagian Kedelapan,Paragraf 15,326,,,,Ketentuan,Pengawasan insidental untuk subsektor industri pertahanan mencakup Pengawasan kepatuhan Pelaku Usaha dan/atau industri pertahanan terhadap standar pelaksanaan kegiatan usaha.,Pasal 326,"pengawasan, industri, pertahanan, usaha, insidental",Pelaku Usaha
PP_28_2025,PP Nomor 28 Tahun 2025,PP,2025,28,BAB VII,Pengawasan,Bagian Kedelapan,Paragraf 15,327,1,,,Hak,Pengawasan dilakukan oleh pelaksana Pengawasan yang berasal dari kementerian yang menyelenggarakan urusan pemerintahan di bidang pertahanan dan kementerian/lembaga sesuai dengan ketentuan Peraturan Pemerintah ini dan ketentuan peraturan perundang- undangan. (21 Kewenangan pelaksana Pengawasan sebagaimana dimaksud pada ayat (1) meliputi kewenangan untuk mendapatkan hak akses terhadap:,Pasal 327 ayat (1),"pengawasan, pelaksana, kementerian, kewenangan, berasal","Kementerian, Pemerintah, Lembaga"
PP_28_2025,PP Nomor 28 Tahun 2025,PP,2025,28,BAB VII,Pengawasan,Bagian Kedelapan,Paragraf 15,327,1,a,,Ketentuan,"data, dokumen administrasi, dan legalitas perusahaan; b. fasilitas dan sarana industri pertahanan; c. kegiatan produksi industri pertahanan; dan",Pasal 327 ayat (1) huruf a,"industri, pertahanan, data, dokumen, administrasi",
PP_28_2025,PP Nomor 28 Tahun 2025,PP,2025,28,BAB VII,Pengawasan,Bagian Kedelapan,Paragraf 15,327,1,d,,Ketentuan,data produksi dan distribusi produk alat peralatan pertahanan dan keamanan yang dihasilkan.,Pasal 327 ayat (1) huruf d,"data, produksi, distribusi, produk, alat",
PP_28_2025,PP Nomor 28 Tahun 2025,PP,2025,28,BAB VII,Pengawasan,Bagian Kedelapan,Paragraf 15,327,3,,,Kewajiban,Kewajiban pelaksana Pengawasan sebagaimana dimaksud pada ayat (1) meliputi: a. menjaga kerahasiaan data dan dokumen/informasi; b. menjaga independensi; dan,Pasal 327 ayat (3),"menjaga, kewajiban, pelaksana, pengawasan, meliputi",
PP_28_2025,PP Nomor 28 Tahun 2025,PP,2025,28,BAB VII,Pengawasan,Bagian Kedelapan,Paragraf 15,327,3,c,,Ketentuan,"tidak terlibat korupsi, kolusi, dan nepotisme dalam melaksanakan tugas Pengawasan. Pasal. . . IIEPUBLIK INDONESIA -t74-",Pasal 327 ayat (3) huruf c,"terlibat, korupsi, kolusi, nepotisme, melaksanakan",
PP_28_2025,PP Nomor 28 Tahun 2025,PP,2025,28,BAB VII,Pengawasan,Bagian Kedelapan,Paragraf 15,328,,,,Ketentuan,"Ketentuan mengenai tata cara pelaksanaan Pengawasan terhadap PB dan/atau PB UMKU pada subsektor industri pertahanan sebagaimana dimaksud dalam Pasal 324, kompetensi, dan peningkatan kapasitas pengawas pada subsektor industri pertahanan diatur dalam peraturan menteri yang menyelenggarakan urusan pemerintahan di bidang pertahanan.",Pasal 328,"pertahanan, subsektor, industri, mengenai, tata",Menteri
PP_28_2025,PP Nomor 28 Tahun 2025,PP,2025,28,BAB VII,Pengawasan,Bagian Kedelapan,Paragraf 15,329,,,,Ketentuan,Pengawasan terhadap PB pada subsektor keamanan meliputi: a. Pengawasan tingkat daerah dilaksanakan oleh kepolisian daerah secara rutin di daerahnya; dan b. Pengawasan tingkat pusat dilaksanakan oleh Markas Besar Kepolisian Negara Republik Indonesia secara insidental.,Pasal 329,"pengawasan, tingkat, daerah, dilaksanakan, kepolisian",
PP_28_2025,PP Nomor 28 Tahun 2025,PP,2025,28,BAB VII,Pengawasan,Bagian Kedelapan,Paragraf 15,330,1,,,Ketentuan,"Kepolisian daerah sebagaimana dimaksud dalam Pasal 329 huruf a melaksanakan audit kelengkapan dan kecocokan, audit kesiapan untuk memberikan penilaian terhadap reliabilitas dan integritas operasional, serta kelayakan badan usaha jasa pengamanan dalam beroperasional.",Pasal 330 ayat (1),"audit, kepolisian, daerah, melaksanakan, kelengkapan",Badan Usaha
PP_28_2025,PP Nomor 28 Tahun 2025,PP,2025,28,BAB VII,Pengawasan,Bagian Kedelapan,Paragraf 15,330,2,,,Ketentuan,Markas Besar Kepolisian Negara Republik Indonesia sebagaimana dimaksud dalam Pasal 329 huruf b melakukan audit Pengawasan kepada badan usaha jasa pengamanan yang sudah mendapatkan PB dan melakukan kegiatan usaha lebih dari 1 (satu) wilayah hukum kepolisian daerah apabila dipandang perlu.,Pasal 330 ayat (2),"kepolisian, melakukan, usaha, markas, besar",Badan Usaha
PP_28_2025,PP Nomor 28 Tahun 2025,PP,2025,28,BAB VII,Pengawasan,Bagian Kedelapan,Paragraf 15,331,,,,Ketentuan,"Ketentuan mengenai tata cara pelaksanaan Pengawasan terhadap PB di subsektor keamanan sebagaimana dimaksud dalam Pasal 329, kompetensi, dan peningkatan kapasitas pengawas pada subsektor keamanan diatur dalam peraturan kepala Kepolisian Negara Republik Indonesia. Paragraf -t75_",Pasal 331,"subsektor, keamanan, mengenai, tata, cara",
PP_28_2025,PP Nomor 28 Tahun 2025,PP,2025,28,BAB VII,Pengawasan,Bagian Kedelapan,Paragraf 16,332,,,,Ketentuan,"Pengawasan terhadap PB pada sektor ekonomi kreatif dilakukan oleh: a. menteri/kepala badan yang menyelenggarakan suburusan pemerintahan ekonomi kreatif dan tugas pemerintahan di bidang ekonomi kreatif; b. gubernur; c. bupati/wali kota; d. kepala Administrator KEK; dan/atau e. kepala Badan Pengusahaan KPBPB, sesuai dengan kewenangan masing-masing berdasarkan ketentuan peraturan perLlndang-undangan.",Pasal 332,"ekonomi, kreatif, kepala, badan, pemerintahan","Wali Kota, Gubernur, Menteri, Bupati, Badan"
PP_28_2025,PP Nomor 28 Tahun 2025,PP,2025,28,BAB VII,Pengawasan,Bagian Kedelapan,Paragraf 16,333,,,,Ketentuan,"Ketentuan mengenai tata cara pelaksanaan Pengawasan terhadap PB pada sektor ekonomi kreatif sebagaimana dimaksud dalam Pasal 332, kompetensi, dan peningkatan kapasitas pengawas pada sektor ekonomi kreatif diatur dalam peraturan menteri/kepala badan yang menyelenggarakan suburusan pemerintahan ekonomi kreatif dan tugas pemerintahan di bidang ekonomi kreatif.",Pasal 333,"ekonomi, kreatif, sektor, pemerintahan, mengenai","Menteri, Badan"
PP_28_2025,PP Nomor 28 Tahun 2025,PP,2025,28,BAB VII,Pengawasan,Bagian Kedelapan,Paragraf 17,334,,,,Ketentuan,Pengawasan terhadap PB pada sektor informasi geospasial dilakukan oleh badan yang melaksanakan tugas pemerintahan di bidang informasi geospasial berdasarkan Peraturan Pemerintah ini dan ketentuan peraturan perundang-undangan.,Pasal 334,"informasi, geospasial, pengawasan, sektor, badan","Pemerintah, Badan"
PP_28_2025,PP Nomor 28 Tahun 2025,PP,2025,28,BAB VII,Pengawasan,Bagian Kedelapan,Paragraf 17,335,,,,Ketentuan,"Ketentuan mengenai tata cara pelaksanaan pengawasan terhadap PB di sektor informasi geospasial sebagaimana dimaksud dalam Pasal 334, kompetensi, dan peningkatan kapasitas pengawas pada sektor informasi geospasial diatur dalam peraturan kepala badan yang melaksanakan tugas pemerintahan di bidang informasi geospasial. Paragraf. . .",Pasal 335,"informasi, geospasial, sektor, mengenai, tata",Badan
PP_28_2025,PP Nomor 28 Tahun 2025,PP,2025,28,BAB VII,Pengawasan,Bagian Kedelapan,Paragraf 18,336,1,,,Ketentuan,Pengawasan terhadap PB dan/atau PB UMKU di sektor ketenagakerjaan dilakukan oleh :,Pasal 336 ayat (1),"pengawasan, umku, sektor, ketenagakerjaan",
PP_28_2025,PP Nomor 28 Tahun 2025,PP,2025,28,BAB VII,Pengawasan,Bagian Kedelapan,Paragraf 18,336,1,a,,Ketentuan,menteri yang menyelenggarakan urllsan pemerintahan di bidang ketenagakerjaan ;,Pasal 336 ayat (1) huruf a,"menteri, menyelenggarakan, urllsan, pemerintahan, bidang",Menteri
PP_28_2025,PP Nomor 28 Tahun 2025,PP,2025,28,BAB VII,Pengawasan,Bagian Kedelapan,Paragraf 18,336,1,b,,Ketentuan,"menteri/kepala badan yang menyelenggarakan suburusan pemerintahan pelindungan pekerja migran Indonesia dan tugas pemerintahan di bidang pelindungan pekerja migran Indonesia; c. gubernur; d. bupati/wali kota; e. kepala Administrator KEK; dan/atau f. kepala Badan Pengusahaan KPBPB, sesuai dengan kewenangan masing-masing berdasarkan ketentuan peraturan perllndang-undangan. (21 Pengawasan sebagaimana dimaksud pada ayat (1):",Pasal 336 ayat (1) huruf b,"kepala, badan, pemerintahan, pelindungan, pekerja","Wali Kota, Gubernur, Menteri, Pekerja, Bupati, Badan"
PP_28_2025,PP Nomor 28 Tahun 2025,PP,2025,28,BAB VII,Pengawasan,Bagian Kedelapan,Paragraf 18,336,1,a,,Ketentuan,"untuk urusan pemerintahan di bidang ketenagakerjaan, dilaksanakan oleh tim pengawas perizinan sektor ketenagakerj aan dengan melibatkan pengawas ketenagakerjaan; atau",Pasal 336 ayat (1) huruf a,"ketenagakerjaan, pengawas, urusan, pemerintahan, bidang",
PP_28_2025,PP Nomor 28 Tahun 2025,PP,2025,28,BAB VII,Pengawasan,Bagian Kedelapan,Paragraf 18,336,1,b,,Ketentuan,"untuk suburusan pemerintahan pelindungan pekerja migran Indonesia dan tugas pemerintahan di bidang pelindungan pekerja migran Indonesia, dilaksanakan oleh tim pengawas perizinan sektor ketenagakerjaan, dan dapat berkoordinasi dengan kementerian/lembaga terkait.",Pasal 336 ayat (1) huruf b,"pemerintahan, pelindungan, pekerja, migran, indonesia","Kementerian, Lembaga, Pekerja"
PP_28_2025,PP Nomor 28 Tahun 2025,PP,2025,28,BAB VII,Pengawasan,Bagian Kedelapan,Paragraf 18,336,3,,,Ketentuan,Pengawasan rutin sebagaimana dimaksud dalam Pasal 238 ayat (3) huruf a untuk sektor ketenagakerjaan dilakukan 1 (satu) kali dalam jangka waktu 1 (satu) tahun.,Pasal 336 ayat (3),"satu, pengawasan, rutin, sektor, ketenagakerjaan",
PP_28_2025,PP Nomor 28 Tahun 2025,PP,2025,28,BAB VII,Pengawasan,Bagian Kedelapan,Paragraf 18,337,,,,Ketentuan,"Ketentuan mengenai tata cara pelaksanaan Pengawasan terhadap PB dan/atau PB UMKU pada sektor ketenagakerjaan sebagaimana dimaksud dalam Pasal 336, kompetensi, dan peningkatan kapasitas pengawas pada sektor ketenagakerjaan diatur dalam:",Pasal 337,"sektor, ketenagakerjaan, mengenai, tata, cara",
PP_28_2025,PP Nomor 28 Tahun 2025,PP,2025,28,BAB VII,Pengawasan,Bagian Kedelapan,Paragraf 18,337,,a,,Ketentuan,peraturan menteri yang menyelenggarakan urusan pemerintahan di bidang ketenagakerjaan; dan,Pasal 337 huruf a,"menteri, menyelenggarakan, urusan, pemerintahan, bidang",Menteri
PP_28_2025,PP Nomor 28 Tahun 2025,PP,2025,28,BAB VII,Pengawasan,Bagian Kedelapan,Paragraf 18,337,,b,,Ketentuan,peraturan . REPUBLTK INDONESIA -t77-,Pasal 337 huruf b,"republtk, indonesia",
PP_28_2025,PP Nomor 28 Tahun 2025,PP,2025,28,BAB VII,Pengawasan,Bagian Kedelapan,Paragraf 18,337,,b,,Ketentuan,"peraturan menteri/kepala badan yang menyelenggarakan suburusan pemerintahan pelindungan pekerja migran Indonesia dan tugas pemerintahan di bidang pelindungan pekerja migran Indonesia, sesuai dengan kewenangan masing-masing berdasarkan ketentuan peraturan perurndang-undangan.",Pasal 337 huruf b,"pemerintahan, pelindungan, pekerja, migran, indonesia","Menteri, Pekerja, Badan"
PP_28_2025,PP Nomor 28 Tahun 2025,PP,2025,28,BAB VII,Pengawasan,Bagian Kedelapan,Paragraf 19,338,,,,Ketentuan,Pengawasan terhadap PB pada sektor perkoperasian dilakukan oleh: a. menteri yang menyelenggarakan urusan pemerintahan di bidang koperasi; b. gubernur;,Pasal 338,"pengawasan, sektor, perkoperasian, menteri, menyelenggarakan","Koperasi, Gubernur, Menteri"
PP_28_2025,PP Nomor 28 Tahun 2025,PP,2025,28,BAB VII,Pengawasan,Bagian Kedelapan,Paragraf 19,338,,c,,Ketentuan,"bupati/wali kota; d. kepala Administrator KEK; dan/atau e. kepala Badan Pengusahaan KPBPB, sesuai dengan kewenangan masing-masing berdasarkan ketentuan peraturan perundang-undangan.",Pasal 338 huruf c,"kepala, masing, bupati, wali, kota","Wali Kota, Bupati, Badan"
PP_28_2025,PP Nomor 28 Tahun 2025,PP,2025,28,BAB VII,Pengawasan,Bagian Kedelapan,Paragraf 19,339,,,,Ketentuan,Pengawasan rutin pada sektor perkoperasian selain berdasarkan laporan kegiatan Penanaman Modal sebagaimana dimaksud dalam Pasal 24O ayat (5)juga dilakukan berdasarkan laporan Pelaku Usaha terkait penyelenggaraan usaha sektor perkoperasian.,Pasal 339,"sektor, perkoperasian, laporan, usaha, pengawasan",Pelaku Usaha
PP_28_2025,PP Nomor 28 Tahun 2025,PP,2025,28,BAB VII,Pengawasan,Bagian Kedelapan,Paragraf 19,340,,,,Ketentuan,"Ketentuan mengenai tata cara pelaksanaan Pengawasan terhadap PB pada sektor perkoperasian sebagaimana dimaksud dalam Pasal 338, kompetensi, dan peningkatan kapasitas pengawas pada sektor perkoperasian diatur dalam peraturan menteri yang menyelenggarakan urusan pemerintahan di bidang koperasi.",Pasal 340,"sektor, perkoperasian, mengenai, tata, cara","Koperasi, Menteri"
PP_28_2025,PP Nomor 28 Tahun 2025,PP,2025,28,BAB VII,Pengawasan,Bagian Kedelapan,Paragraf 20,341,,,,Ketentuan,Pengawasan terhadap PB pada sektor Penanaman Modal dilakukan oleh:,Pasal 341,"pengawasan, sektor, penanaman, modal",
PP_28_2025,PP Nomor 28 Tahun 2025,PP,2025,28,BAB VII,Pengawasan,Bagian Kedelapan,Paragraf 20,341,,a,,Ketentuan,menteri. . . _r78_,Pasal 341 huruf a,menteri,Menteri
PP_28_2025,PP Nomor 28 Tahun 2025,PP,2025,28,BAB VII,Pengawasan,Bagian Kedelapan,Paragraf 20,341,,a,,Ketentuan,"menteri/kepala badan yang menyelenggarakan urusan pemerintahan di bidang investasi dan tugas pemerintahan di bidang koordinasi penanaman modal; b. kepala Administrator KEK; dan/atau c. kepala Badan Pengusahaan KPBPB, sesuai dengan kewenangan masing-masing berdasarkan ketentuan peraturan perLrndang-undangan.",Pasal 341 huruf a,"kepala, badan, pemerintahan, bidang, masing","Menteri, Badan"
PP_28_2025,PP Nomor 28 Tahun 2025,PP,2025,28,BAB VII,Pengawasan,Bagian Kedelapan,Paragraf 20,342,,,,Ketentuan,"Ketentuan mengenai tata cara pelaksanaan Pengawasan terhadap PB sektor Penanaman Modal sebagaimana dimaksud dalam Pasal 341, kompetensi, dan peningkatan kapasitas pengawas pada sektor Penanaman Modal diatur dalam peraturan menteri/kepala badan yang menyelenggarakan urusan pemerintahan di bidang investasi dan tugas pemerintahan di bidang koordinasi penanaman modal. 2l Paragraf Sektor Penyelenggaraan Sistem dan Transaksi Elektronik",Pasal 342,"sektor, penanaman, modal, pemerintahan, bidang","Menteri, Badan"
PP_28_2025,PP Nomor 28 Tahun 2025,PP,2025,28,BAB VII,Pengawasan,Bagian Kedelapan,Paragraf 20,343,,,,Ketentuan,Pengawasan terhadap PB dan/atau PB UMKU pada sektor penyelenggaraan sistem dan transaksi elektronik dilaksanakan oleh menteri yang menyelenggarakan urusan pemerintahan di bidang komunikasi dan informasi berdasarkan ketentuan peraturan perundang-undangan.,Pasal 343,"pengawasan, umku, sektor, penyelenggaraan, sistem",Menteri
PP_28_2025,PP Nomor 28 Tahun 2025,PP,2025,28,BAB VII,Pengawasan,Bagian Kedelapan,Paragraf 20,344,1,,,Ketentuan,Pengawasan pada sektor penyelenggaraan sistem dan transaksi elektronik dilakukan terhadap penyelenggara sistem elektronik lingkup privat dan penerbit gim. (21 Pengawasan rutin sebagaimana dimaksud dalam Pasal 238 ayat (3) huruf a terhadap penyelenggara sistem elektronik lingkup privat dilakukan dengan:,Pasal 344 ayat (1),"sistem, elektronik, pengawasan, penyelenggara, lingkup",
PP_28_2025,PP Nomor 28 Tahun 2025,PP,2025,28,BAB VII,Pengawasan,Bagian Kedelapan,Paragraf 20,344,1,a,,Ketentuan,memilih penyelenggara sistem elektronik lingkup privat sebagai sampel Pengawasan;,Pasal 344 ayat (1) huruf a,"memilih, penyelenggara, sistem, elektronik, lingkup",
PP_28_2025,PP Nomor 28 Tahun 2025,PP,2025,28,BAB VII,Pengawasan,Bagian Kedelapan,Paragraf 20,344,1,b,,Ketentuan,melakukan evaluasi terhadap sampel Pengawasan; dan/atau c. melakukan tindak lanjut atas evaluasi Pengawasan.,Pasal 344 ayat (1) huruf b,"melakukan, evaluasi, pengawasan, sampel, tindak",
PP_28_2025,PP Nomor 28 Tahun 2025,PP,2025,28,BAB VII,Pengawasan,Bagian Kedelapan,Paragraf 20,344,3,,,Ketentuan,Pengawasan. _t79_,Pasal 344 ayat (3),pengawasan,
PP_28_2025,PP Nomor 28 Tahun 2025,PP,2025,28,BAB VII,Pengawasan,Bagian Kedelapan,Paragraf 20,344,3,,,Ketentuan,Pengawasan rutin sebagaimana dimaksud dalam Pasal 238 ayat (3) huruf a terhadap penerbit gim dilakukan apabila telah melakukan klasifikasi secara mandiri dan telah diuji kesesuaian atas klasifikasi mandiri tersebut oleh lembaga klasifikasi.,Pasal 344 ayat (3),"klasifikasi, mandiri, pengawasan, rutin, penerbit",Lembaga
PP_28_2025,PP Nomor 28 Tahun 2025,PP,2025,28,BAB VII,Pengawasan,Bagian Kedelapan,Paragraf 20,344,4,,,Ketentuan,Pengawasan insidental terhadap penyelenggara sistem elektronik lingkup privat dan penerbit gim selain berdasarkan ketentuan sebagaimana dimaksud dalam Pasal 251 ayat (2)juga dilaksanakan dalam rangka:,Pasal 344 ayat (4),"pengawasan, insidental, penyelenggara, sistem, elektronik",
PP_28_2025,PP Nomor 28 Tahun 2025,PP,2025,28,BAB VII,Pengawasan,Bagian Kedelapan,Paragraf 20,344,4,a,,Ketentuan,"menindaklanjuti laporan dari kementerian/lembaga, aparat penegak hukum, dan/atau lembaga peradilan; dan/atau",Pasal 344 ayat (4) huruf a,"lembaga, menindaklanjuti, laporan, kementerian, aparat","Kementerian, Lembaga"
PP_28_2025,PP Nomor 28 Tahun 2025,PP,2025,28,BAB VII,Pengawasan,Bagian Kedelapan,Paragraf 20,344,4,b,,Ketentuan,menindaklanjuti temuan insiden dan/atau temuan insiden yang dihasilkan dari kegiatan Pengawasan.,Pasal 344 ayat (4) huruf b,"temuan, insiden, menindaklanjuti, dihasilkan, kegiatan",
PP_28_2025,PP Nomor 28 Tahun 2025,PP,2025,28,BAB VII,Pengawasan,Bagian Kedelapan,Paragraf 20,345,,,,Ketentuan,"Ketentuan mengenai tata cara pelaksanaan pengawasan terhadap PB dan/atau PB UMKU pada sektor penyelenggaraan sistem dan transaksi elektronik sebagaimana dimaksud dalam Pasal 343, kompetensi, dan peningkatan kapasitas pengawas pada sektor penyelenggaraan sistem dan transaksi elektronik diatur dalam peraturan menteri yang menyelenggarakan urusan pemerintahan di bidang komunikasi dan informasi.",Pasal 345,"sektor, penyelenggaraan, sistem, transaksi, elektronik",Menteri
PP_28_2025,PP Nomor 28 Tahun 2025,PP,2025,28,BAB VII,Pengawasan,Bagian Kedelapan,Paragraf 22,346,,,,Ketentuan,Pengawasan terhadap PL dan PB pada sektor lingkungan hidup dilakukan oleh:,Pasal 346,"pengawasan, sektor, lingkungan, hidup",
PP_28_2025,PP Nomor 28 Tahun 2025,PP,2025,28,BAB VII,Pengawasan,Bagian Kedelapan,Paragraf 22,346,,a,,Ketentuan,"menteri/kepala badan yang menyelenggarakan urusan pemerintahan di bidang perlindungan dan pengelolaan lingkungan hidup dan tugas pemerintahan di bidang pengendalian lingkungan hidup; b. gubernur; c. bupati/wali kota; d. kepala Administrator KEK; dan/atau e. kepala Badan Pengusahaan KPBPB, sesuai dengan kewenangan masing-masing berdasarkan ketentuan peraturan perurndang-undangan. Pasal. . . -180_",Pasal 346 huruf a,"kepala, badan, pemerintahan, bidang, lingkungan","Wali Kota, Gubernur, Menteri, Bupati, Badan"
PP_28_2025,PP Nomor 28 Tahun 2025,PP,2025,28,BAB VII,Pengawasan,Bagian Kedelapan,Paragraf 22,347,,,,Ketentuan,"Ketentuan mengenai tata cara pelaksanaan pengawasan terhadap PL dan PB pada sektor lingkungan hidup sebagaimana dimaksud dalam Pasal 346, kompetensi, dan peningkatan kapasitas pengawas pada sektor lingkungan hidup diatur dalam peraturan menteri/kepala badan yang menyelenggarakan urusan pemerintahan di bidang perlindungan dan pengelolaan lingkungan hidup dan tugas pemerintahan di bidang pengendalian lingkungan hidup.",Pasal 347,"lingkungan, hidup, sektor, pemerintahan, bidang","Menteri, Badan"
PP_28_2025,PP Nomor 28 Tahun 2025,PP,2025,28,BAB VIII,Evaluasi Dan Reformasi Kebijakan,,,348,1,,,Ketentuan,"Kementerian/lembaga melaksanakan evaluasi dan reformasi kebijakan PBBR secara berkelanjutan, transparan, akuntabel, dan menerapkan prinsip kehati- hatian. (21 Evaluasi dan reformasi kebijakan PBBR sebagaimana dimaksud pada ayat (1) dikoordinasikan oleh kementerian yang menyelenggarakan sinkronisasi dan koordinasi serta pengendalian pelaksanaan urusan kementerian dalam penyelenggaraan pemerintahan di bidang perekonomian.",Pasal 348 ayat (1),"kementerian, evaluasi, reformasi, kebijakan, pbbr","Kementerian, Lembaga"
PP_28_2025,PP Nomor 28 Tahun 2025,PP,2025,28,BAB VIII,Evaluasi Dan Reformasi Kebijakan,,,348,3,,,Ketentuan,"Pemerintah Daerah, Administrator KEK, dan Badan Pengusahaan KPBPB mendukung pelaksanaan evaluasi dan reformasi kebijakan sebagaimana dimaksud pada ayat",Pasal 348 ayat (3),"daerah, administrator, badan, pengusahaan, kpbpb","Pemerintah Daerah, Badan"
PP_28_2025,PP Nomor 28 Tahun 2025,PP,2025,28,BAB VIII,Evaluasi Dan Reformasi Kebijakan,,,348,1,,,Ketentuan,dengan: a. memberikan masukan terkait penyelenggaraan PBBR; dan/atau,Pasal 348 ayat (1),"memberikan, masukan, terkait, penyelenggaraan, pbbr",
PP_28_2025,PP Nomor 28 Tahun 2025,PP,2025,28,BAB VIII,Evaluasi Dan Reformasi Kebijakan,,,348,1,b,,Ketentuan,"menyediakan data dan/atau informasi penyelenggaraan PBBR, sesuai dengan kewenangan masing-masing.",Pasal 348 ayat (1) huruf b,"masing, menyediakan, data, informasi, penyelenggaraan",
PP_28_2025,PP Nomor 28 Tahun 2025,PP,2025,28,BAB VIII,Evaluasi Dan Reformasi Kebijakan,,,349,1,,,Ketentuan,Kementerian yang menyelenggarakan sinkronisasi dan koordinasi serta pengendalian pelaksanaan urusan kementerian dalam penyelenggaraan pemerintahan di bidang perekonomian melakukan koordinasi evaluasi dan reformasi kebijakan PBBR dalam rangka meningkatkan iklim berusaha. F.EPUBLIK INDONESIA,Pasal 349 ayat (1),"kementerian, koordinasi, menyelenggarakan, sinkronisasi, pengendalian",Kementerian
PP_28_2025,PP Nomor 28 Tahun 2025,PP,2025,28,BAB VIII,Evaluasi Dan Reformasi Kebijakan,,,349,2,,,Ketentuan,"Dalam rangka melakukan koordinasi sebagaimana dimaksud pada ayat (1), menteri yang menyelenggarakan sinkronisasi dan koordinasi serta pengendalian pelaksanaan urusan kementerian dalam penyelenggaraan pemerintahan di bidang perekonomian menetapkan rencana aksi PBBR.",Pasal 349 ayat (2),"koordinasi, rangka, melakukan, menteri, menyelenggarakan",Kementerian
PP_28_2025,PP Nomor 28 Tahun 2025,PP,2025,28,BAB VIII,Evaluasi Dan Reformasi Kebijakan,,,349,3,,,Ketentuan,Rencana aksi sebagaimana dimaksud pada ayat (2) paling sedikit memuat: a. pen5rusunan kebijakan PBBR; b. implementasi penyelenggaraan PBBR; c. penerapan reformasi PBBR ke dalam Sistem OSS;,Pasal 349 ayat (3),"pbbr, rencana, aksi, paling, sedikit",
PP_28_2025,PP Nomor 28 Tahun 2025,PP,2025,28,BAB VIII,Evaluasi Dan Reformasi Kebijakan,,,349,3,d,,Ketentuan,"peningkatan pemahaman dan kapasitas mengenai PBBR untuk kementerian/lembaga, Pemerintah Daerah, Administrator KEK, dan/atau Badan Pengusahaan KPBPB;",Pasal 349 ayat (3) huruf d,"peningkatan, pemahaman, kapasitas, mengenai, pbbr","Pemerintah Daerah, Kementerian, Lembaga, Badan"
PP_28_2025,PP Nomor 28 Tahun 2025,PP,2025,28,BAB VIII,Evaluasi Dan Reformasi Kebijakan,,,349,3,e,,Ketentuan,pelaksanaan sosialisasi kebijakan PBBR kepada masyarakat; dan f. evaluasi PBBR yang berkelanjutan.,Pasal 349 ayat (3) huruf e,"pbbr, pelaksanaan, sosialisasi, kebijakan, kepada",Masyarakat
PP_28_2025,PP Nomor 28 Tahun 2025,PP,2025,28,BAB IX,Pendanaan,,,350,1,,,Ketentuan,Pendanaan pengembangan Sistem OSS bersumber dari anggaran pendapatan dan belanja negara. (21 Pendanaan penyelenggaraan PBBR pada kementerian/lembaga bersumber dari anggaran pendapatan dan belanja negara dan sumber lain yang sah sesuai dengan ketentuan peraturan perundang- undangan.,Pasal 350 ayat (1),"pendanaan, bersumber, anggaran, pendapatan, belanja","Kementerian, Lembaga"
PP_28_2025,PP Nomor 28 Tahun 2025,PP,2025,28,BAB IX,Pendanaan,,,350,3,,,Ketentuan,Pendanaan penyelenggaraan PBBR pada pemerintah provinsi bersumber dari anggaran pendapatan dan belanja daerah provinsi dan sumber lain yang sah sesuai dengan ketentuan peraturan perundang-undangan.,Pasal 350 ayat (3),"provinsi, pendanaan, penyelenggaraan, pbbr, bersumber",Pemerintah
PP_28_2025,PP Nomor 28 Tahun 2025,PP,2025,28,BAB IX,Pendanaan,,,350,4,,,Ketentuan,Pendanaan penyelenggaraan PBBR pada pemerintah kabupaten/kota bersumber dari anggaran pendapatan dan belanja daerah kabupatenlkota dan sumber lain yang sah sesuai dengan ketentuan peraturan perundang- undangan. R.EPUBLIK INDONESIA -t82-,Pasal 350 ayat (4),"pendanaan, penyelenggaraan, pbbr, kabupaten, kota",Pemerintah
PP_28_2025,PP Nomor 28 Tahun 2025,PP,2025,28,BAB X,Penyelesaian Permasalahan Dan Hambatan,,,351,1,,,Kewajiban,"Menteri/kepala lembaga, gubernur, bupati lwali kota, kepala Administrator KEK, dan/atau kepala Badan Pengusahaan KPBPB wajib menyelesaikan hambatan dan permasalahan di bidangnya dalam pelaksanaan Peraturan Pemerintah ini sesuai dengan ketentuan peraturan perundang-undangan. (21 Dalam hal peraturan perundang-undangan tidak mengatur hal untuk penyelesaian hambatan dan permasalahan, menteri/kepala lembaga, gubernur, bupati/wali kota, dan/atau kepala Badan Pengusahaan KPBPB berwenang untuk menetapkan keputusan dan/atau melakukan tindakan yang diperlukan dalam rangka penyelesaian hambatan dan permasalahan dimaksud sepanjang sesuai dengan asas-asas umum pemerintahan yang baik.",Pasal 351 ayat (1),"kepala, hambatan, permasalahan, menteri, lembaga","Pemerintah, Wali Kota, Gubernur, Menteri, Lembaga, Bupati"
PP_28_2025,PP Nomor 28 Tahun 2025,PP,2025,28,BAB X,Penyelesaian Permasalahan Dan Hambatan,,,351,3,,,Ketentuan,"Dalam hal peraturan perundang-undangan tidak mengatur hal untuk penyelesaian hambatan dan permasalahan, kepala Administrator KEK melaporkan kepada dewan nasional KEK untuk menetapkan keputusan dan/atau melakukan tindakan yang diperlukan dalam rangka penyelesaian hambatan dan permasalahan dimaksud sepanjang sesuai dengan asas- asas umum pemerintahan yang baik.",Pasal 351 ayat (3),"penyelesaian, hambatan, permasalahan, asas, perundang",
PP_28_2025,PP Nomor 28 Tahun 2025,PP,2025,28,BAB X,Penyelesaian Permasalahan Dan Hambatan,,,352,1,,,Ketentuan,"Dalam hal terdapat laporan dan/atau pengaduan dari masyarakat kepada menteri/kepala lembaga, gubernur, bupati/wali kota, Kejaksaan Republik Indonesia, atau Kepolisian Negara Republik Indonesia mengenai penyimpangan atau penyalahgunaan wewenang dalam pelaksanaan Peraturan Pemerintah ini, penyelesaian dilakukan dengan mendahulukan proses administrasi sesuai dengan ketentuan peraturan perundang-undangan di bidang administrasi pemerintahan.",Pasal 352 ayat (1),"republik, indonesia, administrasi, terdapat, laporan","Masyarakat, Pemerintah, Wali Kota, Gubernur, Menteri, Lembaga"
PP_28_2025,PP Nomor 28 Tahun 2025,PP,2025,28,BAB X,Penyelesaian Permasalahan Dan Hambatan,,,352,2,,,Ketentuan,_183_,Pasal 352 ayat (2),,
PP_28_2025,PP Nomor 28 Tahun 2025,PP,2025,28,BAB X,Penyelesaian Permasalahan Dan Hambatan,,,352,2,,,Ketentuan,"Dalam hal laporan danf atau pengaduan dari masyarakat sebagaimana dimaksud pada ayat (1) disampaikan kepada Kejaksaan Republik Indonesia atau Kepolisian Negara Republik Indonesia, Kejaksaan Republik Indonesia atau Kepolisian Negara Republik Indonesia meneruskan/menyampaikan laporan masyarakat tersebut kepada menteri/kepala lembaga, gubernur, atau bupati/wali kota untuk dilakukan pemeriksaan.",Pasal 352 ayat (2),"republik, indonesia, laporan, masyarakat, kepada","Masyarakat, Wali Kota, Gubernur, Menteri, Lembaga, Bupati"
PP_28_2025,PP Nomor 28 Tahun 2025,PP,2025,28,BAB X,Penyelesaian Permasalahan Dan Hambatan,,,352,3,,,Ketentuan,"Menteri/kepala lembaga, gubernur, atau bupati/wali kota memeriksa laporan danlatau pengaduan dari masyarakat, baik yang diterima oleh kementerian, lembaga, atau Pemerintah Daerah bersangkutan sebagaimana dimaksud pada ayat (1), maupun yang diteruskan dari Kejaksaan Republik Indonesia atau Kepolisian Negara Republik Indonesia sebagaimana dimaksud pada ayat (21, dalam jangka waktu paling lama 5 (lima) Hari terhitung sejak laporan masyarakat diterima. (41 Dalam hal pemeriksaan sebagaimana dimaksud pada ayat",Pasal 352 ayat (3),"lembaga, laporan, masyarakat, diterima, republik","Pemerintah Daerah, Kementerian, Masyarakat, Wali Kota, Gubernur, Lembaga"
PP_28_2025,PP Nomor 28 Tahun 2025,PP,2025,28,BAB X,Penyelesaian Permasalahan Dan Hambatan,,,352,3,,,Ketentuan,"ditemukan indikasi penyalahgunaan wewenang, Menteri/kepala lembaga, gubernur, atau bupati/wali kota meminta aparat pengawasan intern pemerintah untuk melakukan pemeriksaan/audit lebih lanjut dalam waktu paling lama 30 (tiga puluh) Hari.",Pasal 352 ayat (3),"ditemukan, indikasi, penyalahgunaan, wewenang, menteri","Pemerintah, Wali Kota, Gubernur, Menteri, Lembaga, Bupati"
PP_28_2025,PP Nomor 28 Tahun 2025,PP,2025,28,BAB X,Penyelesaian Permasalahan Dan Hambatan,,,352,5,,,Ketentuan,Hasil pemeriksaan aparat pengawasan intern pemerintah sebagaimana dimaksud pada ayat (4) dapat berupa:,Pasal 352 ayat (5),"hasil, pemeriksaan, aparat, pengawasan, intern",Pemerintah
PP_28_2025,PP Nomor 28 Tahun 2025,PP,2025,28,BAB X,Penyelesaian Permasalahan Dan Hambatan,,,352,5,a,,Ketentuan,kesalahan administrasi yang tidak menimbulkan kerugian negara;,Pasal 352 ayat (5) huruf a,"kesalahan, administrasi, menimbulkan, kerugian, negara",
PP_28_2025,PP Nomor 28 Tahun 2025,PP,2025,28,BAB X,Penyelesaian Permasalahan Dan Hambatan,,,352,5,b,,Sanksi,kesalahan administrasi yang menimbulkan kerugian negara; atau c. tindak pidana yang bukan bersifat administratif.,Pasal 352 ayat (5) huruf b,"kesalahan, administrasi, menimbulkan, kerugian, negara",
PP_28_2025,PP Nomor 28 Tahun 2025,PP,2025,28,BAB X,Penyelesaian Permasalahan Dan Hambatan,,,352,6,,,Ketentuan,"Dalam hal hasil pemeriksaan aparat pengawasan intern pemerintah berupa kesalahan administrasi yang tidak menimbulkan kerugian negara sebagaimana dimaksud pada ayat (5) huruf a, penyelesaian dilakukan melalui penyempurnaan administrasi paling lambat 10 (sepuluh) Hari terhitung sejak hasil pemeriksaan aparat pengawasan intern pemerintah disampaikan. (71 Dalam hal hasil pemeriksaan aparat pengawasan intern pemerintah berupa kesalahan administrasi yang menimbulkan kerugian negara sebagaimana dimaksud pada ayat (5) huruf b, penyelesaian dilakukan melalui penyempurnaan administrasi dan pengembalian kerugian negara paling lambat 10 (sepuluh) Hari terhitung sejak hasil pemeriksaan aparat pengawasan intern pemerintah disampaikan. -t84-",Pasal 352 ayat (6),"hasil, pemeriksaan, aparat, pengawasan, intern",Pemerintah
PP_28_2025,PP Nomor 28 Tahun 2025,PP,2025,28,BAB X,Penyelesaian Permasalahan Dan Hambatan,,,352,8,,,Ketentuan,Penyelesaian hasil pemeriksaan aparat pengawasan intern pemerintah sebagaimana dimaksud pada ayat (6) dan ayat,Pasal 352 ayat (8),"penyelesaian, hasil, pemeriksaan, aparat, pengawasan",Pemerintah
PP_28_2025,PP Nomor 28 Tahun 2025,PP,2025,28,BAB X,Penyelesaian Permasalahan Dan Hambatan,,,352,7,,,Ketentuan,"disampaikan oleh menteri/kepala lembaga, gubernur, atau bupati/wali kota kepada Kejaksaan Republik Indonesia atau Kepolisian Negara Republik Indonesia sebagaimana dimaksud pada ayat (21 paling lambat 5 (lima) Hari terhitung sejak hasil pemeriksaan aparat pengawasan intern pemerintah disampaikan.",Pasal 352 ayat (7),"disampaikan, republik, indonesia, menteri, kepala","Pemerintah, Wali Kota, Gubernur, Menteri, Lembaga, Bupati"
PP_28_2025,PP Nomor 28 Tahun 2025,PP,2025,28,BAB X,Penyelesaian Permasalahan Dan Hambatan,,,352,9,,,Sanksi,"Dalam hal hasil pemeriksaan aparat pengawasan intern pemerintah berupa tindak pidana yang bukan bersifat administratif sebagaimana dimaksud pada ayat (5) huruf c, menteri/kepala lembaga, gubernur, atau bupati/wali kota dalam jangka waktu paling lambat 5 (lima) Hari terhitung sejak hasil pemeriksaan aparat pengawasan intern pemerintah disampaikan, menyampaikan kepada Kejaksaan Republik Indonesia atau Kepolisian Negara Republik Indonesia sebagaimana dimaksud pada ayat (21, untuk ditindaklanjuti sesuai dengan ketentuan peraturan perundang-undangan.",Pasal 352 ayat (9),"hasil, pemeriksaan, aparat, pengawasan, intern","Pemerintah, Wali Kota, Gubernur, Menteri, Lembaga, Bupati"
PP_28_2025,PP Nomor 28 Tahun 2025,PP,2025,28,BAB XI,Sanksi,Bagian Kesatu,,353,1,,,Sanksi,"Menteri/kepala lembaga, gubernur, bupati lwali kota, kepala Administrator KEK, dan/atau kepala Badan Pengusahaan KPBPB yang tidak menyelenggarakan PBBR melalui Sistem OSS dikenai sanksi administratif. (21 Sanksi administratif sebagaimana dimaksud pada ayat (1) berupa teguran tertulis yang disampaikan paling banyak 2 (dua) kali.",Pasal 353 ayat (1),"kepala, sanksi, administratif, menteri, lembaga","Gubernur, Menteri, Lembaga, Bupati, Badan"
PP_28_2025,PP Nomor 28 Tahun 2025,PP,2025,28,BAB XI,Sanksi,Bagian Kesatu,,353,3,,,Sanksi,"Dalam hal sanksi administratif berupa teguran tertulis telah disampaikan 2 (dua) kali sebagaimana dimaksud pada ayat (21 secara berturut-turut dan tetap tidak dilaksanakan: a. Lembaga OSS mengambil alih pemberian persyaratan dasar, PB, dan/atau PB UMKU yang menjadi kewenangan kementerian/lembaga, kepala Administrator KEK, atau kepala Badan Pengusahaan KPBPB;",Pasal 353 ayat (3),"lembaga, kepala, sanksi, administratif, berupa","Kementerian, Lembaga OSS, Badan"
PP_28_2025,PP Nomor 28 Tahun 2025,PP,2025,28,BAB XI,Sanksi,Bagian Kesatu,,353,3,b,,Ketentuan,menteri. . .,Pasal 353 ayat (3) huruf b,menteri,Menteri
PP_28_2025,PP Nomor 28 Tahun 2025,PP,2025,28,BAB XI,Sanksi,Bagian Kesatu,,353,3,b,,Ketentuan,"menteri atau kepala lembaga yang membina dan mengawasi persyaratan dasar, PB, dan/atau PB UMKU sektor mengambil alih pemberian persyaratan dasar, PB, dan/atau PB UMKU yang menjadi kewenangan gubernur; atau",Pasal 353 ayat (3) huruf b,"persyaratan, dasar, umku, menteri, kepala","Gubernur, Menteri, Lembaga"
PP_28_2025,PP Nomor 28 Tahun 2025,PP,2025,28,BAB XI,Sanksi,Bagian Kesatu,,353,3,c,,Ketentuan,"gubernur sebagai wakil Pemerintah Pusat mengambil alih pemberian persyaratan dasar, PB, dan/atau PB UMKU yang menjadi kewenangan bupati/wali kota.",Pasal 353 ayat (3) huruf c,"gubernur, wakil, pusat, mengambil, alih","Pemerintah Pusat, Wali Kota, Gubernur, Bupati"
PP_28_2025,PP Nomor 28 Tahun 2025,PP,2025,28,BAB XI,Sanksi,Bagian Kesatu,,354,1,,,Sanksi,"Menteri/kepala lembaga, gubernur, bupati lwali kota, kepala Administrator KEK, dan/atau kepala Badan Pengusahaan KPBPB mengenakan sanksi kepada pejabat yang tidak memberikan pelayanan dan melakukan Pengawasan sebagaimana diatur dalam Peraturan Pemerintah ini. (21 Sanksi sebagaimana dimaksud pada ayat (1) dilakukan sesuai dengan ketentuan peraturan perundang- undangan.",Pasal 354 ayat (1),"kepala, sanksi, menteri, lembaga, gubernur","Pemerintah, Gubernur, Menteri, Lembaga, Bupati, Badan"
PP_28_2025,PP Nomor 28 Tahun 2025,PP,2025,28,BAB XI,Sanksi,Bagian Kesatu,,355,1,,,Sanksi,"Pelaku Usaha yang melanggar persyaratan dasar, PB, dan/atau PB UMKU dikenai sanksi administratif.",Pasal 355 ayat (1),"pelaku, usaha, melanggar, persyaratan, dasar",Pelaku Usaha
PP_28_2025,PP Nomor 28 Tahun 2025,PP,2025,28,BAB XI,Sanksi,Bagian Kesatu,,355,2,,,Sanksi,Sanksi administratif sebagaimana dimaksud pada ayat (1) dapat berupa: a. peringatan; b. penghentian sementara kegiatan usaha; c. pengenaan denda administratif; d. pengenaan daya paksa polisional; e. pencabutan lisensi/sertifikasi/persetujuan; dan/atau,Pasal 355 ayat (2),"administratif, pengenaan, sanksi, berupa, peringatan",
PP_28_2025,PP Nomor 28 Tahun 2025,PP,2025,28,BAB XI,Sanksi,Bagian Kesatu,,355,2,f,,Ketentuan,"pencabutan persyaratan dasar, PB, dan/atau PB UMKU.",Pasal 355 ayat (2) huruf f,"pencabutan, persyaratan, dasar, umku",
PP_28_2025,PP Nomor 28 Tahun 2025,PP,2025,28,BAB XI,Sanksi,Bagian Kesatu,,355,3,,,Sanksi,Pengenaan sanksi administratif sebagaimana dimaksud pada ayat (21 dilakukan berdasarkan tingkat kepatuhan yang ditemukan pada kegiatan Pengawasan.,Pasal 355 ayat (3),"pengenaan, sanksi, administratif, tingkat, kepatuhan",
PP_28_2025,PP Nomor 28 Tahun 2025,PP,2025,28,BAB XI,Sanksi,Bagian Kesatu,,355,4,,,Ketentuan,Pengenaan REFUBLIK INDONESIA _ 186-,Pasal 355 ayat (4),"pengenaan, refublik, indonesia",
PP_28_2025,PP Nomor 28 Tahun 2025,PP,2025,28,BAB XI,Sanksi,Bagian Kesatu,,355,4,,,Sanksi,"Pengenaan sanksi administratif sebagaimana dimaksud pada ayat (21 dilaksanakan oleh menteri/kepala lembaga, gubernur, bupati/wali kota, kepala Administrator KEK, atau kepala Badan Pengusahaan KPBPB sesuai dengan kewenangan masing-masing berdasarkan ketentuan peraturan perundang-undangan melalui Sistem OSS.",Pasal 355 ayat (4),"kepala, masing, pengenaan, sanksi, administratif","Wali Kota, Gubernur, Menteri, Lembaga, Bupati, Badan"
PP_28_2025,PP Nomor 28 Tahun 2025,PP,2025,28,BAB XI,Sanksi,Bagian Kedua,,356,1,,,Ketentuan,"Setiap Pelaku Usaha yang berdasarkan hasil pengawasan ditemukan ketidaksesuaian atau pelanggaran terhadap ketentuan rekomendasi pemanfaatan pulau-pulau kecil dengan luas di bawah 100 km2 (seratus kilometer persegi) dan rekomendasi pemanfaatan pulau-pulau kecil dalam rangka Penanaman Modal Asing, KKPRL, PB, danf atau PB UMKU pada sektor kelautan dan perikanan, berupa:",Pasal 356 ayat (1),"pulau, rekomendasi, pemanfaatan, kecil, setiap",Pelaku Usaha
PP_28_2025,PP Nomor 28 Tahun 2025,PP,2025,28,BAB XI,Sanksi,Bagian Kedua,,356,1,a,,Ketentuan,pemanfaatan sumber daya perairan pesisir dan perairan pulau-pulau kecil yang tidak memenuhi atau tidak memiliki PB dan/atau PB UMKU;,Pasal 356 ayat (1) huruf a,"perairan, pulau, pemanfaatan, sumber, daya",
PP_28_2025,PP Nomor 28 Tahun 2025,PP,2025,28,BAB XI,Sanksi,Bagian Kedua,,356,1,b,,Ketentuan,pemanfaatan pulau-pulau kecil dalam rangka Penanaman Modal Asing yang tidak memiliki rekomendasi pemanfaatan pulau-pulau kecil dalam rangka Penanaman Modal Asing;,Pasal 356 ayat (1) huruf b,"pulau, pemanfaatan, kecil, rangka, penanaman",
PP_28_2025,PP Nomor 28 Tahun 2025,PP,2025,28,BAB XI,Sanksi,Bagian Kedua,,356,1,c,,Ketentuan,pemanfaatan pulau-pulau kecil dengan luas di bawah 1O0 km2 (seratus kilometer persegi) yang tidak memiliki rekomendasi pemanfaatan pulau-pulau kecil dengan luas di bawah 1OO km2 (seratus kilometer persegi);,Pasal 356 ayat (1) huruf c,"pulau, pemanfaatan, kecil, luas, bawah",
PP_28_2025,PP Nomor 28 Tahun 2025,PP,2025,28,BAB XI,Sanksi,Bagian Kedua,,356,1,d,,Ketentuan,pemanfaatan ruang laut yang tidak memiliki KKPRL yang tidak mengakibatkan perubahan fungsi rLlang laut; e. pemanfaatan ruang laut yang tidak memenuhi KKPRL;,Pasal 356 ayat (1) huruf d,"laut, pemanfaatan, ruang, kkprl, memiliki",
PP_28_2025,PP Nomor 28 Tahun 2025,PP,2025,28,BAB XI,Sanksi,Bagian Kedua,,356,1,f,,Ketentuan,pemanfaatan kawasan konservasi yang tidak memenuhi PB dan/atau PB UMKU; R.EPUBLIK INDONESIA -r87-,Pasal 356 ayat (1) huruf f,"pemanfaatan, kawasan, konservasi, memenuhi, umku",
PP_28_2025,PP Nomor 28 Tahun 2025,PP,2025,28,BAB XI,Sanksi,Bagian Kedua,,356,1,g,,Ketentuan,"usaha pengolahan ikan yang tidak memenuhi dan tidak menerapkan persyaratan kelayakan pengolahan ikan, sistem jaminan mutu, dan keamanan hasil perikanan;",Pasal 356 ayat (1) huruf g,"pengolahan, ikan, usaha, memenuhi, menerapkan",
PP_28_2025,PP Nomor 28 Tahun 2025,PP,2025,28,BAB XI,Sanksi,Bagian Kedua,,356,1,h,,Ketentuan,"usaha pengadaan, sortasi, grading, penyimpanan, pemasaran, danf atau pengangkutan hasil perikanan yang tidak memiliki PB UMKU; i. memiliki dan/atau mengoperasikan kapal penangkap ikan berbendera Indonesia untuk melakukan penangkapan ikan di wilayah pengelolaan perikanan negara Republik Indonesia dan/atau laut lepas yang tidak memenuhi PB dan/atau PB UMKU; j. mengoperasikan kapal penangkap ikan berbendera Indonesia di wilayah pengelolaan perikanan negara Republik Indonesia dan/atau laut lepas yang tidak membawa dokumen PB dan/atau PB UMKU; k. memiliki dan/atau mengoperasikan kapal penangkap ikan berbendera asing yang digunakan untuk melakukan penangkapan ikan di zona ekonomi eksklusif Indonesia tidak memenuhi PB dan/atau PB UMKU dari Pemerintah Pusat; 1. memiliki dan/atau mengoperasikan kapal penangkap ikan berbendera asing untuk melakukan penangkapan ikan di zona ekonomi eksklusif Indonesia tidak membawa dokumen PB dan/atau PB UMKU;",Pasal 356 ayat (1) huruf h,"ikan, indonesia, umku, memiliki, mengoperasikan",Pemerintah Pusat
PP_28_2025,PP Nomor 28 Tahun 2025,PP,2025,28,BAB XI,Sanksi,Bagian Kedua,,356,1,m,,Ketentuan,"membangun, mengimpor, atau memodifikasi kapal perikanan tanpa persetujuan; n. memiliki dan/atau mengoperasikan kapal penangkap ikan berbendera Indonesia yang melakukan penangkapan ikan di wilayah pengelolaan perikanan negara Republik Indonesia yang tidak menggunakan nakhoda, perwira, dan anak buah kapal berkewarganegaraan Indone sia;",Pasal 356 ayat (1) huruf m,"kapal, perikanan, ikan, indonesia, membangun",
PP_28_2025,PP Nomor 28 Tahun 2025,PP,2025,28,BAB XI,Sanksi,Bagian Kedua,,356,1,o,,Ketentuan,memiliki dan/atau mengoperasikan kapal perikanan milik orang Indonesia di wilayah pengelolaan perikanan negara Republik Indonesia dan/atau laut lepas yang tidak terdaftar sebagai kapal perikanan Indonesia; _188_ p. memiliki dan/atau mengoperasikan kapal penangkap ikan dan/atau kapal pengangkut ikan yang tidak melakukan bongkar muat ikan tangkapan di pelabuhan perikanan yang ditetapkan atau pelabuhan lainnya yang ditunjuk;,Pasal 356 ayat (1) huruf o,"kapal, perikanan, indonesia, ikan, memiliki",
PP_28_2025,PP Nomor 28 Tahun 2025,PP,2025,28,BAB XI,Sanksi,Bagian Kedua,,356,1,q,,Kewajiban,"mengimpor komoditas perikanan dan komoditas pergaraman yang tidak sesuai dengan tempat pemasukan, jenis, volume, waktu pemasukan, standar mutu wajib, dan/atau peruntukan impor yang ditetapkan;",Pasal 356 ayat (1) huruf q,"komoditas, pemasukan, mengimpor, perikanan, pergaraman",
PP_28_2025,PP Nomor 28 Tahun 2025,PP,2025,28,BAB XI,Sanksi,Bagian Kedua,,356,1,r,,Ketentuan,pemanfaatan jenis ikan yang dilindungi danlatau jenis ikan yang tercantum dalam daftar Appendix Conuention on International Trade in Endangered Species of Wild Fauna and Flora (CITES) selain Appendix /yang tidak memenuhi PB;,Pasal 356 ayat (1) huruf r,"jenis, ikan, appendix, pemanfaatan, dilindungi",
PP_28_2025,PP Nomor 28 Tahun 2025,PP,2025,28,BAB XI,Sanksi,Bagian Kedua,,356,1,s,,Ketentuan,memiliki dan/atau mengoperasikan kapal penangkap ikan dan/atau kapal pengangkut ikan yang melakukan alih muatan yang tidak sesuai dengan ketentuan peraturan perundang-undangan ; t. memiliki dan/atau mengoperasikan kapal pengangkut ikan berbendera Indonesia yang melakukan pengangkutan ikan di wilayah pengelolaan perikanan negara Republik Indonesia dan/atau laut lepas dengan PB dan/atau PB UMKU yang sudah tidak berlaku; u. memiliki dan/atau mengoperasikan kapal pengangkut ikan berbendera Indonesia di wilayah pengelolaan perikanan negara Republik Indonesia dan/atau laut lepas yang tidak membawa PB dan/atau PB UMKU; v. memiliki dan/atau mengoperasikan kapal pengangkut ikan berbendera asing di wilayah pengelolaan perikanan negara Republik Indonesia yang tidak membawa PB dan/atau PB UMKU;,Pasal 356 ayat (1) huruf s,"ikan, kapal, indonesia, memiliki, mengoperasikan",
PP_28_2025,PP Nomor 28 Tahun 2025,PP,2025,28,BAB XI,Sanksi,Bagian Kedua,,356,1,w,,Ketentuan,melakukan aktivitas pelabuhan perikanan yang tidak memenuhi atau tidak memiliki PB dan/atau PB UMKU;,Pasal 356 ayat (1) huruf w,"melakukan, aktivitas, pelabuhan, perikanan, memenuhi",
PP_28_2025,PP Nomor 28 Tahun 2025,PP,2025,28,BAB XI,Sanksi,Bagian Kedua,,356,1,x,,Larangan,"melakukan usaha pembenihan, pembesaran ikan, dan/atau jasa subsektor pembudidayaan ikan yang tidak memiliki PB dan/atau PB UMKU; y. melakukan usaha pembenihan danf atau pembesaran jenis ikan yang dilarang, merugikan, dan/atau membahayakan tidak sesuai dengan ketentuan peraturan perundang-undangan; _189_ z. melakukan pembuatan pakan ikan, pemasukan bahan baku dan/atau pakan ikan, dan peredaran pakan ikan yang tidak memenuhi PB UMKU; dan",Pasal 356 ayat (1) huruf x,"ikan, melakukan, pakan, usaha, pembenihan",
PP_28_2025,PP Nomor 28 Tahun 2025,PP,2025,28,BAB XI,Sanksi,Bagian Kedua,,356,1,aa,,Sanksi,"melakukan pembuatan obat ikan, pemasukan bahan baku obat ikan, obat ikan, dan/atau sampel obat ikan, dan peredaran obat ikan yang tidak memenuhi standar PB UMKU, dikenai sanksi administratif. (21 Sanksi administratif sebagaimana dimaksud pada ayat (1) terdiri atas: a. peringatan/teguran tertulis; b. paksaan pemerintah; c. denda administratif;",Pasal 356 ayat (1) huruf aa,"obat, ikan, administratif, sanksi, melakukan",Pemerintah
PP_28_2025,PP Nomor 28 Tahun 2025,PP,2025,28,BAB XI,Sanksi,Bagian Kedua,,356,1,d,,Sanksi,"pembekuan KKPRL, PB, dan/atau PB UMKU; dan/atau e. pencabutan KKPRL, PB, dan/atau PB UMKU.",Pasal 356 ayat (1) huruf d,"kkprl, umku, pembekuan, pencabutan",
PP_28_2025,PP Nomor 28 Tahun 2025,PP,2025,28,BAB XI,Sanksi,Bagian Kedua,,356,3,,,Sanksi,"Jenis sanksi administratif sebagaimana dimaksud pada ayat (21 dapat diberikan secara kumulatif atau bertahap, kecuali pelanggaran tertentu yang sanksi administratifnya ditentukan secara limitatif oleh peraturan perundang- undangan. (41 Pengenaan sanksi administratif sebagaimana dimaksud pada ayat (21 mengedepankan upaya pembinaan kepatuhan Pelaku Usaha di sektor kelautan dan perikanan.",Pasal 356 ayat (3),"sanksi, administratif, jenis, diberikan, kumulatif",Pelaku Usaha
PP_28_2025,PP Nomor 28 Tahun 2025,PP,2025,28,BAB XI,Sanksi,Bagian Kedua,,356,5,,,Sanksi,Sanksi administratif sebagaimana dimaksud pada ayat (21 tidak dikenakan kepada Pelaku Usaha yang tidak memiliki rekomendasi pemanfaatan pulau-pulau kecil dengan luas di bawah 1OO km2 (seratus kilometer persegi) dan rekomendasi pemanfaatan pulau-pulau kecil dalam rangka Penanaman Modal Asing berdasarkan ketentuan sebagaimana dimaksud dalam Pasal 36.,Pasal 356 ayat (5),"pulau, rekomendasi, pemanfaatan, kecil, sanksi",Pelaku Usaha
PP_28_2025,PP Nomor 28 Tahun 2025,PP,2025,28,BAB XI,Sanksi,Bagian Kedua,,357,1,,,Sanksi,Sanksi administratif berupa peringatan/teguran tertulis sebagaimana dimaksud dalam Pasal 356 ayat (2) huruf a dikenakan dengan ketentuan: a. baru pertama kali melakukan pelanggaran;,Pasal 357 ayat (1),"sanksi, administratif, berupa, peringatan, teguran",
PP_28_2025,PP Nomor 28 Tahun 2025,PP,2025,28,BAB XI,Sanksi,Bagian Kedua,,357,1,b,,Ketentuan,"belum menimbulkan dampak berupa kerusakan dan/atau kerugian sumber daya kelautan dan perikanan, dan/atau keselamatan dan/atau kesehatan manusia; dan/atau",Pasal 357 ayat (1) huruf b,"belum, menimbulkan, dampak, berupa, kerusakan",
PP_28_2025,PP Nomor 28 Tahun 2025,PP,2025,28,BAB XI,Sanksi,Bagian Kedua,,357,1,c,,Ketentuan,sudah ada dampak yang ditimbulkan namun dapat diperbaiki dengan mudah.,Pasal 357 ayat (1) huruf c,"sudah, dampak, ditimbulkan, namun, diperbaiki",
PP_28_2025,PP Nomor 28 Tahun 2025,PP,2025,28,BAB XI,Sanksi,Bagian Kedua,,357,2,,,Sanksi,Peringatan/teguran tertulis sebagaimana dimaksud pada ayat (1) berisi perintah untuk segera mematuhi kewajiban berusaha atau melaksanakan kegiatan usaha sesuai dengan ketentuan dalam jangka waktu tertentu yang ditetapkan.,Pasal 357 ayat (2),"peringatan, teguran, tertulis, berisi, perintah",
PP_28_2025,PP Nomor 28 Tahun 2025,PP,2025,28,BAB XI,Sanksi,Bagian Kedua,,357,3,,,Sanksi,Jangka waktu sebagaimana dimaksud pada ayat (21 ditentukan dengan mempertimbangkan kewajaran dan kemampuan Pelaku Usaha. (41 Peringatan/teguran tertulis sebagaimana dimaksud pada ayat (1) dapat dikenakan paling banyak 2 (dua) kali.,Pasal 357 ayat (3),"jangka, waktu, ditentukan, mempertimbangkan, kewajaran",Pelaku Usaha
PP_28_2025,PP Nomor 28 Tahun 2025,PP,2025,28,BAB XI,Sanksi,Bagian Kedua,,357,5,,,Sanksi,Peringatan/teguran tertulis sebagaimana dimaksud pada ayat (1) dapat dilakukan bersamaan dengan paksaan pemerintah yang bertujuan untuk menghentikan pelanggaran.,Pasal 357 ayat (5),"peringatan, teguran, tertulis, bersamaan, paksaan",Pemerintah
PP_28_2025,PP Nomor 28 Tahun 2025,PP,2025,28,BAB XI,Sanksi,Bagian Kedua,,358,1,,,Sanksi,Sanksi administratif berupa paksaan pemerintah sebagaimana dimaksud dalam Pasal 356 ayat (2) huruf b dikenakan apabila pelanggaran yang dilakukan menimbulkan: a. ancaman serius bagi kesehatan dan/atau keselamatan manusia dan lingkungan;,Pasal 358 ayat (1),"sanksi, administratif, berupa, paksaan, dikenakan",Pemerintah
PP_28_2025,PP Nomor 28 Tahun 2025,PP,2025,28,BAB XI,Sanksi,Bagian Kedua,,358,1,b,,Ketentuan,"dampak yang lebih besar dan lebih luas baik dari aspek ekonomi, sosial, dan budaya jika kegiatan usaha tidak segera dihentikan; dan/atau",Pasal 358 ayat (1) huruf b,"lebih, dampak, besar, luas, baik",
PP_28_2025,PP Nomor 28 Tahun 2025,PP,2025,28,BAB XI,Sanksi,Bagian Kedua,,358,1,c,,Sanksi,kerugian yang lebih besar bagi kelestarian sumber daya ikan dan lingkungannya jika tidak segera dihentikan. (21 Jenis sanksi administratif berupa paksaan pemerintah sebagaimana dimaksud pada ayat (1) terdiri atas: a. penghentian sementara kegiatan; b. penyegelan;,Pasal 358 ayat (1) huruf c,"kerugian, lebih, besar, kelestarian, sumber",Pemerintah
PP_28_2025,PP Nomor 28 Tahun 2025,PP,2025,28,BAB XI,Sanksi,Bagian Kedua,,358,1,c,,Ketentuan,penutupan -191 - c. penutupan lokasi; d. pembongkaran bangunan; e. pengurangan atau pencabutan sementara kuota dan lokasi penangkapan; f. penghentian layanan pemerintah; g. pemulihan fungsi ruang laut; dan/atau,Pasal 358 ayat (1) huruf c,"penutupan, lokasi, pembongkaran, bangunan, pengurangan",Pemerintah
PP_28_2025,PP Nomor 28 Tahun 2025,PP,2025,28,BAB XI,Sanksi,Bagian Kedua,,358,1,h,,Ketentuan,tindakan lain yang bertujuan untuk menghentikan pelanggaran dan tindakan memulihkan kelestarian sumber daya.,Pasal 358 ayat (1) huruf h,"tindakan, bertujuan, menghentikan, pelanggaran, memulihkan",
PP_28_2025,PP Nomor 28 Tahun 2025,PP,2025,28,BAB XI,Sanksi,Bagian Kedua,,358,3,,,Sanksi,Jenis sanksi administratif berupa paksaan pemerintah sebagaimana dimaksud pada ayat (21 dipilih berdasarkan pertimbangan tindakan yang paling tepat untuk mencegah dan/atau menghentikan dampak yang ditimbulkan.,Pasal 358 ayat (3),"jenis, sanksi, administratif, berupa, paksaan",Pemerintah
PP_28_2025,PP Nomor 28 Tahun 2025,PP,2025,28,BAB XI,Sanksi,Bagian Kedua,,359,1,,,Sanksi,Sanksi administratif berupa denda administratif sebagaimana dimaksud dalam Pasal 356 ayat (2) huruf c dikenakan terhadap Pelaku Usaha yang tidak melaksanakan teguran/peringatan tertulis kedua kali atau paksaan pemerintah.,Pasal 359 ayat (1),"administratif, sanksi, berupa, denda, dikenakan","Pelaku Usaha, Pemerintah"
PP_28_2025,PP Nomor 28 Tahun 2025,PP,2025,28,BAB XI,Sanksi,Bagian Kedua,,359,2,,,Sanksi,"Denda administratif sebagaimana dimaksud pada ayat (1) dapat dikenakan tanpa didahului dengan sanksi administratif lainnya apabila: a. ditemukan bukti permulaan yang cukup bahwa Pelaku Usaha dengan sengaja mengabaikan ketentuan KKPRL, PB, dan/atau PB UMKU; dan/atau",Pasal 359 ayat (2),"administratif, denda, dikenakan, tanpa, didahului",Pelaku Usaha
PP_28_2025,PP Nomor 28 Tahun 2025,PP,2025,28,BAB XI,Sanksi,Bagian Kedua,,359,2,b,,Ketentuan,pelanggaran yang dilakukan menimbulkan dampak kerusakan danlatau kerugian sumber daya kelautan dan/atau perikanan dan/atau keselamatan dan/atau kesehatan manusia.,Pasal 359 ayat (2) huruf b,"pelanggaran, menimbulkan, dampak, kerusakan, danlatau",
PP_28_2025,PP Nomor 28 Tahun 2025,PP,2025,28,BAB XI,Sanksi,Bagian Kedua,,359,3,,,Sanksi,Besaran denda administratif sebagaimana dimaksud pada ayat (1) terdiri atas:,Pasal 359 ayat (3),"besaran, denda, administratif, terdiri",
PP_28_2025,PP Nomor 28 Tahun 2025,PP,2025,28,BAB XI,Sanksi,Bagian Kedua,,359,3,a,,Sanksi,pemanfaatan sumber daya perairan pesisir dan perairan pulau-pulau kecil yang tidak memenuhi atau tidak memiliki PB dan/atau PB UMKU dikenai denda administratif sebagaimana diatur dalam peraturan pemerintah yang mengatur mengenai jenis dan tarif atas jenis PNBP yang berlaku pada kementerian yang menyelenggarakan urusan pemerintahan di bidang kelautan dan perikanan; R.EPUBLIK INDONESIA _r92-,Pasal 359 ayat (3) huruf a,"perairan, pulau, jenis, pemanfaatan, sumber","Kementerian, Pemerintah"
PP_28_2025,PP Nomor 28 Tahun 2025,PP,2025,28,BAB XI,Sanksi,Bagian Kedua,,359,3,b,,Sanksi,pemanfaatan pulau-pulau kecil dalam rangka Penanaman Modal Asing yang tidak memiliki rekomendasi yang merupakan persyaratan persetujuan KKPR dikenai denda administratif sebesar 25Oo/o (dua ratus lima puluh persen) dikali luasan pelanggaran (hektare) dikali tarif rekomendasi;,Pasal 359 ayat (3) huruf b,"pulau, rekomendasi, dikali, pemanfaatan, kecil",
PP_28_2025,PP Nomor 28 Tahun 2025,PP,2025,28,BAB XI,Sanksi,Bagian Kedua,,359,3,c,,Sanksi,pemanfaatan pulau-pulau kecil dengan luas di bawah 100 km2 (seratus kilometer persegi) yang tidak memiliki rekomendasi yang merupakan persyaratan persetujuan KKPR dikenai denda administratif sebesar 2OO% (dua ratus persen) dikali luasan pelanggaran (hektare) dikali tarif rekomendasi;,Pasal 359 ayat (3) huruf c,"pulau, rekomendasi, dikali, pemanfaatan, kecil",
PP_28_2025,PP Nomor 28 Tahun 2025,PP,2025,28,BAB XI,Sanksi,Bagian Kedua,,359,3,d,,Sanksi,"pemanfaatan ruang laut yang tidak memiliki KKPRL yang tidak mengakibatkan perubahan fungsi ruang laut dikenai denda administratif sebesar 2,5o/o (dua koma lima persen) dikali total nilai investasi; e. pemanfaatan ruang laut yang tidak memenuhi KKPRL dikenai denda administratif sebesar 2,5oh (dua koma lima persen) dikali total nilai investasi;",Pasal 359 ayat (3) huruf d,"ruang, laut, pemanfaatan, kkprl, dikenai",
PP_28_2025,PP Nomor 28 Tahun 2025,PP,2025,28,BAB XI,Sanksi,Bagian Kedua,,359,3,f,,Sanksi,"usaha pengolahan ikan yang tidak memenuhi dan tidak menerapkan persyaratan kelayakan pengolahan ikan, sistem jaminan mutu, dan keamanan hasil perikanan dikenai denda administratif sebesar 2OOoh (dua ratus persen) dikali nilai jual produk/hasil perikanan yang ditanganil diolahldisimpan saat terjadi pelanggaran; g. memiliki dan/atau mengoperasikan kapal penangkap ikan berbendera Indonesia untuk melakukan penangkapan ikan di wilayah pengelolaan perikanan negara Republik Indonesia dan/atau laut lepas yang tidak memenuhi dokumen PB dan/atau PB UMKU dikenai denda administratif sebesar:",Pasal 359 ayat (3) huruf f,"ikan, perikanan, pengolahan, memenuhi, hasil",
PP_28_2025,PP Nomor 28 Tahun 2025,PP,2025,28,BAB XI,Sanksi,Bagian Kedua,,359,3,f,1,Ketentuan,"Rp5O.00O.00O,OO (lima puluh juta rupiah) untuk kapal penangkap ikan berukuran lebih dari 10 (sepuluh) gross tonnage sampai dengan 30 (tiga puluh) gross tonnage;",Pasal 359 ayat (3) huruf f angka 1,"puluh, gross, tonnage, lima, juta",
PP_28_2025,PP Nomor 28 Tahun 2025,PP,2025,28,BAB XI,Sanksi,Bagian Kedua,,359,3,f,2,Ketentuan,"Rp1O0.00O.00O,OO (seratus juta rupiah) untuk kapal penangkap ikan berukuran lebih dari 30 (tiga puluh) gross tonnage sampai dengan 60 (enam puluh) gross tonnage; 3.Rp150.OOO.000,00 . . . R.EPUBLIK INDONESIA",Pasal 359 ayat (3) huruf f angka 2,"puluh, gross, tonnage, seratus, juta",
PP_28_2025,PP Nomor 28 Tahun 2025,PP,2025,28,BAB XI,Sanksi,Bagian Kedua,,359,3,f,3,Ketentuan,"Rp150.000.000,00 (seratus lima puluh juta rupiah) untuk kapal penangkap ikan berukuran lebih dari 60 (enam puluh) gross tonnage sampai dengan 1O0 (seratus) gross tonnage;",Pasal 359 ayat (3) huruf f angka 3,"seratus, puluh, gross, tonnage, lima",
PP_28_2025,PP Nomor 28 Tahun 2025,PP,2025,28,BAB XI,Sanksi,Bagian Kedua,,359,3,f,4,Ketentuan,"Rp2OO.OOO.OOO,OO (dua ratus juta rupiah) untuk kapal penangkap ikan berukuran lebih dari 100 (seratus) gross tonnage sampai dengan 150 (seratus lima puluh) gross tonnage; dan",Pasal 359 ayat (3) huruf f angka 4,"seratus, gross, tonnage, ratus, juta",
PP_28_2025,PP Nomor 28 Tahun 2025,PP,2025,28,BAB XI,Sanksi,Bagian Kedua,,359,3,f,5,Sanksi,"(dua ratus lima puluh juta Rp25O.0OO.OOO,O0 rupiah) untuk kapal penangkap ikan berukuran lebih dari 150 (seratus lima puluh) gross tonnage. h mengoperasikan kapal penangkap ikan berbendera Indonesia di wilayah pengelolaan perikanan negara Republik Indonesia dan/atau laut lepas yang tidak membawa dokumen PB dan/atau PB UMKU dikenai denda administratif sebesar:",Pasal 359 ayat (3) huruf f angka 5,"lima, puluh, kapal, penangkap, ikan",
PP_28_2025,PP Nomor 28 Tahun 2025,PP,2025,28,BAB XI,Sanksi,Bagian Kedua,,359,3,f,1,Ketentuan,"Rp10.OO0.OOO,OO (sepuluh juta rupiah) untuk kapal penangkap ikan berukuran lebih dari 10 (sepuluh) gross tonnage sampai dengan 30 (tiga puluh) gross tonnage;",Pasal 359 ayat (3) huruf f angka 1,"sepuluh, gross, tonnage, juta, rupiah",
PP_28_2025,PP Nomor 28 Tahun 2025,PP,2025,28,BAB XI,Sanksi,Bagian Kedua,,359,3,f,2,Ketentuan,"Rp15.O00.OOO,OO (lima belas juta rupiah) untuk kapal penangkap ikan berukuran lebih dari 30 (tiga puluh) gross tonnage sampai dengan 60 (enam puluh) gross tonnage;",Pasal 359 ayat (3) huruf f angka 2,"puluh, gross, tonnage, lima, belas",
PP_28_2025,PP Nomor 28 Tahun 2025,PP,2025,28,BAB XI,Sanksi,Bagian Kedua,,359,3,f,3,Ketentuan,"Rp20.000.000,00 (dua puluh juta rupiah) untuk kapal penangkap ikan berukuran lebih dari 60 (enam puluh) gross tonnage sampai dengan 100 (seratus) gross tonnage;",Pasal 359 ayat (3) huruf f angka 3,"puluh, gross, tonnage, juta, rupiah",
PP_28_2025,PP Nomor 28 Tahun 2025,PP,2025,28,BAB XI,Sanksi,Bagian Kedua,,359,3,f,4,Ketentuan,"Rp25.000.000,00 (dua puluh lima juta rupiah) untuk kapal penangkap ikan berukuran lebih dari 100 (seratus) gross tonnage sampai dengan 150 (seratus lima puluh) gross tonnage; dan",Pasal 359 ayat (3) huruf f angka 4,"puluh, lima, seratus, gross, tonnage",
PP_28_2025,PP Nomor 28 Tahun 2025,PP,2025,28,BAB XI,Sanksi,Bagian Kedua,,359,3,f,5,Sanksi,"Rp3O.O00.O00,OO (tiga puluh juta rupiah) untuk kapal penangkap ikan berukuran lebih dari 150 (seratus lima puluh) gross tonnage. memiliki dan/atau mengoperasikan kapal penangkap ikan berbendera asing yang digunakan untuk melakukan penangkapan ikan di zona ekonomi eksklusif Indonesia yang tidak memenuhi dokumen PB dan/atau PB UMKU dikenai denda administratif sebesar:",Pasal 359 ayat (3) huruf f angka 5,"ikan, puluh, kapal, penangkap, tiga",
PP_28_2025,PP Nomor 28 Tahun 2025,PP,2025,28,BAB XI,Sanksi,Bagian Kedua,,359,3,f,1,Ketentuan,"Rp100.000.000,00 . . . -r94-",Pasal 359 ayat (3) huruf f angka 1,,
PP_28_2025,PP Nomor 28 Tahun 2025,PP,2025,28,BAB XI,Sanksi,Bagian Kedua,,359,3,f,1,Ketentuan,"Rp1OO.O0O.OOO,OO (seratus juta rupiah) untuk kapal penangkap ikan berukuran lebih dari 10 (sepuluh) gross tonnage sampai dengan 30 (tiga puluh) gross tonnage;",Pasal 359 ayat (3) huruf f angka 1,"gross, tonnage, seratus, juta, rupiah",
PP_28_2025,PP Nomor 28 Tahun 2025,PP,2025,28,BAB XI,Sanksi,Bagian Kedua,,359,3,f,2,Ketentuan,"Rp2OO.O0O.OOO,OO (dua ratus juta rupiah) untuk kapal penangkap ikan berukuran lebih dari 30 (tiga puluh) gross tonnage sampai dengan 60 (enam puluh) gross tonnage;",Pasal 359 ayat (3) huruf f angka 2,"puluh, gross, tonnage, ratus, juta",
PP_28_2025,PP Nomor 28 Tahun 2025,PP,2025,28,BAB XI,Sanksi,Bagian Kedua,,359,3,f,3,Ketentuan,"Rp300.000.000,00 (tiga ratus juta rupiah) untuk kapal penangkap ikan berukuran lebih dari 60 (enam puluh) gross tonnage sampai dengan lOO (seratus) gross tonnage;",Pasal 359 ayat (3) huruf f angka 3,"gross, tonnage, tiga, ratus, juta",
PP_28_2025,PP Nomor 28 Tahun 2025,PP,2025,28,BAB XI,Sanksi,Bagian Kedua,,359,3,f,4,Ketentuan,"Rp400.000.O0O,OO (empat ratus juta rupiah) untuk kapal penangkap ikan berukuran lebih dari lOO (seratus) gross tonnage sampai dengan 150 (seratus lima puluh) gross tonnage; dan",Pasal 359 ayat (3) huruf f angka 4,"seratus, gross, tonnage, empat, ratus",
PP_28_2025,PP Nomor 28 Tahun 2025,PP,2025,28,BAB XI,Sanksi,Bagian Kedua,,359,3,f,5,Sanksi,"Rp500.00O.0O0,00 (lima ratus juta rupiah) untuk kapal penangkap ikan berukuran lebih dari 15O (seratus lima puluh) gross tonnage. j. memiliki dan/atau mengoperasikan kapal penangkap ikan berbendera asing untuk melakukan penangkapan ikan di zona ekonomi eksklusif Indonesia tidak membawa dokumen PB dan/atau PB UMKU dikenai denda administratif sebesar: juta",Pasal 359 ayat (3) huruf f angka 5,"ikan, lima, juta, kapal, penangkap",
PP_28_2025,PP Nomor 28 Tahun 2025,PP,2025,28,BAB XI,Sanksi,Bagian Kedua,,359,3,f,1,Ketentuan,"Rp1O.O00.O0O,00 (sepuluh rupiah) untuk kapal penangkap ikan berukuran lebih dari 10 (sepuluh) gross tonnage sampai dengan 30 (tiga puluh) gross tonnage;",Pasal 359 ayat (3) huruf f angka 1,"sepuluh, gross, tonnage, rupiah, kapal",
PP_28_2025,PP Nomor 28 Tahun 2025,PP,2025,28,BAB XI,Sanksi,Bagian Kedua,,359,3,f,2,Ketentuan,"Rp15.000.000,OO (lima belas juta rupiah) untuk kapal penangkap ikan berukuran lebih dari 30 (tiga puluh) gross tonnage sampai dengan 60 (enam puluh) g/ross tonnage;",Pasal 359 ayat (3) huruf f angka 2,"puluh, tonnage, lima, belas, juta",
PP_28_2025,PP Nomor 28 Tahun 2025,PP,2025,28,BAB XI,Sanksi,Bagian Kedua,,359,3,f,3,Ketentuan,"Rp2O.O00.O00,OO (dua puluh juta rupiah) untuk kapal penangkap ikan berukuran lebih dari 60 (enam puluh) gross tonnage sampai dengan 10O (seratus) gross tonnage;",Pasal 359 ayat (3) huruf f angka 3,"puluh, gross, tonnage, juta, rupiah",
PP_28_2025,PP Nomor 28 Tahun 2025,PP,2025,28,BAB XI,Sanksi,Bagian Kedua,,359,3,f,4,Ketentuan,"Rp25.O00.OOO,00 (dua puluh lima juta rupiah) untuk kapal penangkap ikan berukuran lebih dari 100 (seratus) gross tonnage sampai dengan 150 (seratus lima puluh) gross tonnage; dan R.EPUBLIK INDONESIA _195_",Pasal 359 ayat (3) huruf f angka 4,"puluh, lima, seratus, gross, tonnage",
PP_28_2025,PP Nomor 28 Tahun 2025,PP,2025,28,BAB XI,Sanksi,Bagian Kedua,,359,3,f,5,Ketentuan,"Rp30.000.000,0O (tiga puluh juta rupiah) untuk kapal penangkap ikan berukuran lebih dari 150 (seratus lima puluh) gross tonnage.",Pasal 359 ayat (3) huruf f angka 5,"puluh, tiga, juta, rupiah, kapal",
PP_28_2025,PP Nomor 28 Tahun 2025,PP,2025,28,BAB XI,Sanksi,Bagian Kedua,,359,3,k,,Sanksi,"membangun, mengimpor, atau memodifikasi kapal perikanan tanpa persetujuan dikenai denda administratif sebesar 10%o (sepuluh persen) dari:",Pasal 359 ayat (3) huruf k,"membangun, mengimpor, memodifikasi, kapal, perikanan",
PP_28_2025,PP Nomor 28 Tahun 2025,PP,2025,28,BAB XI,Sanksi,Bagian Kedua,,359,3,k,1,Ketentuan,nilai kapal yang sedang atau telah dibangun;,Pasal 359 ayat (3) huruf k angka 1,"nilai, kapal, sedang, dibangun",
PP_28_2025,PP Nomor 28 Tahun 2025,PP,2025,28,BAB XI,Sanksi,Bagian Kedua,,359,3,k,2,Ketentuan,nilai kapal yang diimpor; atau 3. biaya modifikasi kapal.,Pasal 359 ayat (3) huruf k angka 2,"kapal, nilai, diimpor, biaya, modifikasi",
PP_28_2025,PP Nomor 28 Tahun 2025,PP,2025,28,BAB XI,Sanksi,Bagian Kedua,,359,3,l,,Sanksi,memiliki danf atau mengoperasikan kapal perikanan milik orang Indonesia di wilayah pengelolaan perikanan negara Republik Indonesia dan/atau laut lepas yang tidak terdaftar sebagai kapal perikanan Indonesia dikenai denda administratif sebesar 57o (lima persen) dari harga pembangunan atau pembelian kapal;,Pasal 359 ayat (3) huruf l,"kapal, perikanan, indonesia, memiliki, danf",
PP_28_2025,PP Nomor 28 Tahun 2025,PP,2025,28,BAB XI,Sanksi,Bagian Kedua,,359,3,m,,Sanksi,"mengimpor komoditas perikanan dan komoditas pergaraman yang tidak sesuai dengan tempat pemasukan, jenis, volume, waktu pemasukan, standar mutu wajib, dan/atau peruntukan yang ditetapkan dikenai denda administratif sebesar 507o (lima puluh persen) dikali harga pembelian yang tertera dalam tanda bukti pembelian dikali jumlah komoditas yang diimpor yang melanggar;",Pasal 359 ayat (3) huruf m,"komoditas, pemasukan, dikali, pembelian, mengimpor",
PP_28_2025,PP Nomor 28 Tahun 2025,PP,2025,28,BAB XI,Sanksi,Bagian Kedua,,359,3,n,,Sanksi,pemanfaatan jenis ikan yang dilindungi danlatau jenis ikan yang tercantum dalam daftar Appendix Conuention on International Trade in Endangered Species of Wild Fauna and Flora (CITES) selain Appendix I yang tidak memenuhi PB dikenai denda administratif sebagaimana diatur dalam Peraturan Pemerintah yang mengatur mengenai jenis dan tarif atas jenis PNBP yang berlaku pada kementerian yang menyelenggarakan urusan pemerintahan di bidang kelautan dan perikanan;,Pasal 359 ayat (3) huruf n,"jenis, ikan, appendix, pemanfaatan, dilindungi","Kementerian, Pemerintah"
PP_28_2025,PP Nomor 28 Tahun 2025,PP,2025,28,BAB XI,Sanksi,Bagian Kedua,,359,3,o,,Sanksi,memiliki dan/atau mengoperasikan kapal penangkap ikan dan/atau kapal pengangkut ikan yang melakukan alih muatan yang tidak sesuai dengan ketentuan peraturan perundang-undangan dikenai denda administratif sebesar:,Pasal 359 ayat (3) huruf o,"kapal, ikan, memiliki, mengoperasikan, penangkap",
PP_28_2025,PP Nomor 28 Tahun 2025,PP,2025,28,BAB XI,Sanksi,Bagian Kedua,,359,3,o,1,Ketentuan,"Rp50.000.000,00 -t96-",Pasal 359 ayat (3) huruf o angka 1,,
PP_28_2025,PP Nomor 28 Tahun 2025,PP,2025,28,BAB XI,Sanksi,Bagian Kedua,,359,3,o,1,Ketentuan,"Rp5O.OOO.OOO,00 (lima puluh juta rupiah) untuk kapal penangkap ikan dan/atau kapal pengangkut ikan berukuran lebih dari 10 (sepuluh) gross tonnage sampai dengan 30 (tiga puluh) gross tonnage;",Pasal 359 ayat (3) huruf o angka 1,"puluh, kapal, ikan, gross, tonnage",
PP_28_2025,PP Nomor 28 Tahun 2025,PP,2025,28,BAB XI,Sanksi,Bagian Kedua,,359,3,o,2,Ketentuan,"Rp100.000.000,00 (seratus juta rupiah) untuk kapal penangkap ikan dan/atau kapal pengangkut ikan berukuran lebih dari 30 (tiga puluh) gross tonnage sampai dengan 60 (enam puluh) gross tonnage;",Pasal 359 ayat (3) huruf o angka 2,"kapal, ikan, puluh, gross, tonnage",
PP_28_2025,PP Nomor 28 Tahun 2025,PP,2025,28,BAB XI,Sanksi,Bagian Kedua,,359,3,o,3,Ketentuan,"Rp15O.O0O.000,00 (seratus lima puluh juta rupiah) untuk kapal penangkap ikan dan/atau kapal pengangkut ikan berukuran lebih dari 60 (enam puluh) gross tonnage sampai dengan 100 (seratus) gross tonnage;",Pasal 359 ayat (3) huruf o angka 3,"seratus, puluh, kapal, ikan, gross",
PP_28_2025,PP Nomor 28 Tahun 2025,PP,2025,28,BAB XI,Sanksi,Bagian Kedua,,359,3,o,4,Ketentuan,"Rp2O0.O0O.OOO,OO (dua ratus juta rupiah) untuk kapal penangkap ikan dan/atau kapal pengangkut ikan berukuran lebih dari 1OO (seratus) gross tonnage sampai dengan 150 (seratus lima puluh) gross tonnage; dan",Pasal 359 ayat (3) huruf o angka 4,"kapal, ikan, seratus, gross, tonnage",
PP_28_2025,PP Nomor 28 Tahun 2025,PP,2025,28,BAB XI,Sanksi,Bagian Kedua,,359,3,o,5,Sanksi,"Rp25O.00O.O00,00 (dua ratus lima puluh juta rupiah) untuk kapal penangkap ikan dan/atau kapal pengangkut ikan berukuran lebih dari 150 (seratus lima puluh) gross tonnage. p. memiliki dan/atau mengoperasikan kapal pengangkut ikan berbendera Indonesia yang melakukan pengangkutan ikan di wilayah pengelolaan perikanan negara Republik Indonesia dan/atau laut lepas dengan PB dan/atau PB UMKU yang sudah tidak berlaku dikenai denda administratif sebesar:",Pasal 359 ayat (3) huruf o angka 5,"ikan, kapal, lima, puluh, pengangkut",
PP_28_2025,PP Nomor 28 Tahun 2025,PP,2025,28,BAB XI,Sanksi,Bagian Kedua,,359,3,o,1,Ketentuan,"Rp10.000.000,00 (sepuluh juta rupiah) untuk kapal pengangkut ikan berukuran lebih dari 10 (sepuluh) g/ross tonnage sampai dengan 3O (tiga puluh) gross tonnage;",Pasal 359 ayat (3) huruf o angka 1,"sepuluh, tonnage, juta, rupiah, kapal",
PP_28_2025,PP Nomor 28 Tahun 2025,PP,2025,28,BAB XI,Sanksi,Bagian Kedua,,359,3,o,2,Ketentuan,"Rp20.OOO.OOO,00 (dua puluh juta rupiah) untuk kapal pengangkut ikan berukuran lebih dari 3O (tiga puluh) gross tonnage sampai dengan 60 (enam puluh) gross tonnage; R.EPUBLIK INDONESIA -r97-",Pasal 359 ayat (3) huruf o angka 2,"puluh, gross, tonnage, juta, rupiah",
PP_28_2025,PP Nomor 28 Tahun 2025,PP,2025,28,BAB XI,Sanksi,Bagian Kedua,,359,3,o,3,Ketentuan,"Rp30.000.000,00 (tiga puluh juta rupiah) untuk kapal pengangkut ikan berukuran lebih dari 60 (enam puluh) gross tonnage sampai dengan 100 (seratus) gross tonnage;",Pasal 359 ayat (3) huruf o angka 3,"puluh, gross, tonnage, tiga, juta",
PP_28_2025,PP Nomor 28 Tahun 2025,PP,2025,28,BAB XI,Sanksi,Bagian Kedua,,359,3,o,4,Ketentuan,"Rp40.OO0.0OO,OO (empat puluh juta rupiah) untuk kapal pengangkut ikan berukuran lebih dari 100 (seratus) gross tonnage sampai dengan 150 (seratus lima puluh) gross tonnage; dan",Pasal 359 ayat (3) huruf o angka 4,"puluh, seratus, gross, tonnage, empat",
PP_28_2025,PP Nomor 28 Tahun 2025,PP,2025,28,BAB XI,Sanksi,Bagian Kedua,,359,3,o,5,Sanksi,"Rp5O.OO0.00O,00 (lima puluh juta rupiah) untuk kapal pengangkut ikan berukuran lebih dari 150 (seratus lima puluh) gross tonnage. q. memiliki dan/atau mengoperasikan kapal pengangkut ikan berbendera Indonesia di wilayah pengelolaan perikanan negara Republik Indonesia dan/atau laut lepas yang tidak membawa PB dan/atau PB UMKU dikenai denda administratif sebesar: juta",Pasal 359 ayat (3) huruf o angka 5,"lima, puluh, juta, kapal, pengangkut",
PP_28_2025,PP Nomor 28 Tahun 2025,PP,2025,28,BAB XI,Sanksi,Bagian Kedua,,359,3,o,1,Ketentuan,"Rp10.OO0.OOO,OO (sepuluh rupiah) untuk kapal pengangkut ikan berukuran lebih dari 10 (sepuluh) gross tonnage sampai dengan 30 (tiga puluh) gross tonnage;",Pasal 359 ayat (3) huruf o angka 1,"sepuluh, gross, tonnage, rupiah, kapal",
PP_28_2025,PP Nomor 28 Tahun 2025,PP,2025,28,BAB XI,Sanksi,Bagian Kedua,,359,3,o,2,Ketentuan,"Rp15.O00.OOO,OO (lima belas juta rupiah) untuk kapal pengangkut ikan berukuran lebih dari 30 (tiga puluh) gross tonnage sampai dengan 60 (enam puluh) gross tonnage;",Pasal 359 ayat (3) huruf o angka 2,"puluh, gross, tonnage, lima, belas",
PP_28_2025,PP Nomor 28 Tahun 2025,PP,2025,28,BAB XI,Sanksi,Bagian Kedua,,359,3,o,3,Ketentuan,"Rp20.OO0.000,00 (dua puluh juta rupiah) untuk kapal pengangkut ikan berukuran lebih dari 60 (enam puluh) gross tonnage sampai dengan 10O (seratus) gross tonnage;",Pasal 359 ayat (3) huruf o angka 3,"puluh, gross, tonnage, juta, rupiah",
PP_28_2025,PP Nomor 28 Tahun 2025,PP,2025,28,BAB XI,Sanksi,Bagian Kedua,,359,3,o,4,Ketentuan,"Rp25.0O0.000,OO (dua puluh lima juta rupiah) untuk kapal pengangkut ikan berukuran lebih dari 100 (seratus) gross tonnage sampai dengan 150 (seratus lima puluh) gross tonnage; dan",Pasal 359 ayat (3) huruf o angka 4,"puluh, lima, seratus, gross, tonnage",
PP_28_2025,PP Nomor 28 Tahun 2025,PP,2025,28,BAB XI,Sanksi,Bagian Kedua,,359,3,o,5,Sanksi,"Rp30.0O0.OOO,OO (tiga puluh juta rupiah) untuk kapal pengangkut ikan berukuran lebih dari 15O (seratus lima puluh) gross tonnage. r. memiliki dan/atau mengoperasikan kapal pengangkut ikan berbendera asing di wilayah pengelolaan perikanan negara Republik Indonesia yang tidak membawa PB dan/atau PB UMKU dikenai denda administratif sebesar:",Pasal 359 ayat (3) huruf o angka 5,"puluh, kapal, pengangkut, ikan, tiga",
PP_28_2025,PP Nomor 28 Tahun 2025,PP,2025,28,BAB XI,Sanksi,Bagian Kedua,,359,3,o,1,Ketentuan,"Rp10.000.000,00 juta",Pasal 359 ayat (3) huruf o angka 1,juta,
PP_28_2025,PP Nomor 28 Tahun 2025,PP,2025,28,BAB XI,Sanksi,Bagian Kedua,,359,3,o,1,Ketentuan,"Rp10.000.000,00 (sepuluh rupiah) untuk kapal pengangkut ikan berukuran lebih dari 10 (sepuluh) gross tonnage sampai dengan 30 (tiga puluh) gross tonnage;",Pasal 359 ayat (3) huruf o angka 1,"sepuluh, gross, tonnage, rupiah, kapal",
PP_28_2025,PP Nomor 28 Tahun 2025,PP,2025,28,BAB XI,Sanksi,Bagian Kedua,,359,3,o,2,Ketentuan,"Rp15.0O0.000,00 (lima belas juta rupiah) untuk kapal pengangkut ikan berukuran lebih dari 30 (tiga puluh) gross tonnage sampai dengan 60 (enam puluh) gross tonnage;",Pasal 359 ayat (3) huruf o angka 2,"puluh, gross, tonnage, lima, belas",
PP_28_2025,PP Nomor 28 Tahun 2025,PP,2025,28,BAB XI,Sanksi,Bagian Kedua,,359,3,o,3,Ketentuan,"Rp2O.OOO.OOO,O0 (dua puluh juta rupiah) untuk kapal pengangkut ikan berukuran lebih dari 6O (enam puluh) gross tonnage sampai dengan 1OO (seratus) gross tonnage;",Pasal 359 ayat (3) huruf o angka 3,"puluh, gross, tonnage, juta, rupiah",
PP_28_2025,PP Nomor 28 Tahun 2025,PP,2025,28,BAB XI,Sanksi,Bagian Kedua,,359,3,o,4,Ketentuan,"Rp25.000.000,00 (dua puluh lima juta rupiah) untuk kapal pengangkut ikan berukuran lebih dari 100 (seratus) gross tonnage sampai dengan 15O (seratus lima puluh) gross tonnage; dan",Pasal 359 ayat (3) huruf o angka 4,"puluh, lima, seratus, gross, tonnage",
PP_28_2025,PP Nomor 28 Tahun 2025,PP,2025,28,BAB XI,Sanksi,Bagian Kedua,,359,3,o,5,Sanksi,"Rp30.OO0.OOO,OO (tiga puluh juta rupiah) untuk kapal pengangkut ikan berukuran lebih dari 150 (seratus lima puluh) gross tonnage. melakukan usaha pembenihan, pembesaran ikan S dan/atau jasa subsektor pembudidayaan ikan yang tidak memenuhi PB dan/atau PB UMKU dikenai denda administratif sebagaimana diatur dalam peraturan pemerintah yang mengatur mengenai jenis dan tarif atas jenis PNBP yang berlaku pada kementerian yang menyelenggarakan urusan pemerintahan di bidang kelautan dan perikanan; dan t. melakukan usaha pembenihan danf atau pembesaran jenis ikan yang dilarang, merugikan, dan/atau membahayakan tidak sesuai dengan ketentuan peraturan perundang-undangan dikenai denda administratif sebagaimana diatur dalam peraturan pemerintah yang mengatur mengenai jenis dan tarif atas jenis PNBP yang berlaku pada kementerian yang menyelenggarakan urusan pemerintahan di bidang kelautan dan perikanan. Pasal. . .",Pasal 359 ayat (3) huruf o angka 5,"jenis, ikan, puluh, melakukan, usaha","Kementerian, Pemerintah"
PP_28_2025,PP Nomor 28 Tahun 2025,PP,2025,28,BAB XI,Sanksi,Bagian Kedua,,36O,1,,,Sanksi,"Sanksi administratif berupa pembekuan KKPRL, PB, dan/atau PB UMKU sebagaimana dimaksud dalam Pasal 356 ayat (21 huruf d dikenakan apabila Pelaku Usaha:",Pasal 36O ayat (1),"sanksi, administratif, berupa, pembekuan, kkprl",Pelaku Usaha
PP_28_2025,PP Nomor 28 Tahun 2025,PP,2025,28,BAB XI,Sanksi,Bagian Kedua,,36O,1,a,,Sanksi,tidak melaksanakan kewajibannya sampai dengan berakhirnya jangka waktu teguran/ peringatan tertulis kedua kali; dan latau b. tidak membayar denda administratif yang dikenai.,Pasal 36O ayat (1) huruf a,"melaksanakan, kewajibannya, sampai, berakhirnya, jangka",
PP_28_2025,PP Nomor 28 Tahun 2025,PP,2025,28,BAB XI,Sanksi,Bagian Kedua,,36O,2,,,Sanksi,"Pembekuan KKPRL, PB, dan/atau PB UMKU sebagaimana dimaksud pada ayat (1) juga dapat dikenai secara langsung apabila Pelaku Usaha tidak melaksanakan paksaan pemerintah sebagaimana dimaksud dalam Pasal 356 ayat (2) huruf b.",Pasal 36O ayat (2),"pembekuan, kkprl, umku, dikenai, langsung","Pelaku Usaha, Pemerintah"
PP_28_2025,PP Nomor 28 Tahun 2025,PP,2025,28,BAB XI,Sanksi,Bagian Kedua,,36O,3,,,Sanksi,"Pembekuan KKPRL, PB, dan/atau PB UMKU sebagaimana dimaksud pada ayat (1) dapat disertai dengan perintah untuk segera mematuhi kewajiban KKPRL, PB, dan/atau PB UMKU yang disyaratkan dan/atau melaksanakan perbaikan terhadap kerusakan dan/atau kerugian yang ditimbulkan. (41 Pembekuan KKPRL, PB, dan/atau PB UMKU sebagaimana dimaksud pada ayat (1) dan ayat (21 dikenakan dalam jangka waktu tertentu dengan mempertimbangkan kemampuan Pelaku Usaha untuk memenuhi kewajibannya dan untuk memberikan efek jera.",Pasal 36O ayat (3),"kkprl, umku, pembekuan, disertai, perintah",Pelaku Usaha
PP_28_2025,PP Nomor 28 Tahun 2025,PP,2025,28,BAB XI,Sanksi,Bagian Kedua,,361,1,,,Sanksi,"Sanksi administratif berupa pencabutan KKPRL, PB, dan/atau PB UMKU sebagaimana dimaksud dalam Pasal 356 ayat (2) huruf e dikenakan apabila: a. setelah pembekuan KKPRL, PB, dan/atau PB UMKU dijatuhkan, Pelaku Usaha tetap tidak memenuhi persyaratan KKPRL, PB, dan/atau PB UMKU; dan/atau",Pasal 361 ayat (1),"kkprl, umku, sanksi, administratif, berupa",Pelaku Usaha
PP_28_2025,PP Nomor 28 Tahun 2025,PP,2025,28,BAB XI,Sanksi,Bagian Kedua,,361,1,b,,Sanksi,"tidak melaksanakan kewajiban untuk melaksanakan perbaikan terhadap kerusakan dan/atau kerugian yang ditimbulkan. (21 Pencabutan KKPRL, PB, dan/atau PB UMKU sebagaimana dimaksud pada ayat (1) dapat dilaksanakan tanpa terlebih dahulu dikenai sanksi administratif lain apabila pelanggaran yang dilakukan menimbulkan dampak yang besar berupa:",Pasal 361 ayat (1) huruf b,"melaksanakan, kewajiban, perbaikan, kerusakan, kerugian",
PP_28_2025,PP Nomor 28 Tahun 2025,PP,2025,28,BAB XI,Sanksi,Bagian Kedua,,361,1,a,,Ketentuan,gangguan. . .,Pasal 361 ayat (1) huruf a,gangguan,
PP_28_2025,PP Nomor 28 Tahun 2025,PP,2025,28,BAB XI,Sanksi,Bagian Kedua,,361,1,a,,Ketentuan,"gangguan kesehatan dan/atau keselamatan manusia dan lingkungan; b. efek luas terhadap aspek ekonomi, sosial, dan budaya; dan/atau c. kerugian yang signifikan bagi kelestarian sumber daya ikan dan f atau lingkungannya.",Pasal 361 ayat (1) huruf a,"gangguan, kesehatan, keselamatan, manusia, lingkungan",
PP_28_2025,PP Nomor 28 Tahun 2025,PP,2025,28,BAB XI,Sanksi,Bagian Kedua,,362,1,,,Sanksi,"Pengenaan sanksi administratif sebagaimana dimaksud dalam Pasal 356 ayat (2) dilaksanakan oleh menteri yang menyelenggarakan urusan pemerintahan di bidang kelautan dan perikanan, gubernur, bupati/wali kota, kepala Administrator KEK, dan/atau kepala Badan Pengusahaan KPBPB sesuai dengan kewenangan masing- masing berdasarkan ketentuan peraturan perundang- undangan.",Pasal 362 ayat (1),"kepala, masing, pengenaan, sanksi, administratif","Wali Kota, Gubernur, Menteri, Bupati, Badan"
PP_28_2025,PP Nomor 28 Tahun 2025,PP,2025,28,BAB XI,Sanksi,Bagian Kedua,,362,2,,,Sanksi,"Ketentuan mengenai tata cara pengenaan sanksi administratif, mekanisme, jangka waktu, upaya administratif, dan pejabat yang berwenang diatur dengan peraturan menteri yang menyelenggarakan urusan pemerintahan di bidang kelautan dan perikanan.",Pasal 362 ayat (2),"administratif, mengenai, tata, cara, pengenaan",Menteri
PP_28_2025,PP Nomor 28 Tahun 2025,PP,2025,28,BAB XI,Sanksi,Bagian Kedua,Paragraf 2,363,1,,,Sanksi,"Setiap Pelaku Usaha yang berdasarkan hasil Pengawasan ditemukan ketidaksesuaian atau pelanggaran terhadap PB pada sektor pertanian, dikenai sanksi administratif berupa: a. peringatan tertulis; b. denda administratif; c. penghentian sementarakegiatan; d. penarikan produk dari peredaran; e. pencabutan PB; f. penutupan kegiatan usaha; dan/atau g. pengenaan daya paksa polisional.",Pasal 363 ayat (1),"usaha, administratif, setiap, pelaku, hasil",Pelaku Usaha
PP_28_2025,PP Nomor 28 Tahun 2025,PP,2025,28,BAB XI,Sanksi,Bagian Kedua,Paragraf 2,363,2,,,Sanksi,"Setiap -20r- (21 Setiap Pelaku Usaha yang berdasarkan hasil Pengawasan ditemukan ketidaksesuaian atau pelanggaran terhadap PB UMKU pada sektor pertanian, dikenai sanksi administratif berupa: a. peringatan tertulis; b. denda administratif; c. penghentian sementarakegiatan; d. pencabutan PB UMKU; e. penarikan produk dari peredaran; f. penutupan kegiatan usaha; g. pemusnahan; dan/atau h. pengenaan daya paksa polisional.",Pasal 363 ayat (2),"setiap, usaha, umku, administratif, pelaku",Pelaku Usaha
PP_28_2025,PP Nomor 28 Tahun 2025,PP,2025,28,BAB XI,Sanksi,Bagian Kedua,Paragraf 2,363,3,,,Sanksi,Tata cara pengenaan sanksi administratif sebagaimana dimaksud pada ayat (1) dan ayat (21dilakukan: a. secara bertahap; dan b. secara tidak bertahap.,Pasal 363 ayat (3),"bertahap, tata, cara, pengenaan, sanksi",
PP_28_2025,PP Nomor 28 Tahun 2025,PP,2025,28,BAB XI,Sanksi,Bagian Kedua,Paragraf 2,364,,,,Sanksi,"Pengenaan sanksi administratif sektor pertanian diberikan oleh menteri yang menyelenggarakan urusan pemerintahan di bidang pertanian, gubernur, bupati/wali kota, kepala Administrator KEK, atau kepala Badan Pengusahaan KPBPB sesuai dengan kewenangan masing-masing berdasarkan ketentuan peraturan perundang-undangan.",Pasal 364,"pertanian, kepala, masing, pengenaan, sanksi","Wali Kota, Gubernur, Menteri, Bupati, Badan"
PP_28_2025,PP Nomor 28 Tahun 2025,PP,2025,28,BAB XI,Sanksi,Bagian Kedua,Paragraf 2,365,,,,Sanksi,"Ketentuan mengenai tata cara pengenaan sanksi administratif, mekanisme, jangka waktu, upaya administratif, dan pejabat yang berwenang diatur dengan peraturan menteri yang menyelenggarakan urusan pemerintahan di bidang pertanian.",Pasal 365,"administratif, mengenai, tata, cara, pengenaan",Menteri
PP_28_2025,PP Nomor 28 Tahun 2025,PP,2025,28,BAB XI,Sanksi,Bagian Kedua,Paragraf 3,366,,,,Sanksi,"Setiap Pelaku Usaha yang berdasarkan hasil Pengawasan ditemukan ketidaksesuaian atau pelanggaran terhadap PB pada sektor kehutanan, dikenai sanksi administratif berupa: a. teguran tertulis; b. paksaan pemerintah; c. penghentian layanan pemerintah; d. denda administratif; e. pembekuan PB; dan/atau f. pencabutan PB.",Pasal 366,"administratif, setiap, pelaku, usaha, hasil","Pelaku Usaha, Pemerintah"
PP_28_2025,PP Nomor 28 Tahun 2025,PP,2025,28,BAB XI,Sanksi,Bagian Kedua,Paragraf 3,367,,,,Sanksi,"Pengenaan sanksi administratif sebagaimana dimaksud dalam Pasal 366 diberikan oleh menteri yang menyelenggarakan urusan pemerintahan di bidang kehutanan, gubernur, bupati/wali kota, kepala Administrator KEK, atau kepala Badan Pengusahaan KPBPB sesuai dengan kewenangan masing-masing berdasarkan ketentuan peraturan perundang- undangan.",Pasal 367,"kepala, masing, pengenaan, sanksi, administratif","Wali Kota, Gubernur, Menteri, Bupati, Badan"
PP_28_2025,PP Nomor 28 Tahun 2025,PP,2025,28,BAB XI,Sanksi,Bagian Kedua,Paragraf 3,368,,,,Sanksi,"Ketentuan mengenai tata cara pengenaan sanksi administratif, mekanisme, jangka waktu, upaya administratif, dan pejabat yang berwenang diatur dengan peraturan menteri yang menyelenggarakan urusan pemerintahan di bidang kehutanan.",Pasal 368,"administratif, mengenai, tata, cara, pengenaan",Menteri
PP_28_2025,PP Nomor 28 Tahun 2025,PP,2025,28,BAB XI,Sanksi,Bagian Kedua,Paragraf 4,369,1,,,Sanksi,"Setiap Pelaku Usaha yang berdasarkan hasil Pengawasan ditemukan ketidaksesuaian atau pelanggaran terhadap PB dan/atau PB UMKU pada subsektor minyak dan gas bumi, dikenai sanksi administratif berupa: a. teguran tertulis; b. penghentian sementara kegiatan usaha; c. penghentian usaha atau kegiatan; d. denda administratif; e. pengenaan daya paksa polisional; dan/atau f. pencabutan PB dan/atau PB UMKU. (21 Kegiatan usaha minyak dan gas bumi sebagaimana dimaksud pada ayat (1) berupa: a. kegiatan survei umum;",Pasal 369 ayat (1),"usaha, kegiatan, umku, minyak, bumi",Pelaku Usaha
PP_28_2025,PP Nomor 28 Tahun 2025,PP,2025,28,BAB XI,Sanksi,Bagian Kedua,Paragraf 4,369,1,b,,Ketentuan,kegiatan . REPUELIK INDONESIA,Pasal 369 ayat (1) huruf b,"kegiatan, repuelik, indonesia",
PP_28_2025,PP Nomor 28 Tahun 2025,PP,2025,28,BAB XI,Sanksi,Bagian Kedua,Paragraf 4,369,1,b,,Ketentuan,kegiatan usaha hilir minyak dan gas bumi; c. kegiatan penangkapan dan penyimpanan karbon; dan d. kegiatan penunjang usaha minyak dan gas bumi;,Pasal 369 ayat (1) huruf b,"kegiatan, usaha, minyak, bumi, hilir",
PP_28_2025,PP Nomor 28 Tahun 2025,PP,2025,28,BAB XI,Sanksi,Bagian Kedua,Paragraf 4,369,3,,,Sanksi,Penghentian usaha atau kegiatan sebagaimana dimaksud pada ayat (1) huruf c dapat dikenakan bersamaan dengan pengenaan daya paksa polisional. (41 Sanksi administratif sebagaimana dimaksud pada ayat (1) dilaksanakan sesuai dengan ketentuan peraturan perundang-undangan.,Pasal 369 ayat (3),"penghentian, usaha, kegiatan, dikenakan, bersamaan",
PP_28_2025,PP Nomor 28 Tahun 2025,PP,2025,28,BAB XI,Sanksi,Bagian Kedua,Paragraf 4,370,1,,,Sanksi,"Setiap orang yang melakukan kegiatan usaha hilir minyak dan gas bumi tanpa PB dan/atau PB UMKU, dikenai sanksi administratif dengan tahapan sebagai berikut: a. penghentian usaha danlatau kegiatan; dan b. denda administratif. (21 Penghentian usaha dan/atau kegiatan sebagaimana dimaksud pada ayat (1) huruf a dikenakan bersamaan dengan paksaan Pemerintah Pusat.",Pasal 370 ayat (1),"kegiatan, usaha, administratif, penghentian, setiap",Pemerintah Pusat
PP_28_2025,PP Nomor 28 Tahun 2025,PP,2025,28,BAB XI,Sanksi,Bagian Kedua,Paragraf 4,370,3,,,Sanksi,Paksaan Pemerintah Pusat sebagaimana dimaksud pada ayat (2) berupa: a. pembongkaran sarana dan fasilitas; b. penyitaan terhadap barang atau alat yang berpotensi menimbulkan pelanggaran ; c. paksaan badan; dan/atau,Pasal 370 ayat (3),"paksaan, pusat, berupa, pembongkaran, sarana","Pemerintah Pusat, Badan"
PP_28_2025,PP Nomor 28 Tahun 2025,PP,2025,28,BAB XI,Sanksi,Bagian Kedua,Paragraf 4,370,3,d,,Ketentuan,tindakan lain yang bertujuan untuk menghentikan pelanggaran dan tindakan memulihkan fungsi lingkungan hidup.,Pasal 370 ayat (3) huruf d,"tindakan, bertujuan, menghentikan, pelanggaran, memulihkan",
PP_28_2025,PP Nomor 28 Tahun 2025,PP,2025,28,BAB XI,Sanksi,Bagian Kedua,Paragraf 4,370,4,,,Sanksi,Dalam melakukan paksaan Pemerintah Pusat sebagaimana dimaksud pada ayat (21 dapat melibatkan aparat penegak hukum.,Pasal 370 ayat (4),"melakukan, paksaan, pusat, melibatkan, aparat",Pemerintah Pusat
PP_28_2025,PP Nomor 28 Tahun 2025,PP,2025,28,BAB XI,Sanksi,Bagian Kedua,Paragraf 4,370,5,,,Sanksi,Sanksi administratif sebagaimana dimaksud pada ayat (1) dan ayat (2) dilaksanakan sesuai dengan ketentuan peraturan perundang-undangan. Pasal,Pasal 370 ayat (5),"sanksi, administratif, dilaksanakan, perundang, undangan",
PP_28_2025,PP Nomor 28 Tahun 2025,PP,2025,28,BAB XI,Sanksi,Bagian Kedua,Paragraf 4,371,,,,Sanksi,"Setiap Pelaku Usaha yang berdasarkan hasil Pengawasan ditemukan ketidaksesuaian atau pelanggaran terhadap PB dan/atau PB UMKU pada subsektor ketenagalistrikan, dikenai sanksi administratif berupa: a. teguran tertulis; b. pembekuan kegiatan sementara; c. denda administratif; dan/atau d. pencabutan PB dan/atau PB UMKU.",Pasal 371,"umku, administratif, setiap, pelaku, usaha",Pelaku Usaha
PP_28_2025,PP Nomor 28 Tahun 2025,PP,2025,28,BAB XI,Sanksi,Bagian Kedua,Paragraf 4,372,1,,,Sanksi,"Dalam hal ketidaksesuaian atau pelanggaran sebagaimana dimaksud dalam Pasal 371 mengakibatkan timbulnya korban dan/atau kerusakan terhadap: a. keselamatan; b. kesehatan; c. lingkungan; d. pemanfaatan sumber daya; dan/atau e. aspek lainnya, menteri yang menyelenggarakan urusan pemerintahan di bidang energi dan sumber daya mineral atau gubernur sesuai dengan wilayah kerjanya mengenakan sanksi administratif berupa pembekuan kegiatan sementara atau pencabutan PB dan/atau PB UMKU. (21 Aspek lainnya sebagaimana dimaksud pada ayat (1) huruf e merupakan aspek keselamatan ketenagalistrikan.",Pasal 372 ayat (1),"aspek, keselamatan, sumber, daya, lainnya","Gubernur, Menteri"
PP_28_2025,PP Nomor 28 Tahun 2025,PP,2025,28,BAB XI,Sanksi,Bagian Kedua,Paragraf 4,373,1,,,Sanksi,"Denda administratif sebagaimana dimaksud dalam Pasal 371 huruf c dilakukan melalui mekanisme PNBP atau penerimaan daerah sesuai dengan ketentuan peraturan perundang-undangan. (21 Untuk kantor perwakilan asing yang tidak memenuhi kewajiban dan/atau standar, besaran nilai denda administratif sebagaimana dimaksud pada ayat (1) sebagai berikut:",Pasal 373 ayat (1),"denda, administratif, melalui, mekanisme, pnbp",
PP_28_2025,PP Nomor 28 Tahun 2025,PP,2025,28,BAB XI,Sanksi,Bagian Kedua,Paragraf 4,373,1,a,,Ketentuan,sebesar.,Pasal 373 ayat (1) huruf a,sebesar,
PP_28_2025,PP Nomor 28 Tahun 2025,PP,2025,28,BAB XI,Sanksi,Bagian Kedua,Paragraf 4,373,1,a,,Ketentuan,sebesar 2Oo/o (dua puluh persen) dari semua nilai jika kontrak tidak membentuk kerja sama operasi dengan badan usaha jasa penunjang tenaga listrik dalam negeri berkualilikasi besar yang memiliki PB dalam setiap kegiatan usaha jasa penunjang tenaga listrik di Indonesia; b. sebesar 10% (sepuluh persen) dari semua nilai kontrak jika tidak mempekerjakan lebih banyak tenaga kerja Indonesia daripada tenaga kerja asing; dan c. sebesar 1O% (sepuluh persen) dari semua nilai kontrak jika tidak menempatkan warga negara Indonesia sebagai penanggung jawab badan usaha kantor perwakilan.,Pasal 373 ayat (1) huruf a,"tenaga, sebesar, persen, semua, nilai","Warga Negara, Badan Usaha"
PP_28_2025,PP Nomor 28 Tahun 2025,PP,2025,28,BAB XI,Sanksi,Bagian Kedua,Paragraf 4,374,1,,,Sanksi,"Setiap Pelaku Usaha yang berdasarkan hasil Pengawasan ditemukan ketidaksesuaian atau pelanggaran terhadap PB dan/atau PB UMKU pada subsektor mineral dan batubara, dikenai sanksi administratif berupa: a. peringatan tertulis;",Pasal 374 ayat (1),"setiap, pelaku, usaha, hasil, pengawasan",Pelaku Usaha
PP_28_2025,PP Nomor 28 Tahun 2025,PP,2025,28,BAB XI,Sanksi,Bagian Kedua,Paragraf 4,374,1,b,,Ketentuan,penghentian sementara sebagian atau seluruh kegiatan PB dan/atau PB UMKU; dan/atau c. pencabutan PB dan/atau PB UMKU.,Pasal 374 ayat (1) huruf b,"umku, penghentian, sementara, sebagian, seluruh",
PP_28_2025,PP Nomor 28 Tahun 2025,PP,2025,28,BAB XI,Sanksi,Bagian Kedua,Paragraf 4,374,2,,,Sanksi,"Selain sanksi administratif sebagaimana dimaksud pada ayat (1), pemegang PB yang melanggar kewajiban pembayaran pendapatan negara dan/atau pendapatan daerah dikenai denda administratif sesuai dengan ketentuan peraturan perLrndang-undangan.",Pasal 374 ayat (2),"administratif, pendapatan, selain, sanksi, pemegang",
PP_28_2025,PP Nomor 28 Tahun 2025,PP,2025,28,BAB XI,Sanksi,Bagian Kedua,Paragraf 4,375,,,,Sanksi,"Setiap Pelaku Usaha yang berdasarkan hasil Pengawasan ditemukan ketidaksesuaian atau pelanggaran terhadap PB dan/atau PB UMKU pada subsektor energi baru, terbarukan, dan konservasi energi untuk kegiatan usaha panas bumi, bioenergi, dan konservasi energi, dikenai sanksi administratif. Pasal REFUBLTK INDONESIA",Pasal 375,"energi, usaha, konservasi, setiap, pelaku",Pelaku Usaha
PP_28_2025,PP Nomor 28 Tahun 2025,PP,2025,28,BAB XI,Sanksi,Bagian Kedua,Paragraf 4,376,1,,,Sanksi,Sanksi administratif untuk kegiatan usaha panas bumi sebagaimana dimaksud dalam Pasal 375 terdiri atas sanksi administratif untuk:,Pasal 376 ayat (1),"sanksi, administratif, kegiatan, usaha, panas",
PP_28_2025,PP Nomor 28 Tahun 2025,PP,2025,28,BAB XI,Sanksi,Bagian Kedua,Paragraf 4,376,1,a,,Ketentuan,kegiatan usaha panas bumi untuk pemanfaatan tidak langsung; dan,Pasal 376 ayat (1) huruf a,"kegiatan, usaha, panas, bumi, pemanfaatan",
PP_28_2025,PP Nomor 28 Tahun 2025,PP,2025,28,BAB XI,Sanksi,Bagian Kedua,Paragraf 4,376,1,b,,Sanksi,kegiatan usaha panas bumi untuk pemanfaatan langsung. (21 Sanksi administratif untuk kegiatan usaha panas bumi untuk pemanfaatan tidak langsung sebagaimana dimaksud pada ayat (1) huruf a dilaksanakan sesuai dengan ketentuan peraturan perundang-undangan di bidang panas bumi.,Pasal 376 ayat (1) huruf b,"panas, bumi, kegiatan, usaha, pemanfaatan",
PP_28_2025,PP Nomor 28 Tahun 2025,PP,2025,28,BAB XI,Sanksi,Bagian Kedua,Paragraf 4,376,3,,,Sanksi,Sanksi administratif untuk kegiatan usaha panas bumi untuk pemanfaatan langsung sebagaimana dimaksud pada ayat (1) hurufb berupa: a. peringatan tertulis;,Pasal 376 ayat (3),"sanksi, administratif, kegiatan, usaha, panas",
PP_28_2025,PP Nomor 28 Tahun 2025,PP,2025,28,BAB XI,Sanksi,Bagian Kedua,Paragraf 4,376,3,b,,Ketentuan,penghentian sementara seluruh kegiatan usaha pengusahaan panas bumi untuk pemanfaatan langsung; dan/atau c. pencabutan PB UMKU.,Pasal 376 ayat (3) huruf b,"penghentian, sementara, seluruh, kegiatan, usaha",
PP_28_2025,PP Nomor 28 Tahun 2025,PP,2025,28,BAB XI,Sanksi,Bagian Kedua,Paragraf 4,377,1,,,Sanksi,Sanksi administratif untuk kegiatan usaha bioenergi sebagaimana dimaksud dalam Pasal 375 terdiri atas sanksi administratif untuk: a. kegiatan usaha niaga bahan bakar nabati (biofuel); dan b. kegiatan usaha bahan bakar biogas sebagai bahan bakar lain. (21 Sanksi administratif sebagaimana dimaksud pada ayat (1) berupa: a. peringatan tertulis; b. penghentian sementara terhadap kegiatan usaha niaga bahan bakar nabati (biofueL) dan/atau kegiatan usaha bahan bakar biogas sebagai bahan bakar lain; c. denda administratif; dan/atau d. pencabutan PB. Pasal R.EPUBLIK INDONESIA,Pasal 377 ayat (1),"bahan, bakar, kegiatan, usaha, administratif",
PP_28_2025,PP Nomor 28 Tahun 2025,PP,2025,28,BAB XI,Sanksi,Bagian Kedua,Paragraf 4,378,,,,Sanksi,Sanksi administratif untuk kegiatan usaha konservasi energi sebagaimana dimaksud dalam Pasal 375 berupa: a. peringatan tertulis; b. penghentian sementara seluruh kegiatan usaha; dan/atau c. pencabutan PB.,Pasal 378,"kegiatan, usaha, sanksi, administratif, konservasi",
PP_28_2025,PP Nomor 28 Tahun 2025,PP,2025,28,BAB XI,Sanksi,Bagian Kedua,Paragraf 4,379,,,,Sanksi,"Setiap Pelaku Usaha yang berdasarkan hasil Pengawasan ditemukan ketidaksesuaian atau pelanggaran terhadap PB UMKU pada subsektor geologi, dikenai sanksi administratif.",Pasal 379,"setiap, pelaku, usaha, hasil, pengawasan",Pelaku Usaha
PP_28_2025,PP Nomor 28 Tahun 2025,PP,2025,28,BAB XI,Sanksi,Bagian Kedua,Paragraf 4,38O,,,,Sanksi,Sanksi administratif sebagaimana dimaksud dalam Pasal 379 berupa: a. peringatan tertulis; b. penghentian sementara seluruh kegiatan pengusahaan air tanah; dan/atau c. pencabutan PB UMKU.,Pasal 38O,"sanksi, administratif, berupa, peringatan, tertulis",
PP_28_2025,PP Nomor 28 Tahun 2025,PP,2025,28,BAB XI,Sanksi,Bagian Kedua,Paragraf 4,381,,,,Sanksi,"Pengenaan denda administratif sebagaimana dimaksud dalam Pasal 369 ayat (1) hurufd, Pasal 37O ayat (1) hurufb, Pasal 371 huruf c, Pasal 374 ayat (2), Pasal 377 ayat (21 huruf c dilaksanakan sesuai dengan ketentuan peraturan perundang- undangan.",Pasal 381,"pengenaan, denda, administratif, hurufd, hurufb",
PP_28_2025,PP Nomor 28 Tahun 2025,PP,2025,28,BAB XI,Sanksi,Bagian Kedua,Paragraf 4,382,1,,,Sanksi,"Pengenaan sanksi administratif sebagaimana dimaksud dalam Pasal 369 ayat (1), Pasal 370, Pasal37I, Pasal374 ayat (1), Pasal 376 ayat (3), Pasal 377 ayat (2), Pasal 378, dan Pasal 380 dilaksanakan oleh menteri yang menyelenggarakan urusan pemerintahan di bidang energi dan sumber daya mineral, gubernur, bupati/wali kota, kepala Administrator KEK, atau kepala Badan Pengusahaan KPBPB sesuai dengan kewenangan masing- masing berdasarkan ketentuan peraturan perundang- undangan. (21 Ketentuan mengenai tata cara pengenaan sanksi administratif, mekanisme, jangka waktu, upaya administratif, dan pejabat yang berwenang diatur dengan peraturan menteri yang menyelenggarakan urusan pemerintahan di bidang energi dan sumber daya mineral.",Pasal 382 ayat (1),"administratif, pengenaan, sanksi, menteri, menyelenggarakan","Wali Kota, Gubernur, Menteri, Bupati, Badan"
PP_28_2025,PP Nomor 28 Tahun 2025,PP,2025,28,BAB XI,Sanksi,Bagian Kedua,Paragraf 5,383,1,,,Sanksi,Kepala badan yang melaksanakan tugas pemerintahan di bidang pengawasan ketenaganukliran mengenakan sanksi administratif kepada pemegang PB dan/atau PB UMKU apabila ditemukan pelanggaran terhadap ketentuan PB dan/atau PB UMKU pemanfaatan sumber radiasi pengion. (21 Sanksi administratif sebagaimana dimaksud pada ayat (1) berupa: a. peringatan tertulis; b. pembekuan PB dan/atau PB UMKU; atau c. pencabutan PB dan/atau PB UMKU.,Pasal 383 ayat (1),"umku, sanksi, administratif, kepala, badan",Badan
PP_28_2025,PP Nomor 28 Tahun 2025,PP,2025,28,BAB XI,Sanksi,Bagian Kedua,Paragraf 5,384,1,,,Kewajiban,"Pemegang PB dan/atau PB UMKU yang melanggar ketentuan PB dan/atau PB UMKU pemanfaatan sumber radiasi pengion sebagaimana dimaksud dalam Pasal 148 ayat (1) huruf a dan ayat (2) huruf a, dikenai peringatan tertulis kesatu. (21 Pemegang PB dan/atau PB UMKU wajib menindaklanjuti peringatan tertulis kesatu sebagaimana dimaksud pada ayat (1) paling lama 10 (sepuluh) Hari terhitung sejak tanggal dikeluarkannya peringatan tertulis kesatu.",Pasal 384 ayat (1),"umku, peringatan, tertulis, kesatu, pemegang",
PP_28_2025,PP Nomor 28 Tahun 2025,PP,2025,28,BAB XI,Sanksi,Bagian Kedua,Paragraf 5,384,3,,,Ketentuan,"Apabila dalam jangka waktu sebagaimana dimaksud pada ayat (21 pemegang PB dan/atau PB UMKU tidak menindaklanjuti peringatan tertulis kesatu, kepala badan yang melaksanakan tugas pemerintahan di bidang pengawasan ketenaganukliran memberikan peringatan tertulis kedua.",Pasal 384 ayat (3),"peringatan, tertulis, jangka, waktu, pemegang",Badan
PP_28_2025,PP Nomor 28 Tahun 2025,PP,2025,28,BAB XI,Sanksi,Bagian Kedua,Paragraf 5,384,4,,,Ketentuan,Pemegang. . .,Pasal 384 ayat (4),pemegang,
PP_28_2025,PP Nomor 28 Tahun 2025,PP,2025,28,BAB XI,Sanksi,Bagian Kedua,Paragraf 5,384,4,,,Kewajiban,Pemegang PB dan/atau PB UMKU wajib menindaklanjuti peringatan tertulis kedua sebagaimana dimaksud pada ayat (3) paling lama 10 (sepuluh) Hari terhitung sejak tanggal dikeluarkannya peringatan tertulis kedua.,Pasal 384 ayat (4),"peringatan, tertulis, kedua, pemegang, umku",
PP_28_2025,PP Nomor 28 Tahun 2025,PP,2025,28,BAB XI,Sanksi,Bagian Kedua,Paragraf 5,384,5,,,Ketentuan,"Apabila dalam jangka waktu sebagaimana dimaksud pada ayat (4) pemegang PB dan/atau PB UMKU tidak menindaklanjuti peringatan tertulis kedua, kepala badan yang melaksanakan tugas pemerintahan di bidang pengawasan ketenaganukliran memberikan peringatan tertulis ketiga.",Pasal 384 ayat (5),"peringatan, tertulis, jangka, waktu, pemegang",Badan
PP_28_2025,PP Nomor 28 Tahun 2025,PP,2025,28,BAB XI,Sanksi,Bagian Kedua,Paragraf 5,384,6,,,Kewajiban,"Pemegang PB dan/atau PB UMKU wajib menindaklanjuti peringatan tertulis ketiga sebagaimana dimaksud pada ayat (5) paling lama 10 (sepuluh) Hari terhitung sejak tanggal dikeluarkannya peringatan tertulis ketiga. (71 Apabila dalam jangka waktu sebagaimana dimaksud pada ayat (2), ayat (41, atau ayat (6) pemegang PB dan/atau PB UMKU telah menindaklanjuti peringatan tertulis kesatu, peringatan tertulis kedua, atau peringatan tertulis ketiga, kepala badan yang melaksanakan tugas pemerintahan di bidang pengawasan ketenaganukliran menerbitkan pernyataan pemenuhan ketentuan keselamatan radiasi dan/atau keamanan zat radioaktif.",Pasal 384 ayat (6),"peringatan, tertulis, ketiga, pemegang, umku",Badan
PP_28_2025,PP Nomor 28 Tahun 2025,PP,2025,28,BAB XI,Sanksi,Bagian Kedua,Paragraf 5,384,8,,,Ketentuan,"Apabila dalam jangka waktu sebagaimana dimaksud pada ayat (6) pemegang PB dan/atau PB UMKU tidak menindaklanjuti peringatan tertulis ketiga, kepala badan yang melaksanakan tugas pemerintahan di bidang pengawasan ketenaganukliran membekukan PB dan/atau PB UMKU konstruksi fasilitas radiasi pengion, operasi fasilitas radiasi pengion, atau kegiatan pemanfaatan sumber radiasi pengion.",Pasal 384 ayat (8),"radiasi, pengion, umku, fasilitas, jangka",Badan
PP_28_2025,PP Nomor 28 Tahun 2025,PP,2025,28,BAB XI,Sanksi,Bagian Kedua,Paragraf 5,385,1,,,Sanksi,"Pemegang PB dan/atau PB UMKU wajib menghentikan sementara kegiatannya terhitung sejak ditetapkannya keputusan pembekuan PB dan/atau PB UMKU konstruksi fasilitas radiasi pengion, operasi fasilitas radiasi pengion, atau kegiatan pemanfaatan sumber radiasi pengion sebagaimana dimaksud dalam Pasal 384 ayat (8).",Pasal 385 ayat (1),"radiasi, pengion, umku, fasilitas, pemegang",
PP_28_2025,PP Nomor 28 Tahun 2025,PP,2025,28,BAB XI,Sanksi,Bagian Kedua,Paragraf 5,385,2,,,Ketentuan,Pemegang. . . -2to-,Pasal 385 ayat (2),pemegang,
PP_28_2025,PP Nomor 28 Tahun 2025,PP,2025,28,BAB XI,Sanksi,Bagian Kedua,Paragraf 5,385,2,,,Sanksi,"Pemegang PB dan/atau PB UMKU wajib menindaklanjuti rekomendasi pembekuan PB dan/atau PB UMKU paling lama 3 (tiga) bulan terhitung sejak tanggal ditetapkannya keputusan pembekuan PB dan/atau PB UMKU konstruksi fasilitas radiasi pengion, operasi fasilitas radiasi pengion, atau kegiatan pemanfaatan sumber radiasi pengion.",Pasal 385 ayat (2),"umku, radiasi, pengion, pembekuan, fasilitas",
PP_28_2025,PP Nomor 28 Tahun 2025,PP,2025,28,BAB XI,Sanksi,Bagian Kedua,Paragraf 5,385,3,,,Sanksi,"Apabila dalam jangka waktu sebagaimana dimaksud pada ayat (21 pemegang PB dan/atau PB UMKU telah menindaklanjuti rekomendasi pembekuan PB dan/atau PB UMKU, kepala badan yang melaksanakan tugas pemerintahan di bidang pengawasan ketenaganukliran menerbitkan keputusan pemberlakuan kembali PB dan/atau PB UMKU. (41 Apabila dalam jangka waktu sebagaimana dimaksud pada ayat (21 pemegang PB dan/atau PB UMKU tidak menindaklanjuti rekomendasi pembekuan PB dan/atau PB UMKU, kepala badan yang melaksanakan tugas pemerintahan di bidang pengawasan ketenaganukliran mencabut PB dan/atau PB UMKU.",Pasal 385 ayat (3),"umku, jangka, waktu, pemegang, menindaklanjuti",Badan
PP_28_2025,PP Nomor 28 Tahun 2025,PP,2025,28,BAB XI,Sanksi,Bagian Kedua,Paragraf 5,386,,,,Sanksi,"Dalam hal pembekuan PB dan/atau PB UMKU sebagaimana dimaksud dalam Pasal 384 ayat (8) telah ditetapkan dan pemegang PB dan/atau PB UMKU tetap melaksanakan kegiatannya, kepala badan yang melaksanakan tugas pemerintahan di bidang pengawasan ketenaganukliran langsung mencabut PB dan/atau PB UMKU.",Pasal 386,"umku, melaksanakan, pembekuan, ditetapkan, pemegang",Badan
PP_28_2025,PP Nomor 28 Tahun 2025,PP,2025,28,BAB XI,Sanksi,Bagian Kedua,Paragraf 5,387,1,,,Ketentuan,"Apabila dalam jangka waktu paling lama 6 (enam) bulan sejak PB atau PB UMKU dekomisioning sebagaimana dimaksud dalam Pasal 148 ayat (3) huruf c untuk fasilitas pemanfaatan sumber radiasi pengion diterbitkan, pemegang PB atau PB UMKU melaksanakan dekomisioning namun tidak sesuai program dekomisioning fasilitas radiasi pengion, kepala badan yang melaksanakan tugas pemerintahan di bidang pengawasan ketenaganukliran memberikan peringatan tertulis kesatu.",Pasal 387 ayat (1),"dekomisioning, umku, fasilitas, radiasi, pengion",Badan
PP_28_2025,PP Nomor 28 Tahun 2025,PP,2025,28,BAB XI,Sanksi,Bagian Kedua,Paragraf 5,387,2,,,Ketentuan,Pemegang -2tt-,Pasal 387 ayat (2),pemegang,
PP_28_2025,PP Nomor 28 Tahun 2025,PP,2025,28,BAB XI,Sanksi,Bagian Kedua,Paragraf 5,387,2,,,Kewajiban,Pemegang PB atau PB UMKU wajib menindaklanjuti peringatan tertulis kesatu sebagaimana dimaksud pada ayat (1) paling lama 3 (tiga) bulan terhitung sejak tanggal dikeluarkannya peringatan tertulis kesatu.,Pasal 387 ayat (2),"peringatan, tertulis, kesatu, pemegang, umku",
PP_28_2025,PP Nomor 28 Tahun 2025,PP,2025,28,BAB XI,Sanksi,Bagian Kedua,Paragraf 5,387,3,,,Ketentuan,"Apabila dalam jangka waktu sebagaimana dimaksud pada ayat (21 pemegang PB atau PB UMKU tidak menindaklanjuti peringatan tertulis kesatu, kepala badan yang melaksanakan tugas pemerintahan di bidang pengawasan ketenaganukliran memberikan peringatan tertulis kedua.",Pasal 387 ayat (3),"peringatan, tertulis, jangka, waktu, pemegang",Badan
PP_28_2025,PP Nomor 28 Tahun 2025,PP,2025,28,BAB XI,Sanksi,Bagian Kedua,Paragraf 5,387,4,,,Kewajiban,Pemegang PB atau PB UMKU wajib menindaklanjuti peringatan tertulis kedua sebagaimana dimaksud pada ayat (3) paling lama 3 (tiga) bulan terhitung sejak tanggal dikeluarkannya peringatan tertulis kedua.,Pasal 387 ayat (4),"peringatan, tertulis, kedua, pemegang, umku",
PP_28_2025,PP Nomor 28 Tahun 2025,PP,2025,28,BAB XI,Sanksi,Bagian Kedua,Paragraf 5,387,5,,,Ketentuan,"Apabila dalam jangka waktu sebagaimana dimaksud pada ayat (21 atau ayat (4) pemegang PB atau PB UMKU telah menindaklanjuti peringatan tertulis kesatu atau peringatan tertulis kedua, kepala badan yang melaksanakan tugas pemerintahan di bidang pengawasan ketenaganukliran menerbitkan pernyataan pemenuhan ketentuan keselamatan radiasi dan/atau keamanan zat radioaktif.",Pasal 387 ayat (5),"peringatan, tertulis, jangka, waktu, pemegang",Badan
PP_28_2025,PP Nomor 28 Tahun 2025,PP,2025,28,BAB XI,Sanksi,Bagian Kedua,Paragraf 5,387,6,,,Ketentuan,"Apabila dalam jangka waktu sebagaimana dimaksud pada ayat (41 pemegang PB atau PB UMKU tidak menindaklanjuti peringatan tertulis kedua, kepala badan yang melaksanakan tugas pemerintahan di bidang pengawasan ketenaganukliran membekukan PB atau PB UMKU dekomisioning fasilitas radiasi pengion.",Pasal 387 ayat (6),"umku, jangka, waktu, pemegang, menindaklanjuti",Badan
PP_28_2025,PP Nomor 28 Tahun 2025,PP,2025,28,BAB XI,Sanksi,Bagian Kedua,Paragraf 5,388,1,,,Sanksi,"Pemegang PB atau PB UMKU wajib menghentikan sementara kegiatannya terhitung sejak ditetapkannya keputusan pembekuan PB atau PB UMKU dekomisioning fasilitas radiasi pengion sebagaimana dimaksud dalam Pasal 387 ayat (6). (21 Selama penghentian sementara, pemegang PB atau PB UMKU tetap bertanggung jawab atas pengamanan zat radioaktif dan pengelolaan limbah radioaktif. R.EPUBLIK INDONESIA -2t2-",Pasal 388 ayat (1),"umku, pemegang, sementara, radioaktif, wajib",
PP_28_2025,PP Nomor 28 Tahun 2025,PP,2025,28,BAB XI,Sanksi,Bagian Kedua,Paragraf 5,388,3,,,Sanksi,Pemegang PB atau PB UMKU wajib menindaklanjuti rekomendasi pembekuan PB atau PB UMKU paling lama 3 (tiga) bulan terhitung sejak tanggal ditetapkannya keputusan pembekuan PB atau PB UMKU dekomisioning fasilitas radiasi pengion.,Pasal 388 ayat (3),"umku, pembekuan, pemegang, wajib, menindaklanjuti",
PP_28_2025,PP Nomor 28 Tahun 2025,PP,2025,28,BAB XI,Sanksi,Bagian Kedua,Paragraf 5,388,4,,,Sanksi,"Apabila dalam jangka waktu sebagaimana dimaksud pada ayat (3) pemegang PB atau PB UMKU telah menindaklanjuti rekomendasi pembekuan PB atau PB UMKU, kepala badan yang melaksanakan tugas pemerintahan di bidang pengawasan ketenaganukliran menerbitkan keputusan pemberlakuan kembali PB atau PB UMKU.",Pasal 388 ayat (4),"umku, jangka, waktu, pemegang, menindaklanjuti",Badan
PP_28_2025,PP Nomor 28 Tahun 2025,PP,2025,28,BAB XI,Sanksi,Bagian Kedua,Paragraf 5,388,5,,,Ketentuan,Apabila dalam jangka waktu sebagaimana dimaksud pada ayat (3) pemegang PB atau PB UMKU:,Pasal 388 ayat (5),"jangka, waktu, pemegang, umku",
PP_28_2025,PP Nomor 28 Tahun 2025,PP,2025,28,BAB XI,Sanksi,Bagian Kedua,Paragraf 5,388,5,a,,Sanksi,tidak menindaklanjuti rekomendasi pembekuan PB atau PB UMKU; b. tetap melaksanakan kegiatan dekomisioning selama pembekuan PB atau PB UMKU; atau,Pasal 388 ayat (5) huruf a,"pembekuan, umku, menindaklanjuti, rekomendasi, tetap",
PP_28_2025,PP Nomor 28 Tahun 2025,PP,2025,28,BAB XI,Sanksi,Bagian Kedua,Paragraf 5,388,5,c,,Sanksi,"tidak memenuhi tanggung jawab atas pengelolaan zat radioaktif danlatau limbah radioaktif sesuai dengan ketentuan peraturan perundang-undangan selama pembekuan PB atau PB UMKU, kepala badan yang melaksanakan tugas pemerintahan di bidang pengawasan ketenaganukliran mengambil alih dana jaminan finansial untuk melanjutkan kegiatan dekomisioning.",Pasal 388 ayat (5) huruf c,"radioaktif, memenuhi, tanggung, jawab, pengelolaan",Badan
PP_28_2025,PP Nomor 28 Tahun 2025,PP,2025,28,BAB XI,Sanksi,Bagian Kedua,Paragraf 5,388,6,,,Ketentuan,Kepala badan yang melaksanakan tugas pemerintahan di bidang pengawasan ketenaganukliran dapat menunjuk pihak ketiga untuk melaksanakan dekomisioning sebagaimana dimaksud pada ayat (5).,Pasal 388 ayat (6),"melaksanakan, kepala, badan, tugas, pemerintahan",Badan
PP_28_2025,PP Nomor 28 Tahun 2025,PP,2025,28,BAB XI,Sanksi,Bagian Kedua,Paragraf 5,389,1,,,Ketentuan,"Apabila dalam jangka waktu paling lama 6 (enam) bulan sejak PB atau PB UMKU dekomisioning sebagaimana dimaksud dalam Pasal 148 ayat (3) huruf c untuk fasilitas pemanfaatan sumber radiasi pengion diterbitkan, pemegang PB atau PB UMKU tidak melaksanakan program dekomisioning fasilitas radiasi pengion, kepala badan yang melaksanakan tugas pemerintahan di bidang pengawasan ketenaganukliran memberikan peringatan tertulis kesatu.",Pasal 389 ayat (1),"umku, dekomisioning, fasilitas, radiasi, pengion",Badan
PP_28_2025,PP Nomor 28 Tahun 2025,PP,2025,28,BAB XI,Sanksi,Bagian Kedua,Paragraf 5,389,2,,,Kewajiban,Pemegang. . . -2L3- (21 Pemegang PB atau PB UMKU wajib menindaklanjuti peringatan tertulis kesatu sebagaimana dimaksud pada ayat (1) paling lama 3 (tiga) bulan terhitung sejak tanggal dikeluarkannya peringatan tertulis kesatu.,Pasal 389 ayat (2),"pemegang, peringatan, tertulis, kesatu, umku",
PP_28_2025,PP Nomor 28 Tahun 2025,PP,2025,28,BAB XI,Sanksi,Bagian Kedua,Paragraf 5,389,3,,,Kewajiban,"Apabila dalam jangka waktu sebagaimana dimaksud pada ayat (21 pemegang PB atau PB UMKU tidak menindaklanjuti peringatan tertulis kesatu, kepala badan yang melaksanakan tugas pemerintahan di bidang pengawasan ketenaganukliran memberikan peringatan tertulis kedua. (41 Pemegang PB atau PB UMKU wajib menindaklanjuti peringatan tertulis kedua sebagaimana dimaksud pada ayat (3) paling lama 3 (tiga) bulan terhitung sejak tanggal dikeluarkannya peringatan tertulis kedua.",Pasal 389 ayat (3),"peringatan, tertulis, kedua, pemegang, umku",Badan
PP_28_2025,PP Nomor 28 Tahun 2025,PP,2025,28,BAB XI,Sanksi,Bagian Kedua,Paragraf 5,389,5,,,Ketentuan,"Apabila dalam jangka waktu sebagaimana dimaksud pada ayat (21 atau ayat (41 pemegang PB atau PB UMKU telah menindaklanjuti peringatan tertulis kesatu atau peringatan tertulis kedua, kepala badan yang melaksanakan tugas pemerintahan di bidang pengawasan ketenaganukliran menerbitkan pernyataan per4enuhan ketentuan keselamatan radiasi dan/atau keamanan zat radioaktif.",Pasal 389 ayat (5),"peringatan, tertulis, jangka, waktu, pemegang",Badan
PP_28_2025,PP Nomor 28 Tahun 2025,PP,2025,28,BAB XI,Sanksi,Bagian Kedua,Paragraf 5,389,6,,,Ketentuan,"Apabila dalam jangka waktu sebagaimana dimaksud pada ayat (4) pemegang PB atau PB UMKU tidak menindaklanjuti peringatan tertulis kedua, kepala badan yang melaksanakan tugas pemerintahan di bidang pengawasan ketenaganukliran mengambil alih dana jaminan finansial untuk melaksanakan kegiatan dekomisioning. l7l Kepala badan yang melaksanakan tugas pemerintahan di bidang pengawasan ketenaganukliran dapat menunjuk pihak ketiga untuk melaksanakan dekomisioning sebagaimana dimaksud pada ayat (6).",Pasal 389 ayat (6),"melaksanakan, kepala, badan, tugas, pemerintahan",Badan
PP_28_2025,PP Nomor 28 Tahun 2025,PP,2025,28,BAB XI,Sanksi,Bagian Kedua,Paragraf 5,39O,1,,,Sanksi,Kepala badan yang melaksanakan tugas pemerintahan di bidang pengawasan ketenaganukliran mengenakan sanksi administratif kepada pemegang PB dan/atau PB UMKU apabila ditemukan pelanggaran terhadap ketentuan PB dan/atau PB UMKU instalasi nuklir dan bahan nuklir. -2r4-,Pasal 39O ayat (1),"umku, nuklir, kepala, badan, melaksanakan",Badan
PP_28_2025,PP Nomor 28 Tahun 2025,PP,2025,28,BAB XI,Sanksi,Bagian Kedua,Paragraf 5,39O,2,,,Sanksi,Sanksi administratif sebagaimana dimaksud pada ayat (1) berupa: a. peringatan tertulis; b. denda administratif; c. pembekuan PB dan/atau PB UMKU; d. penghentian sementara kegiatan usaha; atau e. pencabutan PB dan/atau PB UMKU.,Pasal 39O ayat (2),"administratif, umku, sanksi, berupa, peringatan",
PP_28_2025,PP Nomor 28 Tahun 2025,PP,2025,28,BAB XI,Sanksi,Bagian Kedua,Paragraf 5,391,1,,,Kewajiban,"Pemegang PB dan/atau PB UMKU yang melanggar ketentuan PB dan/atau PB UMKU instalasi nuklir dan bahan nuklir sebagaimana dimaksud dalam Pasal 148 ayat (1) huruf b dan ayat (21 huruf b, dikenai peringatan tertulis kesatu. (21 Pemegang PB dan/atau PB UMKU wajib menindaklanjuti peringatan tertulis kesatu sebagaimana dimaksud pada ayat (1) paling lama 10 (sepuluh) Hari terhitung sejak tanggal dikeluarkannya peringatan tertulis kesatu.",Pasal 391 ayat (1),"umku, peringatan, tertulis, kesatu, pemegang",
PP_28_2025,PP Nomor 28 Tahun 2025,PP,2025,28,BAB XI,Sanksi,Bagian Kedua,Paragraf 5,391,3,,,Kewajiban,"Apabila dalam jangka waktu sebagaimana dimaksud pada ayat (21 pemegang PB dan/atau PB UMKU tidak menindaklanjuti peringatan tertulis kesatu, kepala badan yang melaksanakan tugas pemerintahan di bidang pengawasan ketenaganukliran memberikan peringatan tertulis kedua. (41 Pemegang PB dan/atau PB UMKU wajib menindaklanjuti peringatan tertulis kedua sebagaimana dimaksud pada ayat (3) paling lama 10 (sepuluh) Hari terhitung sejak tanggal dikeluarkannya peringatan tertulis kedua.",Pasal 391 ayat (3),"peringatan, tertulis, kedua, pemegang, umku",Badan
PP_28_2025,PP Nomor 28 Tahun 2025,PP,2025,28,BAB XI,Sanksi,Bagian Kedua,Paragraf 5,391,5,,,Ketentuan,"Apabila dalam jangka waktu sebagaimana dimaksud pada ayat (41 pemegang PB dan/atau PB UMKU tidak menindaklanjuti peringatan tertulis kedua, kepala badan yang melaksanakan tugas pemerintahan di bidang pengawasan ketenaganukliran memberikan peringatan tertulis ketiga.",Pasal 391 ayat (5),"peringatan, tertulis, jangka, waktu, pemegang",Badan
PP_28_2025,PP Nomor 28 Tahun 2025,PP,2025,28,BAB XI,Sanksi,Bagian Kedua,Paragraf 5,391,6,,,Kewajiban,Pemegang PB dan/atau PB UMKU wajib menindaklanjuti peringatan tertulis ketiga sebagaimana dimaksud pada ayat (5) paling lama 10 (sepuluh) Hari terhitung sejak tanggal dikeluarkannya peringatan tertulis ketiga. Pasal. . . _2I5_,Pasal 391 ayat (6),"peringatan, tertulis, ketiga, pemegang, umku",
PP_28_2025,PP Nomor 28 Tahun 2025,PP,2025,28,BAB XI,Sanksi,Bagian Kedua,Paragraf 5,392,1,,,Sanksi,"Apabila dalam jangka waktu sebagaimana dimaksud dalam Pasal 391 ayat (21, ayat (4), atau ayat (6) pemegang PB dan/atau PB UMKU telah menindaklanjuti peringatan tertulis kesatu, peringatan tertulis kedua, atau peringatan tertulis ketiga, kepala badan yang melaksanakan tugas pemerintahan di bidang pengawasan ketenaganukliran menerbitkan pernyataan telah memenuhi ketentuan keselamatan, keamanan, dan garda-aman nuklir. (21 Apabila dalam jangka waktu sebagaimana dimaksud dalam Pasal 391 ayat (6) pemegang PB dan/atau PB UMKU tidak menindaklanjuti peringatan tertulis ketiga, kepala badan yang melaksanakan tugas pemerintahan di bidang pengawasan ketenaganukliran melakukan pembekuan PB dan/atau PB UMKU konstruksi instalasi nuklir, operasi instalasi nuklir, ekspor, impor, pengalihan, dan/atau penelitian dan pengembangan.",Pasal 392 ayat (1),"peringatan, tertulis, umku, nuklir, jangka",Badan
PP_28_2025,PP Nomor 28 Tahun 2025,PP,2025,28,BAB XI,Sanksi,Bagian Kedua,Paragraf 5,392,3,,,Sanksi,"Pemegang PB dan/atau PB UMKU wajib menghentikan sementara kegiatannya terhitung sejak ditetapkannya keputusan pembekuan PB dan/atau PB UMKU konstruksi instalasi nuklir, operasi instalasi nuklir, ekspor, impor, pengalihan, dan f atau penelitian dan pengembangan sebagaimana dimaksud pada ayat (21.",Pasal 392 ayat (3),"umku, instalasi, nuklir, pemegang, wajib",
PP_28_2025,PP Nomor 28 Tahun 2025,PP,2025,28,BAB XI,Sanksi,Bagian Kedua,Paragraf 5,392,4,,,Sanksi,"Pemegang PB dan/atau PB UMKU wajib menindaklanjuti rekomendasi pembekuan PB dan/atau PB UMKU paling lama 6 (enam) bulan terhitung sejak tanggal ditetapkannya keputusan pembekuan PB dan/atau PB UMKU konstruksi instalasi nuklir, operasi instalasi nuklir, ekspor, impor, pengalihan, dan/atau penelitian dan pengembangan.",Pasal 392 ayat (4),"umku, pembekuan, instalasi, nuklir, pemegang",
PP_28_2025,PP Nomor 28 Tahun 2025,PP,2025,28,BAB XI,Sanksi,Bagian Kedua,Paragraf 5,392,5,,,Sanksi,"Apabila dalam jangka waktu sebagaimana dimaksud pada ayat (41 pemegang PB dan/atau PB UMKU telah menindaklanjuti rekomendasi pembekuan PB dan/atau PB UMKU, kepala badan yang melaksanakan tugas pemerintahan di bidang pengawasan ketenaganukliran menerbitkan keputusan pemberlakuan kembali PB dan/atau PB UMKU.",Pasal 392 ayat (5),"umku, jangka, waktu, pemegang, menindaklanjuti",Badan
PP_28_2025,PP Nomor 28 Tahun 2025,PP,2025,28,BAB XI,Sanksi,Bagian Kedua,Paragraf 5,392,6,,,Sanksi,"Apabila dalam jangka waktu sebagaimana dimaksud pada ayat (41 pemegang PB dan/atau PB UMKU tidak menindaklanjuti pembekuan PB dan/atau PB UMKU, kepala badan yang melaksanakan tugas pemerintahan di bidang pengawasan ketenaganukliran mencabut PB dan/atau PB UMKU. Pasal. . . -2t6-",Pasal 392 ayat (6),"umku, jangka, waktu, pemegang, menindaklanjuti",Badan
PP_28_2025,PP Nomor 28 Tahun 2025,PP,2025,28,BAB XI,Sanksi,Bagian Kedua,Paragraf 5,393,,,,Sanksi,"Dalam hal pembekuan PB dan/atau PB UMKU sebagaimana dimaksud dalam Pasal 392 ayat (21 telah ditetapkan dan pemegang PB dan/atau PB UMKU tetap melaksanakan kegiatannya, kepala badan yang melaksanakan tugas pemerintahan di bidang pengawasan ketenaganukliran langsung mencabut PB dan/atau PB UMKU.",Pasal 393,"umku, melaksanakan, pembekuan, ditetapkan, pemegang",Badan
PP_28_2025,PP Nomor 28 Tahun 2025,PP,2025,28,BAB XI,Sanksi,Bagian Kedua,Paragraf 5,394,1,,,Sanksi,"Dalam hal pelanggaran terhadap ketentuan PB dan/atau PB UMKU instalasi nuklir dan bahan nuklir berupa tidak menyampaikan laporan berkala sesuai dengan batas waktu, pemegang PB dan/atau PB UMKU yang tidak menindaklanjuti peringatan tertulis ketiga dalam jangka waktu sebagaimana dimaksud dalam Pasal 391 ayat (6), dikenai denda administratif sebesar Rp10.000.000,00 (sepuluh juta rupiah) per bulan. (21 Pemegang PB dan/atau PB UMKU wajib menindaklanjuti pembayaran denda administratif paling lama 1O (sepuluh) Hari terhitung sejak tanggal ditetapkannya keputusan pengenaan denda administratif oleh kepala badan yang melaksanakan tugas pemerintahan di bidang pengawasan ketenaganukliran.",Pasal 394 ayat (1),"umku, denda, administratif, nuklir, waktu",Badan
PP_28_2025,PP Nomor 28 Tahun 2025,PP,2025,28,BAB XI,Sanksi,Bagian Kedua,Paragraf 5,394,3,,,Sanksi,Pembayaran atas sanksi denda administratif sebagaimana dimaksud pada ayat (1) tidak menggugurkan kewajiban pemegang PB dan/atau PB UMKU untuk menyampaikan laporan berkala sesuai dengan batas waktu.,Pasal 394 ayat (3),"pembayaran, sanksi, denda, administratif, menggugurkan",
PP_28_2025,PP Nomor 28 Tahun 2025,PP,2025,28,BAB XI,Sanksi,Bagian Kedua,Paragraf 5,395,1,,,Sanksi,"Apabila dalam jangka waktu sebagaimana dimaksud dalam Pasal 394 ayat (2) pemegang PB dan/atau PB UMKU tidak menindaklanjuti denda administratif, kepala badan yang melaksanakan tugas pemerintahan di bidang pengawasan ketenaganukliran melakukan pembekuan PB dan/atau PB UMKU konstruksi instalasi nuklir, operasi instalasi nuklir, ekspor, impor, pengalihan, dan/atau penelitian dan pengembangan. -217 -",Pasal 395 ayat (1),"umku, instalasi, nuklir, jangka, waktu",Badan
PP_28_2025,PP Nomor 28 Tahun 2025,PP,2025,28,BAB XI,Sanksi,Bagian Kedua,Paragraf 5,395,2,,,Sanksi,"Pemegang PB dan/atau PB UMKU wajib menghentikan sementara kegiatannya terhitung sejak ditetapkannya keputusan pembekuan PB dan/atau PB UMKU konstruksi instalasi nuklir, operasi instalasi nuklir, ekspor, impor, pengalihan, dan/atau penelitian dan pengembangan sebagaimana dimaksud pada ayat (1).",Pasal 395 ayat (2),"umku, instalasi, nuklir, pemegang, wajib",
PP_28_2025,PP Nomor 28 Tahun 2025,PP,2025,28,BAB XI,Sanksi,Bagian Kedua,Paragraf 5,395,3,,,Sanksi,"Pemegang PB dan/atau PB UMKU wajib menindaklanjuti pembekuan izin paling lama 6 (enam) bulan terhitung sejak tanggal ditetapkannya keputusan pembekuan PB dan/atau PB UMKU konstruksi instalasi nuklir, operasi instalasi nuklir, ekspor, impor, pengalihan, dan/atau penelitian dan pengembangan. (41 Apabila dalam jangka waktu sebagaimana dimaksud pada ayat (3) pemegang PB dan/atau PB UMKU telah menindaklanjuti pembekuan PB dan/atau PB UMKU, kepala badan yang melaksanakan tugas pemerintahan di bidang pengawasan ketenaganukliran menerbitkan keputusan pemberlakuan kembali PB dan/atau PB UMKU.",Pasal 395 ayat (3),"umku, pembekuan, pemegang, menindaklanjuti, keputusan",Badan
PP_28_2025,PP Nomor 28 Tahun 2025,PP,2025,28,BAB XI,Sanksi,Bagian Kedua,Paragraf 5,395,5,,,Sanksi,"Apabila dalam jangka waktu sebagaimana dimaksud pada ayat (3) pemegang PB dan/atau PB UMKU tidak menindaklanjuti pembekuan PB dan/atau PB UMKU, kepala badan yang melaksanakan tugas pemerintahan di bidang pengawasan ketenaganukliran mencabut PB dan/atau PB UMKU.",Pasal 395 ayat (5),"umku, jangka, waktu, pemegang, menindaklanjuti",Badan
PP_28_2025,PP Nomor 28 Tahun 2025,PP,2025,28,BAB XI,Sanksi,Bagian Kedua,Paragraf 5,396,1,,,Ketentuan,"Apabila dalam jangka waktu paling lama 8 (delapan) bulan sejak PB dekomisioning sebagaimana dimaksud dalam Pasal 148 ayat (3) huruf c untuk reaktor daya besar diterbitkan, pemegang PB melaksanakan dekomisioning namun tidak sesuai program dekomisioning, kepala badan yang melaksanakan tugas pemerintahan di bidang pengawasan ketenaganukliran memberikan peringatan tertulis kesatu.",Pasal 396 ayat (1),"dekomisioning, melaksanakan, jangka, waktu, paling",Badan
PP_28_2025,PP Nomor 28 Tahun 2025,PP,2025,28,BAB XI,Sanksi,Bagian Kedua,Paragraf 5,396,2,,,Ketentuan,Pemegang -2t8-,Pasal 396 ayat (2),pemegang,
PP_28_2025,PP Nomor 28 Tahun 2025,PP,2025,28,BAB XI,Sanksi,Bagian Kedua,Paragraf 5,396,2,,,Kewajiban,Pemegang PB wajib menindaklanjuti peringatan tertulis kesatu sebagaimana dimaksud pada ayat (1) paling lama 3 (tiga) bulan terhitung sejak tanggal dikeluarkannya peringatan tertulis kesatu.,Pasal 396 ayat (2),"peringatan, tertulis, kesatu, pemegang, wajib",
PP_28_2025,PP Nomor 28 Tahun 2025,PP,2025,28,BAB XI,Sanksi,Bagian Kedua,Paragraf 5,396,3,,,Kewajiban,"Apabila dalam jangka waktu sebagaimana dimaksud pada ayat (2) pemegang PB tidak menindaklanjuti peringatan tertulis kesatu, kepala badan yang melaksanakan tugas pemerintahan di bidang pengawasan ketenaganukliran memberikan peringatan tertulis kedua. (41 Pemegang PB wajib menindaklanjuti peringatan tertulis kedua sebagaimana dimaksud pada ayat (3) paling lama 3 (tiga) bulan terhitung sejak tanggal dikeluarkannya peringatan tertulis kedua.",Pasal 396 ayat (3),"peringatan, tertulis, kedua, pemegang, menindaklanjuti",Badan
PP_28_2025,PP Nomor 28 Tahun 2025,PP,2025,28,BAB XI,Sanksi,Bagian Kedua,Paragraf 5,396,5,,,Ketentuan,"Apabila dalam jangka waktu sebagaimana dimaksud pada ayat (41 pemegang PB tidak menindaklanjuti peringatan tertulis kedua, kepala badan yang melaksanakan tugas pemerintahan di bidang pengawasan ketenaganukliran memberikan peringatan tertulis ketiga.",Pasal 396 ayat (5),"peringatan, tertulis, jangka, waktu, pemegang",Badan
PP_28_2025,PP Nomor 28 Tahun 2025,PP,2025,28,BAB XI,Sanksi,Bagian Kedua,Paragraf 5,396,6,,,Kewajiban,"Pemegang PB wajib menindaklanjuti peringatan tertulis ketiga sebagaimana dimaksud pada ayat (5) paling lama 3 (tiga) bulan terhitung sejak tanggal dikeluarkannya peringatan tertulis ketiga. (71 Apabila dalam jangka waktu sebagaimana dimaksud pada ayat (2)', ayat (4lr, atau ayat (6) pemegang PB telah menindaklanjuti peringatan tertulis kesatu, peringatan tertulis kedua, atau peringatan tertulis ketiga, kepala badan yang melaksanakan tugas pemerintahan di bidang pengawasan ketenaganukliran menerbitkan pernyataan pemenuhan ketentuan keselamatan, keamanan, dan garda-aman nuklir.",Pasal 396 ayat (6),"peringatan, tertulis, ketiga, pemegang, menindaklanjuti",Badan
PP_28_2025,PP Nomor 28 Tahun 2025,PP,2025,28,BAB XI,Sanksi,Bagian Kedua,Paragraf 5,397,1,,,Ketentuan,"Apabila dalam jangka waktu sebagaimana dimaksud dalam Pasal 396 ayat (6) pemegang PB tidak menindaklanjuti peringatan tertulis ketiga, kepala badan yang melaksanakan tugas pemerintahan di bidang pengawasan ketenaganukliran menghentikan sementara kegiatan dekomisioning.",Pasal 397 ayat (1),"jangka, waktu, pemegang, menindaklanjuti, peringatan",Badan
PP_28_2025,PP Nomor 28 Tahun 2025,PP,2025,28,BAB XI,Sanksi,Bagian Kedua,Paragraf 5,397,2,,,Ketentuan,Selama . -2t9-,Pasal 397 ayat (2),selama,
PP_28_2025,PP Nomor 28 Tahun 2025,PP,2025,28,BAB XI,Sanksi,Bagian Kedua,Paragraf 5,397,2,,,Kewajiban,"Selama penghentian sementara, pemegang PB tetap bertanggung jawab atas pengelolaan reaktor nuklir, bahan nuklir, dan limbah radioaktif.",Pasal 397 ayat (2),"nuklir, selama, penghentian, sementara, pemegang",
PP_28_2025,PP Nomor 28 Tahun 2025,PP,2025,28,BAB XI,Sanksi,Bagian Kedua,Paragraf 5,397,3,,,Sanksi,"Dalam hal selama penghentian sementara pemegang PB tidak memenuhi tanggung jawab atas pengelolaan reaktor nuklir, bahan nuklir, dan limbah radioaktif sesuai dengan ketentuan peraturan perundang-undangan, pemegang PB dikenai denda administratif paling tinggi 50% (lima puluh persen) dari nilai jaminan hnansial dekomisioning.",Pasal 397 ayat (3),"pemegang, nuklir, selama, penghentian, sementara",
PP_28_2025,PP Nomor 28 Tahun 2025,PP,2025,28,BAB XI,Sanksi,Bagian Kedua,Paragraf 5,398,1,,,Ketentuan,"Apabila dalam waktu paling lama 2 (dua) tahun sejak PB dekomisioning sebagaimana dimaksud dalam Pasal 148 ayat (3) huruf c untuk reaktor daya besar diterbitkan, pemegang PB tidak melaksanakan program dekomisioning, kepala badan yang melaksanakan tugas pemerintahan di bidang pengawasan ketenaganukliran memberikan peringatan tertulis kesatu.",Pasal 398 ayat (1),"dekomisioning, melaksanakan, waktu, paling, lama",Badan
PP_28_2025,PP Nomor 28 Tahun 2025,PP,2025,28,BAB XI,Sanksi,Bagian Kedua,Paragraf 5,398,2,,,Kewajiban,Pemegang PB wajib menindaklanjuti peringatan tertulis kesatu sebagaimana dimaksud pada ayat (1) paling lama 3 (tiga) bulan terhitung sejak tanggal dikeluarkannya peringatan tertulis kesatu.,Pasal 398 ayat (2),"peringatan, tertulis, kesatu, pemegang, wajib",
PP_28_2025,PP Nomor 28 Tahun 2025,PP,2025,28,BAB XI,Sanksi,Bagian Kedua,Paragraf 5,398,3,,,Kewajiban,"Apabila dalam jangka waktu sebagaimana dimaksud pada ayat (2) pemegang PB tidak menindaklanjuti peringatan tertulis kesatu, kepala badan yang melaksanakan tugas pemerintahan di bidang pengawasan ketenaganukliran memberikan peringatan tertulis kedua. (41 Pemegang PB wajib menindaklanjuti peringatan tertulis kedua sebagaimana dimaksud pada ayat (3) paling lama 3 (tiga) bulan terhitung sejak tanggal dikeluarkannya peringatan tertulis kedua.",Pasal 398 ayat (3),"peringatan, tertulis, kedua, pemegang, menindaklanjuti",Badan
PP_28_2025,PP Nomor 28 Tahun 2025,PP,2025,28,BAB XI,Sanksi,Bagian Kedua,Paragraf 5,398,5,,,Ketentuan,"Apabila dalam jangka waktu sebagaimana dimaksud pada ayat (4) pemegang PB tidak menindaklanjuti peringatan tertulis kedua, kepala badan yang melaksanakan tugas pemerintahan di bidang pengawasan ketenaganukliran memberikan peringatan tertulis ketiga.",Pasal 398 ayat (5),"peringatan, tertulis, jangka, waktu, pemegang",Badan
PP_28_2025,PP Nomor 28 Tahun 2025,PP,2025,28,BAB XI,Sanksi,Bagian Kedua,Paragraf 5,398,6,,,Kewajiban,Pemegang PB wajib menindaklanjuti peringatan tertulis ketiga sebagaimana dimaksud pada ayat (5) paling lama 3 (tiga) bulan terhitung sejak tanggal dikeluarkannya peringatan tertulis ketiga.,Pasal 398 ayat (6),"peringatan, tertulis, ketiga, pemegang, wajib",
PP_28_2025,PP Nomor 28 Tahun 2025,PP,2025,28,BAB XI,Sanksi,Bagian Kedua,Paragraf 5,398,7,,,Ketentuan,"Apabila R.EPUBLIK INDONESIA (71 Apabila dalam jangka waktu sebagaimana dimaksud pada ayat (2), ayat (4)', atau ayat (6) pemegang PB telah menindaklanjuti peringatan tertulis kesatu, peringatan tertulis kedua, atau peringatan tertulis ketiga, kepala badan yang melaksanakan tugas pemerintahan di bidang pengawasan ketenaganukliran menerbitkan pernyataan pemenuhan ketentuan keselamatan, keamanan, dan garda-aman nuklir.",Pasal 398 ayat (7),"peringatan, tertulis, epublik, indonesia, jangka",Badan
PP_28_2025,PP Nomor 28 Tahun 2025,PP,2025,28,BAB XI,Sanksi,Bagian Kedua,Paragraf 5,399,,,,Sanksi,"Apabila dalam jangka waktu sebagaimana dimaksud dalam Pasal 398 ayat (6) pemegang PB tidak menindaklanjuti peringatan tertulis ketiga, pemegang PB dikenai denda administratif paling tinggi 50% (lima puluh persen) dari dana jaminan finansial dekomisioning.",Pasal 399,"pemegang, jangka, waktu, menindaklanjuti, peringatan",
PP_28_2025,PP Nomor 28 Tahun 2025,PP,2025,28,BAB XI,Sanksi,Bagian Kedua,Paragraf 5,400,1,,,Sanksi,Kepala badan yang melaksanakan tugas pemerintahan di bidang pengawasan ketenaganukliran mengenakan sanksi administratif kepada pemegang PB dan/atau PB UMKU apabila ditemukan pelanggaran terhadap ketentuan PB dan/atau PB UMKU pertambangan bahan galian nuklir. (21 Sanksi administratif sebagaimana dimaksud pada ayat (1) berupa: a. peringatan tertulis; b. denda administratif; c. pembekuan PB dan/atau PB UMKU; atau d. pencabutan PB dan/atau PB UMKU. Pasal 4O1,Pasal 400 ayat (1),"umku, administratif, sanksi, kepala, badan",Badan
PP_28_2025,PP Nomor 28 Tahun 2025,PP,2025,28,BAB XI,Sanksi,Bagian Kedua,Paragraf 5,400,1,,,Kewajiban,Pemegang PB dan/atau PB UMKU yang melanggar ketentuan PB dan/atau PB UMKU pertambangan bahan galian nuklir sebagaimana dimaksud dalam Pasal 148 ayat (1) huruf c dan ayat (21 huruf c dikenai peringatan tertulis kesatu. (21 Pemegang PB dan/atau PB UMKU harus menindaklanjuti peringatan tertulis kesatu sebagaimana dimaksud pada ayat (1) paling lama 10 (sepuluh) Hari terhitung sejak tanggal dikeluarkannya peringatan tertulis kesatu. R.EPUBLIK INDONESIA -22t-,Pasal 400 ayat (1),"umku, peringatan, tertulis, kesatu, pemegang",
PP_28_2025,PP Nomor 28 Tahun 2025,PP,2025,28,BAB XI,Sanksi,Bagian Kedua,Paragraf 5,400,3,,,Ketentuan,"Apabila dalam jangka waktu sebagaimana dimaksud pada ayat (21 pemegang PB dan/atau PB UMKU tidak menindaklanjuti peringatan tertulis kesatu, kepala badan yang melaksanakan tugas pemerintahan di bidang pengawasan ketenaganukliran memberikan peringatan tertulis kedua.",Pasal 400 ayat (3),"peringatan, tertulis, jangka, waktu, pemegang",Badan
PP_28_2025,PP Nomor 28 Tahun 2025,PP,2025,28,BAB XI,Sanksi,Bagian Kedua,Paragraf 5,400,4,,,Kewajiban,Pemegang PB dan/atau PB UMKU harus menindaklanjuti peringatan tertulis kedua sebagaimana dimaksud pada ayat (3) paling lama 10 (sepuluh) Hari terhitung sejak tanggal dikeluarkannya peringatan tertulis kedua.,Pasal 400 ayat (4),"peringatan, tertulis, kedua, pemegang, umku",
PP_28_2025,PP Nomor 28 Tahun 2025,PP,2025,28,BAB XI,Sanksi,Bagian Kedua,Paragraf 5,400,5,,,Ketentuan,"Apabila dalam jangka waktu sebagaimana dimaksud pada ayat (41 pemegang PB dan/atau PB UMKU tidak menindaklanjuti peringatan tertulis kedua, kepala badan yang melaksanakan tugas pemerintahan di bidang pengawasan ketenaganukliran memberikan peringatan tertulis ketiga.",Pasal 400 ayat (5),"peringatan, tertulis, jangka, waktu, pemegang",Badan
PP_28_2025,PP Nomor 28 Tahun 2025,PP,2025,28,BAB XI,Sanksi,Bagian Kedua,Paragraf 5,400,6,,,Sanksi,"Pemegang PB dan/atau PB UMKU harus menindaklanjuti peringatan tertulis ketiga sebagaimana dimaksud pada ayat (5) paling lama 10 (sepuluh) Hari terhitung sejak tanggal dikeluarkannya peringatan tertulis ketiga. Pasal 4O2 1) Apabila dalam jangka waktu sebagaimana dimaksud ( dalam Pasal4O1 ayat (6) pemegang PB dan/atau PB UMKU tidak menindaklanjuti peringatan tertulis ketiga, kepala badan yang melaksanakan tugas pemerintahan di bidang pengawasan ketenaganukliran mengenakan denda administratif sebesar Rp10.000.000,00 (sepuluh juta rupiah) per bulan. (21 Pemegang PB dan/atau PB UMKU wajib menindaklanjuti pembayaran denda administratif paling lama 1O (sepuluh) Hari terhitung sejak tanggal ditetapkannya keputusan pemberian denda administratif.",Pasal 400 ayat (6),"pemegang, umku, menindaklanjuti, peringatan, tertulis",Badan
PP_28_2025,PP Nomor 28 Tahun 2025,PP,2025,28,BAB XI,Sanksi,Bagian Kedua,Paragraf 5,400,3,,,Sanksi,"Apabila dalam jangka waktu sebagaimana dimaksud dalam Pasal 401 ayat (21, ayat (4), atau ayat (6) pemegang PB dan/atau PB UMKU telah menindaklanjuti peringatan tertulis kesatu, peringatan tertulis kedua, atau peringatan tertulis ketiga dan membayar denda administratif sebagaimana dimaksud pada ayat (21, kepala badan yang melaksanakan tugas pemerintahan di bidang pengawasan ketenaganukliran menerbitkan pernyataan pemenuhan ketentuan keselamatan, keamanan, dan garda-aman nuklir. Pasal. . . Pasal 4O3",Pasal 400 ayat (3),"peringatan, tertulis, jangka, waktu, pemegang",Badan
PP_28_2025,PP Nomor 28 Tahun 2025,PP,2025,28,BAB XI,Sanksi,Bagian Kedua,Paragraf 5,400,1,,,Sanksi,"Apabila dalam jangka waktu sebagaimana dimaksud dalam Pasal 4O2 ayat (2) pemegang PB dan/atau PB UMKU tidak menindaklanjuti denda administratif, kepala badan yang melaksanakan tugas pemerintahan di bidang pengawasan ketenaganukliran membekukan PB dan/atau PB UMKU pertambangan bahan galian nuklir.",Pasal 400 ayat (1),"umku, jangka, waktu, pemegang, menindaklanjuti",Badan
PP_28_2025,PP Nomor 28 Tahun 2025,PP,2025,28,BAB XI,Sanksi,Bagian Kedua,Paragraf 5,400,2,,,Sanksi,Pemegang PB dan/atau PB UMKU harus menghentikan sementara kegiatannya terhitung sejak ditetapkannya keputusan pembekuan PB dan/ atau PB UMKU pertambangan bahan galian nuklir sebagaimana dimaksud pada ayat (1).,Pasal 400 ayat (2),"umku, pemegang, menghentikan, sementara, kegiatannya",
PP_28_2025,PP Nomor 28 Tahun 2025,PP,2025,28,BAB XI,Sanksi,Bagian Kedua,Paragraf 5,400,3,,,Kewajiban,"Selama penghentian sementara kegiatan sebagaimana dimaksud pada ayat (21pemegang PB dan/atau PB UMKU tetap bertanggung jawab atas keselamatan dan keamanan pertambangan, bahan galian nuklir, dan/atau limbah radioaktif sesuai dengan ketentuan peraturan perundang- undangan.",Pasal 400 ayat (3),"selama, penghentian, sementara, kegiatan, pemegang",
PP_28_2025,PP Nomor 28 Tahun 2025,PP,2025,28,BAB XI,Sanksi,Bagian Kedua,Paragraf 5,400,4,,,Sanksi,Pemegang PB dan/atau PB UMKU harus menindaklanjuti rekomendasi pembekuan PB dan/atau PB UMKU sebagaimana dimaksud pada ayat (1) paling lama 3 (tiga) bulan terhitung sejak ditetapkannya keputusan pembekuan PB dan/atau PB UMKU.,Pasal 400 ayat (4),"umku, pembekuan, pemegang, menindaklanjuti, rekomendasi",
PP_28_2025,PP Nomor 28 Tahun 2025,PP,2025,28,BAB XI,Sanksi,Bagian Kedua,Paragraf 5,400,5,,,Sanksi,"Apabila dalam jangka waktu sebagaimana dimaksud pada ayat (4) pemegang PB dan/atau PB UMKU telah menindaklanjuti rekomendasi pembekuan PB dan/atau PB UMKU, kepala badan yang melaksanakan tugas pemerintahan di bidang pengawasan ketenaganukliran menerbitkan keputusan pemberlakuan kembali PB dan/atau PB UMKU.",Pasal 400 ayat (5),"umku, jangka, waktu, pemegang, menindaklanjuti",Badan
PP_28_2025,PP Nomor 28 Tahun 2025,PP,2025,28,BAB XI,Sanksi,Bagian Kedua,Paragraf 5,400,6,,,Sanksi,"Apabila dalam jangka waktu sebagaimana dimaksud pada ayat (4) pemegang PB dan/atau PB UMKU tidak menindaklanjuti rekomendasi pembekuan PB danlatau PB UMKU, kepala badan yang melaksanakan tugas pemerintahan di bidang pengawasan ketenaganukliran mencabut PB dan/atau PB UMKU. Pasal Pasal 4O4 Dalam hal pembekuan PB dan/atau PB UMKU sebagaimana dimaksud dalam Pasal 4O3 ayat (1) telah ditetapkan dan pemegang PB dan/atau PB UMKU tetap melaksanakan kegiatannya, kepala badan yang melaksanakan tugas pemerintahan di bidang pengawasan ketenaganukliran langsung mencabut PB dan/atau PB UMKU.",Pasal 400 ayat (6),"umku, melaksanakan, pemegang, pembekuan, kepala",Badan
PP_28_2025,PP Nomor 28 Tahun 2025,PP,2025,28,BAB XI,Sanksi,Bagian Kedua,Paragraf 5,405,1,,,Sanksi,Kepala badan yang melaksanakan tugas pemerintahan di bidang pengawasan ketenaganukliran mengenakan sanksi administratif berupa:,Pasal 405 ayat (1),"kepala, badan, melaksanakan, tugas, pemerintahan",Badan
PP_28_2025,PP Nomor 28 Tahun 2025,PP,2025,28,BAB XI,Sanksi,Bagian Kedua,Paragraf 5,405,1,a,,Sanksi,pembekuan PB dan/atau PB UMKU pemanfaatan sumber radiasi pengion apabila terdapat kondisi yang berpoten si menyebabkan terj adinya kecelakaan ;,Pasal 405 ayat (1) huruf a,"pembekuan, umku, pemanfaatan, sumber, radiasi",
PP_28_2025,PP Nomor 28 Tahun 2025,PP,2025,28,BAB XI,Sanksi,Bagian Kedua,Paragraf 5,405,1,b,,Ketentuan,"pencabutan PB dan/atau PB UMKU pemanfaatan sumber radiasi pengion secara langsung apabila terjadi kecelakaan yang membahayakan kesehatan dan keselamatan pekerja, masyarakat, dan lingkungan hidup;",Pasal 405 ayat (1) huruf b,"pencabutan, umku, pemanfaatan, sumber, radiasi","Masyarakat, Pekerja"
PP_28_2025,PP Nomor 28 Tahun 2025,PP,2025,28,BAB XI,Sanksi,Bagian Kedua,Paragraf 5,405,1,c,,Sanksi,pembekuan PB operasi reaktor nuklir atau instalasi nuklir nonreaktor dan menjatuhkan sanksi penghentian sementara kegiatan usaha apabila terjadi kecelakaan nuklir pada reaktor nuklir atau instalasi nuklir nonreaktor yang memiliki konsekuensi dekomisioning; dan,Pasal 405 ayat (1) huruf c,"nuklir, reaktor, instalasi, nonreaktor, pembekuan",
PP_28_2025,PP Nomor 28 Tahun 2025,PP,2025,28,BAB XI,Sanksi,Bagian Kedua,Paragraf 5,405,1,d,,Ketentuan,pencabutan PB dan/atau PB UMKU pertambangan bahan galian nuklir apabila terjadi kecelakaan selama kegiatan pertambangan bahan galian nuklir.,Pasal 405 ayat (1) huruf d,"pertambangan, bahan, galian, nuklir, pencabutan",
PP_28_2025,PP Nomor 28 Tahun 2025,PP,2025,28,BAB XI,Sanksi,Bagian Kedua,Paragraf 5,405,2,,,Sanksi,Pembekuan PB operasi reaktor nuklir atau instalasi nuklir nonreaktor dan penghentian sementara kegiatan usaha sebagaimana dimaksud pada ayat (1) huruf c berlaku hingga kepala badan yang melaksanakan tugas pemerintahan di bidang pengawasan ketenaganukliran menerbitkan PB dekomisioning reaktor nuklir daya besar atau persetujuan dekomisioning. Pasal,Pasal 405 ayat (2),"nuklir, reaktor, dekomisioning, pembekuan, operasi",Badan
PP_28_2025,PP Nomor 28 Tahun 2025,PP,2025,28,BAB XI,Sanksi,Bagian Kedua,Paragraf 5,406,1,,,Kewajiban,"Dalam hal pencabutan PB dan/atau PB UMKU konstruksi fasilitas radiasi pengion, operasi fasilitas radiasi pengion, atau kegiatan pemanfaatan sumber radiasi pengion sebagaimana dimaksud dalam Pasal 385 ayat (4)', Pasal 386, dan Pasal 405 ayat (1) huruf b telah ditetapkan, eks pemegang PB dan/atau PB UMKU tetap bertanggung jawab atas pengamanan fasilitas radiasi, pengamanan zat radioaktif, dan pengelolaan limbah radioaktif sesuai dengan ketentuan peraturan perundang-undangan di bidang ketenaganukliran. (21 Dalam hal pencabutan PB dan/atau PB UMKU konstruksi instalasi nuklir, operasi instalasi nuklir, ekspor, impor, pengalihan, dan/atau penelitian dan pengembangan sebagaimana dimaksud dalam Pasal 392 ayat (6), Pasal 393 dan Pasal 395 ayat (5) telah ditetapkan, eks pemegang PB dan/atau PB UMKU tetap bertanggung jawab atas pengelolaan instalasi nuklir, bahan nuklir, dan limbah radioaktif sesuai dengan ketentuan peraturan perundang-undangan di bidang ketenaganukliran.",Pasal 406 ayat (1),"umku, radiasi, nuklir, fasilitas, pengion",
PP_28_2025,PP Nomor 28 Tahun 2025,PP,2025,28,BAB XI,Sanksi,Bagian Kedua,Paragraf 5,406,3,,,Sanksi,"Dalam hal pembekuan PB operasi reaktor nuklir atau instalasi nuklir nonreaktor dan penghentian sementara kegiatan usaha sebagaimana dimaksud dalam Pasal 405 ayat (1) huruf c telah ditetapkan, pemegang PB tetap bertanggung jawab atas pengelolaan instalasi nuklir, bahan nuklir, dan limbah radioaktif sesuai dengan ketentuan peraturan perundang-undangan di bidang ketenaganukliran. (41 Dalam hal pencabutan PB dan/atau PB UMKU pertambangan bahan galian nuklir sebagaimana dimaksud dalam Pasal 403 ayat (6), Pasal 4O4 dan Pasal 405 ayat (1) huruf d telah ditetapkan, eks pemegang PB dan/atau PB UMKU tetap bertanggung jawab atas keselamatan dan keamanan pertambangan, bahan galian nuklir, dan/atau limbah radioaktif sesuai dengan ketentuan peraturan perundang-undangan. Pasal Pasal 4O7",Pasal 406 ayat (3),"nuklir, bahan, instalasi, ditetapkan, pemegang",
PP_28_2025,PP Nomor 28 Tahun 2025,PP,2025,28,BAB XI,Sanksi,Bagian Kedua,Paragraf 5,406,1,,,Kewajiban,"Dalam hal pencabutan PB sebagaimana dimaksud dalam Pasal 403 ayat (6), Pasal 4O4 dan Pasal 4O5 ayat (1) huruf d telah ditetapkan, eks pemegang PB wajib melaksanakan dekomisioning pertambangan setelah memperoleh persetujuan dekomisioning pertambangan.",Pasal 406 ayat (1),"dekomisioning, pertambangan, pencabutan, ditetapkan, pemegang",
PP_28_2025,PP Nomor 28 Tahun 2025,PP,2025,28,BAB XI,Sanksi,Bagian Kedua,Paragraf 5,406,2,,,Sanksi,Eks pemegang PB yang tidak melaksanakan kewajiban sebagaimana dimaksud pada ayat (1) dikenai denda administratif paling tinggi 50% (lima puluh persen) dari nilai dana jaminan pelaksanaan dekomisioning pertambangan.,Pasal 406 ayat (2),"pemegang, melaksanakan, kewajiban, dikenai, denda",
PP_28_2025,PP Nomor 28 Tahun 2025,PP,2025,28,BAB XI,Sanksi,Bagian Kedua,Paragraf 5,406,3,,,Sanksi,Pengenaan denda administratif sebagaimana dimaksud pada ayat (21tidak diambil dari dana jaminan pelaksanaan dekomisioning pertambangan.,Pasal 406 ayat (3),"pengenaan, denda, administratif, diambil, dana",
PP_28_2025,PP Nomor 28 Tahun 2025,PP,2025,28,BAB XI,Sanksi,Bagian Kedua,Paragraf 5,406,4,,,Ketentuan,"Jika eks pemegang PB tidak melaksanakan dekomisioning pertambangan sebagaimana dimaksud pada ayat (1), kepala badan yang melaksanakan tugas pemerintahan di bidang pengawasan ketenaganukliran dapat menunjuk pihak ketiga untuk melaksanakan dekomisioning pertambangan dengan menggunakan dana jaminan dekomisioning pertambangan.",Pasal 406 ayat (4),"melaksanakan, dekomisioning, pertambangan, pemegang, kepala",Badan
PP_28_2025,PP Nomor 28 Tahun 2025,PP,2025,28,BAB XI,Sanksi,Bagian Kedua,Paragraf 5,406,5,,,Ketentuan,"Dalam hal dana jaminan dekomisioning pertambangan untuk menyelesaikan dekomisioning pertambangan sebagaimana dimaksud pada ayat (41 tidak mencukupi, kekurangan biaya untuk penyelesaian dekomisioning pertambangan menjadi tanggung jawab eks pemegang PB.",Pasal 406 ayat (5),"dekomisioning, pertambangan, dana, jaminan, menyelesaikan",
PP_28_2025,PP Nomor 28 Tahun 2025,PP,2025,28,BAB XI,Sanksi,Bagian Kedua,Paragraf 5,406,6,,,Kewajiban,Eks pemegang PB pada kegiatan penambangan mineral radioaktif dapat dikecualikan dari kewajiban pelaksanaan dekomisioning pertambangan sebagaimana dimaksud pada ayat (1) dalam hal berdasarkan hasil evaluasi terdapat pertimbangan sebagai berikut:,Pasal 406 ayat (6),"pemegang, kegiatan, penambangan, mineral, radioaktif",
PP_28_2025,PP Nomor 28 Tahun 2025,PP,2025,28,BAB XI,Sanksi,Bagian Kedua,Paragraf 5,406,6,a,,Ketentuan,"cadangan deposit bahan galian nuklir masih dapat dieksploitasi; atau b. aspek keekonomian atau strategis. (71 Dalam hal eks pemegang PB pada kegiatan penambangan mineral radioaktif tidak melaksanakan dekomisioning pertambangan karena pertimbangan sebagaimana dimaksud pada ayat (6), menteri yang menyelenggarakan urusan pemerintahan di bidang energi dan sumber daya mineral dapat menyerahkan wilayah penugasan penambangan mineral radioaktif kepada badan usaha berbadan hukum lainnya. Pasal. . . REPUELIK INDONESIA",Pasal 406 ayat (6) huruf a,"mineral, penambangan, radioaktif, cadangan, deposit","Badan Usaha, Menteri"
PP_28_2025,PP Nomor 28 Tahun 2025,PP,2025,28,BAB XI,Sanksi,Bagian Kedua,Paragraf 5,408,1,,,Ketentuan,Apabila dalam jangka waktu paling lama 8 (delapan) bulan sejak persetujuan dekomisioning pertambangan diterbitkan sebagaimana dimaksud dalam Pasal 4O7 ayat,Pasal 408 ayat (1),"jangka, waktu, paling, lama, delapan",
PP_28_2025,PP Nomor 28 Tahun 2025,PP,2025,28,BAB XI,Sanksi,Bagian Kedua,Paragraf 5,408,1,,,Ketentuan,", eks pemegang PB melaksanakan dekomisioning namun tidak sesuai program dekomisioning, kepala badan yang melaksanakan tugas pemerintahan di bidang pengawasan ketenaganukliran memberikan peringatan tertulis kesatu.",Pasal 408 ayat (1),"melaksanakan, dekomisioning, pemegang, namun, program",Badan
PP_28_2025,PP Nomor 28 Tahun 2025,PP,2025,28,BAB XI,Sanksi,Bagian Kedua,Paragraf 5,408,2,,,Kewajiban,Eks pemegang PB wajib menindaklanjuti peringatan tertulis kesatu sebagaimana dimaksud pada ayat (1) paling lama 3 (tiga) bulan terhitung sejak tanggal dikeluarkannya peringatan tertulis kesatu.,Pasal 408 ayat (2),"peringatan, tertulis, kesatu, pemegang, wajib",
PP_28_2025,PP Nomor 28 Tahun 2025,PP,2025,28,BAB XI,Sanksi,Bagian Kedua,Paragraf 5,408,3,,,Kewajiban,"Apabila dalam jangka waktu sebagaimana dimaksud pada ayat (21 eks pemegang PB tidak menindaklanjuti peringatan tertulis kesatu, kepala badan yang melaksanakan tugas pemerintahan di bidang pengawasan ketenaganukliran memberikan peringatan tertulis kedua. (41 Eks pemegang PB wajib menindaklanjuti peringatan tertulis kedua sebagaimana dimaksud pada ayat (3) paling lama 3 (tiga) bulan terhitung sejak tanggal dikeluarkannya peringatan tertulis kedua.",Pasal 408 ayat (3),"peringatan, tertulis, kedua, pemegang, menindaklanjuti",Badan
PP_28_2025,PP Nomor 28 Tahun 2025,PP,2025,28,BAB XI,Sanksi,Bagian Kedua,Paragraf 5,408,5,,,Ketentuan,"Apabila dalam jangka waktu sebagaimana dimaksud pada ayat (41 eks pemegang PB tidak menindaklanjuti peringatan tertulis kedua, kepala badan yang melaksanakan tugas pemerintahan di bidang pengawasan ketenaganukliran memberikan peringatan tertulis ketiga.",Pasal 408 ayat (5),"peringatan, tertulis, jangka, waktu, pemegang",Badan
PP_28_2025,PP Nomor 28 Tahun 2025,PP,2025,28,BAB XI,Sanksi,Bagian Kedua,Paragraf 5,408,6,,,Kewajiban,"Eks pemegang PB wajib menindaklanjuti peringatan tertulis ketiga sebagaimana dimaksud pada ayat (5) paling lama 3 (tiga) bulan terhitung sejak tanggal dikeluarkannya peringatan tertulis ketiga. {71 Apabila dalam jangka waktu sebagaimana dimaksud pada ayat (21, ayat (41, atau ayat (6) eks pemegang PB telah menindaklanjuti peringatan tertulis kesatu, peringatan tertulis kedua, atau peringatan tertulis ketiga, kepala badan yang melaksanakan tugas pemerintahan di bidang pengawasan ketenaganukliran menerbitkan pernyataan pemenuhan ketentuan keselamatan, keamanan, dan garda-aman nuklir. -227 -",Pasal 408 ayat (6),"peringatan, tertulis, ketiga, pemegang, menindaklanjuti",Badan
PP_28_2025,PP Nomor 28 Tahun 2025,PP,2025,28,BAB XI,Sanksi,Bagian Kedua,Paragraf 5,408,8,,,Ketentuan,"Apabila dalam jangka waktu sebagaimana dimaksud pada ayat (6) eks pemegang PB tidak menindaklanjuti peringatan tertulis ketiga, kepala badan yang melaksanakan tugas pemerintahan di bidang pengawasan ketenaganukliran menghentikan sementara kegiatan dekomisioning.",Pasal 408 ayat (8),"jangka, waktu, pemegang, menindaklanjuti, peringatan",Badan
PP_28_2025,PP Nomor 28 Tahun 2025,PP,2025,28,BAB XI,Sanksi,Bagian Kedua,Paragraf 5,408,9,,,Kewajiban,"Selama penghentian sementara, eks pemegang PB tetap bertanggung jawab atas keselamatan dan keamanan pertambangan, bahan galian nuklir, dan limbah radioaktif.",Pasal 408 ayat (9),"selama, penghentian, sementara, pemegang, tetap",
PP_28_2025,PP Nomor 28 Tahun 2025,PP,2025,28,BAB XI,Sanksi,Bagian Kedua,Paragraf 5,408,10,,,Sanksi,"Dalam hal selama penghentian sementara eks pemegang PB tidak memenuhi tanggung jawab atas keselamatan dan keamanan pertambangan, bahan galian nuklir, dan limbah radioaktif sesuai dengan ketentuan peraturan perundang-undangan, eks pemegang PB dikenai denda administratif paling tinggi 50% (lima puluh persen) dari nilai jaminan finansial dekomisioning pertambangan.",Pasal 408 ayat (10),"pemegang, pertambangan, selama, penghentian, sementara",
PP_28_2025,PP Nomor 28 Tahun 2025,PP,2025,28,BAB XI,Sanksi,Bagian Kedua,Paragraf 5,409,1,,,Sanksi,Kepala badan yang melaksanakan tugas pemerintahan di bidang pengawasan ketenaganukliran mengenakan sanksi administratif kepada pemegang PB apabila ditemukan pelanggaran terhadap ketentuan PB pendukung sektor ketenaganukliran.,Pasal 409 ayat (1),"ketenaganukliran, kepala, badan, melaksanakan, tugas",Badan
PP_28_2025,PP Nomor 28 Tahun 2025,PP,2025,28,BAB XI,Sanksi,Bagian Kedua,Paragraf 5,409,2,,,Sanksi,Sanksi administratif sebagaimana dimaksud pada ayat (1) berupa: a. peringatan tertulis; b. pembekuan PB; atau c. pencabutan PB.,Pasal 409 ayat (2),"sanksi, administratif, berupa, peringatan, tertulis",
PP_28_2025,PP Nomor 28 Tahun 2025,PP,2025,28,BAB XI,Sanksi,Bagian Kedua,Paragraf 5,410,1,,,Kewajiban,"Pemegang PB yang melanggar ketentuan PB pendukung sektor ketenaganukliran sebagaimana dimaksud dalam Pasal 148 ayat (1) huruf d, dikenai peringatan tertulis kesatu. (21 Pemegang PB wajib menindaklanjuti peringatan tertulis kesatu sebagaimana dimaksud pada ayat (1) paling lama 1O (sepuluh) Hari terhitung sejak tanggal dikeluarkannya peringatan tertulis kesatu.",Pasal 410 ayat (1),"peringatan, tertulis, kesatu, pemegang, melanggar",
PP_28_2025,PP Nomor 28 Tahun 2025,PP,2025,28,BAB XI,Sanksi,Bagian Kedua,Paragraf 5,410,3,,,Kewajiban,"Apabila dalam jangka waktu sebagaimana dimaksud pada ayat (21 pemegang PB tidak menindaklanjuti peringatan tertulis kesatu, kepala badan yang melaksanakan tugas pemerintahan di bidang pengawasan ketenaganukliran memberikan peringatan tertulis kedua. (41 Pemegang PB wajib menindaklanjuti peringatan tertulis kedua sebagaimana dimaksud pada ayat (3) paling lama 1O (sepuluh) Hari terhitung sejak tanggal dikeluarkannya peringatan tertulis kedua.",Pasal 410 ayat (3),"peringatan, tertulis, kedua, pemegang, menindaklanjuti",Badan
PP_28_2025,PP Nomor 28 Tahun 2025,PP,2025,28,BAB XI,Sanksi,Bagian Kedua,Paragraf 5,410,5,,,Ketentuan,"Apabila dalam jangka waktu sebagaimana dimaksud pada ayat (4) pemegang PB tidak menindaklanjuti peringatan tertulis kedua, kepala badan yang melaksanakan tugas pemerintahan di bidang pengawasan ketenaganukliran memberikan peringatan tertulis ketiga.",Pasal 410 ayat (5),"peringatan, tertulis, jangka, waktu, pemegang",Badan
PP_28_2025,PP Nomor 28 Tahun 2025,PP,2025,28,BAB XI,Sanksi,Bagian Kedua,Paragraf 5,410,6,,,Kewajiban,"Pemegang PB wajib menindaklanjuti peringatan tertulis ketiga sebagaimana dimaksud pada ayat (5) paling lama 10 (sepuluh) Hari terhitung sejak tanggal dikeluarkannya peringatan tertulis ketiga. (71 Apabila dalam jangka waktu sebagaimana dimaksud pada ayat (2)', ayat (4ll, atau ayat (6) pemegang PB telah menindaklanjuti peringatan tertulis kesatu, peringatan tertulis kedua, atau peringatan tertulis ketiga, kepala badan yang melaksanakan tugas pemerintahan di bidang pengawasan ketenaganukliran menerbitkan pernyataan pemenuhan ketentuan kegiatan usaha pendukung sektor ketenaganukliran. Pasal 4 1 1",Pasal 410 ayat (6),"peringatan, tertulis, ketiga, pemegang, menindaklanjuti",Badan
PP_28_2025,PP Nomor 28 Tahun 2025,PP,2025,28,BAB XI,Sanksi,Bagian Kedua,Paragraf 5,410,1,,,Sanksi,"Apabila dalam jangka waktu sebagaimana dimaksud dalam Pasal 4IO ayat (6) pemegang PB tidak menindaklanjuti peringatan tertulis ketiga, kepala badan yang melaksanakan tugas pemerintahan di bidang pengawasan ketenaganukliran membekukan PB pendukung sektor ketenaganukliran. (21 Pemegang PB wajib menghentikan sementara kegiatannya terhitung sejak ditetapkannya keputusan pembekuan PB sebagaimana dimaksud pada ayat (1).",Pasal 410 ayat (1),"pemegang, ketenaganukliran, jangka, waktu, menindaklanjuti",Badan
PP_28_2025,PP Nomor 28 Tahun 2025,PP,2025,28,BAB XI,Sanksi,Bagian Kedua,Paragraf 5,410,3,,,Sanksi,Pemegang PB wajib menindaklanjuti pembekuan PB paling lama 3 (tiga) bulan terhitung sejak tanggal ditetapkannya keputusan pembekuan PB. REPUBLTK INDONESIA -229 -,Pasal 410 ayat (3),"pembekuan, pemegang, wajib, menindaklanjuti, paling",
PP_28_2025,PP Nomor 28 Tahun 2025,PP,2025,28,BAB XI,Sanksi,Bagian Kedua,Paragraf 5,410,4,,,Sanksi,"Apabila dalam jangka waktu sebagaimana dimaksud pada ayat (3) pemegang PB telah menindaklanjuti pembekuan PB, kepala badan yang melaksanakan tugas pemerintahan di bidang pengawasan ketenaganukliran menerbitkan keputusan pemberlakuan kembali PB.",Pasal 410 ayat (4),"jangka, waktu, pemegang, menindaklanjuti, pembekuan",Badan
PP_28_2025,PP Nomor 28 Tahun 2025,PP,2025,28,BAB XI,Sanksi,Bagian Kedua,Paragraf 5,410,5,,,Sanksi,"Apabila dalam jangka waktu sebagaimana dimaksud pada ayat (3) pemegang PB tidak menindaklanjuti pembekuan PB, kepala badan yang melaksanakan tugas pemerintahan di bidang pengawasan ketenaganukliran mencabut PB.",Pasal 410 ayat (5),"jangka, waktu, pemegang, menindaklanjuti, pembekuan",Badan
PP_28_2025,PP Nomor 28 Tahun 2025,PP,2025,28,BAB XI,Sanksi,Bagian Kedua,Paragraf 5,412,,,,Sanksi,"Dalam hal pembekuan PB sebagaimana dimaksud dalam Pasal 4lI ayat (1) telah ditetapkan dan pemegang PB tetap melaksanakan kegiatannya, kepala badan yang melaksanakan tugas pemerintahan di bidang pengawasan ketenaganukliran langsung mencabut PB.",Pasal 412,"melaksanakan, pembekuan, ditetapkan, pemegang, tetap",Badan
PP_28_2025,PP Nomor 28 Tahun 2025,PP,2025,28,BAB XI,Sanksi,Bagian Kedua,Paragraf 5,413,1,,,Sanksi,Kepala badan yang melaksanakan tugas pemerintahan di bidang pengawasan ketenaganukliran dapat langsung menjatuhkan sanksi administratif berupa pembekuan PB pendukung sektor ketenaganukliran dalam hal:,Pasal 413 ayat (1),"ketenaganukliran, kepala, badan, melaksanakan, tugas",Badan
PP_28_2025,PP Nomor 28 Tahun 2025,PP,2025,28,BAB XI,Sanksi,Bagian Kedua,Paragraf 5,413,1,a,,Ketentuan,pemegang PB menyampaikan data yang tidak benar dalam proses permohonan PB berupa data persyaratan PB;,Pasal 413 ayat (1) huruf a,"data, pemegang, menyampaikan, benar, proses",
PP_28_2025,PP Nomor 28 Tahun 2025,PP,2025,28,BAB XI,Sanksi,Bagian Kedua,Paragraf 5,413,1,b,,Ketentuan,pemegang PB lembaga uji ketenaganukliran menyampaikan data hasil pengujian yang tidak sesuai;,Pasal 413 ayat (1) huruf b,"pemegang, lembaga, ketenaganukliran, menyampaikan, data",Lembaga
PP_28_2025,PP Nomor 28 Tahun 2025,PP,2025,28,BAB XI,Sanksi,Bagian Kedua,Paragraf 5,413,1,c,,Sanksi,pemegang PB lembaga pelatihan ketenaganukliran menyampaikan data hasil kelulusan yang tidak sesuai; dan/atau d. tidak terpenuhinya lagi syarat PB. (21 Pemegang PB wajib menghentikan sementara kegiatannya terhitung sejak ditetapkannya keputusan pembekuan PB sebagaimana dimaksud pada ayat (1).,Pasal 413 ayat (1) huruf c,"pemegang, lembaga, pelatihan, ketenaganukliran, menyampaikan",Lembaga
PP_28_2025,PP Nomor 28 Tahun 2025,PP,2025,28,BAB XI,Sanksi,Bagian Kedua,Paragraf 5,413,3,,,Sanksi,Pemegang PB wajib menindaklanjuti pembekuan PB paling lama 3 (tiga) bulan terhitung sejak tanggal ditetapkannya keputusan pembekuan PB. -230_,Pasal 413 ayat (3),"pembekuan, pemegang, wajib, menindaklanjuti, paling",
PP_28_2025,PP Nomor 28 Tahun 2025,PP,2025,28,BAB XI,Sanksi,Bagian Kedua,Paragraf 5,413,4,,,Sanksi,"Apabila dalam jangka waktu sebagaimana dimaksud pada ayat (3) pemegang PB telah menindaktanjuti pembekuan PB, kepala badan yang melaksanakan tugas pemerintahan di bidang pengawasan ketenaganukliran menerbitkan keputusan pemberlakuan kembali pB.",Pasal 413 ayat (4),"jangka, waktu, pemegang, menindaktanjuti, pembekuan",Badan
PP_28_2025,PP Nomor 28 Tahun 2025,PP,2025,28,BAB XI,Sanksi,Bagian Kedua,Paragraf 5,413,5,,,Sanksi,"Apabila dalam jangka waktu sebagaimana dimaksud pada ayat (3) pemegang PB tidak menindaklanjuti pembekuan PB, kepala badan yang melaksanakan tugas pemerintahan di bidang pengawasan ketenaganukliran mencabut pB.",Pasal 413 ayat (5),"jangka, waktu, pemegang, menindaklanjuti, pembekuan",Badan
PP_28_2025,PP Nomor 28 Tahun 2025,PP,2025,28,BAB XI,Sanksi,Bagian Kedua,Paragraf 5,413,6,,,Sanksi,"Dalam hal pembekuan PB sebagaimana dimaksud pada ayat (1) telah ditetapkan dan pemegang pB tetap melaksanakan kegiatannya, kepala badan yang melaksanakan tugas pemerintahan di bidang pengawasan ketenaganukliran langsung mencabut pB.",Pasal 413 ayat (6),"melaksanakan, pembekuan, ditetapkan, pemegang, tetap",Badan
PP_28_2025,PP Nomor 28 Tahun 2025,PP,2025,28,BAB XI,Sanksi,Bagian Kedua,Paragraf 5,414,1,,,Sanksi,"Pengenaan sanksi administratif sektor ketenaganukliran sebagaimana dimaksud dalam Pasal 383 sampai dengan Pasal 413 dilakukan oleh kepala badan yang melaksanakan tugas pemerintahan di bidang pengawasan ketenaganukliran berdasarkan ketentuan peraturan perundang-undangan. (21 Ketentuan lebih lanjut mengenai tata cara pengenaan sanksi administratif, mekanisme, jangka waktu, upaya administratif, dan pejabat yang berwenang diatur dengan peraturan kepala badan yang melaksanakan tugas pemerintahan di bidang pengawasan ketenaganukliran.",Pasal 414 ayat (1),"administratif, ketenaganukliran, pengenaan, sanksi, kepala",Badan
PP_28_2025,PP Nomor 28 Tahun 2025,PP,2025,28,BAB XI,Sanksi,Bagian Kedua,Paragraf 6,415,1,,,Sanksi,"Setiap Pelaku Usaha yang telah memiliki PB namun tidak melakukan kegiatan usaha industri selama jangka waktu 3 (tiga) tahun berturut-turut, dikenai sanksi administratif berupa: a. peringatan tertulis; dan b. pencabutan PB dan PB UMKU. R.EPUBLIK INDONES!A -23r- (21 Peringatan tertulis sebagaimana dimaksud pada ayat (1) huruf a diberikan paling banyak 3 (tiga) kali berturut-turut dengan jangka waktu masing-masing 30 (tiga puluh) Hari.",Pasal 415 ayat (1),"tiga, usaha, jangka, waktu, berturut",Pelaku Usaha
PP_28_2025,PP Nomor 28 Tahun 2025,PP,2025,28,BAB XI,Sanksi,Bagian Kedua,Paragraf 6,415,3,,,Sanksi,"Dalam hal Pelaku Usaha yang telah dikenai peringatan tertulis sebanyak 3 (tiga) kali sebagaimana dimaksud pada ayat (2) tidak melakukan kegiatan usaha industri, dikenai sanksi administratif berupa pencabutan PB dan PB UMKU.",Pasal 415 ayat (3),"usaha, dikenai, pelaku, peringatan, tertulis",Pelaku Usaha
PP_28_2025,PP Nomor 28 Tahun 2025,PP,2025,28,BAB XI,Sanksi,Bagian Kedua,Paragraf 6,416,1,,,Sanksi,Setiap Pelaku Usaha di sektor perindustrian yang tidak memiliki PB dikenai sanksi administratif berupa: a. peringatan tertulis; b. denda administratif; dan c. penutupan sementara (21 Setiap Pelaku Usaha di sektor perindustrian yang tidak berlokasi di kawasan industri atau kawasan peruntukan industri sebagaimana dimaksud dalam Pasal 151 dikenai sanksi administratif berupa:,Pasal 416 ayat (1),"administratif, setiap, pelaku, usaha, sektor",Pelaku Usaha
PP_28_2025,PP Nomor 28 Tahun 2025,PP,2025,28,BAB XI,Sanksi,Bagian Kedua,Paragraf 6,416,1,a,,Ketentuan,peringatan tertulis;,Pasal 416 ayat (1) huruf a,"peringatan, tertulis",
PP_28_2025,PP Nomor 28 Tahun 2025,PP,2025,28,BAB XI,Sanksi,Bagian Kedua,Paragraf 6,416,1,b,,Sanksi,denda administratif;,Pasal 416 ayat (1) huruf b,"denda, administratif",
PP_28_2025,PP Nomor 28 Tahun 2025,PP,2025,28,BAB XI,Sanksi,Bagian Kedua,Paragraf 6,416,1,c,,Ketentuan,penutupan sementara;,Pasal 416 ayat (1) huruf c,"penutupan, sementara",
PP_28_2025,PP Nomor 28 Tahun 2025,PP,2025,28,BAB XI,Sanksi,Bagian Kedua,Paragraf 6,416,1,d,,Sanksi,pembekuan PB; dan/atau,Pasal 416 ayat (1) huruf d,pembekuan,
PP_28_2025,PP Nomor 28 Tahun 2025,PP,2025,28,BAB XI,Sanksi,Bagian Kedua,Paragraf 6,416,1,e,,Ketentuan,pencabutan PB.,Pasal 416 ayat (1) huruf e,pencabutan,
PP_28_2025,PP Nomor 28 Tahun 2025,PP,2025,28,BAB XI,Sanksi,Bagian Kedua,Paragraf 6,416,3,,,Sanksi,"Peringatan tertulis sebagaimana dimaksud pada ayat (1) huruf a dan ayat (21 huruf a, diberikan paling banyak 3 (tiga) kali berturut-turut dengan jangka waktu masing- masing 30 (tiga puluh) Hari. (41 Pengenaan sanksi administratif berupa pencabutan PB sebagaimana dimaksud pada ayat (2) huruf e dapat langsung dikenai sepanjang diatur peraturan perundang- undangan. Pasal. Pasal4IT",Pasal 416 ayat (3),"tiga, masing, peringatan, tertulis, diberikan",
PP_28_2025,PP Nomor 28 Tahun 2025,PP,2025,28,BAB XI,Sanksi,Bagian Kedua,Paragraf 6,416,1,,,Sanksi,Pelaku Usaha di sektor perindustrian yang telah dikenai sanksi administratif berupa peringatan tertulis dan tidak melakukan perbaikan berupa memiliki PB atau berlokasi di kawasan industri/kawasan peruntukan industri dalam jangka waktu sebagaimana dimaksud dalam Pasal 416 ayat (3) dikenai sanksi administratif berupa denda administratif. (21 Denda administratif sebagaimana dimaksud pada ayat (1) dikenai paling banyak 1% (satu persen) dari nilai investasi.,Pasal 416 ayat (1),"administratif, dikenai, berupa, sanksi, kawasan",Pelaku Usaha
PP_28_2025,PP Nomor 28 Tahun 2025,PP,2025,28,BAB XI,Sanksi,Bagian Kedua,Paragraf 6,416,3,,,Ketentuan,Nilai investasi sebagaimana dimaksud pada ayat (21untuk kawasan industri ditetapkan berdasarkan hasil audit lembaga independen.,Pasal 416 ayat (3),"nilai, investasi, kawasan, industri, ditetapkan",Lembaga
PP_28_2025,PP Nomor 28 Tahun 2025,PP,2025,28,BAB XI,Sanksi,Bagian Kedua,Paragraf 6,416,4,,,Sanksi,Pembayaran denda administratif sebagaimana dimaksud pada ayat (1) dilakukan paling lama 30 (tiga puluh) Hari sejak surat pengenaan denda administratif diterima oleh Pelaku Usaha.,Pasal 416 ayat (4),"denda, administratif, pembayaran, paling, lama",Pelaku Usaha
PP_28_2025,PP Nomor 28 Tahun 2025,PP,2025,28,BAB XI,Sanksi,Bagian Kedua,Paragraf 6,418,1,,,Sanksi,Pelaku Usaha di sektor perindustrian yang tidak membayar denda administratif dalam jangka waktu sebagaimana dimaksud dalam Pasal 417 ayat (4) dan tidak melakukan perbaikan berupa memiliki PB atau berlokasi di kawasan industri/kawasan peruntukan industri dikenai sanksi administratif berupa penutupan sementara. (21 Dalam hal Pelaku Usaha di sektor perindustrian telah membayar denda administratif tetapi dalam jangka waktu 30 (tiga puluh) Hari sejak tanggal batas waktu pembayaran denda administratif tidak melakukan perbaikan berupa memiliki PB atau berlokasi di kawasan industri/kawasan peruntukan industri dikenai sanksi administratif berupa penutupan sementara.,Pasal 418 ayat (1),"administratif, berupa, kawasan, industri, denda",Pelaku Usaha
PP_28_2025,PP Nomor 28 Tahun 2025,PP,2025,28,BAB XI,Sanksi,Bagian Kedua,Paragraf 6,418,3,,,Sanksi,Sanksi administratif berupa penutupan sementara sebagaimana dimaksud pada ayat (1) dan ayat (21bagi:,Pasal 418 ayat (3),"sanksi, administratif, berupa, penutupan, sementara",
PP_28_2025,PP Nomor 28 Tahun 2025,PP,2025,28,BAB XI,Sanksi,Bagian Kedua,Paragraf 6,418,3,a,,Ketentuan,Pelaku Usaha di sektor perindustrian yang tidak memiliki PB dikenakan sampai dengan perusahaan yang bersangkutan memperoleh PB sesuai dengan ketentuan peraturan perundang-undangan;,Pasal 418 ayat (3) huruf a,"pelaku, usaha, sektor, perindustrian, memiliki",Pelaku Usaha
PP_28_2025,PP Nomor 28 Tahun 2025,PP,2025,28,BAB XI,Sanksi,Bagian Kedua,Paragraf 6,418,3,b,,Ketentuan,Pelaku Usaha di sektor perindustrian yang tidak berlokasi di kawasan industri atau kawasan peruntukan industri dikenakan untuk jangka waktu paling lama 30 (tiga puluh) Hari sejak tanggal surat penutupan sementara diterima. Pasal. . .,Pasal 418 ayat (3) huruf b,"kawasan, industri, pelaku, usaha, sektor",Pelaku Usaha
PP_28_2025,PP Nomor 28 Tahun 2025,PP,2025,28,BAB XI,Sanksi,Bagian Kedua,Paragraf 6,419,1,,,Sanksi,Dalam hal sejak tanggal berakhirnya sanksi administratif berupa penutupan sementara sebagaimana dimaksud dalam Pasal 418 ayat (3) huruf b Pelaku Usaha di sektor perindustrian tidak membayar denda administratif dan/atau tidak berlokasi di kawasan industri atau kawasan peruntukan industri dikenai sanksi administratif berupa pembekuan PB. (21 Pembekuan PB sebagaimana dimaksud pada ayat (1) berlaku paling lama 3 (tiga) bulan sejak tanggal diterbitkan surat penetapan pembekuan.,Pasal 419 ayat (1),"administratif, pembekuan, sejak, tanggal, sanksi",Pelaku Usaha
PP_28_2025,PP Nomor 28 Tahun 2025,PP,2025,28,BAB XI,Sanksi,Bagian Kedua,Paragraf 6,42O,,,,Sanksi,Pelaku Usaha di sektor perindustrian yang telah membayar denda administratif dan berlokasi di kawasan industri atau kawasan peruntukan industri dalam jangka waktu sebagaimana dimaksud dalam Pasal 419 ayat (2) dapat mengajukan permohonan pemulihan status pembekuan PB. Pasal42l Dalam hal Pelaku Usaha di sektor perindustrian sejak tanggal berakhirnya sanksi administratif berupa pembekuan PB sebagaimana dimaksud dalam Pasal 419 ayat (2) tidak membayar denda administratif dan latau tidak berlokasi di kawasan industri atau kawasan peruntukan industri dikenai sanksi administratif berupa pencabutan PB.,Pasal 42O,"administratif, kawasan, industri, pelaku, usaha",Pelaku Usaha
PP_28_2025,PP Nomor 28 Tahun 2025,PP,2025,28,BAB XI,Sanksi,Bagian Kedua,Paragraf 6,422,1,,,Sanksi,"Pengenaan sanksi administratif sektor perindustrian dilaksanakan oleh menteri yang menyelenggarakan urusan pemerintahan di bidang perindustrian, kepala Lembaga OSS, gubernur, bupati lwali kota, kepala Administrator KEK, atau kepala Badan Pengusahaan KPBPB sesuai dengan kewenangan masing-masing berdasarkan ketentuan peraturan perundang-undangan. (21 Ketentuan lebih lanjut mengenai tata cara pengenaan sanksi administratif, mekanisme, jangka waktu, upaya administratif, dan pejabat yang berwenang diatur dalam peraturan menteri yang menyelenggarakan urusan pemerintahan di bidang perindustrian. Pasal. .",Pasal 422 ayat (1),"administratif, perindustrian, kepala, pengenaan, sanksi","Lembaga OSS, Gubernur, Menteri, Bupati, Badan"
PP_28_2025,PP Nomor 28 Tahun 2025,PP,2025,28,BAB XI,Sanksi,Bagian Kedua,Paragraf 6,423,1,,,Sanksi,Setiap Pelaku Usaha yang tidak memenuhi ketentuan PB UMKU sektor Perindustrian dikenai sanksi administratif berupa: a. peringatan tertulis; b. penghentian sementara kegiatan usaha; c. pengenaan denda administratif; d. pengenaan daya paksa polisional; dan/atau e. pencabutan PB UMKU.,Pasal 423 ayat (1),"usaha, umku, administratif, pengenaan, setiap",Pelaku Usaha
PP_28_2025,PP Nomor 28 Tahun 2025,PP,2025,28,BAB XI,Sanksi,Bagian Kedua,Paragraf 6,423,2,,,Sanksi,Pengenaan sanksi administratif sebagaimana dimaksud pada ayat (1) diberikan oleh menteri yang menyelenggarakan urusan pemerintahan di bidang perindustrian.,Pasal 423 ayat (2),"pengenaan, sanksi, administratif, diberikan, menteri",Menteri
PP_28_2025,PP Nomor 28 Tahun 2025,PP,2025,28,BAB XI,Sanksi,Bagian Kedua,Paragraf 6,423,3,,,Sanksi,Ketentuan lebih lanjut mengenai pengenaan sanksi administratif PB UMKU sektor Perindustrian diatur dalam peraturan menteri yang menyelenggarakan urusan pemerintahan di bidang perindustrian.,Pasal 423 ayat (3),"perindustrian, lebih, lanjut, mengenai, pengenaan",Menteri
PP_28_2025,PP Nomor 28 Tahun 2025,PP,2025,28,BAB XI,Sanksi,Bagian Kedua,Paragraf 7,424,1,,,Sanksi,"Setiap Pelaku Usaha yang berdasarkan hasil Pengawasan tidak memiliki PB dan/atau PB UMKU pada sektor perdagangan dan metrologi legal, dikenai sanksi administratif berupa: a. teguran tertulis; b. penghentian sementara kegiatan usaha; c. paksaan pemerintah; dan/atau d. denda administratif. (21 Jenis sanksi administratif sebagaimana dimaksud pada ayat (1) dapat dikenai secara:",Pasal 424 ayat (1),"administratif, usaha, dikenai, sanksi, setiap","Pelaku Usaha, Pemerintah"
PP_28_2025,PP Nomor 28 Tahun 2025,PP,2025,28,BAB XI,Sanksi,Bagian Kedua,Paragraf 7,424,1,a,,Ketentuan,kumulatif atau bertahap; dan b. tidak bertahap. Pasal,Pasal 424 ayat (1) huruf a,"bertahap, kumulatif",
PP_28_2025,PP Nomor 28 Tahun 2025,PP,2025,28,BAB XI,Sanksi,Bagian Kedua,Paragraf 7,425,1,,,Sanksi,"Sanksi administratif berupa teguran tertulis sebagaimana dimaksud dalam Pasal 424 ayat (1) huruf a berisi perintah untuk segera memiliki PB dan/atau PB UMKU, dan melaksanakan kegiatan usaha sesuai dengan ketentuan dalam jangka waktu tertentu yang ditetapkan. (21 Jangka waktu sebagaimana dimaksud pada ayat (1) ditentukan dengan mempertimbangkan kewajaran dan kemampuan Pelaku Usaha.",Pasal 425 ayat (1),"usaha, jangka, waktu, sanksi, administratif",Pelaku Usaha
PP_28_2025,PP Nomor 28 Tahun 2025,PP,2025,28,BAB XI,Sanksi,Bagian Kedua,Paragraf 7,426,1,,,Sanksi,"Sanksi administratif berupa penghentian sementara kegiatan usaha sebagaimana dimaksud dalam Pasal 424 ayat (1) huruf b dikenai dalam jangka waktu tertentu yang ditetapkan paling lama 6 (enam) bulan. (21 Jangka waktu sebagaimana dimaksud pada ayat (1) ditentukan dengan mempertimbangkan kewajaran dan kemampuan Pelaku Usaha untuk mengajukan permohonan PB dan/atau PB UMKU, dan menyesuaikan dengan standar pelaksanaan kegiatan usaha pada sektor perdagangan. Pasal,427 Dalam hal Pelaku Usaha tetap tidak dapat menyelesaikan permohonan PB dan/atau PB UMKU dan menyesuaikan dengan standar pelaksanaan kegiatan usaha, dikenai sanksi berupa paksaan pemerintah sebagaimana dimaksud dalam Pasal 424 ayat (1) huruf c untuk memiliki PB dan/atau PB UMKU sesuai dengan ketentuan peraturan perundang- undangan.",Pasal 426 ayat (1),"usaha, kegiatan, umku, sanksi, berupa","Pelaku Usaha, Pemerintah"
PP_28_2025,PP Nomor 28 Tahun 2025,PP,2025,28,BAB XI,Sanksi,Bagian Kedua,Paragraf 7,428,1,,,Sanksi,Paksaan pemerintah sebagaimana dimaksud dalam Pasal 424 ayat (1) huruf c berupa: a. pengamanan barang; b. penarikan barang dari distribusi; c. penutupan lokasi usaha',Pasal 428 ayat (1),"barang, paksaan, berupa, pengamanan, penarikan",Pemerintah
PP_28_2025,PP Nomor 28 Tahun 2025,PP,2025,28,BAB XI,Sanksi,Bagian Kedua,Paragraf 7,428,1,d,,Ketentuan,penutupan gudang;,Pasal 428 ayat (1) huruf d,"penutupan, gudang",
PP_28_2025,PP Nomor 28 Tahun 2025,PP,2025,28,BAB XI,Sanksi,Bagian Kedua,Paragraf 7,428,1,e,,Ketentuan,penutupan. . .,Pasal 428 ayat (1) huruf e,penutupan,
PP_28_2025,PP Nomor 28 Tahun 2025,PP,2025,28,BAB XI,Sanksi,Bagian Kedua,Paragraf 7,428,1,e,,Ketentuan,penutupan atau pemblokiran sistem elektronik dan/atau media internet lain yang dipergunakan untuk kegiatan perdagangan secara daring; dan/atau,Pasal 428 ayat (1) huruf e,"penutupan, pemblokiran, sistem, elektronik, media",
PP_28_2025,PP Nomor 28 Tahun 2025,PP,2025,28,BAB XI,Sanksi,Bagian Kedua,Paragraf 7,428,1,f,,Sanksi,tindakan lain yang bertujuan untuk menghentikan pelanggaran. (21 Paksaan pemerintah sebagaimana dimaksud pada ayat (1) ditentukan berdasarkan pertimbangan bidang usaha serta tindakan yang paling tepat untuk mencegah dan/atau menghentikan dampak yang ditimbulkan.,Pasal 428 ayat (1) huruf f,"tindakan, menghentikan, bertujuan, pelanggaran, paksaan",Pemerintah
PP_28_2025,PP Nomor 28 Tahun 2025,PP,2025,28,BAB XI,Sanksi,Bagian Kedua,Paragraf 7,428,3,,,Sanksi,"Dalam melakukan paksaan pemerintah sebagaimana dimaksud pada ayat (1), dapat melibatkan aparat penegak hukum.",Pasal 428 ayat (3),"melakukan, paksaan, melibatkan, aparat, penegak",Pemerintah
PP_28_2025,PP Nomor 28 Tahun 2025,PP,2025,28,BAB XI,Sanksi,Bagian Kedua,Paragraf 7,429,,,,Sanksi,Sanksi administratif berupa denda administratif sebagaimana dimaksud dalam Pasal 424 ayat (1) huruf d diberikan sesuai dengan ketentuan peraturan perundang-undangan.,Pasal 429,"administratif, sanksi, berupa, denda, diberikan",
PP_28_2025,PP Nomor 28 Tahun 2025,PP,2025,28,BAB XI,Sanksi,Bagian Kedua,Paragraf 7,430,1,,,Sanksi,"Pengenaan sanksi administratif sebagaimana dimaksud dalam Pasal 424 ayat (1) diberikan oleh menteri yang menyelenggarakan urusan pemerintahan di bidang perdagangan, gubernur, bupatilwalt kota, kepala Administrator KEK, atau kepala Badan Pengusahaan KPBPB sesuai dengan kewenangan masing-masing berdasarkan ketentuan peraturan perundang-undangan. (21 Ketentuan lebih lanjut mengenai tata cara pengenaan sanksi administratif, mekanisme, jangka waktu, upaya administratif, dan pejabat yang berwenang diatur dengan peraturan menteri yang menyelenggarakan urusan pemerintahan di bidang perdagangan.",Pasal 430 ayat (1),"administratif, pengenaan, sanksi, menteri, menyelenggarakan","Gubernur, Menteri, Badan"
PP_28_2025,PP Nomor 28 Tahun 2025,PP,2025,28,BAB XI,Sanksi,Bagian Kedua,Paragraf 7,43,1,,,Sanksi,"Setiap Pelaku Usaha yang berdasarkan hasil Pengawasan ditemukan ketidaksesuaian atau pelanggaran terhadap PB dan/atau PB UMKU pada sektor perdagangan dan metrologi legal, dikenai sanksi administratif berupa: a. teguran tertulis;",Pasal 43 ayat (1),"setiap, pelaku, usaha, hasil, pengawasan",Pelaku Usaha
PP_28_2025,PP Nomor 28 Tahun 2025,PP,2025,28,BAB XI,Sanksi,Bagian Kedua,Paragraf 7,43,1,b,,Sanksi,paksaan . R.EPUBLIK INDONESIA -237 - b. paksaan pemerintah; c. denda administratif; d. pembekuan PB dan/atau PB UMKU; dan/atau e. pencabutan PB dan/atau PB UMKU. (21 Jenis sanksi administratif sebagaimana dimaksud pada ayat (1) dapat dikenai secara: a. kumulatif atau bertahap; dan b. tidak bertahap.,Pasal 43 ayat (1) huruf b,"paksaan, administratif, umku, bertahap, epublik",Pemerintah
PP_28_2025,PP Nomor 28 Tahun 2025,PP,2025,28,BAB XI,Sanksi,Bagian Kedua,Paragraf 7,432,1,,,Sanksi,Sanksi administratif berupa teguran tertulis sebagaimana dimaksud dalam Pasal 431 ayat (1) huruf a dikenakan dengan ketentuan:,Pasal 432 ayat (1),"sanksi, administratif, berupa, teguran, tertulis",
PP_28_2025,PP Nomor 28 Tahun 2025,PP,2025,28,BAB XI,Sanksi,Bagian Kedua,Paragraf 7,432,1,a,,Ketentuan,baru pertama kali melakukan pelanggaran;,Pasal 432 ayat (1) huruf a,"baru, pertama, kali, melakukan, pelanggaran",
PP_28_2025,PP Nomor 28 Tahun 2025,PP,2025,28,BAB XI,Sanksi,Bagian Kedua,Paragraf 7,432,1,b,,Ketentuan,belum menimbulkan dampak berupa kerugian konsumen; dan/atau,Pasal 432 ayat (1) huruf b,"belum, menimbulkan, dampak, berupa, kerugian",
PP_28_2025,PP Nomor 28 Tahun 2025,PP,2025,28,BAB XI,Sanksi,Bagian Kedua,Paragraf 7,432,1,c,,Sanksi,sudah ada dampak yang ditimbulkan namun dapat diperbaiki dengan mudah. (21 Teguran tertulis sebagaimana dimaksud pada ayat (1) berisi perintah untuk mematuhi kewajiban berusaha atau melaksanakan kegiatan usaha sesuai dengan ketentuan dalam jangka waktu tertentu yang ditetapkan.,Pasal 432 ayat (1) huruf c,"sudah, dampak, ditimbulkan, namun, diperbaiki",
PP_28_2025,PP Nomor 28 Tahun 2025,PP,2025,28,BAB XI,Sanksi,Bagian Kedua,Paragraf 7,433,1,,,Sanksi,"Sanksi administratif berupa paksaan pemerintah sebagaimana dimaksud dalam Pasal 431 ayat (1) huruf b, berupa: a. penarikan barang dari distribusi;",Pasal 433 ayat (1),"berupa, sanksi, administratif, paksaan, penarikan",Pemerintah
PP_28_2025,PP Nomor 28 Tahun 2025,PP,2025,28,BAB XI,Sanksi,Bagian Kedua,Paragraf 7,433,1,b,,Ketentuan,penutupan lokasi usaha' c. penutupan gudang;,Pasal 433 ayat (1) huruf b,"penutupan, lokasi, usaha, gudang",
PP_28_2025,PP Nomor 28 Tahun 2025,PP,2025,28,BAB XI,Sanksi,Bagian Kedua,Paragraf 7,433,1,d,,Ketentuan,penutupan atau pemblokiran sistem elektronik dan/atau media internet lain yang dipergunakan untuk kegiatan perdagangan secara daring; dan/atau,Pasal 433 ayat (1) huruf d,"penutupan, pemblokiran, sistem, elektronik, media",
PP_28_2025,PP Nomor 28 Tahun 2025,PP,2025,28,BAB XI,Sanksi,Bagian Kedua,Paragraf 7,433,1,e,,Ketentuan,tindakan lain yang bertujuan untuk menghentikan pelanggaran.,Pasal 433 ayat (1) huruf e,"tindakan, bertujuan, menghentikan, pelanggaran",
PP_28_2025,PP Nomor 28 Tahun 2025,PP,2025,28,BAB XI,Sanksi,Bagian Kedua,Paragraf 7,433,2,,,Sanksi,Paksaan . (21 Paksaan pemerintah sebagaimana dimaksud pada ayat (1) ditentukan berdasarkan pertimbangan bidang usaha serta tindakan yang paling tepat untuk mencegah dan/atau menghentikan dampak yang ditimbulkan.,Pasal 433 ayat (2),"paksaan, ditentukan, pertimbangan, bidang, usaha",Pemerintah
PP_28_2025,PP Nomor 28 Tahun 2025,PP,2025,28,BAB XI,Sanksi,Bagian Kedua,Paragraf 7,433,3,,,Sanksi,"Dalam melakukan paksaan pemerintah sebagaimana dimaksud pada ayat (1), dapat melibatkan aparat penegak hukum.",Pasal 433 ayat (3),"melakukan, paksaan, melibatkan, aparat, penegak",Pemerintah
PP_28_2025,PP Nomor 28 Tahun 2025,PP,2025,28,BAB XI,Sanksi,Bagian Kedua,Paragraf 7,433,4,,,Sanksi,Sanksi administratif berupa denda administratif sebagaimana dimaksud dalam Pasal 431 ayat (1) huruf c diberikan sesuai dengan ketentuan peraturan perundang- undangan.,Pasal 433 ayat (4),"administratif, sanksi, berupa, denda, diberikan",
PP_28_2025,PP Nomor 28 Tahun 2025,PP,2025,28,BAB XI,Sanksi,Bagian Kedua,Paragraf 7,433,5,,,Sanksi,Sanksi administratif berupa pembekuan PB dan PB UMKU dan/atau pencabutan PB dan PB UMKU sebagaimana dimaksud dalam Pasal 43I ayat (1) huruf d dan huruf e diberikan sesuai dengan ketentuan peraturan perLlndang- undangan.,Pasal 433 ayat (5),"umku, sanksi, administratif, berupa, pembekuan",
PP_28_2025,PP Nomor 28 Tahun 2025,PP,2025,28,BAB XI,Sanksi,Bagian Kedua,Paragraf 7,434,1,,,Sanksi,"Pengenaan sanksi administratif sebagaimana dimaksud dalam Pasal 431 ayat (1) diberikan oleh menteri yang menyelenggarakan urusan pemerintahan di bidang perdagangan, gubernur, bupati/wali kota, kepala Administrator KEK, atau kepala Badan Pengusahaan KPBPB sesuai dengan kewenangan masing-masing berdasarkan ketentuan peraturan perundang-undangan.",Pasal 434 ayat (1),"kepala, masing, pengenaan, sanksi, administratif","Wali Kota, Gubernur, Menteri, Bupati, Badan"
PP_28_2025,PP Nomor 28 Tahun 2025,PP,2025,28,BAB XI,Sanksi,Bagian Kedua,Paragraf 7,434,2,,,Sanksi,"Ketentuan lebih lanjut mengenai tata cara pengenaan sanksi administratif, mekanisme, jangka waktu, upaya administratif, dan pejabat yang berwenang diatur dalam peraturan menteri yang menyelenggarakan urusan pemerintahan di bidang perdagangan.",Pasal 434 ayat (2),"administratif, lebih, lanjut, mengenai, tata",Menteri
PP_28_2025,PP Nomor 28 Tahun 2025,PP,2025,28,BAB XI,Sanksi,Bagian Kedua,Paragraf 8,435,1,,,Sanksi,Setiap Pelaku Usaha di subsektor jasa konstruksi dikenai sanksi administratif atas pelanggaran: a. pemenuhan persyaratan PB meliputi:,Pasal 435 ayat (1),"setiap, pelaku, usaha, subsektor, jasa",Pelaku Usaha
PP_28_2025,PP Nomor 28 Tahun 2025,PP,2025,28,BAB XI,Sanksi,Bagian Kedua,Paragraf 8,435,1,,1,Ketentuan,kemampuan badan usaha jasa konstruksi/sertifikat badan usaha bagi badan usaha jasa konstruksi;,Pasal 435 ayat (1) angka 1,"badan, usaha, jasa, konstruksi, kemampuan",Badan Usaha
PP_28_2025,PP Nomor 28 Tahun 2025,PP,2025,28,BAB XI,Sanksi,Bagian Kedua,Paragraf 8,435,1,,2,Ketentuan,kompetensi. . . R.EPUBLIK INDONESIA,Pasal 435 ayat (1) angka 2,"kompetensi, epublik, indonesia",
PP_28_2025,PP Nomor 28 Tahun 2025,PP,2025,28,BAB XI,Sanksi,Bagian Kedua,Paragraf 8,435,1,,2,Ketentuan,kompetensi tenaga kerja konstruksi/sertifikat kompetensi kerja konstruksi bagi usaha orang perseorangan;,Pasal 435 ayat (1) angka 2,"kompetensi, kerja, konstruksi, tenaga, sertifikat",Orang Perseorangan
PP_28_2025,PP Nomor 28 Tahun 2025,PP,2025,28,BAB XI,Sanksi,Bagian Kedua,Paragraf 8,435,1,,3,Ketentuan,kemampuan sertifikasi badan usaha jasa konstruksi/lisensi lembaga sertifikasi badan usaha jasa konstruksi bagi lembaga sertifikasi badan usaha; atau,Pasal 435 ayat (1) angka 3,"sertifikasi, badan, usaha, jasa, konstruksi","Badan Usaha, Lembaga"
PP_28_2025,PP Nomor 28 Tahun 2025,PP,2025,28,BAB XI,Sanksi,Bagian Kedua,Paragraf 8,435,1,,4,Ketentuan,"kemampuan sertifikasi profesi jasa konstruksi/lisensi lembaga sertifikasi profesi jasa konstruksi bagi lembaga sertifikasi profesi, dikarenakan tidak lagi memenuhi syarat dan/atau habis masa berlaku.",Pasal 435 ayat (1) angka 4,"sertifikasi, profesi, jasa, konstruksi, lembaga",Lembaga
PP_28_2025,PP Nomor 28 Tahun 2025,PP,2025,28,BAB XI,Sanksi,Bagian Kedua,Paragraf 8,435,1,b,,Kewajiban,pemenuhan kewajiban laporan kegiatan usaha tahunan jasa konstruksi sesuai dengan ketentuan peraturan perundang-undangan di bidang jasa konstruksi;,Pasal 435 ayat (1) huruf b,"jasa, konstruksi, pemenuhan, kewajiban, laporan",
PP_28_2025,PP Nomor 28 Tahun 2025,PP,2025,28,BAB XI,Sanksi,Bagian Kedua,Paragraf 8,435,1,c,,Kewajiban,pemenuhan persyaratan dan kewajiban khusus bagi badan usaha jasa konstruksi Penanaman Modal Asing atau kantor perwakilan badan usaha jasa konstruksi asing; dan,Pasal 435 ayat (1) huruf c,"badan, usaha, jasa, konstruksi, asing",Badan Usaha
PP_28_2025,PP Nomor 28 Tahun 2025,PP,2025,28,BAB XI,Sanksi,Bagian Kedua,Paragraf 8,435,1,d,,Sanksi,ketentuan dalam peraturan perundang-undangan di bidang jasa konstruksi. (21 Sanksi administratif sebagaimana dimaksud pada ayat (1) berupa: a. peringatan tertulis; b. pengenaan denda administratif; c. penghentian sementara kegiatan usaha;,Pasal 435 ayat (1) huruf d,"administratif, perundang, undangan, bidang, jasa",
PP_28_2025,PP Nomor 28 Tahun 2025,PP,2025,28,BAB XI,Sanksi,Bagian Kedua,Paragraf 8,435,1,d,,Ketentuan,pencabutan PB; dan/atau e. pencantuman daftar hitam.,Pasal 435 ayat (1) huruf d,"pencabutan, pencantuman, daftar, hitam",
PP_28_2025,PP Nomor 28 Tahun 2025,PP,2025,28,BAB XI,Sanksi,Bagian Kedua,Paragraf 8,435,3,,,Sanksi,Jenis sanksi administratif sebagaimana dimaksud pada ayat (21dapat diberikan secara kumulatif atau bertahap.,Pasal 435 ayat (3),"jenis, sanksi, administratif, diberikan, kumulatif",
PP_28_2025,PP Nomor 28 Tahun 2025,PP,2025,28,BAB XI,Sanksi,Bagian Kedua,Paragraf 8,435,4,,,Sanksi,Pengenaan denda administratif sebagaimana dimaksud pada ayat (21 dilakukan melalui mekanisme PNBP sesuai dengan ketentuan peraturan perLrndang-undangan.,Pasal 435 ayat (4),"pengenaan, denda, administratif, melalui, mekanisme",
PP_28_2025,PP Nomor 28 Tahun 2025,PP,2025,28,BAB XI,Sanksi,Bagian Kedua,Paragraf 8,436,1,,,Sanksi,"Pengenaan sanksi administratif sebagaimana dimaksud dalam Pasal 435 ayat (2) huruf a, huruf b, huruf c, dan huruf e diberikan oleh menteri yang menyelenggarakan urusan pemerintahan di bidang pekerjaan umum.",Pasal 436 ayat (1),"pengenaan, sanksi, administratif, diberikan, menteri",Menteri
PP_28_2025,PP Nomor 28 Tahun 2025,PP,2025,28,BAB XI,Sanksi,Bagian Kedua,Paragraf 8,436,2,,,Sanksi,Pengenaan . (21 Pengenaan sanksi sebagaimana dimaksud pada ayat (1) dapat didelegasikan kepada pejabat yang memangku jabatan struktural di bawah kewenangannya.,Pasal 436 ayat (2),"pengenaan, sanksi, didelegasikan, kepada, pejabat",
PP_28_2025,PP Nomor 28 Tahun 2025,PP,2025,28,BAB XI,Sanksi,Bagian Kedua,Paragraf 8,437,1,,,Larangan,"Pemegang PB sektor pekerjaan umum subsektor sumber daya air dilarang menghalangi dan harus membuka akses bagi kementerian yang menyelenggarakan urusan pemerintahan di bidang pekerjaan umum atau pemerintah daerah sesuai dengan kewenangannya dalam melaksanakan tugas pemantatran, evaluasi, pengawasan, dan pemeriksaan pada sumber air.",Pasal 437 ayat (1),"pekerjaan, umum, sumber, pemegang, sektor","Pemerintah Daerah, Kementerian"
PP_28_2025,PP Nomor 28 Tahun 2025,PP,2025,28,BAB XI,Sanksi,Bagian Kedua,Paragraf 8,437,2,,,Sanksi,Pemegang PB sektor pekerjaan umum dan perumahan rakyat subsektor sumber daya air yang melanggar ketentuan PB dan ketentuan sebagaimana dimaksud pada ayat (1) dikenai sanksi administratif berupa:,Pasal 437 ayat (2),"pemegang, sektor, pekerjaan, umum, perumahan",
PP_28_2025,PP Nomor 28 Tahun 2025,PP,2025,28,BAB XI,Sanksi,Bagian Kedua,Paragraf 8,437,2,a,,Sanksi,peringatantertulis; b. penghentian sementara kegiatan usaha; c. pembekuan PB; d. pengenaan daya paksa polisional; dan/atau e. pencabutan PB.,Pasal 437 ayat (2) huruf a,"peringatantertulis, penghentian, sementara, kegiatan, usaha",
PP_28_2025,PP Nomor 28 Tahun 2025,PP,2025,28,BAB XI,Sanksi,Bagian Kedua,Paragraf 8,438,1,,,Larangan,Pemegang PB UMKU sektor pekerjaan umum dan perumahan rakyat subsektor sumber daya air dilarang: a. menyewakan dan/atau memindahtangankan sebagian atau seluruh PB UMKU sektor pekerjaan umum dan perumahan ralryat subsektor sumber daya air kepada pihak lain;,Pasal 438 ayat (1),"umku, sektor, pekerjaan, umum, perumahan",
PP_28_2025,PP Nomor 28 Tahun 2025,PP,2025,28,BAB XI,Sanksi,Bagian Kedua,Paragraf 8,438,1,b,,Kewajiban,melakukan pelanggaran terhadap ketentuan dan kewajiban yang tercantum dalam PB UMKU sektor pekerjaan umum dan perumahan ralryat subsektor sumber daya air;,Pasal 438 ayat (1) huruf b,"melakukan, pelanggaran, kewajiban, tercantum, umku",
PP_28_2025,PP Nomor 28 Tahun 2025,PP,2025,28,BAB XI,Sanksi,Bagian Kedua,Paragraf 8,438,1,c,,Ketentuan,melakukan penyalahgunaan PB UMKU sektor pekerjaan umum dan perumahan ralryat subsektor sumber daya air. d. menguasai sumber air; dan/atau e. menutup akses masyarakat terhadap sumber air yang digunakan.,Pasal 438 ayat (1) huruf c,"sumber, melakukan, penyalahgunaan, umku, sektor",Masyarakat
PP_28_2025,PP Nomor 28 Tahun 2025,PP,2025,28,BAB XI,Sanksi,Bagian Kedua,Paragraf 8,438,2,,,Larangan,"Selain R.EPUBLIK INDONESIA (21 Selain larangan sebagaimana dimaksud pada ayat (1), pemegang PB UMKU sektor pekerjaan umum dan perumahan ralgrat subsektor sumber daya air dilarang menghalangi dan harus membuka akses bagi kementerian yang menyelenggarakan urusan pemerintahan di bidang pekerjaan umum atau pemerintah daerah sesuai dengan kewenangannya dalam melakukan tugas pengelolaan sumber daya air, termasuk pemantarlan, evaluasi, pengawasan, dan pemeriksaan pada sumber air.",Pasal 438 ayat (2),"sumber, selain, pekerjaan, umum, daya","Pemerintah Daerah, Kementerian"
PP_28_2025,PP Nomor 28 Tahun 2025,PP,2025,28,BAB XI,Sanksi,Bagian Kedua,Paragraf 8,438,3,,,Sanksi,"Pemegang PB UMKU sektor pekerjaan umum dan perumahan rakyat subsektor sumber daya air yang melanggar ketentuan PB dan ketentuan sebagaimana dimaksud pada ayat (1) dan ayat (2)', dikenai sanksi administratif berupa: a. peringatan tertulis; b. penghentian sementara kegiatan usaha; c. pembekuan PB UMKU;",Pasal 438 ayat (3),"umku, pemegang, sektor, pekerjaan, umum",
PP_28_2025,PP Nomor 28 Tahun 2025,PP,2025,28,BAB XI,Sanksi,Bagian Kedua,Paragraf 8,438,3,d,,Ketentuan,pengenaan daya paksa polisional; dan/atau e. pencabutan PB UMKU.,Pasal 438 ayat (3) huruf d,"pengenaan, daya, paksa, polisional, pencabutan",
PP_28_2025,PP Nomor 28 Tahun 2025,PP,2025,28,BAB XI,Sanksi,Bagian Kedua,Paragraf 8,439,,,,Sanksi,Sanksi administratif sebagaimana dimaksud dalam Pasal 437 dan Pasal 438 diberikan oleh pemberi PB dan PB UMKU sesuai dengan kewenangan masing-masing berdasarkan ketentuan peraturan perundang-undangan.,Pasal 439,"masing, sanksi, administratif, diberikan, pemberi",
PP_28_2025,PP Nomor 28 Tahun 2025,PP,2025,28,BAB XI,Sanksi,Bagian Kedua,Paragraf 8,44O,,,,Ketentuan,PB UMKU sektor pekerjaan umum dan perumahan rakyat subsektor sumber daya air dapat langsung dilakukan pencabutan dalam hal:,Pasal 44O,"umku, sektor, pekerjaan, umum, perumahan",
PP_28_2025,PP Nomor 28 Tahun 2025,PP,2025,28,BAB XI,Sanksi,Bagian Kedua,Paragraf 8,44O,,a,,Ketentuan,pemegang PB UMKU sektor pekerjaan umum dan perumahan ralryat subsektor sumber daya air mengajukan permohonan pencabutan PB UMKU sektor pekerjaan umum dan perumahan rakyat subsektor sumber daya air;,Pasal 44O huruf a,"umku, sektor, pekerjaan, umum, perumahan",
PP_28_2025,PP Nomor 28 Tahun 2025,PP,2025,28,BAB XI,Sanksi,Bagian Kedua,Paragraf 8,44O,,b,,Ketentuan,pemegang,Pasal 44O huruf b,pemegang,
PP_28_2025,PP Nomor 28 Tahun 2025,PP,2025,28,BAB XI,Sanksi,Bagian Kedua,Paragraf 8,44O,,b,,Ketentuan,pemegang PB UMKU sektor pekerjaan umum dan perumahan ralqyat subsektor sumber daya air menyampaikan dokumen atau kelengkapan persyaratan yang tidak benar atau tidak sah;,Pasal 44O huruf b,"pemegang, umku, sektor, pekerjaan, umum",
PP_28_2025,PP Nomor 28 Tahun 2025,PP,2025,28,BAB XI,Sanksi,Bagian Kedua,Paragraf 8,44O,,c,,Ketentuan,pemegang PB UMKU sektor pekerjaan umum dan perumahan ralryat subsektor sumber daya air tidak melaksanakan konstruksi paling lama 5 (lima) tahun terhitung sejak ditetapkannya PB UMKU sektor pekerjaan umum dan perumahan rakyat subsektor sumber daya air dan tidak dilakukan perubahan jadwal pelaksanaan konstruksi; atau,Pasal 44O huruf c,"umku, sektor, pekerjaan, umum, perumahan",
PP_28_2025,PP Nomor 28 Tahun 2025,PP,2025,28,BAB XI,Sanksi,Bagian Kedua,Paragraf 8,44O,,d,,Ketentuan,pemegang PB UMKU sektor pekerjaan umum dan perumahan ralryat subsektor sumber daya air telah melakukan kegiatan konstruksi tetapi bangunan tidak difungsikan selama 2 (dua) tahun setelah selesai dibangun.,Pasal 44O huruf d,"pemegang, umku, sektor, pekerjaan, umum",
PP_28_2025,PP Nomor 28 Tahun 2025,PP,2025,28,BAB XI,Sanksi,Bagian Kedua,Paragraf 8,44,1,,,Sanksi,Pemegang PB dan PB UMKU sektor pekerjaan umum dan perumahan ralryat subsektor bina marga jalan tol yang melanggar ketentuan PB dan PB UMKU dikenai sanksi administratif berupa:,Pasal 44 ayat (1),"umku, pemegang, sektor, pekerjaan, umum",
PP_28_2025,PP Nomor 28 Tahun 2025,PP,2025,28,BAB XI,Sanksi,Bagian Kedua,Paragraf 8,44,1,a,,Ketentuan,peringatantertulis; b. penghentian sementara kegiatan usaha; dan/atau c. pencabutan PB dan/atau PB UMKU.,Pasal 44 ayat (1) huruf a,"peringatantertulis, penghentian, sementara, kegiatan, usaha",
PP_28_2025,PP Nomor 28 Tahun 2025,PP,2025,28,BAB XI,Sanksi,Bagian Kedua,Paragraf 8,44,2,,,Sanksi,Sanksi administratif sebagaimana dimaksud pada ayat (1) diberikan oleh pemberi PB dan PB UMKU sesuai dengan kewenangan masing-masing berdasarkan ketentuan peraturan perundang-undangan.,Pasal 44 ayat (2),"masing, sanksi, administratif, diberikan, pemberi",
PP_28_2025,PP Nomor 28 Tahun 2025,PP,2025,28,BAB XI,Sanksi,Bagian Kedua,Paragraf 8,442,1,,,Sanksi,Pemegang PB UMKU sektor pekerjaan umum dan perumahan ralqrat subsektor bina marga jalan non-tol yang melanggar ketentuan PB UMKU dikenai sanksi administratif berupa: a. teguran tertulis; b. penghentian sementara kegiatan usaha; c. denda administratif; dan/atau d. pencabutan PB UMKU. (21 Sanksi administratif sebagaimana dimaksud pada ayat (1) diberikan oleh pemberi PB UMKU sesuai dengan kewenangan masing-masing berdasarkan ketentuan peraturan perundang-undangan.,Pasal 442 ayat (1),"umku, administratif, sanksi, masing, pemegang",
PP_28_2025,PP Nomor 28 Tahun 2025,PP,2025,28,BAB XI,Sanksi,Bagian Kedua,Paragraf 8,443,1,,,Sanksi,Pemegang PB untuk penyelenggaraan sistem penyediaan air minum yang melanggar ketentuan PB dikenai sanksi administratif berupa: a. peringatan tertulis; b. penghentian sementara kegiatan usaha; c. pembekuan PB; dan/atau d. pencabutan PB. (21 Sanksi administratif sebagaimana dimaksud pada ayat (1) diberikan oleh pemberi PB sesuai dengan kewenangan masing-masing berdasarkan ketentuan peraturan perundang-undangan.,Pasal 443 ayat (1),"sanksi, administratif, masing, pemegang, penyelenggaraan",
PP_28_2025,PP Nomor 28 Tahun 2025,PP,2025,28,BAB XI,Sanksi,Bagian Kedua,Paragraf 8,444,1,,,Sanksi,Pemegang PB sektor pekerjaan umum dan perumahan ralryat subsektor pengembangan perumahan yang melanggar ketentuan PB dikenai sanksi administratif berupa: a. peringatan tertulis; b. penghentian sementara kegiatan usaha; c. pembekuan PB; dan/atau d. pencabutan PB. (21 Sanksi administratif sebagaimana dimaksud pada ayat (1) diberikan oleh pemberi PB sesuai dengan kewenangan masing-masing berdasarkan ketentuan peraturan perundang-undangan. Pasal,Pasal 444 ayat (1),"perumahan, sanksi, administratif, masing, pemegang",
PP_28_2025,PP Nomor 28 Tahun 2025,PP,2025,28,BAB XI,Sanksi,Bagian Kedua,Paragraf 8,445,,,,Sanksi,"Ketentuan mengenai tata cara pengenaan sanksi administratif sebagaimana dimaksud dalam Pasal 435 ayat (2), Pasal 437 ayat (21, Pasal 438 ayat (3), Pasal 441 ayat (1), Pasal 442 ayat",Pasal 445,"mengenai, tata, cara, pengenaan, sanksi",
PP_28_2025,PP Nomor 28 Tahun 2025,PP,2025,28,BAB XI,Sanksi,Bagian Kedua,Paragraf 8,445,1,,,Ketentuan,", Pasal 443 ayat (1), dan Pasal 444 ayat (1) diatur dalam:",Pasal 445 ayat (1),diatur,
PP_28_2025,PP Nomor 28 Tahun 2025,PP,2025,28,BAB XI,Sanksi,Bagian Kedua,Paragraf 8,445,1,a,,Ketentuan,peraturan menteri yang menyelenggarakan urusan pemerintahan di bidang pekerjaan umum; dan,Pasal 445 ayat (1) huruf a,"menteri, menyelenggarakan, urusan, pemerintahan, bidang",Menteri
PP_28_2025,PP Nomor 28 Tahun 2025,PP,2025,28,BAB XI,Sanksi,Bagian Kedua,Paragraf 8,445,1,b,,Ketentuan,"peraturan menteri yang menyelenggarakan urusan pemerintahan di bidang perumahan dan kawasan permukiman, sesuai dengan kewenangan masing-masing berdasarkan ketentuan peraturan perlrndang-undangan.",Pasal 445 ayat (1) huruf b,"masing, menteri, menyelenggarakan, urusan, pemerintahan",Menteri
PP_28_2025,PP Nomor 28 Tahun 2025,PP,2025,28,BAB XI,Sanksi,Bagian Kedua,Paragraf 9,446,1,,,Sanksi,"Setiap Pelaku Usaha yang berdasarkan hasil Pengawasan ditemukan ketidaksesuaian atau pelanggaran terhadap persetujuan teknis analisis mengenai dampak lalu lintas, PB, dan/atau PB UMKU pada sektor transportasi, dikenai sanksi administratif berupa: a. peringatan; b. pembekuan sertifikat, PB, dan/atau PB UMKU; c. denda administratif; d. pengenaan daya paksa polisional; e. pencabutan sertifikat; danlatau f. pencabutan PB dan/atau PB UMKU.",Pasal 446 ayat (1),"umku, administratif, sertifikat, pencabutan, setiap",Pelaku Usaha
PP_28_2025,PP Nomor 28 Tahun 2025,PP,2025,28,BAB XI,Sanksi,Bagian Kedua,Paragraf 9,446,2,,,Sanksi,Pengenaan sanksi administratif sebagaimana dimaksud pada ayat (1) dilakukan berdasarkan tingkat kesalahan yang ditemukan pada kegiatan Pengawasan.,Pasal 446 ayat (2),"pengenaan, sanksi, administratif, tingkat, kesalahan",
PP_28_2025,PP Nomor 28 Tahun 2025,PP,2025,28,BAB XI,Sanksi,Bagian Kedua,Paragraf 9,447,1,,,Sanksi,Pengenaan sanksi administratif sebagaimana dimaksud dalam Pasal 446 dapat dilakukan secara tidak bertahap atau secara bertahap. (21 Pengenaan sanksi administratif secara tidak bertahap sebagaimana dimaksud pada ayat (1) dilakukan apabila pelanggaran tersebut dapat secara langsung membahayakan keselamatan dan keamanan transportasi.,Pasal 447 ayat (1),"bertahap, pengenaan, sanksi, administratif, pelanggaran",
PP_28_2025,PP Nomor 28 Tahun 2025,PP,2025,28,BAB XI,Sanksi,Bagian Kedua,Paragraf 9,447,3,,,Ketentuan,Pengenaan.,Pasal 447 ayat (3),pengenaan,
PP_28_2025,PP Nomor 28 Tahun 2025,PP,2025,28,BAB XI,Sanksi,Bagian Kedua,Paragraf 9,447,3,,,Sanksi,"Pengenaan sanksi administratif secara tidak bertahap sebagaimana dimaksud pada ayat (2) dapat berupa pembekuan sertifikat, PB, dan/atau PB UMKU dan/atau pencabutan PB dan/atau PB UMKU sebagaimana dimaksud dalam Pasal 446 ayat (1) huruf b dan huruf f.",Pasal 447 ayat (3),"umku, pengenaan, sanksi, administratif, bertahap",
PP_28_2025,PP Nomor 28 Tahun 2025,PP,2025,28,BAB XI,Sanksi,Bagian Kedua,Paragraf 9,448,1,,,Sanksi,"Sanksi administratif berupa peringatan sebagaimana dimaksud dalam Pasal 446 ayat (1) huruf a terdiri dari peringatan pertama sampai dengan peringatan ketiga dengan jangka waktu peringatan masing-masing paling lama 30 (tiga puluh) Hari. (21 Dalam hal Pelaku Usaha belum menindaklanjuti peringatan sampai berakhir jangka waktu peringatan sebagaimana dimaksud pada ayat (1), menteri yang menyelenggarakan urusan pemerintahan di bidang transportasi, gubernur, atau bupati/wali kota memberikan sanksi administratif berupa pembekuan sertifikat, PB, dan/atau PB UMKU sebagaimana dimaksud dalam Pasal 446 ayat (1) huruf b dengan jangka waktu paling lama 30 (tiga puluh) Hari.",Pasal 448 ayat (1),"peringatan, jangka, waktu, sanksi, administratif","Pelaku Usaha, Wali Kota, Gubernur, Menteri, Bupati"
PP_28_2025,PP Nomor 28 Tahun 2025,PP,2025,28,BAB XI,Sanksi,Bagian Kedua,Paragraf 9,448,3,,,Sanksi,"Dalam hal Pelaku Usaha belum menindaklanjuti pembekuan sertifikat, PB, dan/atau PB UMKU sampai berakhirnya jangka waktu pembekuan sebagaimana dimaksud pada ayat (21, menteri yang menyelenggarakan urusan pemerintahan di bidang transportasi, gubernllr, atau bupati/wali kota memberikan sanksi administratif berupa pencabutan PB dan/atau PB UMKU sebagaimana dimaksud dalam Pasal 446 ayat (1) huruf f.",Pasal 448 ayat (3),"pembekuan, umku, pelaku, usaha, belum","Pelaku Usaha, Wali Kota, Menteri, Bupati"
PP_28_2025,PP Nomor 28 Tahun 2025,PP,2025,28,BAB XI,Sanksi,Bagian Kedua,Paragraf 9,449,1,,,Sanksi,"Sanksi denda administratif dapat dikenakan berdiri sendiri atau bersamaan dengan sanksi peringatan pertama, peringatan kedua, peringatan ketiga, pembekuan sertifikat, PB, dan/atau PB UMKU, dan pencabutan PB dan/atau PB UMKU. (21 Denda administratif sebagaimana dimaksud pada ayat (1) dihitung berdasarkan jumlah poin pelanggaran dikalikan dengan besaran tarif denda administratif.",Pasal 449 ayat (1),"denda, administratif, peringatan, sanksi, umku",
PP_28_2025,PP Nomor 28 Tahun 2025,PP,2025,28,BAB XI,Sanksi,Bagian Kedua,Paragraf 9,449,3,,,Sanksi,Besaran tarif denda administratif sebagaimana dimaksud pada ayat (21 ditetapkan sesuai dengan ketentuan peraturan perundang-undangan. Pasal. . .,Pasal 449 ayat (3),"besaran, tarif, denda, administratif, ditetapkan",
PP_28_2025,PP Nomor 28 Tahun 2025,PP,2025,28,BAB XI,Sanksi,Bagian Kedua,Paragraf 9,450,1,,,Sanksi,Sanksi administratif berupa pengenaan daya paksa polisional sebagaimana dimaksud dalam Pasal 446 ayat(l) huruf d dikenakan apabila pelanggaran yang dilakukan berpotensi atau menimbulkan:,Pasal 450 ayat (1),"sanksi, administratif, berupa, pengenaan, daya",
PP_28_2025,PP Nomor 28 Tahun 2025,PP,2025,28,BAB XI,Sanksi,Bagian Kedua,Paragraf 9,450,1,a,,Ketentuan,"kerusakan terhadap kesehatan, keselamatan, dan/atau lingkungan; b. korban manusia atau kerugian harta benda; dan/atau c. menimbulkan kecelakaan.",Pasal 450 ayat (1) huruf a,"kerusakan, kesehatan, keselamatan, lingkungan, korban",
PP_28_2025,PP Nomor 28 Tahun 2025,PP,2025,28,BAB XI,Sanksi,Bagian Kedua,Paragraf 9,450,2,,,Sanksi,Jenis sanksi administratif berupa pengenaan daya paksa polisional sebagaimana dimaksud pada ayat (1) terdiri dari: a. penghentian sementara kegiatan; b. penghentian sementara pelayanan umum; c. penyegelan; d. larangan beroperasi; e. penutupan lokasi; f. pembongkaran bangunan; dan/atau,Pasal 450 ayat (2),"penghentian, sementara, jenis, sanksi, administratif",
PP_28_2025,PP Nomor 28 Tahun 2025,PP,2025,28,BAB XI,Sanksi,Bagian Kedua,Paragraf 9,450,2,g,,Ketentuan,tindakan lain yang bertujuan untuk menghentikan pelanggaran dan tindakan memulihkan kerusakan terhadap keselamatan dan keamanan transportasi dan/atau lingkungan.,Pasal 450 ayat (2) huruf g,"tindakan, bertujuan, menghentikan, pelanggaran, memulihkan",
PP_28_2025,PP Nomor 28 Tahun 2025,PP,2025,28,BAB XI,Sanksi,Bagian Kedua,Paragraf 9,451,1,,,Sanksi,"Pengenaan sanksi administratif sebagaimana dimaksud dalam Pasal 446 ayat (1) dilaksanakan oleh menteri yang menyelenggarakan urusan pemerintahan di bidang transportasi, gubernur, bupatilwali kota, kepala Administrator KEK, atau kepala Badan Pengusahaan KPBPB sesuai dengan kewenangan masing-masing berdasarkan ketentuan peraturan perundang-undangan.",Pasal 451 ayat (1),"kepala, masing, pengenaan, sanksi, administratif","Gubernur, Menteri, Badan"
PP_28_2025,PP Nomor 28 Tahun 2025,PP,2025,28,BAB XI,Sanksi,Bagian Kedua,Paragraf 9,451,2,,,Sanksi,"Ketentuan lebih lanjut mengenai tata cara pengenaan sanksi administratif, mekanisme, jangka waktu, upaya administratif, dan pejabat yang berwenang diatur dengan peraturan menteri yang menyelenggarakan urusan pemerintahan di bidang transportasi. Paragraf R.EPUBLIK INDONESIA -247 -",Pasal 451 ayat (2),"administratif, lebih, lanjut, mengenai, tata",Menteri
PP_28_2025,PP Nomor 28 Tahun 2025,PP,2025,28,BAB XI,Sanksi,Bagian Kedua,Paragraf 10,452,1,,,Sanksi,"Setiap Pelaku Usaha yang berdasarkan hasil Pengawasan ditemukan ketidaksesuaian atau pelanggaran terhadap PB dan/atau PB UMKU pada subsektor kesehatan, dikenai sanksi administratif berupa: a. peringatan; b. penghentian sementara kegiatan usaha; c. pengenaan denda administratif; dan/atau",Pasal 452 ayat (1),"usaha, administratif, setiap, pelaku, hasil",Pelaku Usaha
PP_28_2025,PP Nomor 28 Tahun 2025,PP,2025,28,BAB XI,Sanksi,Bagian Kedua,Paragraf 10,452,1,d,,Sanksi,"pencabutan PB dan/atau PB UMKU. (21 Selain sanksi administratif sebagaimana dimaksud pada ayat (1), terhadap kegiatan usaha subsektor kesehatan untuk kefarmasian, alat kesehatan, dan perbekalan kesehatan rumah tangga dikenai sanksi administratif berupa daya paksa polisional meliputi: a. penarikan dari peredaran;",Pasal 452 ayat (1) huruf d,"kesehatan, sanksi, administratif, pencabutan, umku",
PP_28_2025,PP Nomor 28 Tahun 2025,PP,2025,28,BAB XI,Sanksi,Bagian Kedua,Paragraf 10,452,1,b,,Ketentuan,pemusnahan produk;,Pasal 452 ayat (1) huruf b,"pemusnahan, produk",
PP_28_2025,PP Nomor 28 Tahun 2025,PP,2025,28,BAB XI,Sanksi,Bagian Kedua,Paragraf 10,452,1,c,,Ketentuan,penutupan atau pemblokiran sistem elektronik dan/atau media elektronik lainnya;,Pasal 452 ayat (1) huruf c,"elektronik, penutupan, pemblokiran, sistem, media",
PP_28_2025,PP Nomor 28 Tahun 2025,PP,2025,28,BAB XI,Sanksi,Bagian Kedua,Paragraf 10,452,1,d,,Ketentuan,penutupan akses permohonan PB dan/atau PB UMKU; dan/atau,Pasal 452 ayat (1) huruf d,"penutupan, akses, permohonan, umku",
PP_28_2025,PP Nomor 28 Tahun 2025,PP,2025,28,BAB XI,Sanksi,Bagian Kedua,Paragraf 10,452,1,e,,Ketentuan,tindakan lain yang bertujuan untuk menghentikan pelanggaran danf atau untuk pengamanan.,Pasal 452 ayat (1) huruf e,"tindakan, bertujuan, menghentikan, pelanggaran, danf",
PP_28_2025,PP Nomor 28 Tahun 2025,PP,2025,28,BAB XI,Sanksi,Bagian Kedua,Paragraf 10,452,3,,,Sanksi,Sanksi administratif sebagaimana dimaksud pada ayat (1) dapat dikenakan tidak secara berjenjang.,Pasal 452 ayat (3),"sanksi, administratif, dikenakan, berjenjang",
PP_28_2025,PP Nomor 28 Tahun 2025,PP,2025,28,BAB XI,Sanksi,Bagian Kedua,Paragraf 10,453,,,,Sanksi,Pengenaan sanksi administratif berupa peringatan sebagaimana dimaksud dalam Pasal 452 ayat (1) huruf a dikenai paling banyak 3 (tiga) kali untuk jangka waktu masing- masing 14 (empat belas) Hari.,Pasal 453,"masing, pengenaan, sanksi, administratif, berupa",
PP_28_2025,PP Nomor 28 Tahun 2025,PP,2025,28,BAB XI,Sanksi,Bagian Kedua,Paragraf 10,454,,,,Ketentuan,"Dalam hal Pelaku Usaha melakukan pelanggaran yang membahayakan jiwa, penghentian sementara kegiatan usaha atau pencabutan PB dan/atau PB UMKU sebagaimana dimaksud dalam Pasal 452 ayat (1) huruf b dan huruf d dilakukan tanpa peringatan terlebih dahulu. Pasal. . .",Pasal 454,"usaha, pelaku, melakukan, pelanggaran, membahayakan",Pelaku Usaha
PP_28_2025,PP Nomor 28 Tahun 2025,PP,2025,28,BAB XI,Sanksi,Bagian Kedua,Paragraf 10,455,1,,,Sanksi,"Pengenaan sanksi administratif harus berdasarkan laporan hasil Pengawasan yang menunjukkan adanya pelanggaran terhadap standar pelaksanaan kegiatan usaha. (21 Pengenaan sanksi administratif sebagaimana dimaksud pada ayat (1) diberikan oleh menteri yang menyelenggarakan urusan pemerintahan di bidang kesehatan, gubernur, bupati/wali kota, kepala Administrator KEK, atau kepala Badan Pengusahaan KPBPB sesuai dengan kewenangan masing-masing berdasarkan ketentuan peraturan perundang-undangan.",Pasal 455 ayat (1),"pengenaan, sanksi, administratif, kepala, masing","Wali Kota, Gubernur, Menteri, Bupati, Badan"
PP_28_2025,PP Nomor 28 Tahun 2025,PP,2025,28,BAB XI,Sanksi,Bagian Kedua,Paragraf 10,455,3,,,Sanksi,Pengenaan sanksi administratif sebagaimana dimaksud pada ayat (21 harus disampaikan kepada pihak yang dikenai sanksi administratif paling lambat 5 (lima) Hari sejak ditetapkan.,Pasal 455 ayat (3),"sanksi, administratif, pengenaan, disampaikan, kepada",
PP_28_2025,PP Nomor 28 Tahun 2025,PP,2025,28,BAB XI,Sanksi,Bagian Kedua,Paragraf 10,455,4,,,Sanksi,"Dalam pemberian sanksi administratif sebagaimana dimaksud pada ayat (21, menteri yang menyelenggarakan urusan pemerintahan di bidang kesehatan, gubernur, bupati/wali kota, kepala Administrator KEK, atau kepala Badan Pengusahaan KPBPB dapat membentuk tim ad hoc untuk membantu dalam melakukan verifikasi, klarifikasi, dan kajian terhadap pelanggaran standar pelaksanaan kegiatan usaha berdasarkan laporan hasil Pengawasan.",Pasal 455 ayat (4),"kepala, pemberian, sanksi, administratif, menteri","Wali Kota, Gubernur, Menteri, Bupati, Badan"
PP_28_2025,PP Nomor 28 Tahun 2025,PP,2025,28,BAB XI,Sanksi,Bagian Kedua,Paragraf 10,456,1,,,Sanksi,Pelaku Usaha yang mendapat sanksi administratif berhak mengajukan keberatan kepada pejabat yang bersangkutan. (21 Pengajuan keberatan sebagaimana dimaksud pada ayat (1) didasarkan atas alasan yang jelas dan disertai dengan bukti-bukti yang mendukung.,Pasal 456 ayat (1),"keberatan, bukti, pelaku, usaha, mendapat",Pelaku Usaha
PP_28_2025,PP Nomor 28 Tahun 2025,PP,2025,28,BAB XI,Sanksi,Bagian Kedua,Paragraf 10,456,3,,,Sanksi,Pengajuan keberatan sebagaimana dimaksud pada ayat (1) dilaksanakan paling lama 20 (dua puluh) Hari sejak diterimanya penetapan sanksi administratif oleh yang bersangkutan.,Pasal 456 ayat (3),"pengajuan, keberatan, dilaksanakan, paling, lama",
PP_28_2025,PP Nomor 28 Tahun 2025,PP,2025,28,BAB XI,Sanksi,Bagian Kedua,Paragraf 10,456,4,,,Sanksi,Terhadap keberatan yang diajukan sebagaimana dimaksud pada ayat (21 pejabat yang mengenakan sanksi administratif harus melakukan pemeriksaan ulang.,Pasal 456 ayat (4),"keberatan, diajukan, pejabat, mengenakan, sanksi",
PP_28_2025,PP Nomor 28 Tahun 2025,PP,2025,28,BAB XI,Sanksi,Bagian Kedua,Paragraf 10,456,5,,,Ketentuan,"Dalam hal berdasarkan pemeriksaan ulang sebagaimana dimaksud pada ayat (4) terbukti pemohon tidak bersalah, maka terhadap dirinya dilakukan pemulihan nama baik. Pasal. . .",Pasal 456 ayat (5),"pemeriksaan, ulang, terbukti, pemohon, bersalah",
PP_28_2025,PP Nomor 28 Tahun 2025,PP,2025,28,BAB XI,Sanksi,Bagian Kedua,Paragraf 10,457,,,,Sanksi,"Ketentuan lebih lanjut mengenai tata cara pengenaan sanksi administratif, mekanisme, jangka waktu, upaya administratif, dan pejabat yang berwenang diatur dengan peraturan menteri yang menyelenggarakan urusan pemerintahan di bidang kesehatan.",Pasal 457,"administratif, lebih, lanjut, mengenai, tata",Menteri
PP_28_2025,PP Nomor 28 Tahun 2025,PP,2025,28,BAB XI,Sanksi,Bagian Kedua,Paragraf 10,458,1,,,Sanksi,"Setiap Pelaku Usaha yang berdasarkan hasil Pengawasan ditemukan ketidaksesuaian atau pelanggaran terhadap PB UMKU pada subsektor obat dan makanan, dikenai sanksi administratif berupa: a. peringatan;",Pasal 458 ayat (1),"setiap, pelaku, usaha, hasil, pengawasan",Pelaku Usaha
PP_28_2025,PP Nomor 28 Tahun 2025,PP,2025,28,BAB XI,Sanksi,Bagian Kedua,Paragraf 10,458,1,b,,Sanksi,penghentian sementara kegiatan usaha melalui pembekuan PB UMKU; c. pengenaan denda administratif; d. pengenaan daya paksa polisional;,Pasal 458 ayat (1) huruf b,"pengenaan, penghentian, sementara, kegiatan, usaha",
PP_28_2025,PP Nomor 28 Tahun 2025,PP,2025,28,BAB XI,Sanksi,Bagian Kedua,Paragraf 10,458,1,e,,Sanksi,"pembatalan PB UMKU; dan/atau f. pencabutan PB UMKU. (21 Selain sanksi administratif sebagaimana dimaksud pada ayat (1), kepala badan yang melaksanakan tugas pemerintahan di bidang pengawasan obat dan makanan dapat memberikan rekomendasi kepada kementerian/lembaga penerbit PB untuk melakukan:",Pasal 458 ayat (1) huruf e,"umku, pembatalan, pencabutan, selain, sanksi","Kementerian, Lembaga, Badan"
PP_28_2025,PP Nomor 28 Tahun 2025,PP,2025,28,BAB XI,Sanksi,Bagian Kedua,Paragraf 10,458,1,a,,Sanksi,penghentian sementara kegiatan usaha melalui pembekuan PB; dan/atau b. pencabutan PB.,Pasal 458 ayat (1) huruf a,"penghentian, sementara, kegiatan, usaha, melalui",
PP_28_2025,PP Nomor 28 Tahun 2025,PP,2025,28,BAB XI,Sanksi,Bagian Kedua,Paragraf 10,458,3,,,Ketentuan,Pengenaan daya paksa polisional sebagaimana dimaksud pada ayat (1) huruf d terdiri atas:,Pasal 458 ayat (3),"pengenaan, daya, paksa, polisional, terdiri",
PP_28_2025,PP Nomor 28 Tahun 2025,PP,2025,28,BAB XI,Sanksi,Bagian Kedua,Paragraf 10,458,3,a,,Ketentuan,penarikan dari peredaran; b. pemusnahan;,Pasal 458 ayat (3) huruf a,"penarikan, peredaran, pemusnahan",
PP_28_2025,PP Nomor 28 Tahun 2025,PP,2025,28,BAB XI,Sanksi,Bagian Kedua,Paragraf 10,458,3,c,,Ketentuan,penutupan atau pemblokiran sistem elektronik dan/atau media elektronik lain yang dipergunakan untuk kegiatan perdagangan obat dan makanan secara daring;,Pasal 458 ayat (3) huruf c,"elektronik, penutupan, pemblokiran, sistem, media",
PP_28_2025,PP Nomor 28 Tahun 2025,PP,2025,28,BAB XI,Sanksi,Bagian Kedua,Paragraf 10,458,3,d,,Ketentuan,penutupan akses permohonan PB UMKU; dan/atau,Pasal 458 ayat (3) huruf d,"penutupan, akses, permohonan, umku",
PP_28_2025,PP Nomor 28 Tahun 2025,PP,2025,28,BAB XI,Sanksi,Bagian Kedua,Paragraf 10,458,3,e,,Ketentuan,tindakan lain yang bertujuan untuk menghentikan pelanggaran danf atau tindakan pemulihan.,Pasal 458 ayat (3) huruf e,"tindakan, bertujuan, menghentikan, pelanggaran, danf",
PP_28_2025,PP Nomor 28 Tahun 2025,PP,2025,28,BAB XI,Sanksi,Bagian Kedua,Paragraf 10,458,4,,,Sanksi,Sanksi. . . R.EPUBLIK INDONESIA,Pasal 458 ayat (4),"sanksi, epublik, indonesia",
PP_28_2025,PP Nomor 28 Tahun 2025,PP,2025,28,BAB XI,Sanksi,Bagian Kedua,Paragraf 10,458,4,,,Sanksi,Sanksi administratif sebagaimana dimaksud pada ayat,Pasal 458 ayat (4),"sanksi, administratif",
PP_28_2025,PP Nomor 28 Tahun 2025,PP,2025,28,BAB XI,Sanksi,Bagian Kedua,Paragraf 10,458,1,,,Ketentuan,dikenai secara kumulatif atau bertahap berdasarkan tingkat Risiko pelanggaran sesuai dengan ketentuan peraturan perundang-undangan.,Pasal 458 ayat (1),"dikenai, kumulatif, bertahap, tingkat, risiko",
PP_28_2025,PP Nomor 28 Tahun 2025,PP,2025,28,BAB XI,Sanksi,Bagian Kedua,Paragraf 10,458,5,,,Sanksi,Sanksi administratif sebagaimana dimaksud pada ayat,Pasal 458 ayat (5),"sanksi, administratif",
PP_28_2025,PP Nomor 28 Tahun 2025,PP,2025,28,BAB XI,Sanksi,Bagian Kedua,Paragraf 10,458,1,,,Ketentuan,"dikenakan oleh kepala badan yang melaksanakan tugas pemerintahan di bidang pengawasan obat dan makanan, gubernur, bupati/wali kota, kepala Administrator KEK, atau kepala Badan Pengusahaan KPBPB sesuai dengan kewenangannya berdasarkan ketentuan peraturan perundang-undangan.",Pasal 458 ayat (1),"kepala, badan, dikenakan, melaksanakan, tugas","Wali Kota, Gubernur, Bupati, Badan"
PP_28_2025,PP Nomor 28 Tahun 2025,PP,2025,28,BAB XI,Sanksi,Bagian Kedua,Paragraf 10,459,1,,,Ketentuan,"Pelaku Usaha dapat mengajukan aktivasi kembali PB UMKU atas tindakan sebagaimana dimaksud dalam Pasal 458 melalui Sistem OSS sesuai dengan ketentuan peraturan perundang-undangan. (21 Atas pengajuan yang dilakukan sebagaimana dimaksud pada ayat (1), kepala badan yang melaksanakan tugas pemerintahan di bidang pengawasan obat dan makanan memberikan persetujuan atau penolakan yang disampaikan melalui Sistem OSS.",Pasal 459 ayat (1),"melalui, sistem, pelaku, usaha, mengajukan","Pelaku Usaha, Badan"
PP_28_2025,PP Nomor 28 Tahun 2025,PP,2025,28,BAB XI,Sanksi,Bagian Kedua,Paragraf 10,459,3,,,Sanksi,"Dalam hal Pelaku Usaha mengabaikan tindakan pembekuan PB UMKU sebagaimana dimaksud dalam Pasal 458 ayat (1) huruf b, kepala badan yang melaksanakan tugas pemerintahan di bidang pengawasan obat dan makanan melakukan pencabutan PB UMKU melalui Sistem OSS sesuai dengan ketentuan peraturan perundang-undangan.",Pasal 459 ayat (3),"umku, pelaku, usaha, mengabaikan, tindakan","Pelaku Usaha, Badan"
PP_28_2025,PP Nomor 28 Tahun 2025,PP,2025,28,BAB XI,Sanksi,Bagian Kedua,Paragraf 10,460,1,,,Sanksi,"Pengenaan sanksi administratif sebagaimana dimaksud dalam Pasal 458 ayat (1) dilaksanakan oleh kepala badan yang melaksanakan tugas pemerintahan di bidang pengawasan obat dan makanan, gubernur, bupati/wali kota, kepala Administrator KEK, atau kepala Badan Pengusahaan KPBPB sesuai dengan kewenangan masing- masing berdasarkan ketentuan peraturan perundang- undangan. -25r- (21 Ketentuan lebih lanjut mengenai kriteria, tata cara pengenaan sanksi administratif, mekanisme, jangka waktu, upaya administratif, dan pejabat yang berwenang diatur dengan peraturan kepala badan yang melaksanakan tugas pemerintahan di bidang pengawasan obat dan makanan.",Pasal 460 ayat (1),"kepala, administratif, badan, pengenaan, sanksi","Wali Kota, Gubernur, Bupati, Badan"
PP_28_2025,PP Nomor 28 Tahun 2025,PP,2025,28,BAB XI,Sanksi,Bagian Kedua,Paragraf 10,461,1,,,Sanksi,"Setiap Pelaku Usaha, yang berdasarkan hasil Pengawasan ditemukan ketidaksesuaian atau pelanggaran terhadap PB UMKU pada subsektor pangan segar, dikenai sanksi administratif berupa: a. peringatan tertulis; b. penghentian sementara kegiatan usaha; c. pengenaan denda administratif; d. pengenaan daya paksa polisional; dan/atau e. pencabutan PB UMKU. (21 Sanksi administratif sebagaimana dimaksud dalam Pasal 46I dikenai secara kumulatif atau bertahap berdasarkan tingkat Risiko pelanggaran sesuai dengan ketentuan peraturan perundang-undangan.",Pasal 461 ayat (1),"administratif, usaha, pelanggaran, umku, dikenai",Pelaku Usaha
PP_28_2025,PP Nomor 28 Tahun 2025,PP,2025,28,BAB XI,Sanksi,Bagian Kedua,Paragraf 10,462,1,,,Sanksi,Sanksi administratif berupa peringatan tertulis sebagaimana dimaksud dalam Pasal 461 ayat (1) huruf a dikenakan kepada Pelaku Usaha paling banyak 2 (dua) kali. (21 Jangka waktu antara peringatan kesatu dan peringatan kedua dilakukan dalam jangka waktu maksimal 3O (tiga puluh) hari kalender.,Pasal 462 ayat (1),"peringatan, jangka, waktu, sanksi, administratif",Pelaku Usaha
PP_28_2025,PP Nomor 28 Tahun 2025,PP,2025,28,BAB XI,Sanksi,Bagian Kedua,Paragraf 10,462,3,,,Sanksi,"Pengenaan sanksi administratif berupa penghentian sementara kegiatan usaha sebagaimana dimaksud dalam Pasal 461 ayat (1) huruf b dikenakan kepada Pelaku Usaha apabila dalam jangka waktu 30 (tiga puluh) hari kalender, Pelaku Usaha tidak menindaklanjuti peringatan tertulis kedua sebagaimana dimaksud pada ayat (21. (41 Penghentian sementara kegiatan usaha sebagaimana dimaksud pada ayat (3) berupa penghentian sementara kegiatan produksi, peredaran, dan/atau PB UMKU lainnya.",Pasal 462 ayat (3),"usaha, penghentian, sementara, kegiatan, berupa",Pelaku Usaha
PP_28_2025,PP Nomor 28 Tahun 2025,PP,2025,28,BAB XI,Sanksi,Bagian Kedua,Paragraf 10,462,5,,,Ketentuan,Pengenaan.,Pasal 462 ayat (5),pengenaan,
PP_28_2025,PP Nomor 28 Tahun 2025,PP,2025,28,BAB XI,Sanksi,Bagian Kedua,Paragraf 10,462,5,,,Sanksi,Pengenaan denda administratif sebagaimana dimaksud dalam Pasal 461 ayat (1) huruf c dikenakan kepada Pelaku Usaha apabila:,Pasal 462 ayat (5),"pengenaan, denda, administratif, dikenakan, kepada",Pelaku Usaha
PP_28_2025,PP Nomor 28 Tahun 2025,PP,2025,28,BAB XI,Sanksi,Bagian Kedua,Paragraf 10,462,5,a,,Sanksi,tidak melaksanakan sanksi administratif berupa penghentian sementara kegiatan usaha sebagaimana dimaksud pada ayat (4);,Pasal 462 ayat (5) huruf a,"melaksanakan, sanksi, administratif, berupa, penghentian",
PP_28_2025,PP Nomor 28 Tahun 2025,PP,2025,28,BAB XI,Sanksi,Bagian Kedua,Paragraf 10,462,5,b,,Ketentuan,menyebabkan luka berat; atau c. membahayakan nyawa orang.,Pasal 462 ayat (5) huruf b,"menyebabkan, luka, berat, membahayakan, nyawa",
PP_28_2025,PP Nomor 28 Tahun 2025,PP,2025,28,BAB XI,Sanksi,Bagian Kedua,Paragraf 10,462,6,,,Sanksi,Sanksi administratif berupa pengenaan daya paksa polisional sebagaimana dimaksud dalam Pasal461 ayat (1) huruf d terdiri atas: a. penarikan produk dari peredaran; b. pemusnahan;,Pasal 462 ayat (6),"sanksi, administratif, berupa, pengenaan, daya",
PP_28_2025,PP Nomor 28 Tahun 2025,PP,2025,28,BAB XI,Sanksi,Bagian Kedua,Paragraf 10,462,6,c,,Ketentuan,penutupan atau pemblokiran sistem elektronik dan/atau media elektronik lain yang dipergunakan untuk kegiatan perdagangan pangan secara daring:,Pasal 462 ayat (6) huruf c,"elektronik, penutupan, pemblokiran, sistem, media",
PP_28_2025,PP Nomor 28 Tahun 2025,PP,2025,28,BAB XI,Sanksi,Bagian Kedua,Paragraf 10,462,6,d,,Ketentuan,penutupan akses permohonan PB UMKU; dan/atau,Pasal 462 ayat (6) huruf d,"penutupan, akses, permohonan, umku",
PP_28_2025,PP Nomor 28 Tahun 2025,PP,2025,28,BAB XI,Sanksi,Bagian Kedua,Paragraf 10,462,6,e,,Ketentuan,tindakan lain yang bertujuan untuk menghentikan pelanggaran dan/atau tindakan pemulihan. (71 Penarikan produk dari peredaran sebagaimana dimaksud pada ayat (6) huruf a dilakukan dengan ketentuan sebagai berikut:,Pasal 462 ayat (6) huruf e,"tindakan, bertujuan, menghentikan, pelanggaran, pemulihan",
PP_28_2025,PP Nomor 28 Tahun 2025,PP,2025,28,BAB XI,Sanksi,Bagian Kedua,Paragraf 10,462,6,a,,Ketentuan,"dapat disertai penghentian sementara dari kegiatan usaha berupa penghentian sementara kegiatan produksi, peredaran, dan/atau PB UMKU lainnya, atau pencabutan PB UMKU;",Pasal 462 ayat (6) huruf a,"penghentian, sementara, kegiatan, umku, disertai",
PP_28_2025,PP Nomor 28 Tahun 2025,PP,2025,28,BAB XI,Sanksi,Bagian Kedua,Paragraf 10,462,6,b,,Ketentuan,"dapat dilakukan tanpa didahului peringatan tertulis, penghentian sementara kegiatan usaha berupa penghentian sementara kegiatan produksi, peredaran, dan/atau PB UMKU lainnya, maupun pencabutan PB UMKU; dan/atau",Pasal 462 ayat (6) huruf b,"penghentian, sementara, kegiatan, umku, tanpa",
PP_28_2025,PP Nomor 28 Tahun 2025,PP,2025,28,BAB XI,Sanksi,Bagian Kedua,Paragraf 10,462,6,c,,Ketentuan,penarikan produk dari peredaran dilakukan oleh Pelaku Usaha.,Pasal 462 ayat (6) huruf c,"penarikan, produk, peredaran, pelaku, usaha",Pelaku Usaha
PP_28_2025,PP Nomor 28 Tahun 2025,PP,2025,28,BAB XI,Sanksi,Bagian Kedua,Paragraf 10,462,8,,,Sanksi,Sanksi administratif berupa pencabutan PB UMKU sebagaimana dimaksud dalam Pasal 461 ayat (1) huruf e dilakukan apabila setelah 30 (tiga puluh) hari kalender Pelaku Usaha tidak menindaklanjuti penghentian sementara kegiatan usaha sebagaimana dimaksud pada ayat (4).,Pasal 462 ayat (8),"usaha, sanksi, administratif, berupa, pencabutan",Pelaku Usaha
PP_28_2025,PP Nomor 28 Tahun 2025,PP,2025,28,BAB XI,Sanksi,Bagian Kedua,Paragraf 10,462,9,,,Sanksi,Sanksi administratif pencabutan PB UMKU sebagaimana dimaksud pada ayat (8) dapat dikenakan sendiri atau bersama-sama dengan sanksi administratif berupa denda administratif sebagaimana dimaksud pada ayat (5).,Pasal 462 ayat (9),"administratif, sanksi, pencabutan, umku, dikenakan",
PP_28_2025,PP Nomor 28 Tahun 2025,PP,2025,28,BAB XI,Sanksi,Bagian Kedua,Paragraf 10,463,1,,,Sanksi,"Pengenaan sanksi administratif sebagaimana dimaksud dalam Pasal 461 dilakukan oleh: a. kepala badan yang melaksanakan tugas pemerintahan di bidang pangan; b. gubernur; c. bupati/wali kota; d. kepala Administrator KEK; atau e. kepala Badan Pengusahaan KPBPB, sesuai dengan kewenangan masing-masing berdasarkan ketentuan peraturan perundang-undangan. (21 Ketentuan lebih lanjut mengenai kriteria, tata cara pengenaan sanksi administratif, mekanisme, jangka waktu, upaya administratif, dan pejabat yang berwenang diatur dengan peraturan kepala badan yang melaksanakan tugas pemerintahan di bidang pangan. Paragraf 1 1 Sektor Pendidikan dan Kebudayaan",Pasal 463 ayat (1),"kepala, administratif, badan, pengenaan, sanksi","Wali Kota, Gubernur, Bupati, Badan"
PP_28_2025,PP Nomor 28 Tahun 2025,PP,2025,28,BAB XI,Sanksi,Bagian Kedua,Paragraf 10,464,1,,,Sanksi,"Setiap Pelaku Usaha yang berdasarkan hasil Pengawasan ditemukan ketidaksesuaian atau pelanggaran terhadap PB pada subsektor pendidikan untuk kegiatan usaha penerbitan buku, dikenai sanksi administratif berupa:",Pasal 464 ayat (1),"usaha, setiap, pelaku, hasil, pengawasan",Pelaku Usaha
PP_28_2025,PP Nomor 28 Tahun 2025,PP,2025,28,BAB XI,Sanksi,Bagian Kedua,Paragraf 10,464,1,a,,Ketentuan,peringatan tertulis;,Pasal 464 ayat (1) huruf a,"peringatan, tertulis",
PP_28_2025,PP Nomor 28 Tahun 2025,PP,2025,28,BAB XI,Sanksi,Bagian Kedua,Paragraf 10,464,1,b,,Ketentuan,penarikan produk dari peredaran;,Pasal 464 ayat (1) huruf b,"penarikan, produk, peredaran",
PP_28_2025,PP Nomor 28 Tahun 2025,PP,2025,28,BAB XI,Sanksi,Bagian Kedua,Paragraf 10,464,1,c,,Sanksi,pembekuan PB; dan/atau,Pasal 464 ayat (1) huruf c,pembekuan,
PP_28_2025,PP Nomor 28 Tahun 2025,PP,2025,28,BAB XI,Sanksi,Bagian Kedua,Paragraf 10,464,1,d,,Ketentuan,pencabutan PB.,Pasal 464 ayat (1) huruf d,pencabutan,
PP_28_2025,PP Nomor 28 Tahun 2025,PP,2025,28,BAB XI,Sanksi,Bagian Kedua,Paragraf 10,464,2,,,Sanksi,"Setiap (21 Setiap Pelaku Usaha yang berdasarkan hasil Pengawasan ditemukan ketidaksesuaian atau pelanggaran terhadap PB dan/atau PB UMKU pada subsektor kebudayaan, dikenai sanksi administratif berupa: a. teguran tertulis; b. denda administratif; c. penutupan sementara; d. pengenaan daya paksa polisional; dan/atau e. pencabutan PB dan/atau PB UMKU.",Pasal 464 ayat (2),"setiap, umku, administratif, pelaku, usaha",Pelaku Usaha
PP_28_2025,PP Nomor 28 Tahun 2025,PP,2025,28,BAB XI,Sanksi,Bagian Kedua,Paragraf 10,464,3,,,Ketentuan,Pengenaan daya paksa polisional sebagaimana dimaksud pada ayat (2) huruf d diberikan dalam bentuk: a. penghentian pembuatan lilm; b. penghentian pengedaran film;,Pasal 464 ayat (3),"penghentian, pengenaan, daya, paksa, polisional",
PP_28_2025,PP Nomor 28 Tahun 2025,PP,2025,28,BAB XI,Sanksi,Bagian Kedua,Paragraf 10,464,3,c,,Ketentuan,penghentian pertunjukan film; d. penghentian penjualan film; dan/atau e. penghentian penyewaan film.,Pasal 464 ayat (3) huruf c,"penghentian, film, pertunjukan, penjualan, penyewaan",
PP_28_2025,PP Nomor 28 Tahun 2025,PP,2025,28,BAB XI,Sanksi,Bagian Kedua,Paragraf 10,465,1,,,Sanksi,Pengenaan sanksi administratif sebagaimana dimaksud dalam Pasal 464 diberikan oleh:,Pasal 465 ayat (1),"pengenaan, sanksi, administratif, diberikan",
PP_28_2025,PP Nomor 28 Tahun 2025,PP,2025,28,BAB XI,Sanksi,Bagian Kedua,Paragraf 10,465,1,a,,Ketentuan,menteri yang menyelenggarakan suburusan pemerintahan pendidikan dasar dan menengah;,Pasal 465 ayat (1) huruf a,"menteri, menyelenggarakan, suburusan, pemerintahan, pendidikan",Menteri
PP_28_2025,PP Nomor 28 Tahun 2025,PP,2025,28,BAB XI,Sanksi,Bagian Kedua,Paragraf 10,465,1,b,,Ketentuan,"menteri yang menyelenggarakan suburusan pemerintahan pendidikan tinggi dan urusan pemerintahan di bidang ilmu pengetahuan dan teknologi; c. menteri yang menyelenggarakan urusan pemerintahan di bidang kebudayaan, sesuai dengan kewenangan masing-masing berdasarkan ketentuan peraturan perundang-undangan.",Pasal 465 ayat (1) huruf b,"pemerintahan, menteri, menyelenggarakan, urusan, bidang",Menteri
PP_28_2025,PP Nomor 28 Tahun 2025,PP,2025,28,BAB XI,Sanksi,Bagian Kedua,Paragraf 10,465,2,,,Sanksi,"Ketentuan lebih lanjut mengenai tata cara pengenaan sanksi administratif, mekanisme, jangka waktu, upaya administratif, dan pejabat yang berwenang diatur dalam:",Pasal 465 ayat (2),"administratif, lebih, lanjut, mengenai, tata",
PP_28_2025,PP Nomor 28 Tahun 2025,PP,2025,28,BAB XI,Sanksi,Bagian Kedua,Paragraf 10,465,2,a,,Ketentuan,peraturan menteri yang menyelenggarakan suburusan pemerintahan pendidikan dasar dan menengah;,Pasal 465 ayat (2) huruf a,"menteri, menyelenggarakan, suburusan, pemerintahan, pendidikan",Menteri
PP_28_2025,PP Nomor 28 Tahun 2025,PP,2025,28,BAB XI,Sanksi,Bagian Kedua,Paragraf 10,465,2,b,,Ketentuan,peraturan REPUELIK INDONESIA,Pasal 465 ayat (2) huruf b,"repuelik, indonesia",
PP_28_2025,PP Nomor 28 Tahun 2025,PP,2025,28,BAB XI,Sanksi,Bagian Kedua,Paragraf 10,465,2,b,,Ketentuan,peraturan menteri yang menyelenggarakan suburusan pemerintahan pendidikan tinggi dan urusan pemerintahan di bidang ilmu pengetahuan dan teknologi;,Pasal 465 ayat (2) huruf b,"pemerintahan, menteri, menyelenggarakan, suburusan, pendidikan",Menteri
PP_28_2025,PP Nomor 28 Tahun 2025,PP,2025,28,BAB XI,Sanksi,Bagian Kedua,Paragraf 10,465,2,c,,Ketentuan,"peraturan menteri yang menyelenggarakan urusan pemerintahan di bidang kebudayaan, sesuai dengan kewenangan masing-masing berdasarkan ketentuan peraturan perundang-undangan.",Pasal 465 ayat (2) huruf c,"masing, menteri, menyelenggarakan, urusan, pemerintahan",Menteri
PP_28_2025,PP Nomor 28 Tahun 2025,PP,2025,28,BAB XI,Sanksi,Bagian Kedua,Paragraf 12,466,1,,,Sanksi,"Setiap Pelaku Usaha yang berdasarkan hasil Pengawasan ditemukan ketidaksesuaian atau pelanggaran terhadap PB pada sektor pariwisata, dikenai sanksi administratif berupa: a. peringatan; b. penghentian sementara kegiatan usaha; c. pengenaan denda administratif; dan/atau d. pencabutan PB. (21 Pengenaan sanksi administratif sebagaimana dimaksud pada ayat (1) dilakukan: a. secara bertahap; dan b. secara tidak bertahap.",Pasal 466 ayat (1),"administratif, usaha, sanksi, pengenaan, bertahap",Pelaku Usaha
PP_28_2025,PP Nomor 28 Tahun 2025,PP,2025,28,BAB XI,Sanksi,Bagian Kedua,Paragraf 12,466,3,,,Sanksi,Sanksi administratif berupa peringatan sebagaimana dimaksud pada ayat (1) huruf a dikenakan kepada Pelaku Usaha berupa teguran tertulis paling banyak 3 (tiga) kali.,Pasal 466 ayat (3),"berupa, sanksi, administratif, peringatan, dikenakan",Pelaku Usaha
PP_28_2025,PP Nomor 28 Tahun 2025,PP,2025,28,BAB XI,Sanksi,Bagian Kedua,Paragraf 12,466,4,,,Sanksi,Sanksi administratif berupa penghentian sementara kegiatan usaha sebagaimana dimaksud pada ayat (1) huruf b dikenakan kepada Pelaku Usaha yang tidak mematuhi peringatan sebagaimana dimaksud pada ayat (3).,Pasal 466 ayat (4),"usaha, sanksi, administratif, berupa, penghentian",Pelaku Usaha
PP_28_2025,PP Nomor 28 Tahun 2025,PP,2025,28,BAB XI,Sanksi,Bagian Kedua,Paragraf 12,466,5,,,Sanksi,Sanksi administratif berupa pengenaan denda administratif sebagaimana dimaksud pada ayat (1) huruf c dikenakan kepada Pelaku Usaha yang tidak mematuhi penghentian sementara kegiatan usaha sebagaimana dimaksud pada ayat (4).,Pasal 466 ayat (5),"administratif, usaha, sanksi, berupa, pengenaan",Pelaku Usaha
PP_28_2025,PP Nomor 28 Tahun 2025,PP,2025,28,BAB XI,Sanksi,Bagian Kedua,Paragraf 12,466,6,,,Sanksi,Sanksi. . . -2s6-,Pasal 466 ayat (6),sanksi,
PP_28_2025,PP Nomor 28 Tahun 2025,PP,2025,28,BAB XI,Sanksi,Bagian Kedua,Paragraf 12,466,6,,,Sanksi,Sanksi administratif berupa pencabutan PB sebagaimana dimaksud pada ayat (1) huruf d dikenakan kepada Pelaku Usaha yang tidak mematuhi pengenaan denda administratif sebagaimana dimaksud pada ayat (5). (71 Pengenaan sanksi administratif sebagaimana dimaksud pada ayat (1) dilakukan berdasarkan tingkat kepatuhan atas hasil Pengawasan.,Pasal 466 ayat (6),"administratif, sanksi, pengenaan, berupa, pencabutan",Pelaku Usaha
PP_28_2025,PP Nomor 28 Tahun 2025,PP,2025,28,BAB XI,Sanksi,Bagian Kedua,Paragraf 12,467,1,,,Sanksi,"Pengenaan sanksi administratif sebagaimana dimaksud dalam Pasal 466 dilaksanakan oleh menteri yang menyelenggarakan urusan pemerintahan di bidang pariwisata, gubernur, bupati/wali kota, kepala Administrator KEK, atau kepala Badan Pengusahaan KPBPB sesuai dengan kewenangan masing-masing berdasarkan ketentuan peraturan perundang-undangan. (21 Ketentuan lebih lanjut mengenai tata cara pengenaan sanksi administratif, mekanisme, jangka waktu, upaya administratif, dan pejabat yang berwenang diatur dalam peraturan menteri yang menyelenggarakan urusan pemerintahan di bidang pariwisata.",Pasal 467 ayat (1),"administratif, pengenaan, sanksi, menteri, menyelenggarakan","Wali Kota, Gubernur, Menteri, Bupati, Badan"
PP_28_2025,PP Nomor 28 Tahun 2025,PP,2025,28,BAB XI,Sanksi,Bagian Kedua,Paragraf 13,468,,,,Sanksi,"Setiap Pelaku Usaha yang berdasarkan hasil Pengawasan ditemukan ketidaksesuaian atau pelanggaran terhadap PB pada sektor keagamaan, dikenai sanksi administratif berupa: a. teguran tertulis; b. denda administratif; c. penghentian sementara kegiatan; d. paksaan pemerintah; e. pembekuan PB; dan/atau f. pencabutan PB. Pasal R.EPUBLIK INDONESIA -257 -",Pasal 468,"administratif, setiap, pelaku, usaha, hasil","Pelaku Usaha, Pemerintah"
PP_28_2025,PP Nomor 28 Tahun 2025,PP,2025,28,BAB XI,Sanksi,Bagian Kedua,Paragraf 13,469,1,,,Sanksi,"Sanksi administratif berupa teguran tertulis sebagaimana dimaksud dalam Pasal 468 huruf a, dikenakan kepada penyelenggara ibadah haji khusus yang melakukan tindakan sebagai berikut:",Pasal 469 ayat (1),"sanksi, administratif, berupa, teguran, tertulis",
PP_28_2025,PP Nomor 28 Tahun 2025,PP,2025,28,BAB XI,Sanksi,Bagian Kedua,Paragraf 13,469,1,a,,Ketentuan,tidak memfasilitasi pengurusan dokumen perjalanan ibadah haji khusus;,Pasal 469 ayat (1) huruf a,"memfasilitasi, pengurusan, dokumen, perjalanan, ibadah",
PP_28_2025,PP Nomor 28 Tahun 2025,PP,2025,28,BAB XI,Sanksi,Bagian Kedua,Paragraf 13,469,1,b,,Ketentuan,"tidak memberikan bimbingan dan pembinaan ibadah haji khusus; c. tidak memberikan pelayanan kesehatan, transportasi, akomodasi, konsumsi, dan pelindungan sesuai dengan perjanjian tertulis;",Pasal 469 ayat (1) huruf b,"memberikan, bimbingan, pembinaan, ibadah, haji",
PP_28_2025,PP Nomor 28 Tahun 2025,PP,2025,28,BAB XI,Sanksi,Bagian Kedua,Paragraf 13,469,1,d,,Ketentuan,"tidak memberangkatkan penanggung jawab penyelenggara ibadah haji khusus, petugas kesehatan, dan pembimbing ibadah haji khusus sesuai dengan ketentuan pelayanan haji khusus;",Pasal 469 ayat (1) huruf d,"haji, khusus, ibadah, memberangkatkan, penanggung",
PP_28_2025,PP Nomor 28 Tahun 2025,PP,2025,28,BAB XI,Sanksi,Bagian Kedua,Paragraf 13,469,1,e,,Ketentuan,tidak memfasilitasi pemindahan calon jemaah haji khusus kepada penyelenggara ibadah haji khusus lain atas permohonan jemaah;,Pasal 469 ayat (1) huruf e,"jemaah, haji, khusus, memfasilitasi, pemindahan",
PP_28_2025,PP Nomor 28 Tahun 2025,PP,2025,28,BAB XI,Sanksi,Bagian Kedua,Paragraf 13,469,1,f,,Ketentuan,tidak melaporkan jumlah jemaah haji khusus yang akan dibadalhajikan sebelum pelaksanaan wukuf kepada petugas penyelenggara ibadah haji Arab Saudi;,Pasal 469 ayat (1) huruf f,"haji, melaporkan, jumlah, jemaah, khusus",
PP_28_2025,PP Nomor 28 Tahun 2025,PP,2025,28,BAB XI,Sanksi,Bagian Kedua,Paragraf 13,469,1,g,,Ketentuan,tidak melaporkan keberangkatan warga negara Indonesia yang mendapatkan undangan visa haji mujamalah;,Pasal 469 ayat (1) huruf g,"melaporkan, keberangkatan, warga, negara, indonesia",Warga Negara
PP_28_2025,PP Nomor 28 Tahun 2025,PP,2025,28,BAB XI,Sanksi,Bagian Kedua,Paragraf 13,469,1,h,,Ketentuan,"tidak melakukan pembaharuan perubahan pemegang saham, komisaris, direksi, alamat perubahan penyelenggara ibadah haji khusus, dan pembukaan kantor cabang pada Sistem OSS; dan/atau",Pasal 469 ayat (1) huruf h,"perubahan, melakukan, pembaharuan, pemegang, saham",
PP_28_2025,PP Nomor 28 Tahun 2025,PP,2025,28,BAB XI,Sanksi,Bagian Kedua,Paragraf 13,469,1,i,,Ketentuan,tidak melaporkan pelaksanaan penyelenggaraan ibadah haji khusus kepada menteri yang menyelenggarakan urusan pemerintahan di bidang agama.,Pasal 469 ayat (1) huruf i,"melaporkan, pelaksanaan, penyelenggaraan, ibadah, haji",Menteri
PP_28_2025,PP Nomor 28 Tahun 2025,PP,2025,28,BAB XI,Sanksi,Bagian Kedua,Paragraf 13,469,2,,,Sanksi,"Sanksi administratif berupa denda administratif sebagaimana dimaksud dalam Pasal 468 huruf b, dikenakan kepada penyelenggara ibadah haji khusus yang melakukan tindakan sebagai berikut:",Pasal 469 ayat (2),"administratif, sanksi, berupa, denda, dikenakan",
PP_28_2025,PP Nomor 28 Tahun 2025,PP,2025,28,BAB XI,Sanksi,Bagian Kedua,Paragraf 13,469,2,a,,Ketentuan,melakukan,Pasal 469 ayat (2) huruf a,melakukan,
PP_28_2025,PP Nomor 28 Tahun 2025,PP,2025,28,BAB XI,Sanksi,Bagian Kedua,Paragraf 13,469,2,a,,Sanksi,melakukan pelanggaran kedua kali atas sanksi teguran tertulis;,Pasal 469 ayat (2) huruf a,"melakukan, pelanggaran, kedua, kali, sanksi",
PP_28_2025,PP Nomor 28 Tahun 2025,PP,2025,28,BAB XI,Sanksi,Bagian Kedua,Paragraf 13,469,2,b,,Ketentuan,gagal memberangkatkan jemaah haji khusus;,Pasal 469 ayat (2) huruf b,"gagal, memberangkatkan, jemaah, haji, khusus",
PP_28_2025,PP Nomor 28 Tahun 2025,PP,2025,28,BAB XI,Sanksi,Bagian Kedua,Paragraf 13,469,2,c,,Ketentuan,"tidak menyediakan layanan akomodasi, transportasi, dan konsumsi kepada jemaah haji khusus; dan/atau",Pasal 469 ayat (2) huruf c,"menyediakan, layanan, akomodasi, transportasi, konsumsi",
PP_28_2025,PP Nomor 28 Tahun 2025,PP,2025,28,BAB XI,Sanksi,Bagian Kedua,Paragraf 13,469,2,d,,Ketentuan,gagal memulangkan jemaah haji khusus.,Pasal 469 ayat (2) huruf d,"gagal, memulangkan, jemaah, haji, khusus",
PP_28_2025,PP Nomor 28 Tahun 2025,PP,2025,28,BAB XI,Sanksi,Bagian Kedua,Paragraf 13,469,3,,,Sanksi,Sanksi administratif berupa penghentian sementara kegiatan sebagaimana dimaksud dalam Pasal 468 huruf c dikenakan kepada penyelenggara ibadah haji khusus yang melakukan tindakan sebagai berikut:,Pasal 469 ayat (3),"sanksi, administratif, berupa, penghentian, sementara",
PP_28_2025,PP Nomor 28 Tahun 2025,PP,2025,28,BAB XI,Sanksi,Bagian Kedua,Paragraf 13,469,3,a,,Ketentuan,gagal memberangkatkan jemaah haji khusus melewati batas waktu lx24 (satu kali dua puluh empat)jam;,Pasal 469 ayat (3) huruf a,"gagal, memberangkatkan, jemaah, haji, khusus",
PP_28_2025,PP Nomor 28 Tahun 2025,PP,2025,28,BAB XI,Sanksi,Bagian Kedua,Paragraf 13,469,3,b,,Ketentuan,"tidak menyediakan layanan akomodasi, transportasi, dan konsumsi kepada jemaah haji khusus melewati batas waktu lx24 (satu kali dua puluh empat) jam; dan/atau",Pasal 469 ayat (3) huruf b,"menyediakan, layanan, akomodasi, transportasi, konsumsi",
PP_28_2025,PP Nomor 28 Tahun 2025,PP,2025,28,BAB XI,Sanksi,Bagian Kedua,Paragraf 13,469,3,c,,Ketentuan,gagal memulangkan jemaah haji khusus melewati batas waktu lx24 (satu kali dua puluh empat)jam.,Pasal 469 ayat (3) huruf c,"gagal, memulangkan, jemaah, haji, khusus",
PP_28_2025,PP Nomor 28 Tahun 2025,PP,2025,28,BAB XI,Sanksi,Bagian Kedua,Paragraf 13,469,4,,,Sanksi,Sanksi administratif berupa paksaan pemerintah sebagaimana dimaksud dalam Pasal 468 huruf d dikenakan kepada penyelenggara ibadah haji khusus yang melakukan tindakan sebagai berikut:,Pasal 469 ayat (4),"sanksi, administratif, berupa, paksaan, dikenakan",Pemerintah
PP_28_2025,PP Nomor 28 Tahun 2025,PP,2025,28,BAB XI,Sanksi,Bagian Kedua,Paragraf 13,469,4,a,,Ketentuan,gagal memberangkatkan jemaah haji khusus;,Pasal 469 ayat (4) huruf a,"gagal, memberangkatkan, jemaah, haji, khusus",
PP_28_2025,PP Nomor 28 Tahun 2025,PP,2025,28,BAB XI,Sanksi,Bagian Kedua,Paragraf 13,469,4,b,,Ketentuan,"tidak menyediakan layanan akomodasi, transportasi, dan konsumsi kepada jemaah haji khusus; dan/atau",Pasal 469 ayat (4) huruf b,"menyediakan, layanan, akomodasi, transportasi, konsumsi",
PP_28_2025,PP Nomor 28 Tahun 2025,PP,2025,28,BAB XI,Sanksi,Bagian Kedua,Paragraf 13,469,4,c,,Ketentuan,gagal memulangkan jemaah haji khusus.,Pasal 469 ayat (4) huruf c,"gagal, memulangkan, jemaah, haji, khusus",
PP_28_2025,PP Nomor 28 Tahun 2025,PP,2025,28,BAB XI,Sanksi,Bagian Kedua,Paragraf 13,469,5,,,Sanksi,Sanksi administratif berupa pembekuan PB sebagaimana dimaksud dalam Pasal 468 huruf e dikenakan kepada penyelenggara ibadah haji khusus yang melakukan tindakan sebagai berikut:,Pasal 469 ayat (5),"sanksi, administratif, berupa, pembekuan, dikenakan",
PP_28_2025,PP Nomor 28 Tahun 2025,PP,2025,28,BAB XI,Sanksi,Bagian Kedua,Paragraf 13,469,5,a,,Sanksi,"melakukan pengulangan ketiga kali atas sanksi teguran tertulis; b. melakukan pengulangan kedua kali atas sanksi denda administratif; c. tidak memberangkatkan, melayani, dan memulangkan jemaah haji khusus sesuai dengan perjanjian;",Pasal 469 ayat (5) huruf a,"melakukan, pengulangan, kali, sanksi, ketiga",
PP_28_2025,PP Nomor 28 Tahun 2025,PP,2025,28,BAB XI,Sanksi,Bagian Kedua,Paragraf 13,469,5,d,,Ketentuan,gagal R.EPUBLIK INDONESIA -2s9-,Pasal 469 ayat (5) huruf d,"gagal, epublik, indonesia",
PP_28_2025,PP Nomor 28 Tahun 2025,PP,2025,28,BAB XI,Sanksi,Bagian Kedua,Paragraf 13,469,5,d,,Ketentuan,gagal memberangkatkan jemaah haji khusus melewati batas waktu 3x24 (tiga kali dua puluh empat) jam;,Pasal 469 ayat (5) huruf d,"gagal, memberangkatkan, jemaah, haji, khusus",
PP_28_2025,PP Nomor 28 Tahun 2025,PP,2025,28,BAB XI,Sanksi,Bagian Kedua,Paragraf 13,469,5,e,,Ketentuan,"tidak mampu menyediakan akomodasi, transportasi, dan konsumsi kepada jemaah haji khusus melewati batas waktu lx24 (satu kali dua puluh empat)jam;",Pasal 469 ayat (5) huruf e,"mampu, menyediakan, akomodasi, transportasi, konsumsi",
PP_28_2025,PP Nomor 28 Tahun 2025,PP,2025,28,BAB XI,Sanksi,Bagian Kedua,Paragraf 13,469,5,f,,Ketentuan,gagal memulangkan jemaah haji khusus melewati batas waktu 3x24 (tiga kali dua puluh empat) jam; dan/atau,Pasal 469 ayat (5) huruf f,"gagal, memulangkan, jemaah, haji, khusus",
PP_28_2025,PP Nomor 28 Tahun 2025,PP,2025,28,BAB XI,Sanksi,Bagian Kedua,Paragraf 13,469,5,g,,Ketentuan,gagal memberangkatkan dan memulangkan jemaah haji visa mujamalah.,Pasal 469 ayat (5) huruf g,"gagal, memberangkatkan, memulangkan, jemaah, haji",
PP_28_2025,PP Nomor 28 Tahun 2025,PP,2025,28,BAB XI,Sanksi,Bagian Kedua,Paragraf 13,469,6,,,Sanksi,Sanksi administratif berupa pencabutan PB sebagaimana dimaksud dalam Pasal 468 huruf f dikenakan kepada penyelenggara ibadah haji khusus yang melakukan tindakan sebagai berikut:,Pasal 469 ayat (6),"sanksi, administratif, berupa, pencabutan, dikenakan",
PP_28_2025,PP Nomor 28 Tahun 2025,PP,2025,28,BAB XI,Sanksi,Bagian Kedua,Paragraf 13,469,6,a,,Sanksi,melakukan pengulangan keempat kali atas sanksi teguran tertulis; b. melakukan pengulangan ketiga kali atas sanksi denda administratif;,Pasal 469 ayat (6) huruf a,"melakukan, pengulangan, kali, sanksi, keempat",
PP_28_2025,PP Nomor 28 Tahun 2025,PP,2025,28,BAB XI,Sanksi,Bagian Kedua,Paragraf 13,469,6,c,,Sanksi,melakukan pengulangan kedua kali atas sanksi pembekuan PB; dan/atau,Pasal 469 ayat (6) huruf c,"melakukan, pengulangan, kedua, kali, sanksi",
PP_28_2025,PP Nomor 28 Tahun 2025,PP,2025,28,BAB XI,Sanksi,Bagian Kedua,Paragraf 13,469,6,d,,Ketentuan,"jika penyelenggara ibadah haji khusus melakukan pengulangan pelanggaran berupa gagal memberangkatkan, menelantarkan, dan gagal memulangkan jemaah haji khusus.",Pasal 469 ayat (6) huruf d,"haji, khusus, gagal, penyelenggara, ibadah",
PP_28_2025,PP Nomor 28 Tahun 2025,PP,2025,28,BAB XI,Sanksi,Bagian Kedua,Paragraf 13,47O,1,,,Sanksi,Sanksi administratif berupa teguran tertulis sebagaimana dimaksud dalam Pasal 468 huruf a dikenakan kepada penyelenggara perjalanan ibadah umrah yang melakukan tindakan sebagai berikut:,Pasal 47O ayat (1),"sanksi, administratif, berupa, teguran, tertulis",
PP_28_2025,PP Nomor 28 Tahun 2025,PP,2025,28,BAB XI,Sanksi,Bagian Kedua,Paragraf 13,47O,1,a,,Ketentuan,tidak menyediakan paling sedikit 1 (satu) orang pembimbing ibadah setiap 45 (empat puluh lima) orang jemaah umrah;,Pasal 47O ayat (1) huruf a,"orang, menyediakan, paling, sedikit, satu",
PP_28_2025,PP Nomor 28 Tahun 2025,PP,2025,28,BAB XI,Sanksi,Bagian Kedua,Paragraf 13,47O,1,b,,Ketentuan,"tidak memberikan pelayanan dokumen perjalanan, akomodasi, konsumsi, dan transportasi kepada jemaah sesuai dengan perjanjian tertulis yang disepakati antara penyelenggara perjalanan ibadah umrah dan jemaah umrah;",Pasal 47O ayat (1) huruf b,"perjalanan, jemaah, umrah, memberikan, pelayanan",
PP_28_2025,PP Nomor 28 Tahun 2025,PP,2025,28,BAB XI,Sanksi,Bagian Kedua,Paragraf 13,47O,1,c,,Ketentuan,tidak menyampaikan rencana perjalanan umrah kepada menteri yang menyelenggarakan urusan pemerintahan di bidang agama secara tertulis sebelum keberangkatan;,Pasal 47O ayat (1) huruf c,"menyampaikan, rencana, perjalanan, umrah, kepada",Menteri
PP_28_2025,PP Nomor 28 Tahun 2025,PP,2025,28,BAB XI,Sanksi,Bagian Kedua,Paragraf 13,47O,1,d,,Ketentuan,tidak melapor kepada perwakilan Republik Indonesia di Arab Saudi pada saat datang di Arab Saudi dan pada saat akan kembali ke Indonesia;,Pasal 47O ayat (1) huruf d,"indonesia, arab, saudi, saat, melapor",
PP_28_2025,PP Nomor 28 Tahun 2025,PP,2025,28,BAB XI,Sanksi,Bagian Kedua,Paragraf 13,47O,1,e,,Ketentuan,tidak membuat laporan kepada menteri yang menyelenggarakan urusan pemerintahan di bidang agama paling lambat 10 (sepuluh) Hari setelah tiba kembali di tanah air; f. tidak mengikuti standar pelayanan minimal dan harga referensi; g. tidak mengikuti prinsip syariat; h. tidak melaporkan pembukaan rekening penampungan bagi dana jemaah untuk kegiatan umrah;,Pasal 47O ayat (1) huruf e,"mengikuti, membuat, laporan, kepada, menteri",Menteri
PP_28_2025,PP Nomor 28 Tahun 2025,PP,2025,28,BAB XI,Sanksi,Bagian Kedua,Paragraf 13,47O,1,i,,Ketentuan,tidak melaporkan jemaah umrah yang telah menyetorkan biaya penyelenggaraan perjalanan ibadah umrah ke rekening penampungan biaya penyelenggaraan perjalanan ibadah umrah pada bank penerima setoran;,Pasal 47O ayat (1) huruf i,"umrah, biaya, penyelenggaraan, perjalanan, ibadah",
PP_28_2025,PP Nomor 28 Tahun 2025,PP,2025,28,BAB XI,Sanksi,Bagian Kedua,Paragraf 13,47O,1,j,,Ketentuan,tidak melaporkan jemaah umrah yang telah didaftarkan asuransi;,Pasal 47O ayat (1) huruf j,"melaporkan, jemaah, umrah, didaftarkan, asuransi",
PP_28_2025,PP Nomor 28 Tahun 2025,PP,2025,28,BAB XI,Sanksi,Bagian Kedua,Paragraf 13,47O,1,k,,Sanksi,"tidak melaporkan paket di bawah harga referensi; dan/atau l. tidak melakukan pembaharuan perubahan pemegang saham, komisaris, direksi, alamat perubahan penyelenggara perjalanan ibadah umrah, dan pembukaan kantor cabang pada Sistem OSS. (21 Sanksi administratif berupa denda administratif sebagaimana dimaksud dalam Pasal 468 huruf b dikenakan kepada penyelenggara perjalanan ibadah umrah yang melakukan tindakan sebagai berikut: a. melakukan pengulangan pelanggaran kedua kali atas sanksi teguran tertulis;",Pasal 47O ayat (1) huruf k,"melakukan, perubahan, penyelenggara, perjalanan, ibadah",
PP_28_2025,PP Nomor 28 Tahun 2025,PP,2025,28,BAB XI,Sanksi,Bagian Kedua,Paragraf 13,47O,1,b,,Ketentuan,tidak memiliki perjanjian kerja sama dengan fasilitas pelayanan kesehatan di Arab Saudi;,Pasal 47O ayat (1) huruf b,"memiliki, perjanjian, kerja, sama, fasilitas",
PP_28_2025,PP Nomor 28 Tahun 2025,PP,2025,28,BAB XI,Sanksi,Bagian Kedua,Paragraf 13,47O,1,c,,Ketentuan,tidak memberangkatkan jemaah umrah yang terdaftar pada tahun hijriah berjalan; R.EPUBLIK INDONESIA -26t-,Pasal 47O ayat (1) huruf c,"memberangkatkan, jemaah, umrah, terdaftar, tahun",
PP_28_2025,PP Nomor 28 Tahun 2025,PP,2025,28,BAB XI,Sanksi,Bagian Kedua,Paragraf 13,47O,1,d,,Ketentuan,meminjamkan legalitas PB kepada biro perjalanan yang tidak memiliki PB sebagai penyelenggara perjalanan ibadah umrah;,Pasal 47O ayat (1) huruf d,"perjalanan, meminjamkan, legalitas, kepada, biro",
PP_28_2025,PP Nomor 28 Tahun 2025,PP,2025,28,BAB XI,Sanksi,Bagian Kedua,Paragraf 13,47O,1,e,,Ketentuan,gagal memberangkatkan jemaah umrah;,Pasal 47O ayat (1) huruf e,"gagal, memberangkatkan, jemaah, umrah",
PP_28_2025,PP Nomor 28 Tahun 2025,PP,2025,28,BAB XI,Sanksi,Bagian Kedua,Paragraf 13,47O,1,f,,Ketentuan,"tidak menyediakan layanan akomodasi, transportasi, dan konsumsi kepada jemaah umrah; dan/atau g. gagal memulangkan jemaah umrah.",Pasal 47O ayat (1) huruf f,"jemaah, umrah, menyediakan, layanan, akomodasi",
PP_28_2025,PP Nomor 28 Tahun 2025,PP,2025,28,BAB XI,Sanksi,Bagian Kedua,Paragraf 13,47O,3,,,Sanksi,Sanksi administratif berupa penghentian sementara kegiatan sebagaimana dimaksud dalam Pasal 468 huruf c dikenakan kepada penyelenggara perjalanan ibadah umrah yang melakukan tindakan sebagai berikut:,Pasal 47O ayat (3),"sanksi, administratif, berupa, penghentian, sementara",
PP_28_2025,PP Nomor 28 Tahun 2025,PP,2025,28,BAB XI,Sanksi,Bagian Kedua,Paragraf 13,47O,3,a,,Ketentuan,gagal memberangkatkan jemaah umrah melewati batas waktu lx24 (satu kali dua puluh empat) jam;,Pasal 47O ayat (3) huruf a,"gagal, memberangkatkan, jemaah, umrah, melewati",
PP_28_2025,PP Nomor 28 Tahun 2025,PP,2025,28,BAB XI,Sanksi,Bagian Kedua,Paragraf 13,47O,3,b,,Ketentuan,"tidak menyediakan layanan akomodasi, transportasi, dan konsumsi kepada jemaah umrah melewati batas waktu lx24 (satu kali dua puluh empat)jam; dan/atau",Pasal 47O ayat (3) huruf b,"menyediakan, layanan, akomodasi, transportasi, konsumsi",
PP_28_2025,PP Nomor 28 Tahun 2025,PP,2025,28,BAB XI,Sanksi,Bagian Kedua,Paragraf 13,47O,3,c,,Sanksi,gagal memulangkan jemaah umrah melewati batas waktu lx24 (satu kali dua puluh empat)jam. (41 Sanksi administratif berupa paksaan pemerintah sebagaimana dimaksud dalam Pasal 468 huruf d dikenakan kepada penyelenggara perjalanan ibadah umrah yang melakukan tindakan sebagai berikut:,Pasal 47O ayat (3) huruf c,"umrah, gagal, memulangkan, jemaah, melewati",Pemerintah
PP_28_2025,PP Nomor 28 Tahun 2025,PP,2025,28,BAB XI,Sanksi,Bagian Kedua,Paragraf 13,47O,3,a,,Ketentuan,gagal memberangkatkan jemaah umrah;,Pasal 47O ayat (3) huruf a,"gagal, memberangkatkan, jemaah, umrah",
PP_28_2025,PP Nomor 28 Tahun 2025,PP,2025,28,BAB XI,Sanksi,Bagian Kedua,Paragraf 13,47O,3,b,,Ketentuan,"tidak menyediakan layanan akomodasi, transportasi, dan konsumsi kepada jemaah umrah; dan/atau",Pasal 47O ayat (3) huruf b,"menyediakan, layanan, akomodasi, transportasi, konsumsi",
PP_28_2025,PP Nomor 28 Tahun 2025,PP,2025,28,BAB XI,Sanksi,Bagian Kedua,Paragraf 13,47O,3,c,,Ketentuan,gagal memulangkan jemaah umrah.,Pasal 47O ayat (3) huruf c,"gagal, memulangkan, jemaah, umrah",
PP_28_2025,PP Nomor 28 Tahun 2025,PP,2025,28,BAB XI,Sanksi,Bagian Kedua,Paragraf 13,47O,5,,,Sanksi,Sanksi administratif berupa pembekuan PB sebagaimana dimaksud dalam Pasal 468 huruf e dikenakan kepada penyelenggara perjalanan ibadah umrah yang melakukan tindakan sebagai berikut:,Pasal 47O ayat (5),"sanksi, administratif, berupa, pembekuan, dikenakan",
PP_28_2025,PP Nomor 28 Tahun 2025,PP,2025,28,BAB XI,Sanksi,Bagian Kedua,Paragraf 13,47O,5,a,,Sanksi,melakukan pengulangan pelanggaran ketiga kali atas sanksi teguran tertulis;,Pasal 47O ayat (5) huruf a,"melakukan, pengulangan, pelanggaran, ketiga, kali",
PP_28_2025,PP Nomor 28 Tahun 2025,PP,2025,28,BAB XI,Sanksi,Bagian Kedua,Paragraf 13,47O,5,b,,Sanksi,melakukan pengulangan pelanggaran kedua kali atas sanksi denda administratif;,Pasal 47O ayat (5) huruf b,"melakukan, pengulangan, pelanggaran, kedua, kali",
PP_28_2025,PP Nomor 28 Tahun 2025,PP,2025,28,BAB XI,Sanksi,Bagian Kedua,Paragraf 13,47O,5,c,,Ketentuan,tidak memberangkatkan dan memulangkan jemaah umrah sesuai dengan masa berlaku visa umrah di Arab Saudi;,Pasal 47O ayat (5) huruf c,"umrah, memberangkatkan, memulangkan, jemaah, masa",
PP_28_2025,PP Nomor 28 Tahun 2025,PP,2025,28,BAB XI,Sanksi,Bagian Kedua,Paragraf 13,47O,5,d,,Ketentuan,tidak,Pasal 47O ayat (5) huruf d,,
PP_28_2025,PP Nomor 28 Tahun 2025,PP,2025,28,BAB XI,Sanksi,Bagian Kedua,Paragraf 13,47O,5,d,,Ketentuan,tidak membuka rekening penampungan yang digunakan untuk menampung dana jemaah umrah untuk kegiatan umrah;,Pasal 47O ayat (5) huruf d,"umrah, membuka, rekening, penampungan, digunakan",
PP_28_2025,PP Nomor 28 Tahun 2025,PP,2025,28,BAB XI,Sanksi,Bagian Kedua,Paragraf 13,47O,5,e,,Ketentuan,gagal memberangkatkan dan memulangkan jemaah sesuai perjanjian tertulis;,Pasal 47O ayat (5) huruf e,"gagal, memberangkatkan, memulangkan, jemaah, perjanjian",
PP_28_2025,PP Nomor 28 Tahun 2025,PP,2025,28,BAB XI,Sanksi,Bagian Kedua,Paragraf 13,47O,5,f,,Ketentuan,"gagal memberangkatkan jemaah melewati batas waktu 3x24 (tiga kali dua puluh empat)jam; g. tidak mampu menyediakan akomodasi, transportasi, dan konsumsi kepada jemaah umrah melewati batas waktu 1x24 (satu kali dua puluh empat)jam; dan/atau",Pasal 47O ayat (5) huruf f,"jemaah, melewati, batas, waktu, kali",
PP_28_2025,PP Nomor 28 Tahun 2025,PP,2025,28,BAB XI,Sanksi,Bagian Kedua,Paragraf 13,47O,5,h,,Ketentuan,gagal memulangkan jemaah umrah melewati batas waktu 3x24 (tiga kali dua puluh empat) jam.,Pasal 47O ayat (5) huruf h,"gagal, memulangkan, jemaah, umrah, melewati",
PP_28_2025,PP Nomor 28 Tahun 2025,PP,2025,28,BAB XI,Sanksi,Bagian Kedua,Paragraf 13,47O,6,,,Sanksi,Sanksi administratif pencabutan PB sebagaimana dimaksud dalam Pasal 468 huruf f dikenakan kepada penyelenggara perjalanan ibadah umrah yang melakukan tindakan sebagai berikut:,Pasal 47O ayat (6),"sanksi, administratif, pencabutan, dikenakan, kepada",
PP_28_2025,PP Nomor 28 Tahun 2025,PP,2025,28,BAB XI,Sanksi,Bagian Kedua,Paragraf 13,47O,6,a,,Sanksi,melakukan pengulangan pelanggaran keempat kali atas sanksi teguran tertulis; b. melakukan pengulangan pelanggaran ketiga kali atas sanksi denda administratif; c. melakukan pengulangan pelanggaran kedua kali atas sanksi pembekuan PB; dan/atau,Pasal 47O ayat (6) huruf a,"melakukan, pengulangan, pelanggaran, kali, sanksi",
PP_28_2025,PP Nomor 28 Tahun 2025,PP,2025,28,BAB XI,Sanksi,Bagian Kedua,Paragraf 13,47O,6,d,,Ketentuan,"melakukan pengulangan pelanggaran berupa gagal memberangkatkan, menelantarkan, dan gagal memulangkan jemaah umrah.",Pasal 47O ayat (6) huruf d,"gagal, melakukan, pengulangan, pelanggaran, berupa",
PP_28_2025,PP Nomor 28 Tahun 2025,PP,2025,28,BAB XI,Sanksi,Bagian Kedua,Paragraf 13,471,1,,,Sanksi,Pengenaan sanksi administratif sebagaimana dimaksud dalam Pasal 469 dan Pasal 470 diberikan oleh menteri yang menyelenggarakan urusan pemerintahan di bidang agama berdasarkan ketentuan peraturan perundang- undangan.,Pasal 471 ayat (1),"pengenaan, sanksi, administratif, diberikan, menteri",Menteri
PP_28_2025,PP Nomor 28 Tahun 2025,PP,2025,28,BAB XI,Sanksi,Bagian Kedua,Paragraf 13,471,2,,,Sanksi,"Ketentuan lebih lanjut mengenai tata cara pengenaan sanksi administratif, mekanisme, jangka waktu, upaya administratif, besaran denda, dan pejabat yang berwenang diatur dalam peraturan menteri yang menyelenggarakan urusan pemerintahan di bidang agama. Paragraf. . .",Pasal 471 ayat (2),"administratif, lebih, lanjut, mengenai, tata",Menteri
PP_28_2025,PP Nomor 28 Tahun 2025,PP,2025,28,BAB XI,Sanksi,Bagian Kedua,Paragraf 14,472,,,,Sanksi,"Setiap Pelaku Usaha yang berdasarkan hasil Pengawasan ditemukan ketidaksesuaian atau pelanggaran terhadap PB pada subsektor pos, dikenai sanksi administratif berupa: a. teguran tertulis; b. pengenaan denda administratif; c. penghentian sementara kegiatan usaha; d. pengenaan daya paksa polisional; e. pencabutan layanan; dan/atau f. pencabutan PB.",Pasal 472,"usaha, administratif, pengenaan, pencabutan, setiap",Pelaku Usaha
PP_28_2025,PP Nomor 28 Tahun 2025,PP,2025,28,BAB XI,Sanksi,Bagian Kedua,Paragraf 14,473,,,,Sanksi,"Setiap Pelaku Usaha yang berdasarkan hasil Pengawasan ditemukan ketidaksesuaian atau pelanggaran terhadap PB dan/atau PB UMKU pada subsektor telekomunikasi, dikenai sanksi administratif berupa: a. teguran tertulis; b. pengenaan denda administratif; c. penghentian sementara kegiatan usaha; d. pemutusan akses; e. pencabutan penetapan penomoran; f. pengenaan daya paksa polisional; g. pencabutan layanan; dan/atau h. pencabutan PB dan/atau PB UMKU. Pasal",Pasal 473,"pencabutan, usaha, umku, administratif, pengenaan",Pelaku Usaha
PP_28_2025,PP Nomor 28 Tahun 2025,PP,2025,28,BAB XI,Sanksi,Bagian Kedua,Paragraf 14,474,1,,,Sanksi,"Setiap lembaga penyiaran atau penyelenggara multipleksing penyiaran yang berdasarkan hasil Pengawasan ditemukan ketidaksesuaian atau pelanggaran terhadap PB pada subsektor penyelenggaraan penyiaran, dikenai sanksi administratif berupa: a. teguran tertulis; b. pengenaan denda administratif; c. penghentian sementara kegiatan usaha; d. pengenaan daya paksa polisional; e. pencabutan layanan; dan/atau f. pencabutan PB. (21 Setiap lembaga penyiaran yang berdasarkan hasil Pengawasan ditemukan ketidaksesuaian atau pelanggaran terhadap PB yang terkait dengan isi siaran, dikenai sanksi administratif oleh Komisi Penyiaran Indonesia berupa: a. teguran tertulis; b. pengenaan denda administratif;",Pasal 474 ayat (1),"penyiaran, administratif, pengenaan, setiap, lembaga",Lembaga
PP_28_2025,PP Nomor 28 Tahun 2025,PP,2025,28,BAB XI,Sanksi,Bagian Kedua,Paragraf 14,474,1,c,,Ketentuan,penghentian sementara mata acara yang bermasalah setelah melalui tahap tertentu;,Pasal 474 ayat (1) huruf c,"penghentian, sementara, mata, acara, bermasalah",
PP_28_2025,PP Nomor 28 Tahun 2025,PP,2025,28,BAB XI,Sanksi,Bagian Kedua,Paragraf 14,474,1,d,,Ketentuan,pembatasan durasi dan waktu siaran; dan/atau,Pasal 474 ayat (1) huruf d,"pembatasan, durasi, waktu, siaran",
PP_28_2025,PP Nomor 28 Tahun 2025,PP,2025,28,BAB XI,Sanksi,Bagian Kedua,Paragraf 14,474,1,e,,Sanksi,pembekuan kegiatan siaran untuk waktu tertentu.,Pasal 474 ayat (1) huruf e,"pembekuan, kegiatan, siaran, waktu, tertentu",
PP_28_2025,PP Nomor 28 Tahun 2025,PP,2025,28,BAB XI,Sanksi,Bagian Kedua,Paragraf 14,474,3,,,Sanksi,"Selain sanksi administratif sebagaimana dimaksud pada ayat (2),lembaga penyiaran yang melakukan pelanggaran atas PB yang terkait dengan pelanggaran isi siaran dikenai sanksi administratif berupa pencabutan PB oleh menteri yang menyelenggarakan urusan pemerintahan di bidang komunikasi dan informasi berdasarkan rekomendasi Komisi Penyiaran Indonesia setelah adanya putusan pengadilan yang memperoleh kekuatan hukum tetap. (41 Pengenaan sanksi administratif berupa pencabutan PB sebagaimana dimaksud pada ayat (3) dilakukan setelah pengenaan sanksi administratif sebagaimana dimaksud pada ayat (2) tidak dipatuhi oleh lembaga penyiaran. Pasal",Pasal 474 ayat (3),"sanksi, administratif, penyiaran, lembaga, pelanggaran","Menteri, Lembaga"
PP_28_2025,PP Nomor 28 Tahun 2025,PP,2025,28,BAB XI,Sanksi,Bagian Kedua,Paragraf 14,475,,,,Sanksi,"Pengenaan sanksi administratif sebagaimana dimaksud dalam Pasal 472, Pasal 473, dan Pasal 474 ayat (l) dan ayat (3) dilakukan secara tidak bertahap atau secara bertahap.",Pasal 475,"bertahap, pengenaan, sanksi, administratif",
PP_28_2025,PP Nomor 28 Tahun 2025,PP,2025,28,BAB XI,Sanksi,Bagian Kedua,Paragraf 14,476,1,,,Sanksi,Pengenaan sanksi administratif secara tidak bertahap sebagaimana dimaksud dalam Pasal 475 dilakukan apabila pelanggaran tersebut membahayakan keamanan negara dan/atau berpotensi merugikan negara. (21 Pengenaan sanksi administratif secara tidak bertahap sebagaimana dimaksud pada ayat (1) berupa pencabutan PB dan/atau PB UMKU.,Pasal 476 ayat (1),"pengenaan, sanksi, administratif, bertahap, negara",
PP_28_2025,PP Nomor 28 Tahun 2025,PP,2025,28,BAB XI,Sanksi,Bagian Kedua,Paragraf 14,477,1,,,Sanksi,"Sanksi teguran tertulis sebagaimana dimaksud dalam Pasal 472hurufa, Pasal 473 hurufa, dan Pasal 474 ayat",Pasal 477 ayat (1),"hurufa, sanksi, teguran, tertulis",
PP_28_2025,PP Nomor 28 Tahun 2025,PP,2025,28,BAB XI,Sanksi,Bagian Kedua,Paragraf 14,477,1,,,Sanksi,huruf a dan ayat (2) huruf a terdiri dari teguran tertulis pertama sampai dengan teguran tertulis ketiga. (21 Jangka waktu antar teguran tertulis sebagaimana dimaksud pada ayat (1) paling singkat 7 (tujuh) Hari dan paling lama 30 (tiga puluh) Hari dengan mempertimbangkan upaya Pelaku Usaha untuk memenuhi PB dan/atau PB UMKU.,Pasal 477 ayat (1),"teguran, tertulis, paling, hari, terdiri",Pelaku Usaha
PP_28_2025,PP Nomor 28 Tahun 2025,PP,2025,28,BAB XI,Sanksi,Bagian Kedua,Paragraf 14,478,1,,,Sanksi,"Pengenaan denda administratif sebagaimana dimaksud dalam Pasal 472l:,uruf b, Pasal473 huruf b, dan Pasal474 ayat (1) huruf b dan ayat (21 huruf b dilakukan berdasarkan tingkat kesalahan yang ditemukan pada Pengawasan. (21 Besaran denda administratif dilaksanakan sesuai dengan ketentuan peraturan perundang-undangan di bidang penerimaan negara bukan pajak. Pasal",Pasal 478 ayat (1),"denda, administratif, pengenaan, uruf, tingkat",
PP_28_2025,PP Nomor 28 Tahun 2025,PP,2025,28,BAB XI,Sanksi,Bagian Kedua,Paragraf 14,479,,,,Ketentuan,"Penghentian sementara kegiatan usaha sebagaimana dimaksud dalam Pasal 472 huruf c, Pasal 473 huruf c, dan Pasal 474 ayat (1) huruf c dikenakan selama jangka waktu paling lama 1 (satu) tahun.",Pasal 479,"penghentian, sementara, kegiatan, usaha, dikenakan",
PP_28_2025,PP Nomor 28 Tahun 2025,PP,2025,28,BAB XI,Sanksi,Bagian Kedua,Paragraf 14,480,,,,Ketentuan,"Pengenaan daya paksa polisional sebagaimana dimaksud dalam Pasal 472huruf d, Pasal 473 huruf f, dan Pasal 474 ayat",Pasal 480,"pengenaan, daya, paksa, polisional",
PP_28_2025,PP Nomor 28 Tahun 2025,PP,2025,28,BAB XI,Sanksi,Bagian Kedua,Paragraf 14,480,1,,,Ketentuan,huruf d dapat diberikan dalam bentuk:,Pasal 480 ayat (1),"diberikan, bentuk",
PP_28_2025,PP Nomor 28 Tahun 2025,PP,2025,28,BAB XI,Sanksi,Bagian Kedua,Paragraf 14,480,1,a,,Ketentuan,meminta identitas pelaku pelanggaran dan mendokumentasikan dalam bentuk digital; b. memasuki dan memeriksa lokasi kegiatan usaha;,Pasal 480 ayat (1) huruf a,"meminta, identitas, pelaku, pelanggaran, mendokumentasikan",
PP_28_2025,PP Nomor 28 Tahun 2025,PP,2025,28,BAB XI,Sanksi,Bagian Kedua,Paragraf 14,480,1,c,,Ketentuan,meminta keterangan Pelaku Usaha yang melakukan pelanggaran;,Pasal 480 ayat (1) huruf c,"meminta, keterangan, pelaku, usaha, melakukan",Pelaku Usaha
PP_28_2025,PP Nomor 28 Tahun 2025,PP,2025,28,BAB XI,Sanksi,Bagian Kedua,Paragraf 14,480,1,d,,Ketentuan,memanggil Pelaku Usaha yang melakukan pelanggaran; dan/atau e. penyegelan sementara alat dan/atau perangkat penunjang yang digunakan untuk kegiatan usaha.,Pasal 480 ayat (1) huruf d,"usaha, memanggil, pelaku, melakukan, pelanggaran",Pelaku Usaha
PP_28_2025,PP Nomor 28 Tahun 2025,PP,2025,28,BAB XI,Sanksi,Bagian Kedua,Paragraf 14,481,,,,Sanksi,"Pencabutan PB sebagaimana dimaksud dalam Pasal 472 huruf f, Pasal 473 huruf h, dan Pasal 474 ayat (1) huruf f diberikan sebagai tahap paling akhir dalam tahapan pengenaan sanksi administratif.",Pasal 481,"pencabutan, diberikan, tahap, paling, akhir",
PP_28_2025,PP Nomor 28 Tahun 2025,PP,2025,28,BAB XI,Sanksi,Bagian Kedua,Paragraf 14,482,1,,,Sanksi,"Direksi, pengurus, perorangan, danlatau badan hukum Pelaku Usaha dapat ditetapkan dalam daftar hitam dalam hal Pelaku Usaha dikenai sanksi administratif berupa pencabutan layanan dan/atau pencabutan PB. (21 Pihak yang ditetapkan dalam daftar hitam sebagaimana dimaksud pada ayat (1), dilarang terlibat dalam kegiatan usaha yang bersangkutan.",Pasal 482 ayat (1),"usaha, pelaku, ditetapkan, daftar, hitam","Pelaku Usaha, Badan Hukum"
PP_28_2025,PP Nomor 28 Tahun 2025,PP,2025,28,BAB XI,Sanksi,Bagian Kedua,Paragraf 14,482,3,,,Ketentuan,Pihak -267 -,Pasal 482 ayat (3),pihak,
PP_28_2025,PP Nomor 28 Tahun 2025,PP,2025,28,BAB XI,Sanksi,Bagian Kedua,Paragraf 14,482,3,,,Ketentuan,Pihak sebagaimana dimaksud pada ayat (2) dapat dikeluarkan dari daftar hitam setelah:,Pasal 482 ayat (3),"pihak, dikeluarkan, daftar, hitam, setelah",
PP_28_2025,PP Nomor 28 Tahun 2025,PP,2025,28,BAB XI,Sanksi,Bagian Kedua,Paragraf 14,482,3,a,,Ketentuan,2 (dua) tahun sejak tanggal ditetapkan dalam daftar hitam; dan/atau,Pasal 482 ayat (3) huruf a,"tahun, sejak, tanggal, ditetapkan, daftar",
PP_28_2025,PP Nomor 28 Tahun 2025,PP,2025,28,BAB XI,Sanksi,Bagian Kedua,Paragraf 14,482,3,b,,Kewajiban,kewajiban yang menjadi piutang negara dipenuhi.,Pasal 482 ayat (3) huruf b,"kewajiban, menjadi, piutang, negara, dipenuhi",
PP_28_2025,PP Nomor 28 Tahun 2025,PP,2025,28,BAB XI,Sanksi,Bagian Kedua,Paragraf 14,483,1,,,Sanksi,Ketentuan lebih lanjut mengenai sanksi administratif sebagaimana dimaksud dalam Pasal 472 sarnpai dengan Pasal 481 dan ketentuan lebih lanjut mengenai daftar hitam sebagaimana dimaksud dalam Pasal 482 diatur dalam peraturan menteri yang menyelenggarakan urusan pemerintahan di bidang komunikasi dan informasi. (21 Ketentuan lebih lanjut mengenai sanksi administratif sebagaimana dimaksud dalam Pasal 474 ayat (2) ditetapkan oleh Komisi Penyiaran Indonesia.,Pasal 483 ayat (1),"lebih, lanjut, mengenai, sanksi, administratif",Menteri
PP_28_2025,PP Nomor 28 Tahun 2025,PP,2025,28,BAB XI,Sanksi,Bagian Kedua,Paragraf 14,484,1,,,Sanksi,"Pemegang hak labuh satelit yang menyampaikan data yang tidak benar dan/atau dokumen yang tidak valid dalam pemenuhan PB UMKU persyaratan hak labuh satelit dikenai sanksi administratif berupa pencabutan hak labuh satelit yang diikuti dengan pencabutan izin stasiun radio. (21 Selain sanksi administratif sebagaimana dimaksud pada ayat (1), pemegang hak labuh satelit yang menyampaikan data yang tidak benar dan/atau dokumen yang tidak valid dapat dikenai sanksi pidana sesuai dengan ketentuan peraturan perundang-undangan.",Pasal 484 ayat (1),"labuh, satelit, sanksi, pemegang, menyampaikan",
PP_28_2025,PP Nomor 28 Tahun 2025,PP,2025,28,BAB XI,Sanksi,Bagian Kedua,Paragraf 14,485,,,,Sanksi,Hak labuh satelit dapat dicabut dalam hal:,Pasal 485,"labuh, satelit, dicabut",
PP_28_2025,PP Nomor 28 Tahun 2025,PP,2025,28,BAB XI,Sanksi,Bagian Kedua,Paragraf 14,485,,a,,Ketentuan,satelit asing yang digunakan dinyatakan tidak dapat beroperasi di wilayah Negara Kesatuan Republik Indonesia oleh menteri yang menyelenggarakan urusan pemerintahan di bidang komunikasi dan informasi;,Pasal 485 huruf a,"satelit, asing, digunakan, dinyatakan, beroperasi",Menteri
PP_28_2025,PP Nomor 28 Tahun 2025,PP,2025,28,BAB XI,Sanksi,Bagian Kedua,Paragraf 14,485,,b,,Hak,tidak memiliki izin stasiun radio dalam jangka waktu paling singkat 1 (satu) tahun dalam periode masa berlaku hak labuh satelit; dan/atau,Pasal 485 huruf b,"memiliki, izin, stasiun, radio, jangka",
PP_28_2025,PP Nomor 28 Tahun 2025,PP,2025,28,BAB XI,Sanksi,Bagian Kedua,Paragraf 14,485,,c,,Ketentuan,"dalam hal terdapat kepentingan pertahanan dan/atau keamanan negara, keselamatan dan penanggulangan keadaan marabahaya (safetg and distress), pencarian dan pertolongan (search and rescue/SAR), kesejahteraan masyarakat, danf atau kepentingan umum.",Pasal 485 huruf c,"kepentingan, terdapat, pertahanan, keamanan, negara",Masyarakat
PP_28_2025,PP Nomor 28 Tahun 2025,PP,2025,28,BAB XI,Sanksi,Bagian Kedua,Paragraf 14,486,1,,,Sanksi,"Setiap Pelaku Usaha yang berdasarkan hasil Pengawasan ditemukan menggunakan spektrum frekuensi radio tanpa Izin pita frekuensi radio, lzin stasiun radio, dan/atau persetujuan dari menteri yang menyelenggarakan urusan pemerintahan di bidang komunikasi dan informasi, dikenai sanksi administratif berupa: a. teguran tertulis; b. denda administratif; dan c. pengenaan daya paksa polisional. (21 Sanksi administratif pengenaan daya paksa polisional sebagaimana dimaksud pada ayat (1) huruf c diberikan dalam bentuk:",Pasal 486 ayat (1),"radio, administratif, frekuensi, sanksi, pengenaan","Pelaku Usaha, Menteri"
PP_28_2025,PP Nomor 28 Tahun 2025,PP,2025,28,BAB XI,Sanksi,Bagian Kedua,Paragraf 14,486,1,a,,Ketentuan,penghentian operasional pemancaran spektrum frekuensi radio; dan/atau,Pasal 486 ayat (1) huruf a,"penghentian, operasional, pemancaran, spektrum, frekuensi",
PP_28_2025,PP Nomor 28 Tahun 2025,PP,2025,28,BAB XI,Sanksi,Bagian Kedua,Paragraf 14,486,1,b,,Ketentuan,penyegelan alat telekomunikasi dan/atau perangkat telekomunikasi yang digunakan untuk pemancaran spektrum frekuensi radio.,Pasal 486 ayat (1) huruf b,"telekomunikasi, penyegelan, alat, perangkat, digunakan",
PP_28_2025,PP Nomor 28 Tahun 2025,PP,2025,28,BAB XI,Sanksi,Bagian Kedua,Paragraf 14,486,3,,,Sanksi,"Sanksi administratif sebagaimana dimaksud pada ayat (1) dikenai secara kumulatif. (41 Selain sanksi administratif sebagaimana dimaksud pada ayat (1), pelanggaran penggunaan spektrum frekuensi radio tanpa lzin pita frekuensi radio, Izin stasiun radio, dan/atau persetujuan dari menteri yang menyelenggarakan urusan pemerintahan di bidang komunikasi dan informasi dapat dikenai sanksi pidana sesuai dengan ketentuan peraturan perundang- undangan. Pasal",Pasal 486 ayat (3),"sanksi, radio, administratif, dikenai, frekuensi",Menteri
PP_28_2025,PP Nomor 28 Tahun 2025,PP,2025,28,BAB XI,Sanksi,Bagian Kedua,Paragraf 14,487,1,,,Sanksi,"Setiap pemegang lzin pita frekuensi radio yang berdasarkan hasil Pengawasan ditemukan ketidaksesuaian atau pelanggaran terhadap kewajiban yang dipersyaratkan dalam dokumen seleksi, dikenai sanksi administratif berupa: a. teguran tertulis; b. denda administratif; dan/atau",Pasal 487 ayat (1),"administratif, setiap, pemegang, lzin, pita",
PP_28_2025,PP Nomor 28 Tahun 2025,PP,2025,28,BAB XI,Sanksi,Bagian Kedua,Paragraf 14,487,1,c,,Sanksi,"diumumkan melalui media cetak dan/atau media elektronik. (21 Sanksi administratif sebagaimana dimaksud pada ayat (1) dikenakan untuk pelanggaran atas kewajiban yang dipersyaratkan dalam dokumen seleksi, kecuali untuk kewajiban yang telah diatur jenis sanksi administratif berdasarkan ketentuan peraturan perundang-undangan.",Pasal 487 ayat (1) huruf c,"media, sanksi, administratif, kewajiban, diumumkan",
PP_28_2025,PP Nomor 28 Tahun 2025,PP,2025,28,BAB XI,Sanksi,Bagian Kedua,Paragraf 14,487,3,,,Sanksi,"Sanksi administratif berupa teguran tertulis sebagaimana dimaksud pada ayat (1) huruf a dikenai sebanyak 3 (tiga) kali dengan tenggang waktu 14 (empat belas) Hari. (41 Dalam hal sampai dengan batas waktu teguran tertulis ketiga sebagaimana dimaksud pada ayat (3), pemegang lzin pita frekuensi radio belum memenuhi kewajiban yang dipersyaratkan dalam dokumen seleksi, dikenai sanksi denda administratif.",Pasal 487 ayat (3),"sanksi, administratif, teguran, tertulis, dikenai",
PP_28_2025,PP Nomor 28 Tahun 2025,PP,2025,28,BAB XI,Sanksi,Bagian Kedua,Paragraf 14,487,5,,,Sanksi,"Dalam hal setelah 30 (tiga puluh) hari kalender, pemegang lzin pita frekuensi radio yang dikenai sanksi denda administratif sebagaimana dimaksud pada ayat (41 belum memenuhi kewajiban yang dipersyaratkan dalam dokumen seleksi dan/atau belum memenuhi kewajiban pembayaran denda administratif, dikenai sanksi administratif berupa diumumkan melalui: a. media cetak; dan/atau b. media elektronik.",Pasal 487 ayat (5),"administratif, dikenai, sanksi, denda, belum",
PP_28_2025,PP Nomor 28 Tahun 2025,PP,2025,28,BAB XI,Sanksi,Bagian Kedua,Paragraf 14,488,1,,,Sanksi,"Setiap pemegang lzin pita frekuensi radio, yang berdasarkan hasil Pengawasan ditemukan tidak menyampaikan laporan penggunaan pita frekuensi radio secara berkala, dikenai sanksi administratif berupa: a. teguran tertulis; b. penghentian layanan perizinan penggunaan spektrum frekuensi radio; dan/ atau",Pasal 488 ayat (1),"frekuensi, radio, pita, penggunaan, setiap",
PP_28_2025,PP Nomor 28 Tahun 2025,PP,2025,28,BAB XI,Sanksi,Bagian Kedua,Paragraf 14,488,1,c,,Sanksi,diumumkan melalui media cetak dan/atau media elektronik. (21 Sanksi administratif berupa teguran tertulis sebagaimana dimaksud pada ayat (1) huruf a dikenai sebanyak 3 (tiga) kali dengan tenggang waktu 14 (empat belas) Hari.,Pasal 488 ayat (1) huruf c,"media, diumumkan, melalui, cetak, elektronik",
PP_28_2025,PP Nomor 28 Tahun 2025,PP,2025,28,BAB XI,Sanksi,Bagian Kedua,Paragraf 14,488,3,,,Sanksi,"Dalam hal sampai dengan batas waktu teguran tertulis ketiga sebagaimana dimaksud pada ayat (2), pemegang lzin pita frekuensi radio belum menyampaikan laporan penggunaan pita frekuensi radio sebagaimana dimaksud pada ayat (1), dikenai sanksi administratif berupa: a. penghentian layanan perizinan penggunaan spektrum frekuensi radio; dan",Pasal 488 ayat (3),"frekuensi, radio, pita, penggunaan, sampai",
PP_28_2025,PP Nomor 28 Tahun 2025,PP,2025,28,BAB XI,Sanksi,Bagian Kedua,Paragraf 14,488,3,b,,Sanksi,diumumkan melalui media cetak dan/atau media elektronik. (41 Sanksi administratif sebagaimana dimaksud pada ayat (3) dicabut dalam hal pemegang lzin pita frekuensi radio telah menyampaikan laporan penggunaan pita frekuensi radio.,Pasal 488 ayat (3) huruf b,"media, pita, frekuensi, radio, diumumkan",
PP_28_2025,PP Nomor 28 Tahun 2025,PP,2025,28,BAB XI,Sanksi,Bagian Kedua,Paragraf 14,489,1,,,Sanksi,"Setiap pemegang lzin pita frekuensi radio yang berdasarkan hasil Pengawasan ditemukan tidak melunasi biaya hak penggunaan spektrum frekuensi radio untuk lzin pita frekuensi radio sampai dengan tanggal jatuh tempo, dikenai sanksi administratif berupa: a. teguran tertulis; b. denda administratif keterlambatan pembayaran PNBP yang terutang; c. penghentian layanan perizinan penggunaan spektrum frekuensi radio; d. penghentian sementara operasional penggunaan pita frekuensi radio; dan/ atau e. pencabutan izin pita frekuensi radio. (21 Sanksi administratif berupa teguran tertulis sebagaimana dimaksud pada ayat (1) huruf a dikenai sebanyak 3 (tiga) kali dengan tenggang waktu 14 (empat belas) Hari. -27t-",Pasal 489 ayat (1),"frekuensi, radio, pita, penggunaan, administratif",
PP_28_2025,PP Nomor 28 Tahun 2025,PP,2025,28,BAB XI,Sanksi,Bagian Kedua,Paragraf 14,489,3,,,Sanksi,Sanksi administratif berupa denda administratif sebagaimana dimaksud pada ayat (1) huruf b dikenakan sesuai dengan ketentuan peraturan perundang- undangan.,Pasal 489 ayat (3),"administratif, sanksi, berupa, denda, dikenakan",
PP_28_2025,PP Nomor 28 Tahun 2025,PP,2025,28,BAB XI,Sanksi,Bagian Kedua,Paragraf 14,489,4,,,Sanksi,"Sanksi administratif berupa penghentian layanan perizinan penggunaan spektrum frekuensi radio sebagaimana dimaksud pada ayat (1) huruf c, dikenakan bersamaan dengan teguran tertulis pertama.",Pasal 489 ayat (4),"sanksi, administratif, berupa, penghentian, layanan",
PP_28_2025,PP Nomor 28 Tahun 2025,PP,2025,28,BAB XI,Sanksi,Bagian Kedua,Paragraf 14,489,5,,,Sanksi,"Dalam hal sampai dengan batas waktu teguran tertulis kedua, pemeganglzin pita frekuensi radio belum melunasi biaya hak penggunaan spektrum frekuensi radio untuk lzin pita frekuensi radio dan/atau denda administratif, dikenai sanksi administratif berupa penghentian sementara operasional penggunaan pita frekuensi radio sebagaimana dimaksud pada ayat (1) huruf d yang pengenaannya bersamaan dengan teguran tertulis ketiga.",Pasal 489 ayat (5),"frekuensi, radio, pita, teguran, tertulis",
PP_28_2025,PP Nomor 28 Tahun 2025,PP,2025,28,BAB XI,Sanksi,Bagian Kedua,Paragraf 14,489,6,,,Sanksi,"Dalam hal sampai dengan batas waktu teguran tertulis ketiga, pemeganglzin pita frekuensi radio belum melunasi biaya hak penggunaan spektrum frekuensi radio untuk lzin pita frekuensi radio dan/atau denda administratif, dikenai sanksi administratif berupa pencabutan lzin pita frekuensi radio sebagaimana dimaksud pada ayat (1) huruf e.",Pasal 489 ayat (6),"frekuensi, radio, pita, lzin, administratif",
PP_28_2025,PP Nomor 28 Tahun 2025,PP,2025,28,BAB XI,Sanksi,Bagian Kedua,Paragraf 14,490,1,,,Sanksi,"Setiap pemegang lzin pita frekuensi radio yang berdasarkan hasil Pengawasan ditemukan menggunakan pita frekuensi radio yang tidak sesuai dengan peruntukannya, dikenai sanksi administratif berupa: a. teguran tertulis;",Pasal 490 ayat (1),"pita, frekuensi, radio, setiap, pemegang",
PP_28_2025,PP Nomor 28 Tahun 2025,PP,2025,28,BAB XI,Sanksi,Bagian Kedua,Paragraf 14,490,1,b,,Sanksi,denda administratif; dan c. penghentian sementara operasional stasiun radio yang tidak sesuai dengan peruntukan. (21 Sanksi administratif sebagaimana dimaksud pada ayat (1) dikenakan secara kumulatif.,Pasal 490 ayat (1) huruf b,"administratif, denda, penghentian, sementara, operasional",
PP_28_2025,PP Nomor 28 Tahun 2025,PP,2025,28,BAB XI,Sanksi,Bagian Kedua,Paragraf 14,490,3,,,Sanksi,Sanksi administratif berupa penghentian sementara operasional stasiun radio sebagaimana dimaksud pada ayat (1) huruf c dapat dicabut jika pemegang lzin ptta frekuensi radio telah menyesuaikan penggunaan pita frekuensi radio sesuai dengan peruntukannya. Pasal,Pasal 490 ayat (3),"radio, frekuensi, sanksi, administratif, berupa",
PP_28_2025,PP Nomor 28 Tahun 2025,PP,2025,28,BAB XI,Sanksi,Bagian Kedua,Paragraf 14,49,1,,,Sanksi,"Setiap pemegang lzin pita frekuensi radio yang berdasarkan hasil Pengawasan ditemukan menimbulkan gangguan yang merugikan (harmful interference) dalam penggunaan pita frekuensi radio, dikenai sanksi administratif berupa: a. teguran tertulis; dan b. penghentian sementara operasional stasiun radio yang menimbulkan gangguan yang merugikan (harmful interference).",Pasal 49 ayat (1),"radio, pita, frekuensi, menimbulkan, gangguan",
PP_28_2025,PP Nomor 28 Tahun 2025,PP,2025,28,BAB XI,Sanksi,Bagian Kedua,Paragraf 14,49,2,,,Sanksi,Sanksi administratif sebagaimana dimaksud pada ayat (1) dikenakan secara kumulatif.,Pasal 49 ayat (2),"sanksi, administratif, dikenakan, kumulatif",
PP_28_2025,PP Nomor 28 Tahun 2025,PP,2025,28,BAB XI,Sanksi,Bagian Kedua,Paragraf 14,49,3,,,Sanksi,Sanksi administratif berupa penghentian sementara operasional stasiun radio sebagaimana dimaksud pada ayat (1) huruf b dapat dicabut jika pemegang lzin pita frekuensi radio dalam penggunaan pita frekuensi radionya tidak lagi menimbulkan gangguan yang merugikan (harmfut interference) .,Pasal 49 ayat (3),"radio, pita, frekuensi, sanksi, administratif",
PP_28_2025,PP Nomor 28 Tahun 2025,PP,2025,28,BAB XI,Sanksi,Bagian Kedua,Paragraf 14,49,4,,,Sanksi,"Dalam hal penggunaan pita frekuensi radio yang menimbulkan gangguan yang merugikan (harmful interference) berpotensi menimbulkan bahaya bagi keamanan negara dan/atau keselamatan jiwa manusia, selain sanksi administratif sebagaimana dimaksud pada ayat (1), dapat dikenai sanksi pidana sesuai dengan ketentuan peraturan perundang-undangan.",Pasal 49 ayat (4),"menimbulkan, sanksi, penggunaan, pita, frekuensi",
PP_28_2025,PP Nomor 28 Tahun 2025,PP,2025,28,BAB XI,Sanksi,Bagian Kedua,Paragraf 14,492,1,,,Sanksi,"Setiap pemegang lzin pita frekuensi radio yang berdasarkan hasil Pengawasan ditemukan melakukan kerja sama penggunaan spektrum frekuensi radio tanpa persetujuan dari menteri yang menyelenggarakan urusan pemerintahan di bidang komunikasi dan informasi, dikenai sanksi administratif berupa: a. teguran tertulis; b. denda administratif;",Pasal 492 ayat (1),"frekuensi, radio, administratif, setiap, pemegang",Menteri
PP_28_2025,PP Nomor 28 Tahun 2025,PP,2025,28,BAB XI,Sanksi,Bagian Kedua,Paragraf 14,492,1,c,,Ketentuan,penghentian kerja sama penggunaan spektrum frekuensi radio; dan/ atau,Pasal 492 ayat (1) huruf c,"penghentian, kerja, sama, penggunaan, spektrum",
PP_28_2025,PP Nomor 28 Tahun 2025,PP,2025,28,BAB XI,Sanksi,Bagian Kedua,Paragraf 14,492,1,d,,Sanksi,"pencabutanlzin pita frekuensi radio. (21 Sanksi administratif sebagaimana dimaksud pada ayat (1) huruf a, huruf b, dan huruf c dikenakan secara kumulatif. R.EPUBLIK INDONESIA",Pasal 492 ayat (1) huruf d,"pencabutanlzin, pita, frekuensi, radio, sanksi",
PP_28_2025,PP Nomor 28 Tahun 2025,PP,2025,28,BAB XI,Sanksi,Bagian Kedua,Paragraf 14,492,3,,,Sanksi,"Dalam hal setelah 30 (tiga puluh) hari kalender pemegang lzin pita frekuensi radio yang dikenai sanksi administratif sebagaimana dimaksud pada ayat (1) huruf a, huruf b, dan huruf c belum mengajukan permohonan persetujuan kepada menteri yang menyelenggarakan urusan pemerintahan di bidang komunikasi dan informasi, melunasi denda administratif, dan/atau menghentikan kerja sama penggunaan spektrum frekuensi radio, dikenai sanksi administratif berupa pencabutan izin pita frekuensi radio sebagaimana dimaksud pada ayat (1) huruf d.",Pasal 492 ayat (3),"frekuensi, radio, administratif, pita, dikenai",Menteri
PP_28_2025,PP Nomor 28 Tahun 2025,PP,2025,28,BAB XI,Sanksi,Bagian Kedua,Paragraf 14,493,1,,,Sanksi,"Setiap pemegang lzin pita frekuensi radio yang berdasarkan hasil Pengawasan ditemukan melakukan pengalihan hak penggunaan spektrum frekuensi radio tanpa persetujuan dari menteri yang menyelenggarakan urusan pemerintahan di bidang komunikasi dan informasi, dikenai sanksi administratif berupa: a. teguran tertulis; b. denda administratif; c. penghentian layanan perizinan penggunaan spektrum frekuensi radio;",Pasal 493 ayat (1),"frekuensi, radio, penggunaan, spektrum, administratif",Menteri
PP_28_2025,PP Nomor 28 Tahun 2025,PP,2025,28,BAB XI,Sanksi,Bagian Kedua,Paragraf 14,493,1,d,,Ketentuan,penghentian sementara operasional penggunaan pita frekuensi radio; dan/ atau,Pasal 493 ayat (1) huruf d,"penghentian, sementara, operasional, penggunaan, pita",
PP_28_2025,PP Nomor 28 Tahun 2025,PP,2025,28,BAB XI,Sanksi,Bagian Kedua,Paragraf 14,493,1,e,,Ketentuan,pencabutan lzin pita frekuensi radio.,Pasal 493 ayat (1) huruf e,"pencabutan, lzin, pita, frekuensi, radio",
PP_28_2025,PP Nomor 28 Tahun 2025,PP,2025,28,BAB XI,Sanksi,Bagian Kedua,Paragraf 14,493,2,,,Sanksi,Sanksi administratif sebagaimana dimaksud pada ayat (1) huruf a sampai dengan huruf d dikenakan secara kumulatif.,Pasal 493 ayat (2),"sanksi, administratif, sampai, dikenakan, kumulatif",
PP_28_2025,PP Nomor 28 Tahun 2025,PP,2025,28,BAB XI,Sanksi,Bagian Kedua,Paragraf 14,493,3,,,Sanksi,"Dalam hal setelah 30 (tiga puluh) hari kalender pemegang Izin pita frekuensi radio yang dikenai sanksi administratif sebagaimana dimaksud pada ayat (1) huruf a sampai dengan huruf d belum mengajukan permohonan persetujuan kepada menteri yang menyelenggarakan urusan pemerintahan di bidang komunikasi dan informasi, melunasi denda administratif, dan/atau menghentikan sementara operasional penggunaan pita frekuensi radio, dikenai sanksi administratif berupa pencabutan lzin pita frekuensi radio sebagaimana dimaksud pada ayat (1) huruf e. Pasal",Pasal 493 ayat (3),"pita, frekuensi, radio, administratif, dikenai",Menteri
PP_28_2025,PP Nomor 28 Tahun 2025,PP,2025,28,BAB XI,Sanksi,Bagian Kedua,Paragraf 14,494,1,,,Sanksi,"Setiap pemeganglzin stasiun radio yang berdasarkan hasil Pengawasan ditemukan menyampaikan data yang tidak benar dan/atau dokumen yang tidak valid dalam pemenuhan persyaratan Izin stasiun radio, dikenai sanksi administratif berupa: a. teguran tertulis;",Pasal 494 ayat (1),"stasiun, radio, setiap, pemeganglzin, hasil",
PP_28_2025,PP Nomor 28 Tahun 2025,PP,2025,28,BAB XI,Sanksi,Bagian Kedua,Paragraf 14,494,1,b,,Ketentuan,penghentian layanan pertzinan penggunaan spektrum frekuensi radio;,Pasal 494 ayat (1) huruf b,"penghentian, layanan, pertzinan, penggunaan, spektrum",
PP_28_2025,PP Nomor 28 Tahun 2025,PP,2025,28,BAB XI,Sanksi,Bagian Kedua,Paragraf 14,494,1,c,,Ketentuan,penghentian sementara operasional pemancaran spektrum frekuensi radio; dan/atau,Pasal 494 ayat (1) huruf c,"penghentian, sementara, operasional, pemancaran, spektrum",
PP_28_2025,PP Nomor 28 Tahun 2025,PP,2025,28,BAB XI,Sanksi,Bagian Kedua,Paragraf 14,494,1,d,,Sanksi,pencabutan izin stasiun radio. (21 Sanksi administratif sebagaimana dimaksud pada ayat (1) huruf a dan huruf b dikenakan secara kumulatif.,Pasal 494 ayat (1) huruf d,"pencabutan, izin, stasiun, radio, sanksi",
PP_28_2025,PP Nomor 28 Tahun 2025,PP,2025,28,BAB XI,Sanksi,Bagian Kedua,Paragraf 14,494,3,,,Sanksi,"Dalam hal sampai dengan batas waktu teguran tertulis sebagaimana dimaksud pada ayat (1) huruf a, pemegang Izin stasiun radio tidak memberikan bukti mengenai kebenaran data dan/atau validitas dokumen, dikenai sanksi administratif berupa penghentian sementara operasional pemancaran spektrum frekuensi radio sebagaimana dimaksud pada ayat (1) huruf c selama (satu) bulan.",Pasal 494 ayat (3),"radio, sampai, batas, waktu, teguran",
PP_28_2025,PP Nomor 28 Tahun 2025,PP,2025,28,BAB XI,Sanksi,Bagian Kedua,Paragraf 14,494,4,,,Sanksi,"Dalam hal sampai dengan batas waktu 1 (satu) bulan sebagaimana dimaksud pada ayat (3), pemegang lzin stasiun radio tidak memberikan bukti mengenai kebenaran data dan/atau validitas dokumen, dikenai sanksi administratif berupa pencabutan Izin stasiun radio sebagaimana dimaksud pada ayat (1) huruf d.",Pasal 494 ayat (4),"stasiun, radio, sampai, batas, waktu",
PP_28_2025,PP Nomor 28 Tahun 2025,PP,2025,28,BAB XI,Sanksi,Bagian Kedua,Paragraf 14,494,5,,,Sanksi,"Selain sanksi administratif sebagaimana dimaksud pada ayat (1), pemeganglzin stasiun radio yang menyampaikan data yang tidak benar dan/atau dokumen yang tidak valid dapat dikenai sanksi pidana sesuai dengan ketentuan peraturan perundang-undangan.",Pasal 494 ayat (5),"sanksi, selain, administratif, pemeganglzin, stasiun",
PP_28_2025,PP Nomor 28 Tahun 2025,PP,2025,28,BAB XI,Sanksi,Bagian Kedua,Paragraf 14,495,1,,,Sanksi,"Setiap pemeganglzin stasiun radio yang berdasarkan hasil Pengawasan ditemukan tidak melunasi biaya hak penggunaan spektrum frekuensi radio untuk izin stasiun radio sampai dengan tanggal jatuh tempo, dikenai sanksi administratif berupa: R.EFUBLIK INDONESIA a. teguran tertulis; b. denda administratif keterlambatan pembayaran PNBP yang terutang; c. penghentian layanan perizinan penggunaan spektrum frekuensi radio;",Pasal 495 ayat (1),"radio, stasiun, penggunaan, spektrum, frekuensi",
PP_28_2025,PP Nomor 28 Tahun 2025,PP,2025,28,BAB XI,Sanksi,Bagian Kedua,Paragraf 14,495,1,d,,Sanksi,penghentian sementara operasional stasiun radio; dan/atau e. pencabutan lzin stasiun radio. (21 Sanksi administratif berupa teguran tertulis sebagaimana dimaksud pada ayat (1) huruf a dikenakan sebanyak 3 (tiga) kali dengan tenggang waktu 14 (empat belas) Hari.,Pasal 495 ayat (1) huruf d,"stasiun, radio, penghentian, sementara, operasional",
PP_28_2025,PP Nomor 28 Tahun 2025,PP,2025,28,BAB XI,Sanksi,Bagian Kedua,Paragraf 14,495,3,,,Sanksi,Sanksi administratif berupa denda administratif sebagaimana dimaksud pada ayat (1) huruf b dikenakan sesuai dengan ketentuan peraturan perundang- undangan.,Pasal 495 ayat (3),"administratif, sanksi, berupa, denda, dikenakan",
PP_28_2025,PP Nomor 28 Tahun 2025,PP,2025,28,BAB XI,Sanksi,Bagian Kedua,Paragraf 14,495,4,,,Sanksi,"Sanksi administratif berupa penghentian layanan perizinan penggunaan spektrum frekuensi radio sebagaimana dimaksud pada ayat (1) huruf c, dikenakan bersamaan dengan teguran tertulis kesatu.",Pasal 495 ayat (4),"sanksi, administratif, berupa, penghentian, layanan",
PP_28_2025,PP Nomor 28 Tahun 2025,PP,2025,28,BAB XI,Sanksi,Bagian Kedua,Paragraf 14,495,5,,,Sanksi,"Dalam hal sampai dengan batas waktu teguran tertulis kedua pemeganglzin stasiun radio belum melunasi biaya hak penggunaan spektrum frekuensi radio untuk lzin stasiun radio dan/atau denda administratif, dikenai sanksi administratif berupa penghentian sementara operasional stasiun radio sebagaimana dimaksud pada ayat (1) huruf d yang pengenaannya bersamaan dengan teguran tertulis ketiga.",Pasal 495 ayat (5),"radio, stasiun, teguran, tertulis, administratif",
PP_28_2025,PP Nomor 28 Tahun 2025,PP,2025,28,BAB XI,Sanksi,Bagian Kedua,Paragraf 14,495,6,,,Sanksi,"Dalam hal sampai dengan batas waktu teguran tertulis ketiga pemeganglzin stasiun radio belum melunasi biaya hak penggunaan spektrum frekuensi radio untuk Izin stasiun radio dan/atau denda administratif, dikenai sanksi administratif berupa pencabutan Izin stasiun radio sebagaimana dimaksud pada ayat (1) huruf e.",Pasal 495 ayat (6),"radio, stasiun, izin, administratif, sampai",
PP_28_2025,PP Nomor 28 Tahun 2025,PP,2025,28,BAB XI,Sanksi,Bagian Kedua,Paragraf 14,496,1,,,Sanksi,"Setiap pemegang lzin stasiun radio untuk dinas radio komunikasi tertentu yang berdasarkan hasil Pengawasan ditemukan tidak menggunakan sinyal identifikasi atau identitas stasiun radio pada setiap pemancaran spektrum frekuensi radio, dikenai sanksi administratif berupa: a. teguran tertulis;",Pasal 496 ayat (1),"radio, setiap, stasiun, pemegang, lzin",
PP_28_2025,PP Nomor 28 Tahun 2025,PP,2025,28,BAB XI,Sanksi,Bagian Kedua,Paragraf 14,496,1,b,,Ketentuan,penghentian. . .,Pasal 496 ayat (1) huruf b,penghentian,
PP_28_2025,PP Nomor 28 Tahun 2025,PP,2025,28,BAB XI,Sanksi,Bagian Kedua,Paragraf 14,496,1,b,,Ketentuan,penghentian sementara operasional stasiun radio; dan/atau c. pencabutan lzin stasiun radio.,Pasal 496 ayat (1) huruf b,"stasiun, radio, penghentian, sementara, operasional",
PP_28_2025,PP Nomor 28 Tahun 2025,PP,2025,28,BAB XI,Sanksi,Bagian Kedua,Paragraf 14,496,2,,,Sanksi,Sanksi administratif berupa teguran tertulis sebagaimana dimaksud pada ayat (1) huruf a dikenakan sebanyak 3 (tiga) kali dengan tenggang waktu 14 (empat belas) hari kalender.,Pasal 496 ayat (2),"sanksi, administratif, berupa, teguran, tertulis",
PP_28_2025,PP Nomor 28 Tahun 2025,PP,2025,28,BAB XI,Sanksi,Bagian Kedua,Paragraf 14,496,3,,,Sanksi,"Jika dalam waktu 14 (empat belas) hari kalender setelah teguran tertulis diberikan, pemegang izin stasiun radio tetap tidak menggunakan sinyal identif,rkasi atau identitas stasiun radio pada setiap pemancaran spektrum frekuensi radio, dikenai sanksi administratif berupa penghentian sementara operasional stasiun radio sebagaimana dimaksud pada ayat (1) huruf b selama 30 (tiga puluh) hari kalender.",Pasal 496 ayat (3),"radio, stasiun, hari, kalender, waktu",
PP_28_2025,PP Nomor 28 Tahun 2025,PP,2025,28,BAB XI,Sanksi,Bagian Kedua,Paragraf 14,496,4,,,Sanksi,"Jika dalam waktu setelah penghentian sementara sebagaimana dimaksud pada ayat (3) berakhiry pemegang Izin stasiun radio tetap tidak menggunakan sinyal identifikasi atau identitas stasiun radio pada setiap pemancaran spektrum frekuensi radio, dikenai sanksi administratif berupa pencabutan Izin stasiun radio.",Pasal 496 ayat (4),"radio, stasiun, izin, waktu, setelah",
PP_28_2025,PP Nomor 28 Tahun 2025,PP,2025,28,BAB XI,Sanksi,Bagian Kedua,Paragraf 14,497,,,,Sanksi,"1) Setiap pemegan glzin stasiun radio yang berdasarkan hasil ( Pengawasan ditemukan menggunakan frekuensi radio yang tidak sesuai dengan peruntukannya dan/atau mengoperasikan stasiun radio tidak sesuai dengan parameter teknis yang ditetapkan dalam Izin stasiun radio, dikenai sanksi administratif berupa: a. teguran tertulis; b. denda administratif; dan c. penghentian sementara operasional stasiun radio yang tidak sesuai dengan peruntukan dan/atau tidak sesuai dengan parameter teknis. (21 Sanksi administratif sebagaimana dimaksud pada ayat (1) dikenakan secara kumulatif.",Pasal 497,"radio, stasiun, administratif, parameter, teknis",
PP_28_2025,PP Nomor 28 Tahun 2025,PP,2025,28,BAB XI,Sanksi,Bagian Kedua,Paragraf 14,497,3,,,Sanksi,Sanksi administratif berupa penghentian sementara operasional stasiun radio sebagaimana dimaksud pada ayat (1) huruf c dapat dicabut jika pemegang Izin stasiun radio telah menyesuaikan penggunaan frekuensi radio sesuai dengan peruntukannya dan/atau sesuai parameter teknisnya. Pasal. . . REPUEUK INDONESIA -277 -,Pasal 497 ayat (3),"radio, stasiun, sanksi, administratif, berupa",
PP_28_2025,PP Nomor 28 Tahun 2025,PP,2025,28,BAB XI,Sanksi,Bagian Kedua,Paragraf 14,498,1,,,Sanksi,"Setiap pemeganglzin stasiun radio yang berdasarkan hasil Pengawasan ditemukan menimbulkan gangguan yang merugikan (harmful interference) dalam penggunaan frekuensi radio, dikenai sanksi administratif berupa: a. teguran tertulis; dan b. penghentian sementara operasional stasiun radio yang menimbulkan gangguan yang merugikan (harmful interferencel.",Pasal 498 ayat (1),"radio, stasiun, menimbulkan, gangguan, merugikan",
PP_28_2025,PP Nomor 28 Tahun 2025,PP,2025,28,BAB XI,Sanksi,Bagian Kedua,Paragraf 14,498,2,,,Sanksi,Sanksi administratif sebagaimana dimaksud pada ayat (1) dikenakan secara kumulatif.,Pasal 498 ayat (2),"sanksi, administratif, dikenakan, kumulatif",
PP_28_2025,PP Nomor 28 Tahun 2025,PP,2025,28,BAB XI,Sanksi,Bagian Kedua,Paragraf 14,498,3,,,Sanksi,Sanksi administratif berupa penghentian sementara operasional stasiun radio sebagaimana dimaksud pada ayat (1) huruf b dapat dicabut jika pemegang Izin stasiun radio dalam penggunaan frekuensi radionya tidak lagi menimbulkan gangguan yang merugikan (harmful interferencel.,Pasal 498 ayat (3),"stasiun, radio, sanksi, administratif, berupa",
PP_28_2025,PP Nomor 28 Tahun 2025,PP,2025,28,BAB XI,Sanksi,Bagian Kedua,Paragraf 14,498,4,,,Sanksi,"Dalam hal penggunaan frekuensi radio yang menimbulkan gangguan yang merugikan (harmful interferencel, berpotensi menimbulkan bahaya bagi keamanan negara jiwa dan/atau keselamatan manusia, selain sanksi administratif sebagaimana dimaksud pada ayat (1), dapat dikenai sanksi pidana sesuai dengan ketentuan peraturan perundang-undangan.",Pasal 498 ayat (4),"menimbulkan, sanksi, penggunaan, frekuensi, radio",
PP_28_2025,PP Nomor 28 Tahun 2025,PP,2025,28,BAB XI,Sanksi,Bagian Kedua,Paragraf 14,499,1,,,Sanksi,"Setiap pemegang lzin stasiun radio angkasa yang berdasarkan hasil Pengawasan ditemukan tidak mendaftarkan stasiun bumi secara berkala setiap tahun, dikenai sanksi administratif berupa: a. teguran tertulis; b. dendaadministratif; c. penghentian sementara operasional stasiun bumi yang tidak terdaftar; dan/atau",Pasal 499 ayat (1),"stasiun, setiap, bumi, pemegang, lzin",
PP_28_2025,PP Nomor 28 Tahun 2025,PP,2025,28,BAB XI,Sanksi,Bagian Kedua,Paragraf 14,499,1,d,,Sanksi,pencabutan lzin stasiun radio angkasa. (21 Sanksi administratif berupa teguran tertulis sebagaimana dimaksud pada ayat (1) huruf a dikenakan sebanyak 3 (tiga) kali dengan tenggang waktu 14 (empat belas) hari kalender.,Pasal 499 ayat (1) huruf d,"pencabutan, lzin, stasiun, radio, angkasa",
PP_28_2025,PP Nomor 28 Tahun 2025,PP,2025,28,BAB XI,Sanksi,Bagian Kedua,Paragraf 14,499,3,,,Sanksi,"Dalam hal sampai dengan batas waktu teguran kesatu, pemeganglzin stasiun radio angkasa belum mendaftarkan stasiun bumi, dikenai sanksi administratif berupa: a. denda administratif sebagaimana dimaksud pada ayat",Pasal 499 ayat (3),"stasiun, administratif, sampai, batas, waktu",
PP_28_2025,PP Nomor 28 Tahun 2025,PP,2025,28,BAB XI,Sanksi,Bagian Kedua,Paragraf 14,499,1,,,Sanksi,"huruf b; dan b. penghentian sementara operasional stasiun bumi yang tidak terdaftar sebagaimana dimaksud pada ayat (l) huruf c selama 30 (tiga puluh) hari kalender. (41 Dalam hal sampai dengan batas waktu sebagaimana dimaksud pada ayat (3) huruf b, pemegang lzin stasiun radio angkasa belum mendaftarkan stasiun bumi, dikenai sanksi administratif berupa pencabutan Izin stasiun radio angkasa sebagaimana dimaksud pada ayat (1) huruf d. Pasal 5OO",Pasal 499 ayat (1),"stasiun, bumi, radio, angkasa, penghentian",
PP_28_2025,PP Nomor 28 Tahun 2025,PP,2025,28,BAB XI,Sanksi,Bagian Kedua,Paragraf 14,499,1,,,Sanksi,"Setiap Pelaku Usaha yang berdasarkan hasil Pengawasan ditemukan membuat, merakit, dan/atau memasukkan alat telekomunikasi dan/atau perangkat telekomunikasi untuk diperdagangkan dan/atau digunakan di wilayah Negara Kesatuan Republik Indonesia yang tidak memiliki sertifikat alat telekomunikasi dan/atau perangkat telekomunikasi, dikenai sanksi administratif berupa: a. teguran tertulis; b. pengenaan daya paksa polisional berupa penyegelan alat telekomunikasi dan/atau perangkat telekomunikasi;",Pasal 499 ayat (1),"telekomunikasi, alat, perangkat, berupa, setiap",Pelaku Usaha
PP_28_2025,PP Nomor 28 Tahun 2025,PP,2025,28,BAB XI,Sanksi,Bagian Kedua,Paragraf 14,499,1,c,,Sanksi,penarikan kembali seluruh alat telekomunikasi dan/atau perangkat telekomunikasi yang telah diperdagangkan dan/atau digunakan oleh masyarakat; dan/atau d. denda administratif.,Pasal 499 ayat (1) huruf c,"telekomunikasi, penarikan, kembali, seluruh, alat",Masyarakat
PP_28_2025,PP Nomor 28 Tahun 2025,PP,2025,28,BAB XI,Sanksi,Bagian Kedua,Paragraf 14,499,2,,,Sanksi,Sanksi administratif berupa teguran tertulis sebagaimana dimaksud pada ayat (1) huruf a dikenakan sebanyak 1 (satu) kali.,Pasal 499 ayat (2),"sanksi, administratif, berupa, teguran, tertulis",
PP_28_2025,PP Nomor 28 Tahun 2025,PP,2025,28,BAB XI,Sanksi,Bagian Kedua,Paragraf 14,499,3,,,Sanksi,"Sanksi administratif sebagaimana dimaksud pada ayat (1) huruf a, huruf b, dan huruf c dikenakan secara kumulatif atau alternatif.",Pasal 499 ayat (3),"sanksi, administratif, dikenakan, kumulatif, alternatif",
PP_28_2025,PP Nomor 28 Tahun 2025,PP,2025,28,BAB XI,Sanksi,Bagian Kedua,Paragraf 14,499,4,,,Sanksi,"R.EPUBUK INDONESIA (41 Dalam hal Pelaku Usaha yang dikenai sanksi administratif sebagaimana dimaksud pada ayat (3) tidak melakukan penarikan kembali seluruh alat telekomunikasi dan/atau perangkat telekomunikasi yang telah diperdagangkan dan/atau digunakan oleh masyarakat dalam jangka waktu yang ditentukan, dikenai sanksi administratif berupa denda administratif sebagaimana dimaksud pada ayat (1) huruf d.",Pasal 499 ayat (4),"administratif, dikenai, sanksi, telekomunikasi, epubuk","Pelaku Usaha, Masyarakat"
PP_28_2025,PP Nomor 28 Tahun 2025,PP,2025,28,BAB XI,Sanksi,Bagian Kedua,Paragraf 14,499,5,,,Sanksi,"Selain sanksi administratif sebagaimana dimaksud pada ayat (1), Pelaku Usaha yang membuat, merakit, dan/atau memasukkan alat telekomunikasi dan/atau perangkat telekomunikasi untuk diperdagangkan dan/atau digunakan di wilayah Negara Kesatuan Republik Indonesia yang tidak memiliki sertifikat alat telekomunikasi dan/atau perangkat telekomunikasi dapat dikenai sanksi pidana sesuai dengan ketentuan peraturan perundang- undangan.",Pasal 499 ayat (5),"telekomunikasi, sanksi, alat, perangkat, selain",Pelaku Usaha
PP_28_2025,PP Nomor 28 Tahun 2025,PP,2025,28,BAB XI,Sanksi,Bagian Kedua,Paragraf 14,501,1,,,Sanksi,"Setiap Pelaku Usaha yang berdasarkan hasil Pengawasan ditemukan membuat, merakit, dan/atau memasukkan alat telekomunikasi dan/atau perangkat telekomunikasi untuk diperdagangkan dan/atau digunakan di wilayah Negara Kesatuan Republik Indonesia yang tidak sesuai dengan sertifikat alat telekomunikasi dan/atau perangkat telekomunikasi yang dimiliki, dikenai sanksi administratif berupa: a. teguran tertulis;",Pasal 501 ayat (1),"telekomunikasi, alat, perangkat, setiap, pelaku",Pelaku Usaha
PP_28_2025,PP Nomor 28 Tahun 2025,PP,2025,28,BAB XI,Sanksi,Bagian Kedua,Paragraf 14,501,1,b,,Ketentuan,penarikan kembali seluruh alat telekomunikasi dan/atau perangkat telekomunikasi yang telah diperdagangkan dan/atau digunakan oleh masyarakat;,Pasal 501 ayat (1) huruf b,"telekomunikasi, penarikan, kembali, seluruh, alat",Masyarakat
PP_28_2025,PP Nomor 28 Tahun 2025,PP,2025,28,BAB XI,Sanksi,Bagian Kedua,Paragraf 14,501,1,c,,Sanksi,pencabutan sertifikat alat telekomunikasi dan/atau perangkat telekomunikasi; d. denda administratif; dan/atau,Pasal 501 ayat (1) huruf c,"telekomunikasi, pencabutan, sertifikat, alat, perangkat",
PP_28_2025,PP Nomor 28 Tahun 2025,PP,2025,28,BAB XI,Sanksi,Bagian Kedua,Paragraf 14,501,1,e,,Sanksi,penghentian layanan sertilikat alat telekomunikasi dan/atau perangkat telekomunikasi selama 1 (satu) tahun. (21 Sanksi administratif berupa teguran tertulis sebagaimana dimaksud pada ayat (1) huruf a diberikan sebanyak (satu) kali.,Pasal 501 ayat (1) huruf e,"telekomunikasi, satu, penghentian, layanan, sertilikat",
PP_28_2025,PP Nomor 28 Tahun 2025,PP,2025,28,BAB XI,Sanksi,Bagian Kedua,Paragraf 14,501,3,,,Sanksi,Sanksi. . .,Pasal 501 ayat (3),sanksi,
PP_28_2025,PP Nomor 28 Tahun 2025,PP,2025,28,BAB XI,Sanksi,Bagian Kedua,Paragraf 14,501,3,,,Sanksi,"Sanksi administratif sebagaimana dimaksud pada ayat (1) huruf a, huruf b, dan huruf c diberikan secara kumulatif.",Pasal 501 ayat (3),"sanksi, administratif, diberikan, kumulatif",
PP_28_2025,PP Nomor 28 Tahun 2025,PP,2025,28,BAB XI,Sanksi,Bagian Kedua,Paragraf 14,501,4,,,Sanksi,"Dalam hal Pelaku Usaha yang dikenai sanksi administratif sebagaimana dimaksud pada ayat (3) tidak melakukan penarikan kembali seluruh alat telekomunikasi dan/atau perangkat telekomunikasi yang telah diperdagangkan dan/atau digunakan oleh masyarakat dalam jangka waktu yang ditentukan, dikenai sanksi administratif berupa denda administratif dan penghentian layanan sertifikat alat telekomunikasi dan/atau perangkat telekomunikasi selama 1 (satu) tahun sebagaimana dimaksud pada ayat",Pasal 501 ayat (4),"telekomunikasi, administratif, dikenai, sanksi, alat","Pelaku Usaha, Masyarakat"
PP_28_2025,PP Nomor 28 Tahun 2025,PP,2025,28,BAB XI,Sanksi,Bagian Kedua,Paragraf 14,501,1,,,Ketentuan,huruf d dan huruf e.,Pasal 501 ayat (1),,
PP_28_2025,PP Nomor 28 Tahun 2025,PP,2025,28,BAB XI,Sanksi,Bagian Kedua,Paragraf 14,501,5,,,Sanksi,"Selain sanksi administratif sebagaimana dimaksud pada ayat (1), Pelaku Usaha yang membuat, merakit, dan/atau memasukkan alat telekomunikasi dan/atau perangkat telekomunikasi untuk diperdagangkan dan/atau digunakan di wilayah Negara Kesatuan Republik Indonesia yang tidak sesuai dengan sertifikat alat telekomunikasi dan/atau perangkat telekomunikasi yang dimiliki dapat dikenai sanksi pidana sesuai dengan ketentuan peraturan perundang-undangan.",Pasal 501 ayat (5),"telekomunikasi, sanksi, alat, perangkat, selain",Pelaku Usaha
PP_28_2025,PP Nomor 28 Tahun 2025,PP,2025,28,BAB XI,Sanksi,Bagian Kedua,Paragraf 14,502,1,,,Sanksi,"Setiap Pelaku Usaha yang berdasarkan hasil Pengawasan ditemukan memperdagangkan dan/atau menggunakan alat telekomunikasi dan/atau perangkat telekomunikasi yang tidak memiliki sertifikat alat telekomunikasi dan/atau perangkat telekomunikasi dan/atau tidak memenuhi standar teknis, dikenai sanksi administratif berupa: a. teguran tertulis; b. denda administratif;",Pasal 502 ayat (1),"telekomunikasi, alat, perangkat, administratif, setiap",Pelaku Usaha
PP_28_2025,PP Nomor 28 Tahun 2025,PP,2025,28,BAB XI,Sanksi,Bagian Kedua,Paragraf 14,502,1,c,,Ketentuan,pengenaan daya paksa polisional berupa penyegelan alat telekomunikasi dan/atau perangkat telekomunikasi; dan / atau,Pasal 502 ayat (1) huruf c,"telekomunikasi, pengenaan, daya, paksa, polisional",
PP_28_2025,PP Nomor 28 Tahun 2025,PP,2025,28,BAB XI,Sanksi,Bagian Kedua,Paragraf 14,502,1,d,,Sanksi,penarikan kembali seluruh alat telekomunikasi dan/atau perangkat telekomunikasi yang telah diperdagangkan dan/atau digunakan oleh masyarakat. (21 Sanksi administratif berupa teguran tertulis sebagaimana dimaksud pada ayat (1) huruf a diberikan sebanyak (satu) kali. -28t-,Pasal 502 ayat (1) huruf d,"telekomunikasi, penarikan, kembali, seluruh, alat",Masyarakat
PP_28_2025,PP Nomor 28 Tahun 2025,PP,2025,28,BAB XI,Sanksi,Bagian Kedua,Paragraf 14,502,3,,,Sanksi,"Dalam hal setiap Pelaku Usaha sebagaimana dimaksud pada ayat (1) masih memperdagangkan dan/atau menggunakan alat telekomunikasi dan/atau perangkat telekomunikasi yang tidak memiliki sertifikat alat telekomunikasi dan/atau perangkat telekomunikasi dan/atau tidak memenuhi standar teknis setelah 7 (tujuh) hari kalender sejak teguran tertulis sebagaimana dimaksud pada ayat (2l', dikenai sanksi administratif sebagaimana dimaksud pada ayat (1) huruf b, huruf c, dan huruf d secara kumulatif. (41 Selain sanksi administratif sebagaimana dimaksud pada ayat (1), setiap Pelaku Usaha yang memperdagangkan danf atau menggunakan alat telekomunikasi dan/atau perangkat telekomunikasi yang tidak memiliki sertifikat alat telekomunikasi dan/atau perangkat telekomunikasi dan/atau tidak memenuhi standar teknis sebagaimana dimaksud pada ayat (1) dapat dikenai sanksi pidana sesuai dengan ketentuan peraturan perundang- undangan.",Pasal 502 ayat (3),"telekomunikasi, alat, perangkat, sanksi, setiap",Pelaku Usaha
PP_28_2025,PP Nomor 28 Tahun 2025,PP,2025,28,BAB XI,Sanksi,Bagian Kedua,Paragraf 14,503,1,,,Sanksi,"Setiap pemegang sertifikat alat telekomunikasi dan/atau perangkat telekomunikasi yang berdasarkan hasil Pengawasan ditemukan menyampaikan data yang tidak benar dan/atau dokumen yang tidak valid dalam pemenuhan persyaratan sertifikat alat telekomunikasi dan/atau perangkat telekomunikasi, dikenai sanksi administratif berupa:",Pasal 503 ayat (1),"telekomunikasi, sertifikat, alat, perangkat, setiap",
PP_28_2025,PP Nomor 28 Tahun 2025,PP,2025,28,BAB XI,Sanksi,Bagian Kedua,Paragraf 14,503,1,a,,Ketentuan,pencabutan sertifikat alat telekomunikasi dan/atau perangkat telekomunikasi ;,Pasal 503 ayat (1) huruf a,"telekomunikasi, pencabutan, sertifikat, alat, perangkat",
PP_28_2025,PP Nomor 28 Tahun 2025,PP,2025,28,BAB XI,Sanksi,Bagian Kedua,Paragraf 14,503,1,b,,Ketentuan,penghentian layanan sertifikat alat telekomunikasi dan/atau perangkat telekomunikasi selama 2 (dua) tahun; dan,Pasal 503 ayat (1) huruf b,"telekomunikasi, penghentian, layanan, sertifikat, alat",
PP_28_2025,PP Nomor 28 Tahun 2025,PP,2025,28,BAB XI,Sanksi,Bagian Kedua,Paragraf 14,503,1,c,,Sanksi,penarikan kembali seluruh alat telekomunikasi dan/atau perangkat telekomunikasi yang telah diperdagangkan dan/atau digunakan oleh masyarakat. (21 Sanksi administratif sebagaimana dimaksud pada ayat (1) dikenakan secara kumulatif.,Pasal 503 ayat (1) huruf c,"telekomunikasi, penarikan, kembali, seluruh, alat",Masyarakat
PP_28_2025,PP Nomor 28 Tahun 2025,PP,2025,28,BAB XI,Sanksi,Bagian Kedua,Paragraf 14,503,3,,,Sanksi,"Selain sanksi administratif sebagaimana dimaksud pada ayat (1), Pelaku Usaha yang menyampaikan data tidak benar dan/atau dokumen yang tidak valid dapat dikenai sanksi pidana sesuai dengan ketentuan peraturan perundang-undangan. Pasal. . . TIEPUBUK INDONESIA",Pasal 503 ayat (3),"sanksi, selain, administratif, pelaku, usaha",Pelaku Usaha
PP_28_2025,PP Nomor 28 Tahun 2025,PP,2025,28,BAB XI,Sanksi,Bagian Kedua,Paragraf 14,504,,,,Sanksi,"Setiap Pelaku Usaha yang berdasarkan hasil Pengawasan tidak melakukan pembayaran setelah terbitnya surat pemberitahuan pembayaran sertifikat alat telekomunikasi dan/atau perangkat telekomunikasi sebanyak 2 (dua) kali dalam periode 1 (satu) tahun, dikenai sanksi administratif berupa penghentian layanan sertifikat alat telekomunikasi dan/atau perangkat telekomunikasi selama 6 (enam) bulan.",Pasal 504,"telekomunikasi, pembayaran, sertifikat, alat, perangkat",Pelaku Usaha
PP_28_2025,PP Nomor 28 Tahun 2025,PP,2025,28,BAB XI,Sanksi,Bagian Kedua,Paragraf 14,505,1,,,Sanksi,"Setiap pemegang sertifikat alat telekomunikasi dan/atau perangkat telekomunikasi yang berdasarkan hasil Pengawasan ditemukan tidak melaporkan bukti pemasangan label alat telekomunikasi dan/atau perangkat telekomunikasi sampai dengan batas waktu yang ditetapkan, dikenai sanksi administratif berupa peringatan tertulis. (21 Setiap pemegang sertifikat alat telekomunikasi dan/atau perangkat telekomunikasi yang berdasarkan hasil Pengawasan ditemukan tidak memasang label pada alat telekomunikasi dan/atau perangkat telekomunikasi yang diperdagangkan dan/atau dipergunakan, dikenai sanksi administratif berupa: a. teguran tertulis; dan/atau",Pasal 505 ayat (1),"telekomunikasi, alat, perangkat, setiap, pemegang",
PP_28_2025,PP Nomor 28 Tahun 2025,PP,2025,28,BAB XI,Sanksi,Bagian Kedua,Paragraf 14,505,1,b,,Ketentuan,penghentian layanan sertifikat alat telekomunikasi dan/atau perangkat telekomunikasi selama 6 (enam) bulan.,Pasal 505 ayat (1) huruf b,"telekomunikasi, penghentian, layanan, sertifikat, alat",
PP_28_2025,PP Nomor 28 Tahun 2025,PP,2025,28,BAB XI,Sanksi,Bagian Kedua,Paragraf 14,505,3,,,Sanksi,"Sanksi administratif berupa teguran tertulis sebagaimana dimaksud pada ayat (2) huruf a dikenakan sebanyak 3 (tiga) kali dengan tenggang waktu 14 (empat belas) hari kalender. (41 Jika dalam waktu 14 (empat belas) hari kalender setelah teguran tertulis ketiga dikenakan, pemegang sertifikat alat telekomunikasi dan/atau perangkat telekomunikasi tetap tidak memasang label pada alat telekomunikasi dan/atau perangkat telekomunikasi yang diperdagangkan dan/ atau dipergunakan, dikenai sanksi administratif berupa penghentian layanan sertifikat alat telekomunikasi dan/atau perangkat telekomunikasi selama 6 (enam) bulan sebagaimana dimaksud pada ayat (21huruf b. Pasal",Pasal 505 ayat (3),"telekomunikasi, alat, perangkat, sanksi, administratif",
PP_28_2025,PP Nomor 28 Tahun 2025,PP,2025,28,BAB XI,Sanksi,Bagian Kedua,Paragraf 14,506,1,,,Sanksi,"Setiap pemegang sertifikat alat telekomunikasi dan/atau perangkat telekomunikasi yang berdasarkan hasil Pengawasan ditemukan tidak mengajukan perubahan data administrasi sertifikat alat telekomunikasi dan/atau perangkat telekomunikasi sampai dengan batas waktu yang ditetapkan, dikenai sanksi administratif berupa: a. teguran tertulis; dan/atau",Pasal 506 ayat (1),"telekomunikasi, sertifikat, alat, perangkat, setiap",
PP_28_2025,PP Nomor 28 Tahun 2025,PP,2025,28,BAB XI,Sanksi,Bagian Kedua,Paragraf 14,506,1,b,,Ketentuan,penghentian layanan sertifikat alat telekomunikasi dan/atau perangkat telekomunikasi selama 1 (satu) tahun.,Pasal 506 ayat (1) huruf b,"telekomunikasi, penghentian, layanan, sertifikat, alat",
PP_28_2025,PP Nomor 28 Tahun 2025,PP,2025,28,BAB XI,Sanksi,Bagian Kedua,Paragraf 14,506,2,,,Sanksi,Sanksi administratif berupa teguran tertulis sebagaimana dimaksud pada ayat (1) huruf a dikenai sebanyak 3 (tiga) kali dengan tenggang waktu 14 (empat belas) hari kalender.,Pasal 506 ayat (2),"sanksi, administratif, berupa, teguran, tertulis",
PP_28_2025,PP Nomor 28 Tahun 2025,PP,2025,28,BAB XI,Sanksi,Bagian Kedua,Paragraf 14,507,,,,Sanksi,"Pelaku Usaha yang sertifikat alat telekomunikasi dan/atau perangkat telekomunikasinya dicabut, diumumkan melalui: a. media cetak; dan/atau b. media elektronik.",Pasal 507,"media, pelaku, usaha, sertifikat, alat",Pelaku Usaha
PP_28_2025,PP Nomor 28 Tahun 2025,PP,2025,28,BAB XI,Sanksi,Bagian Kedua,Paragraf 14,508,1,,,Ketentuan,"Dalam kondisi tertentu, alat telekomunikasi, perangkat telekomunikasi, dan/atau perangkat pendukung lainnya yang merupakan hasil pelanggaran sebagaimana dimaksud dalam Pasal 500, Pasal 501 , danf atau Pasal 502 dapat dilakukan pemusnahan oleh menteri yang menyelenggarakan urusan pemerintahan di bidang komunikasi dan informasi. (21 Kondisi tertentu sebagaimana dimaksud pada ayat (1) yaitu alat telekomunikasi, perangkat telekomunikasi, dan/ atau perangkat pendukung lainnya:",Pasal 508 ayat (1),"telekomunikasi, perangkat, kondisi, tertentu, alat",Menteri
PP_28_2025,PP Nomor 28 Tahun 2025,PP,2025,28,BAB XI,Sanksi,Bagian Kedua,Paragraf 14,508,1,a,,Ketentuan,membahayakan keselamatan jiwa manusia; b. tidak diketahui kepemilikannya; dan/atau,Pasal 508 ayat (1) huruf a,"membahayakan, keselamatan, jiwa, manusia, diketahui",
PP_28_2025,PP Nomor 28 Tahun 2025,PP,2025,28,BAB XI,Sanksi,Bagian Kedua,Paragraf 14,508,1,c,,Ketentuan,telah diserahkan oleh pemilik kepada menteri yang menyelenggarakan urusan pemerintahan di bidang komunikasi dan informasi untuk dimusnahkan. R.EPUBUK INDONESIA,Pasal 508 ayat (1) huruf c,"diserahkan, pemilik, kepada, menteri, menyelenggarakan",Menteri
PP_28_2025,PP Nomor 28 Tahun 2025,PP,2025,28,BAB XI,Sanksi,Bagian Kedua,Paragraf 14,508,3,,,Ketentuan,Ketentuan mengenai tata cara pemusnahan sebagaimana dimaksud pada ayat (1) diatur dalam peraturan menteri yang menyelenggarakan urusan pemerintahan di bidang komunikasi dan informasi.,Pasal 508 ayat (3),"mengenai, tata, cara, pemusnahan, diatur",Menteri
PP_28_2025,PP Nomor 28 Tahun 2025,PP,2025,28,BAB XI,Sanksi,Bagian Kedua,Paragraf 14,509,1,,,Sanksi,"Pengenaan denda administratif sebagaimana dimaksud dalam Pasal 472 huruf b, Pasal 473 huruf b, Pasal 474 ayat (1) huruf b dan ayat (21 huruf b, Pasal 486 ayat (1) huruf b, Pasal 487 ayat (1) huruf b, Pasal 490 ayat (1) huruf b, Pasal 492 ayat (1) huruf b, Pasal 493 ayat (1) huruf b, Pasal 497 ayat (1) huruf b, Pasal 499 ayat (ll huruf b, Pasal 500 ayat (1) huruf d, Pasal 501 ayat (1) huruf d, dan Pasal 502 ayat (1) huruf b dilaksanakan sesuai dengan ketentuan peraturan perLlndang-undangan di bidang penerimaan negara bukan pajak. (21 Pengenaan denda administratif sebagaimana dimaksud pada ayat (1) dihitung berdasarkan satuan poin pelanggaran dikalikan dengan tarif denda administratif.",Pasal 509 ayat (1),"denda, administratif, pengenaan, dilaksanakan, perllndang",
PP_28_2025,PP Nomor 28 Tahun 2025,PP,2025,28,BAB XI,Sanksi,Bagian Kedua,Paragraf 14,509,3,,,Sanksi,"Tarif denda administratif sebagaimana dimaksud pada ayat (2) sebesar Rp100.00O,00 (seratus ribu rupiah) per poin.",Pasal 509 ayat (3),"tarif, denda, administratif, sebesar, seratus",
PP_28_2025,PP Nomor 28 Tahun 2025,PP,2025,28,BAB XI,Sanksi,Bagian Kedua,Paragraf 14,510,1,,,Sanksi,"Pengenaan sanksi administratif sebagaimana dimaksud dalam Pasal 472,Pasal473, Pasal 474 ayat (1) huruf b dan ayat (21 huruf b, Pasal 482 ayat (1), Pasal 484 ayat (1), Pasal 486 ayat (1), Pasal 487 ayat (1), Pasal 488 ayat (1 Pasal 489 ayat (1) Pasal 490 ayat (1), Pasal 49r ayat (1 Pasal 492 ayat (1) Pasal 493 ayat (1), Pasal 494 ayat (1 Pasal 495 ayat (1) Pasal 496 ayat (1), Pasal 497 ayat (1 Pasal 498 ayat (1) Pasal 499 ayat (1), Pasal 500 ayat (1 Pasal 501 ayat (1), Pasal 5O2 ayat (1), Pasal 503 ayat (1), Pasal 504, Pasal 505 ayat (1) dan ayat (2), dan Pasal 506 ayat (1) diberikan oleh menteri yang menyelenggarakan urusan pemerintahan di bidang komunikasi dan informasi berdasarkan ketentuan peraturan perundang-undangan. (21 Ketentuan lebih lanjut mengenai tata cara pengenaan sanksi administratif, mekanisme, jangka waktu, upaya administratif, dan pejabat yang berwenang diatur dengan peraturan menteri yang menyelenggarakan urusan pemerintahan di bidang komunikasi dan informasi. Paragraf. . .",Pasal 510 ayat (1),"administratif, pengenaan, sanksi, menteri, menyelenggarakan",Menteri
PP_28_2025,PP Nomor 28 Tahun 2025,PP,2025,28,BAB XI,Sanksi,Bagian Kedua,Paragraf 15,511,1,,,Ketentuan,Pelaku Usaha pada subsektor industri pertahanan yang memperoleh: a. penetapan industri pertahanan;,Pasal 511 ayat (1),"industri, pertahanan, pelaku, usaha, subsektor",Pelaku Usaha
PP_28_2025,PP Nomor 28 Tahun 2025,PP,2025,28,BAB XI,Sanksi,Bagian Kedua,Paragraf 15,511,1,b,,Ketentuan,sertifikasi kelaikan fasilitas produksi atau fasilitas pemeliharaan pertahanan ;,Pasal 511 ayat (1) huruf b,"fasilitas, sertifikasi, kelaikan, produksi, pemeliharaan",
PP_28_2025,PP Nomor 28 Tahun 2025,PP,2025,28,BAB XI,Sanksi,Bagian Kedua,Paragraf 15,511,1,c,,Ketentuan,lzin produksi alat peralatan pertahanan dan keamanan;,Pasal 511 ayat (1) huruf c,"lzin, produksi, alat, peralatan, pertahanan",
PP_28_2025,PP Nomor 28 Tahun 2025,PP,2025,28,BAB XI,Sanksi,Bagian Kedua,Paragraf 15,511,1,d,,Ketentuan,Izin ekspor alat peralatan pertahanan dan keamanan serta bahan baku bahan peledak dan bahan peledak aksesoris;,Pasal 511 ayat (1) huruf d,"bahan, peledak, izin, ekspor, alat",
PP_28_2025,PP Nomor 28 Tahun 2025,PP,2025,28,BAB XI,Sanksi,Bagian Kedua,Paragraf 15,511,1,e,,Ketentuan,Izin impor alat peralatan pertahanan dan keamanan serta bahan baku bahan peledak dan bahan peledak aksesoris; dan/atau,Pasal 511 ayat (1) huruf e,"bahan, peledak, izin, impor, alat",
PP_28_2025,PP Nomor 28 Tahun 2025,PP,2025,28,BAB XI,Sanksi,Bagian Kedua,Paragraf 15,511,1,f,,Sanksi,"penetapan badan usaha di bidang industri bahan peledak, yang tidak memenuhi dan/atau melanggar PB pada subsektor industri pertahanan dikenai sanksi administratif. (21 Sanksi administratif sebagaimana dimaksud pada ayat (1) berupa: a. peringatan tertulis pertama; b. peringatan tertulis kedua; c. pencabutan penetapan sebagai industri pertahanan;",Pasal 511 ayat (1) huruf f,"industri, penetapan, pertahanan, sanksi, administratif",Badan Usaha
PP_28_2025,PP Nomor 28 Tahun 2025,PP,2025,28,BAB XI,Sanksi,Bagian Kedua,Paragraf 15,511,1,d,,Ketentuan,pencabutan sertifikat kelaikan fasilitas produksi atau fasilitas pemeliharaan pertahanan;,Pasal 511 ayat (1) huruf d,"fasilitas, pencabutan, sertifikat, kelaikan, produksi",
PP_28_2025,PP Nomor 28 Tahun 2025,PP,2025,28,BAB XI,Sanksi,Bagian Kedua,Paragraf 15,511,1,e,,Ketentuan,pencabutan lzin produksi alat peralatan pertahanan dan keamanan; dan/atau f. pencabutan penetapan badan usaha di bidang industri bahan peledak.,Pasal 511 ayat (1) huruf e,"pencabutan, lzin, produksi, alat, peralatan",Badan Usaha
PP_28_2025,PP Nomor 28 Tahun 2025,PP,2025,28,BAB XI,Sanksi,Bagian Kedua,Paragraf 15,511,3,,,Sanksi,Sanksi administratif berupa peringatan tertulis pertama sebagaimana dimaksud pada ayat (21 huruf a dikenakan kepada Pelaku Usaha sejak diketahuinya pelanggaran.,Pasal 511 ayat (3),"sanksi, administratif, berupa, peringatan, tertulis",Pelaku Usaha
PP_28_2025,PP Nomor 28 Tahun 2025,PP,2025,28,BAB XI,Sanksi,Bagian Kedua,Paragraf 15,511,4,,,Sanksi,Sanksi administratif berupa peringatan tertulis kedua sebagaimana dimaksud pada ayat (21 huruf b dikenakan kepada Pelaku Usaha setelah tenggang waktu 3 (tiga) bulan sejak peringatan tertulis pertama tidak diindahkan.,Pasal 511 ayat (4),"peringatan, tertulis, sanksi, administratif, berupa",Pelaku Usaha
PP_28_2025,PP Nomor 28 Tahun 2025,PP,2025,28,BAB XI,Sanksi,Bagian Kedua,Paragraf 15,511,5,,,Sanksi,Sanksi. . .,Pasal 511 ayat (5),sanksi,
PP_28_2025,PP Nomor 28 Tahun 2025,PP,2025,28,BAB XI,Sanksi,Bagian Kedua,Paragraf 15,511,5,,,Sanksi,"Sanksi administratif pada ayat (21 huruf c, huruf d, huruf e, dan huruf f dikenakan kepada Pelaku Usaha setelah tenggang waktu 3 (tiga) bulan sejak peringatan tertulis kedua tidak diindahkan.",Pasal 511 ayat (5),"sanksi, administratif, dikenakan, kepada, pelaku",Pelaku Usaha
PP_28_2025,PP Nomor 28 Tahun 2025,PP,2025,28,BAB XI,Sanksi,Bagian Kedua,Paragraf 15,511,6,,,Sanksi,Sanksi sebagaimana dimaksud pada ayat (5) dapat ditindaklanjuti dengan proses hukum perdata dan/atau hukum pidana sesuai dengan ketentuan peraturan perundang-undangan.,Pasal 511 ayat (6),"hukum, sanksi, ditindaklanjuti, proses, perdata",
PP_28_2025,PP Nomor 28 Tahun 2025,PP,2025,28,BAB XI,Sanksi,Bagian Kedua,Paragraf 15,512,1,,,Sanksi,Menteri yang menyelenggarakan urusan pemerintahan di bidang pertahanan dapat memberikan sanksi selain sebagaimana dimaksud dalam Pasal 511 ayat (2) dengan memasukkan Pelaku Usaha ke dalam daftar hitam sesuai dengan ketentuan peraturan perundang-undangan. (21 Daftar hitam sebagaimana dimaksud pada ayat (1) dikenakan kepada Pelaku Usaha setelah tenggang waktu 3 (tiga) bulan sejak peringatan tertulis kedua tidak diindahkan.,Pasal 512 ayat (1),"pelaku, usaha, daftar, hitam, menteri","Pelaku Usaha, Menteri"
PP_28_2025,PP Nomor 28 Tahun 2025,PP,2025,28,BAB XI,Sanksi,Bagian Kedua,Paragraf 15,512,3,,,Ketentuan,Pelaku Usaha yang dikenai daftar hitam sebagaimana dimaksud pada ayat (21 tidak diperbolehkan berusaha di bidang industri pertahanan dan badan usaha di bidang industri bahan peledak selama 2 (dua) tahun sejak daftar hitam dikeluarkan.,Pasal 512 ayat (3),"usaha, daftar, hitam, bidang, industri","Pelaku Usaha, Badan Usaha"
PP_28_2025,PP Nomor 28 Tahun 2025,PP,2025,28,BAB XI,Sanksi,Bagian Kedua,Paragraf 15,513,1,,,Sanksi,Pengenaan sanksi administratif sebagaimana dimaksud dalam Pasal 511 ayat (2) dilaksanakan oleh menteri yang menyelenggarakan urusan pemerintahan di bidang pertahanan.,Pasal 513 ayat (1),"pengenaan, sanksi, administratif, dilaksanakan, menteri",Menteri
PP_28_2025,PP Nomor 28 Tahun 2025,PP,2025,28,BAB XI,Sanksi,Bagian Kedua,Paragraf 15,513,2,,,Sanksi,Pengenaan sanksi administratif sebagaimana dimaksud pada ayat (1) dinotifikasi melalui laman Sistem OSS.,Pasal 513 ayat (2),"pengenaan, sanksi, administratif, dinotifikasi, melalui",
PP_28_2025,PP Nomor 28 Tahun 2025,PP,2025,28,BAB XI,Sanksi,Bagian Kedua,Paragraf 15,513,3,,,Sanksi,Ketentuan lebih lanjut mengenai tata cara pengenaan sanksi administratif diatur dalam peraturan menteri yang menyelenggarakan urusan pemerintahan di bidang pertahanan. Pasal. . . -287 -,Pasal 513 ayat (3),"lebih, lanjut, mengenai, tata, cara",Menteri
PP_28_2025,PP Nomor 28 Tahun 2025,PP,2025,28,BAB XI,Sanksi,Bagian Kedua,Paragraf 15,514,1,,,Sanksi,Badan usaha jasa pengamanan yang tidak melaksanakan ketentuan PB subsektor keamanan dikenai sanksi administratif berupa: a. peringatan tertulis; b. pembekuan PB; dan/atau c. pencabutan PB. (21 Sanksi administratif berupa peringatan tertulis sebagaimana dimaksud pada ayat (1) huruf a dikenakan apabila badan usaha jasa pengamanan tidak membuat laporan setiap semester selama 2 (dua) kali berturut-turut.,Pasal 514 ayat (1),"badan, usaha, jasa, pengamanan, sanksi",Badan Usaha
PP_28_2025,PP Nomor 28 Tahun 2025,PP,2025,28,BAB XI,Sanksi,Bagian Kedua,Paragraf 15,514,3,,,Sanksi,Sanksi administratif berupa pembekuan PB sebagaimana dimaksud pada ayat (1) huruf b dikenakan apabila badan usaha jasa pengamanan tidak memperpanjang PB dalam jangka waktu 3 (tiga) bulan setelah berakhirnya masa berlaku PB.,Pasal 514 ayat (3),"sanksi, administratif, berupa, pembekuan, dikenakan",Badan Usaha
PP_28_2025,PP Nomor 28 Tahun 2025,PP,2025,28,BAB XI,Sanksi,Bagian Kedua,Paragraf 15,514,4,,,Sanksi,Sanksi administratif berupa pencabutan PB sebagaimana dimaksud pada ayat (1) huruf c dikenakan apabila dalam jangka waktu 3 (tiga) bulan setelah penetapan sanksi administratif berupa pembekuan PB sebagaimana dimaksud pada ayat (3) badan usaha jasa pengamanan tidak mengajukan perpanjangan PB.,Pasal 514 ayat (4),"sanksi, administratif, berupa, pencabutan, dikenakan",Badan Usaha
PP_28_2025,PP Nomor 28 Tahun 2025,PP,2025,28,BAB XI,Sanksi,Bagian Kedua,Paragraf 15,515,1,,,Sanksi,Pengenaan sanksi administratif sebagaimana dimaksud dalam Pasal 514 ayat (1) diberikan oleh kepala Kepolisian Negara Republik Indonesia sesuai dengan ketentuan peraturan perundang-undangan. (21 Pengenaan sanksi administratif sebagaimana dimaksud pada ayat (1) dinotifikasi melalui laman Sistem OSS.,Pasal 515 ayat (1),"pengenaan, sanksi, administratif, diberikan, kepala",
PP_28_2025,PP Nomor 28 Tahun 2025,PP,2025,28,BAB XI,Sanksi,Bagian Kedua,Paragraf 15,515,3,,,Sanksi,"Ketentuan mengenai tata cara pengenaan sanksi administratif, mekanisme, jangka waktu, upaya administratif, dan pejabat yang berwenang diatur dalam peraturan kepala Kepolisian Negara Republik Indonesia. Paragraf. .",Pasal 515 ayat (3),"administratif, mengenai, tata, cara, pengenaan",
PP_28_2025,PP Nomor 28 Tahun 2025,PP,2025,28,BAB XI,Sanksi,Bagian Kedua,Paragraf 16,516,1,,,Sanksi,"Setiap Pelaku Usaha yang berdasarkan hasil Pengawasan ditemukan ketidaksesuaian atau pelanggaran terhadap PB di sektor ekonomi kreatif, dikenai sanksi administratif berupa: a. peringatan; b. penghentian sementara kegiatan berusaha; c. pengenaan denda administratif; dan/atau d. pencabutan PB. (21 Pengenaan sanksi administratif sebagaimana dimaksud pada ayat (1) dilakukan: a. secara bertahap; dan b. secara tidak bertahap.",Pasal 516 ayat (1),"administratif, sanksi, pengenaan, bertahap, setiap",Pelaku Usaha
PP_28_2025,PP Nomor 28 Tahun 2025,PP,2025,28,BAB XI,Sanksi,Bagian Kedua,Paragraf 16,516,3,,,Sanksi,Sanksi administratif berupa peringatan sebagaimana dimaksud pada ayat (1) huruf a dikenakan kepada Pelaku Usaha berupa teguran tertulis paling banyak 3 (tiga) kali. (41 Sanksi administratif berupa penghentian sementara kegiatan berusaha sebagaimana dimaksud pada ayat (1) huruf b dikenakan kepada Pelaku Usaha yang tidak mematuhi peringatan sebagaimana dimaksud pada ayat (3).,Pasal 516 ayat (3),"berupa, sanksi, administratif, peringatan, dikenakan",Pelaku Usaha
PP_28_2025,PP Nomor 28 Tahun 2025,PP,2025,28,BAB XI,Sanksi,Bagian Kedua,Paragraf 16,516,5,,,Sanksi,Sanksi administratif berupa pengenaan denda administratif sebagaimana dimaksud pada ayat (1) huruf c dikenakan kepada Pelaku Usaha yang tidak mematuhi penghentian sementara kegiatan berusaha sebagaimana dimaksud pada ayat (4).,Pasal 516 ayat (5),"administratif, sanksi, berupa, pengenaan, denda",Pelaku Usaha
PP_28_2025,PP Nomor 28 Tahun 2025,PP,2025,28,BAB XI,Sanksi,Bagian Kedua,Paragraf 16,516,6,,,Sanksi,Sanksi administratif berupa pencabutan PB sebagaimana dimaksud pada ayat (1) huruf d dikenakan kepada Pelaku Usaha yang tidak membayar denda administratif sebagaimana dimaksud pada ayat (5). (71 Pengenaan sanksi administratif sebagaimana dimaksud pada ayat (1) dilakukan berdasarkan tingkat kepatuhan atas hasil Pengawasan. Pasal. . . R.EPUBLIK INDONESIA,Pasal 516 ayat (6),"administratif, sanksi, berupa, pencabutan, dikenakan",Pelaku Usaha
PP_28_2025,PP Nomor 28 Tahun 2025,PP,2025,28,BAB XI,Sanksi,Bagian Kedua,Paragraf 16,517,1,,,Sanksi,"Pengenaan sanksi administratif sebagaimana dimaksud dalam Pasal 516 ayat (1) diberikan oleh menteri/kepala badan yang menyelenggarakan suburusan pemerintahan ekonomi kreatif dan tugas pemerintahan di bidang ekonomi kreatif, gubernur, bupati lwali kota, kepala Administrator KEK, atau kepala Badan Pengusahaan KPBPB sesuai dengan kewenangan masing-masing berdasarkan ketentuan peraturan perundang-undangan. (21 Ketentuan mengenai tata cara pengenaan sanksi administratif, mekanisme, jangka waktu, upaya administratif, dan pejabat yang berwenang diatur dalam peraturan menteri/kepala badan yang menyelenggarakan suburusan pemerintahan ekonomi kreatif dan tugas pemerintahan di bidang ekonomi kreatif.",Pasal 517 ayat (1),"kepala, pemerintahan, ekonomi, kreatif, administratif","Gubernur, Menteri, Bupati, Badan"
PP_28_2025,PP Nomor 28 Tahun 2025,PP,2025,28,BAB XI,Sanksi,Bagian Kedua,Paragraf 17,518,,,,Sanksi,"Setiap Pelaku Usaha yang berdasarkan hasil Pengawasan ditemukan ketidaksesuaian atau pelanggaran terhadap PB pada sektor informasi geospasial, dikenai sanksi administratif berupa: a. peringatan; b. penghentian sementara; c. pengenaan denda administratif; danlatau d. pencabutan PB.",Pasal 518,"administratif, setiap, pelaku, usaha, hasil",Pelaku Usaha
PP_28_2025,PP Nomor 28 Tahun 2025,PP,2025,28,BAB XI,Sanksi,Bagian Kedua,Paragraf 17,519,1,,,Sanksi,"Pengenaan sanksi administratif sebagaimana dimaksud dalam Pasal 518 diberikan oleh kepala badan yang melaksanakan tugas pemerintahan di bidang informasi geospasial berdasarkan ketentuan peraturan perLlndang- undangan. (21 Ketentuan mengenai tata cara pengenaan sanksi administratif, mekanisme, jangka waktu, upaya administratif, dan pejabat yang berwenang diatur dalam peraturan kepala badan yang melaksanakan tugas pemerintahan di bidang informasi geospasial. Paragraf. . .",Pasal 519 ayat (1),"administratif, pengenaan, sanksi, kepala, badan",Badan
PP_28_2025,PP Nomor 28 Tahun 2025,PP,2025,28,BAB XI,Sanksi,Bagian Kedua,Paragraf 18,520,,,,Sanksi,"Setiap Pelaku Usaha yang berdasarkan hasil Pengawasan ditemukan ketidaksesuaian atau pelanggaran terhadap PB pada sektor ketenagakerjaan, dikenai sanksi administratif berupa: a. peringatan tertulis; b. pembatasan kegiatan usaha; c. penghentian sementara kegiatan usaha; d. pencabutan PB; dan/atau e. pengenaan denda administratif.",Pasal 520,"usaha, administratif, kegiatan, setiap, pelaku",Pelaku Usaha
PP_28_2025,PP Nomor 28 Tahun 2025,PP,2025,28,BAB XI,Sanksi,Bagian Kedua,Paragraf 18,521,,,,Sanksi,"Setiap Pelaku Usaha yang berdasarkan hasil Pengawasan ditemukan ketidaksesuaian atau pelanggaran terhadap PB UMKU pada sektor ketenagakerjaan, dikenai sanksi administratif berupa: a. peringatan tertulis; b. penghentian sementara kegiatan; dan/atau c. pencabutan PB UMKU.",Pasal 521,"umku, setiap, pelaku, usaha, hasil",Pelaku Usaha
PP_28_2025,PP Nomor 28 Tahun 2025,PP,2025,28,BAB XI,Sanksi,Bagian Kedua,Paragraf 18,522,,,,Sanksi,"Pengenaan sanksi administratif PB dan/atau PB UMKU sektor ketenagakerjaan diberikan oleh menteri yang menyelenggarakan urusan pemerintahan di bidang ketenagakerjaan, menteri/kepala badan yang menyelenggarakan suburusan pemerintahan pelindungan pekerja migran Indonesia dan tugas pemerintahan di bidang pelindungan pekerja migran Indonesia, gubernur, bupati/wali kota, kepala Administrator KEK, dan kepala Badan Pengusahaan KPBPB sesuai dengan kewenangan masing- masing berdasarkan ketentuan peraturan perundang- undangan.",Pasal 522,"pemerintahan, kepala, ketenagakerjaan, menteri, menyelenggarakan","Wali Kota, Gubernur, Menteri, Pekerja, Bupati, Badan"
PP_28_2025,PP Nomor 28 Tahun 2025,PP,2025,28,BAB XI,Sanksi,Bagian Kedua,Paragraf 18,523,,,,Sanksi,"Ketentuan mengenai tata cara pengenaan sanksi administratif PB dan/atau PB UMKU, mekanisme, jangka waktu, upaya administratif, dan pejabat yang berwenang diatur dalam:",Pasal 523,"administratif, mengenai, tata, cara, pengenaan",
PP_28_2025,PP Nomor 28 Tahun 2025,PP,2025,28,BAB XI,Sanksi,Bagian Kedua,Paragraf 18,523,,a,,Ketentuan,peraturan menteri yang menyelenggarakan urusan pemerintahan di bidang ketenagakerjaan; dan,Pasal 523 huruf a,"menteri, menyelenggarakan, urusan, pemerintahan, bidang",Menteri
PP_28_2025,PP Nomor 28 Tahun 2025,PP,2025,28,BAB XI,Sanksi,Bagian Kedua,Paragraf 18,523,,b,,Ketentuan,peraturan . R.EPUBLIK INDONESIA,Pasal 523 huruf b,"epublik, indonesia",
PP_28_2025,PP Nomor 28 Tahun 2025,PP,2025,28,BAB XI,Sanksi,Bagian Kedua,Paragraf 18,523,,b,,Ketentuan,"peraturan menteri/kepala badan yang menyelenggarakan suburusan pemerintahan pelindungan pekerja migran Indonesia dan tugas pemerintahan di bidang pelindungan pekerja migran Indonesia, sesuai dengan kewenangan masing-masing berdasarkan ketentuan peraturan perundang-undangan.",Pasal 523 huruf b,"pemerintahan, pelindungan, pekerja, migran, indonesia","Menteri, Pekerja, Badan"
PP_28_2025,PP Nomor 28 Tahun 2025,PP,2025,28,BAB XI,Sanksi,Bagian Kedua,Paragraf 19,524,1,,,Sanksi,"Setiap Pelaku Usaha yang berdasarkan hasil Pengawasan ditemukan ketidaksesuaian atau pelanggaran terhadap PB pada sektor perkoperasian, dikenai sanksi administratif berupa: a. peringatan; b. penurunan penilaian kesehatan; c. penghentian sementara kegiatan usaha;",Pasal 524 ayat (1),"usaha, setiap, pelaku, hasil, pengawasan",Pelaku Usaha
PP_28_2025,PP Nomor 28 Tahun 2025,PP,2025,28,BAB XI,Sanksi,Bagian Kedua,Paragraf 19,524,1,d,,Sanksi,pengenaan denda administratif; dan/atau e. pencabutan PB. (21 Penghentian sementara kegiatan usaha sebagaimana dimaksud pada ayat (1) huruf c dapat disertai dengan usulan pemberhentian sementara terhadap pengurLls dan/atau pengawas.,Pasal 524 ayat (1) huruf d,"sementara, pengenaan, denda, administratif, pencabutan",
PP_28_2025,PP Nomor 28 Tahun 2025,PP,2025,28,BAB XI,Sanksi,Bagian Kedua,Paragraf 19,525,1,,,Sanksi,"Pengenaan sanksi administratif sebagaimana dimaksud dalam Pasal 524 diberikan oleh menteri yang menyelenggarakan urusan pemerintahan di bidang koperasi, gubernur, bupati lwali kota sesuai dengan kewenangan masing-masing berdasarkan ketentuan peraturan perundang-undangan.",Pasal 525 ayat (1),"masing, pengenaan, sanksi, administratif, diberikan","Koperasi, Gubernur, Menteri, Bupati"
PP_28_2025,PP Nomor 28 Tahun 2025,PP,2025,28,BAB XI,Sanksi,Bagian Kedua,Paragraf 19,525,2,,,Sanksi,"Ketentuan mengenai tata cara pengenaan sanksi administratif PB, mekanisme, jangka waktu, upaya administratif, dan pejabat yang berwenang diatur dalam peraturan menteri yang menyelenggarakan urusan pemerintahan di bidang koperasi.",Pasal 525 ayat (2),"administratif, mengenai, tata, cara, pengenaan","Koperasi, Menteri"
PP_28_2025,PP Nomor 28 Tahun 2025,PP,2025,28,BAB XI,Sanksi,Bagian Kedua,Paragraf 20,526,1,,,Sanksi,"Setiap Pelaku Usaha sektor penanaman modal yang melanggar ketentuan PB, dikenai sanksi administratif berupa: a. peringatan tertulis; R.EPUBLIK INDONESIA b. pembatasan kegiatan usaha; c. pembekuan kegiatan usaha; d. denda administratif; e. pengenaan daya paksa polisional; dan/atau f. pencabutan PB. (21 Pengenaan sanksi administratif berupa pengenaan denda administratif sebagaimana dimaksud pada ayat (1) huruf d diberikan oleh menteri/kepala badan yang menyelenggarakan urusan pemerintahan di bidang investasi dan tugas pemerintahan di bidang koordinasi penanaman modal.",Pasal 526 ayat (1),"administratif, usaha, pengenaan, penanaman, modal","Pelaku Usaha, Menteri, Badan"
PP_28_2025,PP Nomor 28 Tahun 2025,PP,2025,28,BAB XI,Sanksi,Bagian Kedua,Paragraf 20,526,3,,,Sanksi,Tata cara pengenaan sanksi administratif sebagaimana dimaksud pada ayat (1) dan ayat (21dilakukan: a. secara bertahap; dan b. secara tidak bertahap.,Pasal 526 ayat (3),"bertahap, tata, cara, pengenaan, sanksi",
PP_28_2025,PP Nomor 28 Tahun 2025,PP,2025,28,BAB XI,Sanksi,Bagian Kedua,Paragraf 20,527,,,,Sanksi,"Pengenaan sanksi administratif sektor Penanaman Modal diberikan oleh menteri/kepala badan yang menyelenggarakan urusan pemerintahan di bidang investasi dan tugas pemerintahan di bidang koordinasi penanaman modal, kepala Administrator KEK, atau kepala Badan Pengusahaan KPBPB sesuai dengan kewenangan masing-masing berdasarkan ketentuan peraturan perundang-undangan.",Pasal 527,"kepala, penanaman, modal, badan, pemerintahan","Menteri, Badan"
PP_28_2025,PP Nomor 28 Tahun 2025,PP,2025,28,BAB XI,Sanksi,Bagian Kedua,Paragraf 20,528,,,,Sanksi,"Ketentuan mengenai tata cara pengenaan sanksi administratif, mekanisme, jangka waktu, upaya administratif, dan pejabat yang berwenang diatur dalam peraturan menteri/kepala badan yang menyelenggarakan urusan pemerintahan di bidang investasi dan tugas pemerintahan di bidang koordinasi penanaman modal. Paragraf 2L Sektor Penyelenggaraan Sistem dan Transaksi Elektronik",Pasal 528,"administratif, pemerintahan, bidang, mengenai, tata","Menteri, Badan"
PP_28_2025,PP Nomor 28 Tahun 2025,PP,2025,28,BAB XI,Sanksi,Bagian Kedua,Paragraf 20,529,,,,Sanksi,"Setiap Pelaku Usaha yang berdasarkan hasil Pengawasan ditemukan ketidaksesuaian atau pelanggaran atas pemenuhan PB oleh Pelaku Usaha yang melakukan kegiatan usaha pada subsektor aktivitas konsultasi dan perancangan internet of things, dikenai sanksi administratif berupa:",Pasal 529,"usaha, pelaku, setiap, hasil, pengawasan",Pelaku Usaha
PP_28_2025,PP Nomor 28 Tahun 2025,PP,2025,28,BAB XI,Sanksi,Bagian Kedua,Paragraf 20,529,,a,,Sanksi,teguran . a. teguran tertulis; dan/atau b. pencabutan PB.,Pasal 529 huruf a,"teguran, tertulis, pencabutan",
PP_28_2025,PP Nomor 28 Tahun 2025,PP,2025,28,BAB XI,Sanksi,Bagian Kedua,Paragraf 20,530,1,,,Sanksi,"Pelaku Usaha aktivitas konsultasi dan perancangan internet of things yang tidak melakukan kegiatan konsultasi, perancangan, dan pembuatan solusi sistem terintegrasi internet of things sesuai dengan ketentuan peraturan perundang-undangan selama jangka waktu 3 (tiga) tahun berturut-turut, dikenai sanksi administratif berupa teguran tertulis kesatu. (21 Pelaku Usaha aktivitas konsultasi dan perancangan internet of things yang tidak melakukan kegiatan sebagaimana dimaksud pada ayat (1) selama jangka waktu 1 (satu) tahun berturut-turut sejak tanggal dikenakannya teguran tertulis kesatu, dikenai sanksi administratif berupa teguran tertulis kedua.",Pasal 530 ayat (1),"konsultasi, perancangan, internet, things, teguran",Pelaku Usaha
PP_28_2025,PP Nomor 28 Tahun 2025,PP,2025,28,BAB XI,Sanksi,Bagian Kedua,Paragraf 20,530,3,,,Sanksi,"Pelaku Usaha aktivitas konsultasi dan perancangan internet of things yang tidak melakukan kegiatan sebagaimana dimaksud pada ayat (1) selama jangka waktu 1 (satu) tahun berturut-turut sejak tanggal dikenakannya teguran tertulis kedua, dikenai sanksi administratif berupa pencabutan PB.",Pasal 530 ayat (3),"pelaku, usaha, aktivitas, konsultasi, perancangan",Pelaku Usaha
PP_28_2025,PP Nomor 28 Tahun 2025,PP,2025,28,BAB XI,Sanksi,Bagian Kedua,Paragraf 20,531,1,,,Sanksi,"Setiap penyelenggara sertifikasi elektronik yang berdasarkan hasil Pengawasan ditemukan ketidaksesuaian atau pelanggaran terhadap penyelenggaraan sertifikasi elektronik, dikenai sanksi administratif berupa: a. teguran tertulis; b. penghentian sementara; c. pemutusan akses; dan/atau",Pasal 531 ayat (1),"sertifikasi, elektronik, setiap, penyelenggara, hasil",
PP_28_2025,PP Nomor 28 Tahun 2025,PP,2025,28,BAB XI,Sanksi,Bagian Kedua,Paragraf 20,531,1,d,,Ketentuan,dikeluarkan dari daftar penyelenggara sertifikasi elektronik yang mendapat pengakuan dari menteri yang menyelenggarakan urusan pemerintahan di bidang komunikasi dan informasi. (21 Penghentian sementara sebagaimana dimaksud pada ayat (1) huruf b meliputi: a. penghentian sementara penyelenggaraan pendaftaran pemilik sertifikat elektronik; dan/atau,Pasal 531 ayat (1) huruf d,"elektronik, penghentian, sementara, dikeluarkan, daftar",Menteri
PP_28_2025,PP Nomor 28 Tahun 2025,PP,2025,28,BAB XI,Sanksi,Bagian Kedua,Paragraf 20,531,1,b,,Ketentuan,penghentian sementara kegiatan penyelenggara sertifikasi elektronik Indonesia.,Pasal 531 ayat (1) huruf b,"penghentian, sementara, kegiatan, penyelenggara, sertifikasi",
PP_28_2025,PP Nomor 28 Tahun 2025,PP,2025,28,BAB XI,Sanksi,Bagian Kedua,Paragraf 20,531,3,,,Sanksi,Penyelenggara sertifikasi elektronik dikenai sanksi administratif berupa teguran tertulis sebagaimana dimaksud pada ayat (1) huruf a melalui surat peringatan pertama apabila penyelenggara sertifikasi elektronik Indonesia tidak memenuhi kewajiban:,Pasal 531 ayat (3),"penyelenggara, sertifikasi, elektronik, dikenai, sanksi",
PP_28_2025,PP Nomor 28 Tahun 2025,PP,2025,28,BAB XI,Sanksi,Bagian Kedua,Paragraf 20,531,3,a,,Ketentuan,memperoleh pengakuan dari menteri yang menyelenggarakan urusan pemerintahan di bidang komunikasi dan informasi dengan berinduk kepada penyelen ggara sertifikasi elektronik induk;,Pasal 531 ayat (3) huruf a,"memperoleh, pengakuan, menteri, menyelenggarakan, urusan",Menteri
PP_28_2025,PP Nomor 28 Tahun 2025,PP,2025,28,BAB XI,Sanksi,Bagian Kedua,Paragraf 20,531,3,b,,Ketentuan,berbadan hukum Indonesia dan berdomisili di Indonesia dalam hal menyelenggarakan sertifikasi elektronik dan menyediakan layanan yang menggunakan sertifikat elektronik di Indonesia;,Pasal 531 ayat (3) huruf b,"indonesia, elektronik, berbadan, hukum, berdomisili",
PP_28_2025,PP Nomor 28 Tahun 2025,PP,2025,28,BAB XI,Sanksi,Bagian Kedua,Paragraf 20,531,3,c,,Ketentuan,memeriksa kebenaran identitas calon pemilik dan/atau pemilik sertilikat elektronik; d. melakukan validasi sertilikat elektronik;,Pasal 531 ayat (3) huruf c,"pemilik, sertilikat, elektronik, memeriksa, kebenaran",
PP_28_2025,PP Nomor 28 Tahun 2025,PP,2025,28,BAB XI,Sanksi,Bagian Kedua,Paragraf 20,531,3,e,,Sanksi,membuat daftar sertifikat elektronik yang aktif dan yang dicabut dengan mengelola sistem verifikasi sertifikat elektronik pemilik sertifikat elektronik (u alid ation autho rityl ;,Pasal 531 ayat (3) huruf e,"sertifikat, elektronik, membuat, daftar, aktif",
PP_28_2025,PP Nomor 28 Tahun 2025,PP,2025,28,BAB XI,Sanksi,Bagian Kedua,Paragraf 20,531,3,f,,Ketentuan,memperbarui tanda lulus penyelenggara sertifikasi elektronik yang habis masa berlakunya; g. mengelola dan mengamankan sistem yang menyimpan identitas pemilik sertifikat elektronik;,Pasal 531 ayat (3) huruf f,"elektronik, memperbarui, tanda, lulus, penyelenggara",
PP_28_2025,PP Nomor 28 Tahun 2025,PP,2025,28,BAB XI,Sanksi,Bagian Kedua,Paragraf 20,531,3,h,,Ketentuan,memberitahukan pernyataan penyelenggaraan sertifikasi elektronik (certification practice statementl penyelenggaraan sertifikasi elektroniknya kepada pihak lain yang menggunakan jasa penyelenggara sertifikasi elektronik Indonesia;,Pasal 531 ayat (3) huruf h,"sertifikasi, penyelenggaraan, elektronik, memberitahukan, pernyataan",
PP_28_2025,PP Nomor 28 Tahun 2025,PP,2025,28,BAB XI,Sanksi,Bagian Kedua,Paragraf 20,531,3,i,,Ketentuan,mempublikasikan pernyataan penyelenggaraan sertifikasi elektronik (certification practice statement) penyelenggaraan sertifikasi elektroniknya di situs resmi layanannya; j. memberitahukan kontrak berlangganan (subscnber agreementl dan kebijakan privasi penyelenggaraan sertifikasi elektroniknya kepada calon pemilik dan/atau pemilik sertifikat elektronik; k. memberikan edukasi kepada calon pemilik dan/atau pemilik sertifikat elektronik mengenai penggunaan dan pengamanan sertifikat elektronik;,Pasal 531 ayat (3) huruf i,"elektronik, pemilik, penyelenggaraan, sertifikasi, sertifikat",
PP_28_2025,PP Nomor 28 Tahun 2025,PP,2025,28,BAB XI,Sanksi,Bagian Kedua,Paragraf 20,531,3,l,,Kewajiban,"menjamin kerugian akibat kegagalan layanan penyelenggaraan sertifikasi elektronik, kesengajaan, dan/atau kelalaian kepada orang, badan usaha, atau instansi karena kegagalannya dalam mematuhi kewajiban sebagai penyelenggara sertifikasi elektronik sesuai dengan ketentuan peraturan perundang- undangan;",Pasal 531 ayat (3) huruf l,"sertifikasi, elektronik, menjamin, kerugian, akibat","Badan Usaha, Instansi"
PP_28_2025,PP Nomor 28 Tahun 2025,PP,2025,28,BAB XI,Sanksi,Bagian Kedua,Paragraf 20,531,3,m,,Ketentuan,meminta persetujuan menteri yang menyelenggarakan urusan pemerintahan di bidang komunikasi dan informasi dalam hal terjadi perubahan layanan penyelenggara sertifikasi elektronik yang berbeda dengan ketentuan dalam kebijakan sertifikat elektronik (certificate policg) penyelenggara sertifi kasi elektronik induk Indonesia; n. melaksanakan audit terhadap otoritas pendaftarannya (r e g i s tr atio n autho ritgl ;,Pasal 531 ayat (3) huruf m,"elektronik, penyelenggara, meminta, persetujuan, menteri",Menteri
PP_28_2025,PP Nomor 28 Tahun 2025,PP,2025,28,BAB XI,Sanksi,Bagian Kedua,Paragraf 20,531,3,o,,Ketentuan,memelihara dokumen arsip secara sistematik dan dapat dipertanggungjawabkan baik dalam bentuk tertulis (trtaper-based) dan I atau elektronik (electronic- based);,Pasal 531 ayat (3) huruf o,"based, memelihara, dokumen, arsip, sistematik",
PP_28_2025,PP Nomor 28 Tahun 2025,PP,2025,28,BAB XI,Sanksi,Bagian Kedua,Paragraf 20,531,3,p,,Ketentuan,menyampaikan laporan kegiatan penyelenggara sertifikasi elektronik Indonesia secara berkala paling sedikit 1 (satu) kali dalam 1 (satu) tahun berjalan atau sewaktu-waktu kepada menteri yang menyelenggarakan urusan pemerintahan di bidang komunikasi dan informasi;,Pasal 531 ayat (3) huruf p,"satu, menyampaikan, laporan, kegiatan, penyelenggara",Menteri
PP_28_2025,PP Nomor 28 Tahun 2025,PP,2025,28,BAB XI,Sanksi,Bagian Kedua,Paragraf 20,531,3,q,,Ketentuan,"menerbitkan sertifikat elektronik dalam hal permohonan untuk memiliki sertifikat elektronik memenuhi standar verifikasi identitas yang diterbitkan oleh kementerian yang menyelenggarakan urusan pemerintahan di bidang komunikasi dan informasi; r. mengawasi, mengembangkan, mengimplementasikan, dan memperbarui dokumentasi terkait penyelenggaraan preservasi tanda tangan elektronik dan/atau segel elektronik dalam hal penyelenggara sertifikasi elektronik menyelenggarakan layanan preservasi tanda tangan elektronik dan/atau segel elektronik; IIEPUBUK INDONESIA s. mengembangkan, mengimplementasikan, mengawasi, dan memperbarui dokumentasi terkait penyelenggaraan penanda waktu elektronik dalam hal penyelenggara sertifikasi elektronik menyelenggarakan penanda waktu elektronik;",Pasal 531 ayat (3) huruf q,"elektronik, menyelenggarakan, sertifikat, mengawasi, mengembangkan",Kementerian
PP_28_2025,PP Nomor 28 Tahun 2025,PP,2025,28,BAB XI,Sanksi,Bagian Kedua,Paragraf 20,531,3,t,,Ketentuan,mengarsipkan informasi sebagaimana diatur dalam peraturan perundang-undangan dalam hal penyelenggara sertifikasi elektronik menyelenggarakan layanan pengiriman elektronik tersertifikasi;,Pasal 531 ayat (3) huruf t,"elektronik, mengarsipkan, informasi, diatur, perundang",
PP_28_2025,PP Nomor 28 Tahun 2025,PP,2025,28,BAB XI,Sanksi,Bagian Kedua,Paragraf 20,531,3,u,,Ketentuan,"menjamin kerahasiaan, integritas, dan ketersediaan dari log operasional layanan pengiriman elektronik tercatat, log verifikasi identitas dari pengirim dan penerima, dan log komunikasi dalam ha1 penyelenggara sertifikasi elektronik menyelenggarakan layanan pengiriman elektronik tersertifikasi; v. mengembangkan, mengimplementasikan, mengawasi, dan memperbarui dokumentasi terkait penyelenggaraan pengiriman elektronik tercatat dalam hal menyelenggarakan layanan pengiriman elektronik tercatat; dan/atau",Pasal 531 ayat (3) huruf u,"elektronik, pengiriman, layanan, tercatat, menyelenggarakan",
PP_28_2025,PP Nomor 28 Tahun 2025,PP,2025,28,BAB XI,Sanksi,Bagian Kedua,Paragraf 20,531,3,w,,Sanksi,menyetorkan setiap pendapatan yang diperolehnya dari biaya layanan penggunaan sertifikat elektronik yang dihitung dari persentase pendapatan kepada negara. (41 Penyelenggara sertifikasi elektronik dikenai sanksi administratif berupa teguran tertulis melalui surat peringatan kedua dalam hal surat peringatan pertama sebagaimana dimaksud pada ayat (3) tidak dipenuhi oleh penyelenggara sertifikasi elektronik dalam jangka waktu 10 (sepuluh) Hari sejak tanggal surat peringatan pertama diterima oleh penyelenggara sertifikasi elektronik tersebut.,Pasal 531 ayat (3) huruf w,"elektronik, penyelenggara, sertifikasi, surat, peringatan",
PP_28_2025,PP Nomor 28 Tahun 2025,PP,2025,28,BAB XI,Sanksi,Bagian Kedua,Paragraf 20,531,5,,,Sanksi,Penyelenggara sertifikasi elektronik dikenai sanksi administratif berupa teguran tertulis melalui surat peringatan ketiga dalam hal surat peringatan kedua sebagaimana dimaksud pada ayat (4) tidak dipenuhi oleh penyelenggara sertifikasi elektronik dalam jangka waktu 10 (sepuluh) Hari sejak tanggal surat peringatan kedua diterima oleh penyelenggara sertifikasi elektronik tersebut. -297 -,Pasal 531 ayat (5),"penyelenggara, sertifikasi, elektronik, surat, peringatan",
PP_28_2025,PP Nomor 28 Tahun 2025,PP,2025,28,BAB XI,Sanksi,Bagian Kedua,Paragraf 20,531,6,,,Sanksi,"Penyelenggara sertifikasi elektronik dikenai evaluasi menyeluruh, baik dari sisi kelembagaan, manajemen, maupun operasional dalam hal surat peringatan ketiga sebagaimana dimaksud pada ayat (5) tidak dipenuhi oleh penyelenggara sertifikasi elektronik dalam jangka waktu 1O (sepuluh) Hari sejak tanggal surat peringatan ketiga diterima oleh penyelenggara sertifikasi elektronik tersebut. (71 Penyelenggara sertifikasi elektronik dikenai sanksi administratif berupa penghentian sementara penyelenggaraan pendaftaran pemilik sertifikat elektronik sebagaimana dimaksud pada ayat (21 huruf a apabila penyelenggara sertifikasi elektronik tidak melakukan kewajiban:",Pasal 531 ayat (6),"elektronik, penyelenggara, sertifikasi, dikenai, surat",
PP_28_2025,PP Nomor 28 Tahun 2025,PP,2025,28,BAB XI,Sanksi,Bagian Kedua,Paragraf 20,531,6,a,,Ketentuan,melakukan pemeriksaan terhadap permohonan penerbitan sertifikat elektronik;,Pasal 531 ayat (6) huruf a,"melakukan, pemeriksaan, permohonan, penerbitan, sertifikat",
PP_28_2025,PP Nomor 28 Tahun 2025,PP,2025,28,BAB XI,Sanksi,Bagian Kedua,Paragraf 20,531,6,b,,Sanksi,"melakukan pemeriksaan ulang dalam hal terdapat permohonan perpanjangan, pemblokiran, dan/atau pencabutan sertifikat elektronik oleh pemohon, serta permohonan penerbitan sertifikat elektronik oleh pemohon sedangkan pada saat permohonan diajukan sertifikat elektronik sebelumnya sudah pernah dicabut atau masa berlakunya sudah berakhir; c. mengawasi, mengembangkan, mengimplementasikan, dan memperbarui dokumentasi terkait penyelenggaraan preservasi tanda tangan elektronik dan/atau segel elektronik jika menyelenggarakan layanan preservasi tanda tangan elektronik dan/atau segel elektronik; dan/atau d. mengetahui orang perseorangan sebagai penanggung jawab dari segel elektronik jika menyelenggarakan layanan segel elektronik.",Pasal 531 ayat (6) huruf b,"elektronik, segel, permohonan, sertifikat, pemohon",Orang Perseorangan
PP_28_2025,PP Nomor 28 Tahun 2025,PP,2025,28,BAB XI,Sanksi,Bagian Kedua,Paragraf 20,531,8,,,Sanksi,Penyelenggara sertifikasi elektronik dikenai sanksi administratif berupa penghentian sementara kegiatan penyelenggara sertifikasi elektronik sebagaimana dimaksud pada ayat (21 huruf b apabila tidak melakukan kewajiban:,Pasal 531 ayat (8),"penyelenggara, sertifikasi, elektronik, dikenai, sanksi",
PP_28_2025,PP Nomor 28 Tahun 2025,PP,2025,28,BAB XI,Sanksi,Bagian Kedua,Paragraf 20,531,8,a,,Ketentuan,"dalam menyelenggarakan layanan penanda waktu elektronik tersertifikasi, penyelenggara sertifikasi elektronik menggunakan perangkat penanda waktu yang memenuhi ketentuan:",Pasal 531 ayat (8) huruf a,"penanda, waktu, elektronik, menyelenggarakan, layanan",
PP_28_2025,PP Nomor 28 Tahun 2025,PP,2025,28,BAB XI,Sanksi,Bagian Kedua,Paragraf 20,531,8,a,1,Ketentuan,memelihara. . . 1. memelihara perangkat penanda waktu; 2. melindungi waktu perangkat penanda waktu dari segala ancaman yang menyebabkan perubahan waktu; dan,Pasal 531 ayat (8) huruf a angka 1,"waktu, memelihara, perangkat, penanda, melindungi",
PP_28_2025,PP Nomor 28 Tahun 2025,PP,2025,28,BAB XI,Sanksi,Bagian Kedua,Paragraf 20,531,8,a,3,Ketentuan,mendeteksi jika waktu yang terindikasi pada perangkat penanda waktu bergeser atau tidak sinkron lebih dari 1 (satu) detik dengan tanda waktu nasional.,Pasal 531 ayat (8) huruf a angka 3,"waktu, mendeteksi, terindikasi, perangkat, penanda",
PP_28_2025,PP Nomor 28 Tahun 2025,PP,2025,28,BAB XI,Sanksi,Bagian Kedua,Paragraf 20,531,8,b,,Ketentuan,"menghentikan proses pemberian layanan penanda waktu elektronik tersertifikasi melalui perangkat penanda waktu, dalam hal waktu yang terindikasi pada perangkat penanda waktu elektronik bergeser atau tidak sinkron sebagaimana dimaksud pada huruf a angka 3; c. mengembangkan, mengimplementasikan, mengawasi, dan memperbarui dokumentasi terkait penyelenggaraan penanda waktu elektronik; d. mengembangkan, mengimplementasikan, mengawasi, dan memperbarui dokumentasi terkait penyelenggaraan penanda waktu elektronik dalam hal penyelenggara sertifikasi elektronik Indonesia menyelenggarakan layanan penanda waktu elektronik;",Pasal 531 ayat (8) huruf b,"waktu, penanda, elektronik, layanan, perangkat",
PP_28_2025,PP Nomor 28 Tahun 2025,PP,2025,28,BAB XI,Sanksi,Bagian Kedua,Paragraf 20,531,8,e,,Ketentuan,"dalam menyelenggarakan layanan pengiriman elektronik tercatat tersertifikasi mulai dari pengiriman sampai dengan penerimaan, penyelenggara sertifikasi elektronik menjamin ketersediaan, integritas, dan kerahasiaan dari: . f informasi elektronikdanlatau dokumen elektronik yang ditransmisikan;",Pasal 531 ayat (8) huruf e,"elektronik, pengiriman, menyelenggarakan, layanan, tercatat",
PP_28_2025,PP Nomor 28 Tahun 2025,PP,2025,28,BAB XI,Sanksi,Bagian Kedua,Paragraf 20,531,8,e,2,Ketentuan,identitas pengirim dan penerima mulai dari pengiriman sampai dengan penerimaan; dan 3. menjamin akurasi tanggal dan waktu pengiriman dan penerimaan informasi elektronik dan/atau dokumen elektronik mulai dari pengiriman sampai dengan penerimaan;,Pasal 531 ayat (8) huruf e angka 2,"pengiriman, penerimaan, mulai, sampai, elektronik",
PP_28_2025,PP Nomor 28 Tahun 2025,PP,2025,28,BAB XI,Sanksi,Bagian Kedua,Paragraf 20,531,8,f,,Ketentuan,"dalam menyelenggarakan layanan pengiriman elektronik tercatat tersertifikasi, penyelenggara sertifikasi elektronik mengarsipkan paling sedikit: 1. data identifikasi pengirim dan penerima;",Pasal 531 ayat (8) huruf f,"elektronik, menyelenggarakan, layanan, pengiriman, tercatat",
PP_28_2025,PP Nomor 28 Tahun 2025,PP,2025,28,BAB XI,Sanksi,Bagian Kedua,Paragraf 20,531,8,f,2,Ketentuan,data R.EPUBUK INDONESIA 2. data autentikasi pengirim dan penerima;,Pasal 531 ayat (8) huruf f angka 2,"data, epubuk, indonesia, autentikasi, pengirim",
PP_28_2025,PP Nomor 28 Tahun 2025,PP,2025,28,BAB XI,Sanksi,Bagian Kedua,Paragraf 20,531,8,f,3,Ketentuan,bukti bahwa identitas pengirim telah diverifikasi;,Pasal 531 ayat (8) huruf f angka 3,"bukti, identitas, pengirim, diverifikasi",
PP_28_2025,PP Nomor 28 Tahun 2025,PP,2025,28,BAB XI,Sanksi,Bagian Kedua,Paragraf 20,531,8,f,4,Ketentuan,"log operasional layanan pengiriman elektronik tercatat, log verifikasi identitas dari pengirim dan penerima, dan log komunikasi;",Pasal 531 ayat (8) huruf f angka 4,"operasional, layanan, pengiriman, elektronik, tercatat",
PP_28_2025,PP Nomor 28 Tahun 2025,PP,2025,28,BAB XI,Sanksi,Bagian Kedua,Paragraf 20,531,8,f,5,Ketentuan,bukti verifikasi identitas penerima sebelum pengiriman informasi elektronik dan/atau dokumen elektronik;,Pasal 531 ayat (8) huruf f angka 5,"elektronik, bukti, verifikasi, identitas, penerima",
PP_28_2025,PP Nomor 28 Tahun 2025,PP,2025,28,BAB XI,Sanksi,Bagian Kedua,Paragraf 20,531,8,f,6,Ketentuan,bukti bahwa informasi elektronik dan/atau dokumen elektronik yang dikirimkan tidak berubah selama proses pengiriman;,Pasal 531 ayat (8) huruf f angka 6,"elektronik, bukti, informasi, dokumen, dikirimkan",
PP_28_2025,PP Nomor 28 Tahun 2025,PP,2025,28,BAB XI,Sanksi,Bagian Kedua,Paragraf 20,531,8,f,7,Ketentuan,"nilai hash dari informasi elektronik dan/atau dokumen elektronik yang dikirim; dan 8. token penanda waktu yang terkait dengan tanggal dan waktu pengiriman, penerimaan, dan perubahan informasi elektronik dan/atau dokumen elektronik; g. menjamin kerahasiaan, integritas, dan ketersediaan dari log operasional layanan pengiriman elektronik tercatat, log verifikasi identitas dari pengirim dan penerima, dan log komunikasi dalam menyelenggarakan layanan pengiriman elektronik tercatat tersertifikasi; dan/ atau h. mengembangkan, mengimplementasikan, mengawasi, dan memperbarui dokumentasi terkait penyelenggaraan pengiriman elektronik tercatat.",Pasal 531 ayat (8) huruf f angka 7,"elektronik, pengiriman, tercatat, informasi, dokumen",
PP_28_2025,PP Nomor 28 Tahun 2025,PP,2025,28,BAB XI,Sanksi,Bagian Kedua,Paragraf 20,531,9,,,Sanksi,Penyelenggara sertifikasi elektronik dikenai sanksi administratif berupa pemutusan akses sebagaimana dimaksud pada ayat (1) huruf c apabila tidak melakukan kewajiban memperoleh pengakuan dari menteri yang menyelenggarakan urusan pemerintahan di bidang komunikasi dan informasi dengan berinduk kepada penyelenggara sertifikasi elektronik induk yang diselenggarakan oleh menteri yang menyelenggarakan urusan pemerintahan di bidang komunikasi dan informasi. (1O) Penyelenggara sertifikasi elektronik dikenai sanksi administratif berupa dikeluarkan dari daftar penyelenggara sertifikasi elektronik yang diakui sebagaimana dimaksud pada ayat (1) huruf d apabila: REPUBLIK INOONESIA,Pasal 531 ayat (9),"penyelenggara, sertifikasi, elektronik, dikenai, sanksi",Menteri
PP_28_2025,PP Nomor 28 Tahun 2025,PP,2025,28,BAB XI,Sanksi,Bagian Kedua,Paragraf 20,531,9,a,,Kewajiban,tidak memenuhi kewajiban sebagaimana dimaksud pada ayat (71dan ayat (8) paling lambat 7 (tujuh) Hari;,Pasal 531 ayat (9) huruf a,"memenuhi, kewajiban, paling, lambat, tujuh",
PP_28_2025,PP Nomor 28 Tahun 2025,PP,2025,28,BAB XI,Sanksi,Bagian Kedua,Paragraf 20,531,9,b,,Kewajiban,tidak memenuhi kewajiban dalam surat peringatan ketiga dalam jangka waktu 10 (sepuluh) Hari sejak tanggal surat peringatan ketiga diterima;,Pasal 531 ayat (9) huruf b,"surat, peringatan, ketiga, memenuhi, kewajiban",
PP_28_2025,PP Nomor 28 Tahun 2025,PP,2025,28,BAB XI,Sanksi,Bagian Kedua,Paragraf 20,531,9,c,,Ketentuan,atas permintaan penyelenggara sertifikasi elektronik sendiri; dan/atau,Pasal 531 ayat (9) huruf c,"permintaan, penyelenggara, sertifikasi, elektronik, sendiri",
PP_28_2025,PP Nomor 28 Tahun 2025,PP,2025,28,BAB XI,Sanksi,Bagian Kedua,Paragraf 20,531,9,d,,Ketentuan,adanya putusan pengadilan terkait pelanggaran peraturan perundang-undangan yang dilakukan oleh penyelenggara sertifikasi elektronik Indonesia.,Pasal 531 ayat (9) huruf d,"adanya, putusan, pengadilan, terkait, pelanggaran",
PP_28_2025,PP Nomor 28 Tahun 2025,PP,2025,28,BAB XI,Sanksi,Bagian Kedua,Paragraf 20,532,1,,,Sanksi,"Setiap penyelenggara sistem elektronik lingkup privat yang berdasarkan hasil Pengawasan ditemukan ketidaksesuaian atau pelanggaran terhadap penyelenggaraan sistem elektronik lingkup privat, dikenai sanksi administratif berupa: a. teguran tertulis; b. denda administratif; c. penghentian sementara; d. pemutusan akses melalui pemblokiran akses (access blocking); dan/atau e. dikeluarkan dari daftar.",Pasal 532 ayat (1),"sistem, elektronik, lingkup, privat, administratif",
PP_28_2025,PP Nomor 28 Tahun 2025,PP,2025,28,BAB XI,Sanksi,Bagian Kedua,Paragraf 20,532,2,,,Sanksi,Penyelenggara sistem elektronik lingkup privat dikenai sanksi administratif berupa teguran tertulis sebagaimana dimaksud pada ayat (1) huruf a apabila: a. telah mempunyai tanda daftar tetapi tidak melaporkan perubahan terhadap informasi pendaftaran;,Pasal 532 ayat (2),"penyelenggara, sistem, elektronik, lingkup, privat",
PP_28_2025,PP Nomor 28 Tahun 2025,PP,2025,28,BAB XI,Sanksi,Bagian Kedua,Paragraf 20,532,2,b,,Ketentuan,tidak memberikan informasi pendaftaran dengan benar;,Pasal 532 ayat (2) huruf b,"memberikan, informasi, pendaftaran, benar",
PP_28_2025,PP Nomor 28 Tahun 2025,PP,2025,28,BAB XI,Sanksi,Bagian Kedua,Paragraf 20,532,2,c,,Larangan,tidak melakukan pemutusan akses (take down) terhadap informasi elektronik dan/atau dokumen elektronik yang dilarang sesuai dengan ketentuan peraturan perundang-undangan; dan/ atau d. tidak memberikan akses terhadap data elektronik dan sistem elektronik dalam rangka Pengawasan dan penegakan hukum. REFUBLIK INDONESIA,Pasal 532 ayat (2) huruf c,"elektronik, akses, melakukan, pemutusan, take",
PP_28_2025,PP Nomor 28 Tahun 2025,PP,2025,28,BAB XI,Sanksi,Bagian Kedua,Paragraf 20,532,3,,,Sanksi,Penyelenggara sistem elektronik lingkup privat dikenai sanksi administratif berupa penghentian sementara sebagaimana dimaksud pada ayat (1) huruf c apabila:,Pasal 532 ayat (3),"penyelenggara, sistem, elektronik, lingkup, privat",
PP_28_2025,PP Nomor 28 Tahun 2025,PP,2025,28,BAB XI,Sanksi,Bagian Kedua,Paragraf 20,532,3,a,,Sanksi,tidak mengindahkan teguran tertulis yang dikenai karena alasan sebagaimana dimaksud pada ayat (21 huruf a dan huruf b; dan/atau b. tidak memberikan akses terhadap data elektronik dan sistem elektronik dalam rangka Pengawasan dan penegakan hukum sebagaimana dimaksud pada ayat,Pasal 532 ayat (3) huruf a,"elektronik, mengindahkan, teguran, tertulis, dikenai",
PP_28_2025,PP Nomor 28 Tahun 2025,PP,2025,28,BAB XI,Sanksi,Bagian Kedua,Paragraf 20,532,2,,,Sanksi,huruf d. (41 Penyelenggara sistem elektronik lingkup privat dikenai sanksi administratif berupa pemutusan akses melalui pemblokiran akses (access blockingl sebagaimana dimaksud pada ayat (1) huruf d apabila:,Pasal 532 ayat (2),"akses, penyelenggara, sistem, elektronik, lingkup",
PP_28_2025,PP Nomor 28 Tahun 2025,PP,2025,28,BAB XI,Sanksi,Bagian Kedua,Paragraf 20,532,2,a,,Ketentuan,tidak melakukan pendaftaran;,Pasal 532 ayat (2) huruf a,"melakukan, pendaftaran",
PP_28_2025,PP Nomor 28 Tahun 2025,PP,2025,28,BAB XI,Sanksi,Bagian Kedua,Paragraf 20,532,2,b,,Ketentuan,tidak memberikan konfirmasi dalam jangka waktu 7 (tujuh) hari kalender setelah penghentian sementara sebagaimana dimaksud pada ayat (3) huruf a; dan/atau c. tidak memberikan akses terhadap data elektronik dan sistem elektronik dalam rangka Pengawasan dan penegakan hukum sebagaimana dimaksud pada ayat,Pasal 532 ayat (2) huruf b,"memberikan, elektronik, konfirmasi, jangka, waktu",
PP_28_2025,PP Nomor 28 Tahun 2025,PP,2025,28,BAB XI,Sanksi,Bagian Kedua,Paragraf 20,532,2,,,Ketentuan,huruf d.,Pasal 532 ayat (2),,
PP_28_2025,PP Nomor 28 Tahun 2025,PP,2025,28,BAB XI,Sanksi,Bagian Kedua,Paragraf 20,532,5,,,Sanksi,Penyelenggara sistem elektronik lingkup privat user generated content dikenai sanksi administratif berupa denda administratif sebagaimana dimaksud pada ayat (1) huruf b apabila tidak melakukan pemutusan akses (take down) berupa penutupan akun dan/atau penghapusan konten terhadap informasi elektronik dan/atau dokumen elektronik yang dilarang.,Pasal 532 ayat (5),"elektronik, administratif, berupa, penyelenggara, sistem",
PP_28_2025,PP Nomor 28 Tahun 2025,PP,2025,28,BAB XI,Sanksi,Bagian Kedua,Paragraf 20,532,6,,,Sanksi,Menteri yang menyelenggarakan urusan pemerintahan di bidang komunikasi dan informasi dapat mengenakan sanksi administratif berupa pemutusan akses melalui pemblokiran akses (access blocking) sebagaimana dimaksud pada ayat (1) huruf d dan/atau memerintahkan internet seruice prouider untuk melakukan pemutusan akses terhadap sistem elektronik kepada:,Pasal 532 ayat (6),"akses, pemutusan, menteri, menyelenggarakan, urusan",Menteri
PP_28_2025,PP Nomor 28 Tahun 2025,PP,2025,28,BAB XI,Sanksi,Bagian Kedua,Paragraf 20,532,6,a,,Larangan,penyelenggara sistem elektronik lingkup privat yang tidak melakukan pemutusan akses (take down) terhadap informasi elektronik dan/atau dokumen elektronik yang dilarang; dan REPUELIK INDONESIA,Pasal 532 ayat (6) huruf a,"elektronik, penyelenggara, sistem, lingkup, privat",
PP_28_2025,PP Nomor 28 Tahun 2025,PP,2025,28,BAB XI,Sanksi,Bagian Kedua,Paragraf 20,532,6,b,,Sanksi,penyelenggara sistem elektronik lingkup privat user generated content yang tidak melakukan pemutusan akses (take doutn) terhadap informasi elektronik dan/atau dokumen elektronik yang dilarang dan/atau tidak membayar denda administratif. (71 Sanksi administratif berupa pemutusan akses melalui pemblokiran akses (access blockingl terhadap sistem elektronik sebagaimana dimaksud pada ayat (6) dikenakan setelah mempertimbangkan alasan yang diajukan oleh penyelenggara sistem elektronik lingkup privat atau penyelenggara sistem elektronik lingkup privat user generated content.,Pasal 532 ayat (6) huruf b,"elektronik, sistem, penyelenggara, lingkup, privat",
PP_28_2025,PP Nomor 28 Tahun 2025,PP,2025,28,BAB XI,Sanksi,Bagian Kedua,Paragraf 20,532,8,,,Ketentuan,Penyelenggara sistem elektronik lingkup privat dikeluarkan dari daftar penyelenggara sistem elektroniknya sebagaimana dimaksud pada ayat,Pasal 532 ayat (8),"penyelenggara, sistem, elektronik, lingkup, privat",
PP_28_2025,PP Nomor 28 Tahun 2025,PP,2025,28,BAB XI,Sanksi,Bagian Kedua,Paragraf 20,532,1,,,Ketentuan,huruf e apabila:,Pasal 532 ayat (1),,
PP_28_2025,PP Nomor 28 Tahun 2025,PP,2025,28,BAB XI,Sanksi,Bagian Kedua,Paragraf 20,532,1,a,,Ketentuan,tidak memberikan konfirmasi dalam jangka waktu 7 (tujuh) hari kalender setelah penghentian sementara sebagaimana dimaksud pada ayat (3) huruf a; dan/atau b. tidak memberikan akses terhadap data elektronik dan sistem elektronik dalam rangka Pengawasan dan penegakan hukum sebagaimana dimaksud pada ayat,Pasal 532 ayat (1) huruf a,"memberikan, elektronik, konfirmasi, jangka, waktu",
PP_28_2025,PP Nomor 28 Tahun 2025,PP,2025,28,BAB XI,Sanksi,Bagian Kedua,Paragraf 20,532,3,,,Ketentuan,huruf b.,Pasal 532 ayat (3),,
PP_28_2025,PP Nomor 28 Tahun 2025,PP,2025,28,BAB XI,Sanksi,Bagian Kedua,Paragraf 20,533,1,,,Sanksi,Pengenaan denda administratif sebagaimana dimaksud dalam Pasal 532 ayat (1) huruf b dilaksanakan sesuai dengan ketentuan peraturan perundang-undangan di bidang penerimaan negara bukan pajak.,Pasal 533 ayat (1),"pengenaan, denda, administratif, dilaksanakan, perundang",
PP_28_2025,PP Nomor 28 Tahun 2025,PP,2025,28,BAB XI,Sanksi,Bagian Kedua,Paragraf 20,533,2,,,Sanksi,Pengenaan denda administratif sebagaimana dimaksud pada ayat (1) dihitung berdasarkan satuan poin pelanggaran dikalikan dengan tarif denda administratif.,Pasal 533 ayat (2),"denda, administratif, pengenaan, dihitung, satuan",
PP_28_2025,PP Nomor 28 Tahun 2025,PP,2025,28,BAB XI,Sanksi,Bagian Kedua,Paragraf 20,533,3,,,Sanksi,"Tarif denda administratif sebagaimana dimaksud pada ayat (2) sebesar Rp100.000,00 (seratus ribu rupiah) per poin.",Pasal 533 ayat (3),"tarif, denda, administratif, sebesar, seratus",
PP_28_2025,PP Nomor 28 Tahun 2025,PP,2025,28,BAB XI,Sanksi,Bagian Kedua,Paragraf 20,534,,,,Sanksi,"Setiap Pelaku Usaha yang berdasarkan hasil Pengawasan ditemukan ketidaksesuaian atau pelanggaran atas pemenuhan PB oleh Pelaku Usaha yang melakukan kegiatan usaha pada subsektor aktivitas pemrograman berbasis kecerdasan artifisial, dikenai sanksi administratif berupa:",Pasal 534,"usaha, pelaku, setiap, hasil, pengawasan",Pelaku Usaha
PP_28_2025,PP Nomor 28 Tahun 2025,PP,2025,28,BAB XI,Sanksi,Bagian Kedua,Paragraf 20,534,,a,,Sanksi,teguran . TTEPUBUK INDONESIA a. teguran tertulis; dan/atau b. pencabutan PB.,Pasal 534 huruf a,"teguran, ttepubuk, indonesia, tertulis, pencabutan",
PP_28_2025,PP Nomor 28 Tahun 2025,PP,2025,28,BAB XI,Sanksi,Bagian Kedua,Paragraf 20,535,1,,,Sanksi,"Pelaku Usaha aktivitas pemrograman berbasis kecerdasan artifisial yang tidak melakukan kegiatan konsultasi yang dilanjutkan analisis dan pemrograman berbasis kecerdasan artifisial sesuai dengan ketentuan peraturan perundang-undangan selama jangka waktu 3 (tiga) tahun berturut-turut, dikenai sanksi administratif berupa teguran tertulis kesatu. (21 Pelaku Usaha aktivitas pemrograman berbasis kecerdasan artifisial yang tidak melakukan kegiatan sebagaimana dimaksud pada ayat (1) selama jangka waktu 1 (satu) tahun berturut-turut sejak tanggal dikenakannya teguran tertulis kesatu, dikenai sanksi administratif berupa teguran tertulis kedua.",Pasal 535 ayat (1),"pemrograman, berbasis, kecerdasan, artifisial, teguran",Pelaku Usaha
PP_28_2025,PP Nomor 28 Tahun 2025,PP,2025,28,BAB XI,Sanksi,Bagian Kedua,Paragraf 20,535,3,,,Sanksi,"Pelaku Usaha aktivitas pemrograman berbasis kecerdasan artifisial yang tidak melakukan kegiatan sebagaimana dimaksud pada ayat (1) selama jangka waktu 1 (satu) tahun berturut-turut sejak tanggal dikenakannya teguran tertulis kedua, dikenai sanksi administratif berupa pencabutan PB.",Pasal 535 ayat (3),"pelaku, usaha, aktivitas, pemrograman, berbasis",Pelaku Usaha
PP_28_2025,PP Nomor 28 Tahun 2025,PP,2025,28,BAB XI,Sanksi,Bagian Kedua,Paragraf 20,536,,,,Sanksi,"Setiap Pelaku Usaha yang berdasarkan hasil Pengawasan ditemukan ketidaksesuaian atau pelanggaran atas pemenuhan PB oleh Pelaku Usaha yang melakukan kegiatan usaha pada subsektor aktivitas pengembangan teknologi blockchain, dikenai sanksi administratif berupa: a. teguran tertulis; dan/atau b. pencabutan PB.",Pasal 536,"usaha, pelaku, setiap, hasil, pengawasan",Pelaku Usaha
PP_28_2025,PP Nomor 28 Tahun 2025,PP,2025,28,BAB XI,Sanksi,Bagian Kedua,Paragraf 20,537,1,,,Sanksi,"Pelaku Usaha aktivitas pengembangan teknologi blockchain y ang tidak melakukan kegiatan pengembangan teknologi blockchain sesuai dengan ketentuan peraturan perundang-undangan selama jangka waktu 3 (tiga) tahun berturut-turut, dikenai sanksi administratif berupa teguran tertulis kesatu.",Pasal 537 ayat (1),"pengembangan, teknologi, blockchain, pelaku, usaha",Pelaku Usaha
PP_28_2025,PP Nomor 28 Tahun 2025,PP,2025,28,BAB XI,Sanksi,Bagian Kedua,Paragraf 20,537,2,,,Sanksi,"Pelaku. . . (21 Pelaku Usaha aktivitas pengembangan teknologi blockchain yang tidak melakukan kegiatan sebagaimana dimaksud pada ayat (1) selama jangka waktu 1 (satu) tahun berturut-turut sejak tanggal dikenakannya teguran tertulis kesatu, dikenai sanksi administratif berupa teguran tertulis kedua.",Pasal 537 ayat (2),"pelaku, teguran, tertulis, usaha, aktivitas",Pelaku Usaha
PP_28_2025,PP Nomor 28 Tahun 2025,PP,2025,28,BAB XI,Sanksi,Bagian Kedua,Paragraf 20,537,3,,,Sanksi,"Pelaku Usaha aktivitas pengembangan teknologi blockchain yang tidak melakukan kegiatan sebagaimana dimaksud pada ayat (1) selama jangka waktu 1 (satu) tahun berturut-turut sejak tanggal dikenakannya teguran tertulis kedua, dikenai sanksi administratif berupa pencabutan PB.",Pasal 537 ayat (3),"pelaku, usaha, aktivitas, pengembangan, teknologi",Pelaku Usaha
PP_28_2025,PP Nomor 28 Tahun 2025,PP,2025,28,BAB XI,Sanksi,Bagian Kedua,Paragraf 20,538,,,,Sanksi,"Setiap Pelaku Usaha yang berdasarkan hasil Pengawasan ditemukan ketidaksesuaian atau pelanggaran atas pemenuhan PB oleh Pelaku Usaha yang melakukan kegiatan usaha pada subsektor aktivitas penerbitan piranti lunak (softuarel, dikenai sanksi administratif berupa: a. teguran tertulis; dan/atau b. pencabutan PB.",Pasal 538,"usaha, pelaku, setiap, hasil, pengawasan",Pelaku Usaha
PP_28_2025,PP Nomor 28 Tahun 2025,PP,2025,28,BAB XI,Sanksi,Bagian Kedua,Paragraf 20,539,1,,,Sanksi,"Pelaku Usahayang melakukan aktivitas penerbitan piranti lunak (sofiuare) dengan kriteria UMK-M yang tidak melakukan kegiatan penerbitan piranti lunak (sofiwarel terkait dengan sektor penyelenggaraan sistem dan transaksi elektronik khusus gim selama jangka waktu 3 (tiga) tahun berturut-turut, dikenai sanksi administratif berupa teguran tertulis kesatu. (21 Pelaku Usaha yang melakukan aktivitas penerbitan piranti lunak (sofiwarel dengan kriteria UMK-M yang tidak melakukan kegiatan sebagaimana dimaksud pada ayat (1) selama jangka waktu 1 (satu) tahun berturut-turut sejak tanggal dikenai teguran tertulis kesatu, dikenai sanksi administratif berupa teguran tertulis kedua.",Pasal 539 ayat (1),"melakukan, penerbitan, piranti, lunak, dikenai","Pelaku Usaha, UMK-M"
PP_28_2025,PP Nomor 28 Tahun 2025,PP,2025,28,BAB XI,Sanksi,Bagian Kedua,Paragraf 20,539,3,,,Sanksi,"Pelaku Usaha yang melakukan aktivitas penerbitan piranti lunak (sofiuare) dengan kriteria UMK-M yang tidak melakukan kegiatan sebagaimana dimaksud pada ayat (1) selama jangka waktu 1 (satu) tahun berturut-turut sejak tanggal dikenai teguran tertulis kedua, dikenai sanksi administratif berupa pencabutan PB. Pasal. . .",Pasal 539 ayat (3),"melakukan, dikenai, pelaku, usaha, aktivitas","Pelaku Usaha, UMK-M"
PP_28_2025,PP Nomor 28 Tahun 2025,PP,2025,28,BAB XI,Sanksi,Bagian Kedua,Paragraf 20,540,1,,,Sanksi,"Pengenaan sanksi administratif sebagaimana dimaksud dalam Pasal 529,531 ayat (1), Pasal 532 ayat (1), Pasal 534, Pasal 536, dan Pasal 538 diberikan oleh menteri yang menyelenggarakan urusan pemerintahan di bidang komunikasi dan informasi berdasarkan dengan ketentuan peraturan perundang-undangan. (21 Ketentuan lebih lanjut mengenai tata cara pengenaan sanksi administratif, mekanisme, jangka waktu, upaya administratif, dan pejabat yang berwenang diatur dalam peraturan menteri yang menyelenggarakan urusan pemerintahan di bidang komunikasi dan informasi.",Pasal 540 ayat (1),"administratif, pengenaan, sanksi, menteri, menyelenggarakan",Menteri
PP_28_2025,PP Nomor 28 Tahun 2025,PP,2025,28,BAB XI,Sanksi,Bagian Kedua,Paragraf 22,541,,,,Sanksi,"Setiap Pelaku Usaha yang berdasarkan hasil Pengawasan ditemukan ketidaksesuaian atau pelanggaran terhadap PB pada sektor lingkungan hidup, dikenai sanksi administratif berupa: a. teguran tertulis; b. paksaan pemerintah; c. denda administratif; d. pembekuan PB; dan/atau e. pencabutan PB.",Pasal 541,"administratif, setiap, pelaku, usaha, hasil","Pelaku Usaha, Pemerintah"
PP_28_2025,PP Nomor 28 Tahun 2025,PP,2025,28,BAB XI,Sanksi,Bagian Kedua,Paragraf 22,542,1,,,Sanksi,"Pengenaan sanksi administratif sebagaimana dimaksud dalam Pasal 541 oleh menteri/kepala badan yang menyelenggarakan urusan pemerintahan di bidang perlindungan dan pengelolaan lingkungan hidup dan tugas pemerintahan di bidang pengendalian lingkungan hidup, gubernur, bupati/wali kota, kepala Administrator KEK, atau kepala Badan Pengusahaan KPBPB sesuai dengan kewenangan masing-masing berdasarkan ketentuan peraturan perllndang-undangan. (21 Menteri, gubernur, atau bupati/wali kota sebagaimana dimaksud pada ayat (1) dapat mendelegasikan kewenangannya kepada pejabat yang membidangi penegakan hukum atau organisasi perangkat daerah yang membidangi lingkungan hidup. Pasal. . . REPUBLIK INDONESIA.",Pasal 542 ayat (1),"kepala, lingkungan, hidup, menteri, badan","Perangkat Daerah, Wali Kota, Gubernur, Menteri, Bupati, Badan"
PP_28_2025,PP Nomor 28 Tahun 2025,PP,2025,28,BAB XI,Sanksi,Bagian Kedua,Paragraf 22,543,,,,Sanksi,"Ketentuan lebih lanjut mengenai tata cara pengenaan sanksi administratif, mekanisme, jangka waktu, upaya administratif, dan pejabat yang berwenang diatur dalam peraturan menteri/kepala badan yang menyelenggarakan urusan pemerintahan di bidang perlindungan dan pengelolaan lingkungan hidup dan tugas pemerintahan di bidang pengendalian lingkungan hidup.",Pasal 543,"administratif, pemerintahan, bidang, lingkungan, hidup","Menteri, Badan"
PP_28_2025,PP Nomor 28 Tahun 2025,PP,2025,28,BAB XII,Ketentuan Lain-Lain,,,544,1,,,Ketentuan,Pemerintah Pusat melakukan evaluasi atas pelaksanaan Peraturan Pemerintah ini dengan memperhatikan perkembangan dan peningkatan ekosistem investasi dan kegiatan usaha dalam rangka percepatan cipta kerja.,Pasal 544 ayat (1),"pusat, melakukan, evaluasi, pelaksanaan, memperhatikan",Pemerintah Pusat
PP_28_2025,PP Nomor 28 Tahun 2025,PP,2025,28,BAB XII,Ketentuan Lain-Lain,,,544,2,,,Ketentuan,Evaluasi sebagaimana dimaksud pada ayat,Pasal 544 ayat (2),evaluasi,
PP_28_2025,PP Nomor 28 Tahun 2025,PP,2025,28,BAB XII,Ketentuan Lain-Lain,,,544,1,,,Ketentuan,dilaksanakan oleh menteri yang menyelenggarakan sinkronisasi dan koordinasi serta pengendalian pelaksanaan urusan kementerian dalam penyelenggaraan pemerintahan di bidang perekonomian.,Pasal 544 ayat (1),"dilaksanakan, menteri, menyelenggarakan, sinkronisasi, koordinasi",Kementerian
PP_28_2025,PP Nomor 28 Tahun 2025,PP,2025,28,BAB XII,Ketentuan Lain-Lain,,,545,,,,Ketentuan,"Dalam hal peraturan perundang-undangan yang memberikan pilihan tidak mengatur, tidak lengkap, tidak jelas, danf atau adanya stagnasi pemerintahan, menteri/kepala lembaga, gubernur, bupati/wali kota, kepala Administrator KEK, atau kepala Badan Pengusahaan KPBPB dapat melakukan diskresi untuk mengatasi persoalan konkret dalam penyelenggaraan urusan pemerintahan terkait dengan PBBR.",Pasal 545,"kepala, pemerintahan, perundang, undangan, memberikan","Wali Kota, Gubernur, Menteri, Lembaga, Bupati, Badan"
PP_28_2025,PP Nomor 28 Tahun 2025,PP,2025,28,BAB XII,Ketentuan Lain-Lain,,,546,,,,Ketentuan,"Dalam hal subsistem Pengawasan sebagaimana dimaksud dalam Pasal 188 ayat (3) huruf f belum tersedia, pelaksanaan Pengawasan tetap dilaksanakan sesuai dengan ketentuan peraturan perundang-undangan dan kewenangan masing- masing kementerian/lembaga, Pemerintah Daerah, Administrator KEK, dan/atau Badan Pengusahaan KPBPB. BAB",Pasal 546,"pengawasan, masing, subsistem, belum, tersedia","Pemerintah Daerah, Kementerian, Lembaga, Badan"
PP_28_2025,PP Nomor 28 Tahun 2025,PP,2025,28,BAB XIII,Ketentuan Peralihan,,,547,,,,Ketentuan,Pada saat Peraturan Pemerintah ini mulai berlaku:,Pasal 547,"saat, mulai, berlaku",Pemerintah
PP_28_2025,PP Nomor 28 Tahun 2025,PP,2025,28,BAB XIII,Ketentuan Peralihan,,,547,,a,,Ketentuan,"persyaratan dasar, PB, dan/atau PB UMKU yang dalam proses permohonan sampai dengan Sistem OSS yang telah disesuaikan dengan Peraturan Pemerintah ini beroperasi, tetap diproses berdasarkan Peraturan Pemerintah Nomor 5 Tahun 2O2l tentang Penyelenggaraan Perizinan Berusaha Berbasis Risiko; b. kegiatan usaha dengan Risiko menengah tinggi yang telah memperoleh:",Pasal 547 huruf a,"risiko, persyaratan, dasar, umku, proses",Pemerintah
PP_28_2025,PP Nomor 28 Tahun 2025,PP,2025,28,BAB XIII,Ketentuan Peralihan,,,547,,a,1,Ketentuan,sertihkat standar namun belum terverifikasi; dan/atau,Pasal 547 huruf a angka 1,"sertihkat, standar, namun, belum, terverifikasi",
PP_28_2025,PP Nomor 28 Tahun 2025,PP,2025,28,BAB XIII,Ketentuan Peralihan,,,547,,a,2,Ketentuan,"PB UMKU namun belum berlaku efektif, sampai dengan Sistem OSS yang telah disesuaikan dengan Peraturan Pemerintah ini beroperasi, sertifikat standar dan/atau PB UMKU tersebut tetap diproses berdasarkan Peraturan Pemerintah Nomor 5 Tahun 2O2l tentang Penyelenggaraan Perizinan Berusaha Berbasis Risiko ;",Pasal 547 huruf a angka 2,"umku, namun, belum, berlaku, efektif",Pemerintah
PP_28_2025,PP Nomor 28 Tahun 2025,PP,2025,28,BAB XIII,Ketentuan Peralihan,,,547,,c,,Ketentuan,kegiatan usaha dengan Risiko tinggi yang telah memperoleh: l. lzin dalam rangka percepatan namun belum memenuhi persyaratan; dan/atau,Pasal 547 huruf c,"kegiatan, usaha, risiko, tinggi, memperoleh",
PP_28_2025,PP Nomor 28 Tahun 2025,PP,2025,28,BAB XIII,Ketentuan Peralihan,,,547,,c,2,Ketentuan,"PB UMKU namun belum berlaku efektif, sampai dengan Sistem OSS yang telah disesuaikan dengan Peraturan Pemerintah ini beroperasi, tetap diproses berdasarkan Peraturan Pemerintah Nomor 5 Tahun 2O2l tentang Penyelenggaraan Perizinan Berusaha Berbasis Risiko;",Pasal 547 huruf c angka 2,"umku, namun, belum, berlaku, efektif",Pemerintah
PP_28_2025,PP Nomor 28 Tahun 2025,PP,2025,28,BAB XIII,Ketentuan Peralihan,,,547,,d,,Kewajiban,"lembaga pemerintah yang bertanggung jawab melakukan pembinaan, pengaturan pengembangan, dan pengawasan perdagangan berjangka tetap melaksanakan tugas terkait PB terhadap kegiatan aset keuangan digital termasuk aset kripto serta derivatif keuangan sampai dengan waktu beralihnya tugas pengaturan dan pengawasan sesuai ketentuan peraturan perundang-undangan mengenai peralihan tugas pengaturan dan pengawasan aset keuangan digital termasuk aset kripto dan derivatif keuangan. Pasal",Pasal 547 huruf d,"aset, keuangan, pengaturan, pengawasan, tugas","Pemerintah, Lembaga"
PP_28_2025,PP Nomor 28 Tahun 2025,PP,2025,28,BAB XIII,Ketentuan Peralihan,,,548,,,,Ketentuan,Pada saat Peraturan Pemerintah ini mulai berlaku:,Pasal 548,"saat, mulai, berlaku",Pemerintah
PP_28_2025,PP Nomor 28 Tahun 2025,PP,2025,28,BAB XIII,Ketentuan Peralihan,,,548,,a,,Hak,Pelaku Usaha yang telah memperoleh hak akses sebelum berlakunya Peraturan Pemerintah ini melakukan pembaruan data hak akses pada Sistem OSS; dan,Pasal 548 huruf a,"akses, pelaku, usaha, memperoleh, sebelum","Pelaku Usaha, Pemerintah"
PP_28_2025,PP Nomor 28 Tahun 2025,PP,2025,28,BAB XIII,Ketentuan Peralihan,,,548,,b,,Hak,"atas pembaruan data hak akses sebagaimana dimaksud dalam huruf a, Sistem OSS memberikan notifikasi kepada Pelaku Usaha melalui surat elektronik yang didaftarkan.",Pasal 548 huruf b,"pembaruan, data, akses, sistem, memberikan",Pelaku Usaha
PP_28_2025,PP Nomor 28 Tahun 2025,PP,2025,28,BAB XIV,Ketentuan Penutup,,,549,,,,Kewajiban,"Pada saat Peraturan Pemerintah ini mulai berlaku: a. ketentuan pelaksanaan PBBR yang diatur dalam Peraturan Pemerintah ini dikecualikan bagi Pelaku Usaha yang persyaratan dasar, PB, dan PB UMKU nya telah terbit, telah terverifikasi, atau telah disetujui dan masih berlaku sebelum Peraturan Pemerintah ini berlaku, kecuali ketentuan dalam Peraturan Pemerintah ini lebih menguntungkan bagi Pelaku Usaha; b. persyaratan dasar, PB, dan/atau PB UMKU yang memiliki nomenklatur berbeda sebelum Peraturan Pemerintah ini berlaku harus dibaca dan dimaknai sesuai dengan nomenklatur yang diatur dalam Peraturan Pemerintah ini;",Pasal 549,"berlaku, diatur, pelaku, usaha, persyaratan","Pelaku Usaha, Pemerintah"
PP_28_2025,PP Nomor 28 Tahun 2025,PP,2025,28,BAB XIV,Ketentuan Penutup,,,549,,c,,Kewajiban,"usaha pariwisata dengan kategori menengah tinggi dan tinggi yang telah memiliki Sertifikat Standar usaha pariwisata, sertifikatnya tetap berlaku selama menjalankan kegiatan usaha sesuai dengan ketentuan peraturan perundang-undangan, dengan ketentuan harus:",Pasal 549 huruf c,"usaha, pariwisata, tinggi, kategori, menengah",
PP_28_2025,PP Nomor 28 Tahun 2025,PP,2025,28,BAB XIV,Ketentuan Penutup,,,549,,c,1,Ketentuan,melaksanakan pemutakhiran administrasi Sertifikat Standar usaha pariwisata melalui lembaga sertifikasi usaha pariwisata yang menerbitkan sertifikatnya dan mekanisme transfer surveilans sesuai dengan ketentuan peraturan perundang-undangan; dan,Pasal 549 huruf c angka 1,"usaha, pariwisata, melaksanakan, pemutakhiran, administrasi",Lembaga
PP_28_2025,PP Nomor 28 Tahun 2025,PP,2025,28,BAB XIV,Ketentuan Penutup,,,549,,c,2,Ketentuan,mengunggah Sertifikat Standar usaha yang berlaku dalam Sistem OSS. Pasal F.EPUBUK INDONESIA,Pasal 549 huruf c angka 2,"mengunggah, sertifikat, standar, usaha, berlaku",
PP_28_2025,PP Nomor 28 Tahun 2025,PP,2025,28,BAB XIV,Ketentuan Penutup,,,550,,,,Ketentuan,Pada saat Peraturan Pemerintah ini mulai berlaku,Pasal 550,"saat, mulai, berlaku",Pemerintah
PP_28_2025,PP Nomor 28 Tahun 2025,PP,2025,28,BAB XIV,Ketentuan Penutup,,,550,,a,,Ketentuan,"semua ketentuan peraturan perundang-undangan yang mengatur mengenai persyaratan dasar, PB, dan/atau PB UMKU dinyatakan masih tetap berlaku sepanjang tidak bertentangan dengan ketentuan dalam Peraturan Pemerintah ini; dan",Pasal 550 huruf a,"semua, perundang, undangan, mengatur, mengenai",Pemerintah
PP_28_2025,PP Nomor 28 Tahun 2025,PP,2025,28,BAB XIV,Ketentuan Penutup,,,550,,b,,Sanksi,"Peraturan Pemerintah Nomor 5 Tahun 2O2l tentang Penyelenggaraan Perizinan Berusaha Berbasis Risiko (Lembaran Negara Republik Indonesia Tahun 2O2l Nomor 15, Tambahan Lembaran Negara Republik Indonesia Nomor 6617), dicabut dan dinyatakan tidak berlaku.",Pasal 550 huruf b,"nomor, tahun, lembaran, negara, republik",Pemerintah
PP_28_2025,PP Nomor 28 Tahun 2025,PP,2025,28,BAB XIV,Ketentuan Penutup,,,551,,,,Ketentuan,Pada saat Peraturan Pemerintah ini mulai berlaku:,Pasal 551,"saat, mulai, berlaku",Pemerintah
PP_28_2025,PP Nomor 28 Tahun 2025,PP,2025,28,BAB XIV,Ketentuan Penutup,,,551,,a,,Kewajiban,peraturan pelaksanaan dari Peraturan Pemerintah ini wajib ditetapkan paling lama 4 (empat) bulan sejak Peraturan Pemerintah ini diundangkan; b. Sistem OSS dan Sistem Indonesia National Singte Windou wajib disesuaikan dengan ketentuan Peraturan Pemerintah ini paling lama 4 (empat) bulan sejak Peraturan Pemerintah ini diundangkan; dan,Pasal 551 huruf a,"wajib, paling, lama, empat, bulan",Pemerintah
PP_28_2025,PP Nomor 28 Tahun 2025,PP,2025,28,BAB XIV,Ketentuan Penutup,,,551,,c,,Ketentuan,"terhadap pemberian perizinan dalam rangka penyelenggaraan kegiatan ekspor, impor, dan pemenuhan ketentuan larangan atau pembatasan barang ekspor dan impor serta neraca komoditas yang belum dapat dilakukan melalui Sistem Indonesia National Single Window maka proses pemberian perizinan dilakukan melalui sistem elektronik pada kementerian/lembaga sesuai dengan ketentuan peraturan perundang-undangan.",Pasal 551 huruf c,"pemberian, perizinan, ekspor, impor, melalui","Kementerian, Lembaga"
PP_28_2025,PP Nomor 28 Tahun 2025,PP,2025,28,BAB XIV,Ketentuan Penutup,,,552,,,,Definisi,"Peraturan Pemerintah ini mulai berlaku pada tanggal diundangkan. Agar Agar setiap orang mengetahuinya, memerintahkan pengundangan Peraturan Pemerintah ini dengan penempatannya dalam Lembaran Negara Republik Indonesia. Ditetapkan di Jakarta pada tanggal 5 Juni 2025 PRESIDEN REPUBLIK INDONESIA, ttd PRABOWO SUBIANTO Diundangkan di Jakarta pada tanggal 5 Juni 2025 MENTERI SEKRETARIS NEGARA REPUBLIK INDONESIA, ttd PRASETYO HADI LEMBARAN NEGARA REPUBLIK INDONESIA TAHUN 2025 NOMOR 98 Salinan sesuai dengan aslinya KEMENTERIAN SEKRETARIAT NEGARA Perundang-undangan dan trasi Hukrrm, 'anna Djaman PENJELASAN ATAS PERATURAN PEMERINTAH REPUBLIK INDONESIA NOMOR 28 TAHUN 2025 TENTANG PENYELENGGARAAN PERIZINAN BERUSAHA BERBASIS RISIKO I UMUM Undang-Undang Nomor 6 Tahun 2023 tentang Penetapan Peraturan Pemerintah Pengganti Undang-Undang Nomor 2 Tahun 2022 tentang Cipta Kerja Menjadi Undang-Undang yang selanjutnya disebut undang-Undang cipta Kerja merupakan penyempurnaan dari Undang-Undang Nomor 11 Tahun 2o2o tentang Cipta Kerja. Pengaturan dalam undang-undang dimaksud melingkupi juga mengenai penyederhanaan Perizinan Berusaha melalui penerapan Perizinan Berusaha Berbasis Risiko yang merupakan metode standar berdasarkan tingkat Risiko suatu kegiatan usaha dalam jenis menentukan Perizinan Berusaha dan kualitas atau frekuensi Pengawasan. Sebagai peraturan pelaksanaan dari Undang-Undang Cipta Kerja, Peraturan Pemerintah ini bemsaha mengakomodir beberapa sektor perizinan berusaha berbasis risiko lainnya, yaitu sektor ekonomi kreatif, sektor informasi geospasial, sektor ketenagakerjaan, sektor perkoperasian, sektor penanaman modal, sektor penyelenggaraan sistem dan transaksi elektronik, dan sektor lingkungan hidup. Peraturan Pemerintah ini sebagai pengganti Peraturan Pemerintah Nomor 5 Tahun 2O2I tentang Penyelenggaraan Perizinan Berusaha Berbasis Risiko berupaya memberikan kepastian hukum kepada Pelaku Usaha terutama mengenai proses bisnis dan jaminan kualitas layanan (seruice leuel agreement) dalam pengurLrsan Perizinan Berusaha Berbasis Risiko. Oleh karena itu, dalam proses penJrusunan Peraturan Pemerintah ini melibatkan banyak pemangku kepentingan seperti kementerian/lembaga terkait, Pelaku Usaha, dan masyarakat. Hal ini juga sebagai upaya menghasilkan peraturan perundang-undangan yang dibentuk berdasarkan partisipasi yang bermakna (meaningful participationl. Bentuk perubahan besar yang dilakukan dalam proses bisnis adalah integrasi sistem yang semuanya menjadi terpusat di Sistem OSS sebagai antarmuka pengguna lfront-end systeim), sehingga Pelaku Usaha tidak akan kebingungan lagi untuk mengurus ke sistem yang mana, karena semua proses yang melibatkan Pelaku Usaha dilakukan melalui Sistem OSS. Dalam hal ini Sistem OSS akan meneruskan data kepada sistem yang ada di kementerian/lembaga, namun hasil akhirnya tetap dikeluarkan di Sistem OSS. Sementara . . . Sementara itu perubahan besar yang dilakukan menyangkut jaminan kualitas layanan (seruice leuel agreement) adalah kepastian hukum terkait jangka waktu dalam setiap proses Perizinan Berusaha Berbasis Risiko, terutama pada Bab Persyaratan Dasar, baik pada KKPR, PL, PBG, dan SLF. Peraturan Pemerintah ini memberikan jangka waktu yang tepat dan jelas agar tidak membingungkan dan merugikan Pelaku Usaha. Bahkan di beberapa ketentuan jaminan kualitas layanan (seruice leuel agreementl diberlakukan pengaturan fiktif positif, seperti dalam ketentuan penerbitan pertimbangan teknis pertanahan. Perizinan Berusaha dan Pengawasan merupakan instrumen Pemerintah Pusat dan Pemerintah Daerah dalam mengendalikan suatu kegiatan usaha. Penerapan pendekatan berbasis Risiko memerlukan perubahan pola pikir (change managementl dan penyesuaian tata kerja penyelenggaraan layanan Perizinan Berusaha (business process re- engineeing) serta memerlukan pengaturan (re-design) proses bisnis Perizinan Berusaha di dalam Perizinan Berusaha secara elektronik. Melalui penerapan konsep ini, pelaksanan penerbitan Perizinan Berusaha dapat lebih efektif dan sederhana karena tidak seluruh kegiatan usaha wajib memiliki lzin, di samping itu melalui penerapan konsep ini kegiatan Pengawasan menjadi lebih terstruktur baik dari periode maupun substansi yang harus dilakukan Pengawasan. Selanjutnya sebagaimana pengaturan dalam Peraturan Pemerintah Nomor 5 Tahun 2O2l tentang Penyelenggaraan Perizinan Berusaha Berbasis Risiko, tingkat Risiko dan peringkat skala usaha kegiatan usaha ditetapkan menjadi Risiko rendah, menengah rendah, menengah tinggi, dan tinggi. Untuk kegiatan usaha Risiko rendah, Pelaku Usaha hanya dipersyaratkan memiliki NIB. Untuk kegiatan usaha Risiko menengah rendah, Pelaku Usaha dipersyaratkan memiliki NIB dan pernyataan pemenuhan Sertifikat Standar. Untuk kegiatan usaha Risiko menengah tinggi, Pelaku Usaha dipersyaratkan memiliki NIB dan Sertifikat Standar yang telah diverifikasi. Sedangkan untuk kegiatan usaha Risiko tinggi, Pelaku Usaha dipersyaratkan memiliki NIB dan Izin. Penyelenggaraan PBBR dalam Peraturan Pemerintah ini meliputi: a. pengaturan PBBR; b. norma, standar, prosedur, dan kriteria PBBR; c. PBBR melalui layanan Sistem OSS; d. tata cara Pengawasan PBBR; e. evaluasi dan reformasi kebijakan PBBR; f. pendanaan PBBR; g. penyelesaian permasalahan dan hambatan PBBR; dan h. sanksi. Berdasarkan pertimbangan di atas, perlu ditetapkan Peraturan Pemerintah tentang Penyelenggaraan P erizinan Berusaha Berbasis Risiko. II. PASAL DEMI PASAL Pasal Cukup jelas.",Pasal 552,"usaha, risiko, berusaha, perizinan, berbasis","Pemerintah Daerah, Pemerintah Pusat, Pelaku Usaha, Kementerian, Masyarakat, Presiden"
PP_28_2025,PP Nomor 28 Tahun 2025,PP,2025,28,BAB XIV,Ketentuan Penutup,,,2,,,,Ketentuan,Cukup jelas.,Pasal 2,"cukup, jelas",
PP_28_2025,PP Nomor 28 Tahun 2025,PP,2025,28,BAB XIV,Ketentuan Penutup,,,3,,,,Ketentuan,Cukup jelas.,Pasal 3,"cukup, jelas",
PP_28_2025,PP Nomor 28 Tahun 2025,PP,2025,28,BAB XIV,Ketentuan Penutup,,,4,,,,Definisi,"Ayat (1) Cukup jelas. Ayat (21 Cukup jelas. Ayat (3) Cukup jelas. Ayat (a) Cukup jelas. Ayat (5) Yang dimaksud dengan ""terintegrasi secara elektronik dengan sistem di kementerian/lembaga"" adalah:",Pasal 4,"cukup, jelas, terintegrasi, elektronik, sistem","Kementerian, Lembaga"
PP_28_2025,PP Nomor 28 Tahun 2025,PP,2025,28,BAB XIV,Ketentuan Penutup,,,4,,,1,Ketentuan,"Setiap permohonan persyaratan dasar, PB, dan/atau PB UMKU hanya diajukan oleh Pelaku Usaha melalui Sistem OSS dan kemudian permohonan tersebut dialirkan kepada sistem elektronik yang dimiliki oleh kementerian/lembaga sesuai dengan kewenangan masing-masing.",Pasal 4 angka 1,"permohonan, sistem, masing, setiap, persyaratan","Pelaku Usaha, Kementerian, Lembaga"
PP_28_2025,PP Nomor 28 Tahun 2025,PP,2025,28,BAB XIV,Ketentuan Penutup,,,4,,,2,Kewajiban,"Setiap penerbitan persyaratan dasar, PB, dan/atau PB UMKU harus disampaikan kepada Pelaku Usaha hanya melalui Sistem OSS setelah melalui proses tahapan verifikasi oleh kementerian/lembaga sesuai dengan kewenangan masing- masing. Terintegrasi secara elektronik dimaksud mencakup pula pemrosesan dan penerbitan persyaratan dasar, PB, dan/atau PB UMKU yang dilakukan di Sistem OSS oleh kementerian/lembaga, Pemerintah Daerah, Administrator KEK, dan/atau Badan Pengusahaan KPBPB dengan menggunakan hak akses. Pasal. . . R.EPUBLIK INDONESIA",Pasal 4 angka 2,"penerbitan, persyaratan, dasar, umku, melalui","Pemerintah Daerah, Pelaku Usaha, Kementerian, Lembaga, Badan"
PP_28_2025,PP Nomor 28 Tahun 2025,PP,2025,28,BAB XIV,Ketentuan Penutup,,,5,,,,Definisi,"Ayat (1) Cukup jelas. Ayat (2) Cukup jelas. Ayat (3) Cukup jelas. Ayat (a) Yang dimaksud dengan 'Jangka waktu penerbitan"" adalah waktu yang dibutuhkan Pemerintah Pusat atau Pemerintah Daerah untuk menerbitkan PB berdasarkan analisis Risiko, terhitung sejak dokumen lengkap dan benar. Ayat (5) Yang dimaksud dengan'Jangka waktu penerbitan"" adalah waktu yang dibutuhkan Pemerintah Pusat atau Pemerintah Daerah untuk menerbitkan PB-UMKU dengan mempertimbangkan tingkat Risiko, terhitung sejak dokumen lengkap dan benar. Ayat (6) Cukup jelas. Ayat (7) Cukup jelas. Ayat (8) Standar kegiatan usaha dan/atau standar produk/jasa serta mekanisme penerbitan yang menjadi pedoman bagi Administrator KEK dan Badan Pengusahaan KPBPB memperhatikan ketentuan peraturan perundang-undangan di bidang kawasan ekonomi khusus dan kawasan perdagangan bebas dan pelabuhan bebas. Ayat (9) Cukup jelas. Ayat (10) Cukup jelas. Ayat (1 1) Cukup jelas. Ayat (r2) Cukup jelas. Pasal. . .",Pasal 5,"cukup, jelas, waktu, penerbitan, jangka","Pemerintah Daerah, Pemerintah Pusat, Badan"
PP_28_2025,PP Nomor 28 Tahun 2025,PP,2025,28,BAB XIV,Ketentuan Penutup,,,6,,,,Ketentuan,Cukup jelas.,Pasal 6,"cukup, jelas",
PP_28_2025,PP Nomor 28 Tahun 2025,PP,2025,28,BAB XIV,Ketentuan Penutup,,,7,,,,Ketentuan,Cukup jelas.,Pasal 7,"cukup, jelas",
PP_28_2025,PP Nomor 28 Tahun 2025,PP,2025,28,BAB XIV,Ketentuan Penutup,,,8,,,,Definisi,"Ayat (1) Huruf a Cukup jelas. Huruf b Cukup jelas. Huruf c Yang dimaksud dengan ""perolehan PB"" adalah perolehan PB secara otomatis yang berlaku bagi kategori tingkat Risiko usaha rendah dan menengah rendah. Yang dimaksud dengan ""pengajuan PB"" adalah perolehan PB melalui proses tahapan verifikasi yang berlaku bagi kategori tingkat Risiko usaha menengah tinggi dan tinggi. Ayat (2) Cukup jelas. Ayat (3) Cukup jelas. Ayat (4) Cukup jelas.",Pasal 8,"cukup, jelas, perolehan, berlaku, kategori",
PP_28_2025,PP Nomor 28 Tahun 2025,PP,2025,28,BAB XIV,Ketentuan Penutup,,,9,,,,Ketentuan,Cukup jelas,Pasal 9,"cukup, jelas",
PP_28_2025,PP Nomor 28 Tahun 2025,PP,2025,28,BAB XIV,Ketentuan Penutup,,,10,,,,Definisi,"Ayat (1) Huruf a Cukup jelas. Huruf Huruf b Subtahapan persiapan dalam pemenuhan ema* atau UKL- UPL merupakan tahapan perencanaan usaha terkait PL sesuai dengan ketentuan peraturan perlrndang-undangan di bidang perlindungan dan pengelolaan lingkungan hidup. Huruf c Cukup jelas. Huruf d Cukup jelas. Huruf e Cukup jelas. Huruf f Cukup jelas. Huruf g Cukup jelas. Ayat (2) Cukup jelas. Pasal 1 1 Ayat (1) Yang dimaksud dengan ""pembersihan atau pembukaan lahan"" dapat berupa kegiatan: a. penebangan; b. pemadatan; dan/atau c. pengurukan tanah. Ayat (21 Cukup jelas. Ayat (3) Cukup jelas. Ayat (a) Cukup jelas. Ayat (5) Cukup jelas. Ayat. . -t- Ayat (6) Cukup jelas.",Pasal 10,"cukup, jelas, subtahapan, persiapan, pemenuhan",
PP_28_2025,PP Nomor 28 Tahun 2025,PP,2025,28,BAB XIV,Ketentuan Penutup,,,12,,,,Ketentuan,Cukup jelas,Pasal 12,"cukup, jelas",
PP_28_2025,PP Nomor 28 Tahun 2025,PP,2025,28,BAB XIV,Ketentuan Penutup,,,13,,,,Definisi,"Yang dimaksud dengan ""Bangunan Gedung atau komplek perdagangan/jasa yang dipakai bersama"" antara lain Bangunan Gedung berupa komplek pertokoan, perkantoran, tempat peristirahatan (rest areal, dan pasar.",Pasal 13,"bangunan, gedung, komplek, perdagangan, jasa",
PP_28_2025,PP Nomor 28 Tahun 2025,PP,2025,28,BAB XIV,Ketentuan Penutup,,,14,,,,Ketentuan,Cukup jelas,Pasal 14,"cukup, jelas",
PP_28_2025,PP Nomor 28 Tahun 2025,PP,2025,28,BAB XIV,Ketentuan Penutup,,,15,,,,Ketentuan,Cukup jelas.,Pasal 15,"cukup, jelas",
PP_28_2025,PP Nomor 28 Tahun 2025,PP,2025,28,BAB XIV,Ketentuan Penutup,,,16,,,,Ketentuan,Cukup jelas.,Pasal 16,"cukup, jelas",
PP_28_2025,PP Nomor 28 Tahun 2025,PP,2025,28,BAB XIV,Ketentuan Penutup,,,17,,,,Ketentuan,Cukup jelas.,Pasal 17,"cukup, jelas",
PP_28_2025,PP Nomor 28 Tahun 2025,PP,2025,28,BAB XIV,Ketentuan Penutup,,,18,,,,Ketentuan,Cukup jelas.,Pasal 18,"cukup, jelas",
PP_28_2025,PP Nomor 28 Tahun 2025,PP,2025,28,BAB XIV,Ketentuan Penutup,,,19,,,,Ketentuan,Cukup jelas.,Pasal 19,"cukup, jelas",
PP_28_2025,PP Nomor 28 Tahun 2025,PP,2025,28,BAB XIV,Ketentuan Penutup,,,20,,,,Ketentuan,Cukup jelas. Pasal Pasal 2 1 Cukup jelas,Pasal 20,"cukup, jelas",
PP_28_2025,PP Nomor 28 Tahun 2025,PP,2025,28,BAB XIV,Ketentuan Penutup,,,22,,,,Ketentuan,Cukup jelas,Pasal 22,"cukup, jelas",
PP_28_2025,PP Nomor 28 Tahun 2025,PP,2025,28,BAB XIV,Ketentuan Penutup,,,23,,,,Ketentuan,Cukup jelas.,Pasal 23,"cukup, jelas",
PP_28_2025,PP Nomor 28 Tahun 2025,PP,2025,28,BAB XIV,Ketentuan Penutup,,,24,,,,Ketentuan,Cukup jelas.,Pasal 24,"cukup, jelas",
PP_28_2025,PP Nomor 28 Tahun 2025,PP,2025,28,BAB XIV,Ketentuan Penutup,,,25,,,,Ketentuan,Cukup jelas.,Pasal 25,"cukup, jelas",
PP_28_2025,PP Nomor 28 Tahun 2025,PP,2025,28,BAB XIV,Ketentuan Penutup,,,26,,,,Ketentuan,Cukup jelas,Pasal 26,"cukup, jelas",
PP_28_2025,PP Nomor 28 Tahun 2025,PP,2025,28,BAB XIV,Ketentuan Penutup,,,27,,,,Definisi,"Ayat (1) Cukup jelas Ayat (2) Huruf a Bukti bahwa Pelaku Usaha dapat melakukan kegiatan usaha di KEK atau kawasan industri dapat berupa rekomendasi/surat keterangan atau perjanjian/kontrak kerja sama dari pengelola KEK atau kawasan industri. Huruf b Cukup jelas Huruf c Pengalihan KKPR kepada Pelaku Usaha yang baru dibuktikan dengan dokumen tertulis hubungan hukum yang menyatakan pengalihan penguasaan tanah. Huruf Huruf d Penerbitan KKPR kepada Pelaku Usaha dari Pelaku Usaha lain dibuktikan dengan dokumen perjanjian sewa menyewa atau pinjam pakai yang masih berlaku, yang paling sedikit memuat kesediaan pemegang KKPR sebelumnya mengalihkan kepada Pelaku Usaha. Huruf e Dalam hal bentuk usaha tetap sudah memiliki kontrak kerja sama dengan pemerintah, poligon/koordinat wilayah kerja minyak dan gas bumi harus sudah ditanamkan dalam Sistem OSS. Huruf f Yang dimaksud dengan ""terintegrasi"" adalah sistem yang menghubungkan fungsi dan/atau proses dalam sebuah entitas usaha yang saling terhubung dan bekerja sama untuk mencapai tujuan. Huruf g Cukup jelas. Ayat (3) Cukup jelas. Ayat (4) Cukup jelas.",Pasal 27,"usaha, cukup, jelas, pelaku, kerja","Pelaku Usaha, Pemerintah"
PP_28_2025,PP Nomor 28 Tahun 2025,PP,2025,28,BAB XIV,Ketentuan Penutup,,,28,,,,Ketentuan,Cukup jelas.,Pasal 28,"cukup, jelas",
PP_28_2025,PP Nomor 28 Tahun 2025,PP,2025,28,BAB XIV,Ketentuan Penutup,,,29,,,,Ketentuan,Cukup jelas.,Pasal 29,"cukup, jelas",
PP_28_2025,PP Nomor 28 Tahun 2025,PP,2025,28,BAB XIV,Ketentuan Penutup,,,30,,,,Ketentuan,Cukup jelas.,Pasal 30,"cukup, jelas",
PP_28_2025,PP Nomor 28 Tahun 2025,PP,2025,28,BAB XIV,Ketentuan Penutup,,,31,,,,Ketentuan,Cukup jelas.,Pasal 31,"cukup, jelas",
PP_28_2025,PP Nomor 28 Tahun 2025,PP,2025,28,BAB XIV,Ketentuan Penutup,,,32,,,,Ketentuan,Cukup jelas. Pasal REPUBLIK INDONESIA.,Pasal 32,"cukup, jelas, republik, indonesia",
PP_28_2025,PP Nomor 28 Tahun 2025,PP,2025,28,BAB XIV,Ketentuan Penutup,,,33,,,,Definisi,"Ayat (1) Cukup jelas. Ayat (21 Cukup jelas. Ayat (3) Huruf a Cukup jelas. Huruf b Yang dimaksud dengan ""pembinaan"" antara lain Pelaku Usaha agar menyesuaikan bangunan sesuai dengan RTR atau Pelaku Usaha tidak dapat melakukan kegiatan usaha di lokasi yang diusulkan dan diarahkan melakukan kegiatan usaha di lokasi yang sesuai dengan RTR.",Pasal 33,"usaha, cukup, jelas, pelaku, melakukan",Pelaku Usaha
PP_28_2025,PP Nomor 28 Tahun 2025,PP,2025,28,BAB XIV,Ketentuan Penutup,,,34,,,,Ketentuan,Cukup jelas.,Pasal 34,"cukup, jelas",
PP_28_2025,PP Nomor 28 Tahun 2025,PP,2025,28,BAB XIV,Ketentuan Penutup,,,35,,,,Ketentuan,Cukup jelas,Pasal 35,"cukup, jelas",
PP_28_2025,PP Nomor 28 Tahun 2025,PP,2025,28,BAB XIV,Ketentuan Penutup,,,36,,,,Ketentuan,Cukup jelas,Pasal 36,"cukup, jelas",
PP_28_2025,PP Nomor 28 Tahun 2025,PP,2025,28,BAB XIV,Ketentuan Penutup,,,37,,,,Ketentuan,Cukup jelas Pasal REPUEUK INDONESIA,Pasal 37,"cukup, jelas, repueuk, indonesia",
PP_28_2025,PP Nomor 28 Tahun 2025,PP,2025,28,BAB XIV,Ketentuan Penutup,,,38,,,,Definisi,"Ayat (1) Cukup jelas. Ayat (21 Huruf a Yang dimaksud dengan ""tahapan pendaftaran"" dalam ketentuan ini dimaknai sama dengan tahapan permohonan sebagaimana diatur dalam peraturan perundang-undangan yang mengatur penggunaan kawasan hutan. Huruf b Cukup jelas. Huruf c Cukup jelas.",Pasal 38,"cukup, jelas, tahapan, pendaftaran, dimaknai",
PP_28_2025,PP Nomor 28 Tahun 2025,PP,2025,28,BAB XIV,Ketentuan Penutup,,,39,,,,Ketentuan,Cukup jelas,Pasal 39,"cukup, jelas",
PP_28_2025,PP Nomor 28 Tahun 2025,PP,2025,28,BAB XIV,Ketentuan Penutup,,,40,,,,Ketentuan,Cukup jelas,Pasal 40,"cukup, jelas",
PP_28_2025,PP Nomor 28 Tahun 2025,PP,2025,28,BAB XIV,Ketentuan Penutup,,,4,,,,Ketentuan,Cukup jelas,Pasal 4,"cukup, jelas",
PP_28_2025,PP Nomor 28 Tahun 2025,PP,2025,28,BAB XIV,Ketentuan Penutup,,,42,,,,Ketentuan,Cukup jelas,Pasal 42,"cukup, jelas",
PP_28_2025,PP Nomor 28 Tahun 2025,PP,2025,28,BAB XIV,Ketentuan Penutup,,,43,,,,Ketentuan,Cukup jelas,Pasal 43,"cukup, jelas",
PP_28_2025,PP Nomor 28 Tahun 2025,PP,2025,28,BAB XIV,Ketentuan Penutup,,,44,,,,Ketentuan,Cukup jelas Pasal REPUELIK INDONESIA -t2-,Pasal 44,"cukup, jelas, repuelik, indonesia",
PP_28_2025,PP Nomor 28 Tahun 2025,PP,2025,28,BAB XIV,Ketentuan Penutup,,,45,,,,Ketentuan,Cukup jelas,Pasal 45,"cukup, jelas",
PP_28_2025,PP Nomor 28 Tahun 2025,PP,2025,28,BAB XIV,Ketentuan Penutup,,,46,,,,Ketentuan,Cukup jelas,Pasal 46,"cukup, jelas",
PP_28_2025,PP Nomor 28 Tahun 2025,PP,2025,28,BAB XIV,Ketentuan Penutup,,,47,,,,Ketentuan,Cukup jelas.,Pasal 47,"cukup, jelas",
PP_28_2025,PP Nomor 28 Tahun 2025,PP,2025,28,BAB XIV,Ketentuan Penutup,,,48,,,,Ketentuan,Cukup jelas,Pasal 48,"cukup, jelas",
PP_28_2025,PP Nomor 28 Tahun 2025,PP,2025,28,BAB XIV,Ketentuan Penutup,,,49,,,,Ketentuan,Cukup jelas,Pasal 49,"cukup, jelas",
PP_28_2025,PP Nomor 28 Tahun 2025,PP,2025,28,BAB XIV,Ketentuan Penutup,,,50,,,,Ketentuan,Cukup jelas.,Pasal 50,"cukup, jelas",
PP_28_2025,PP Nomor 28 Tahun 2025,PP,2025,28,BAB XIV,Ketentuan Penutup,,,51,,,,Ketentuan,Cukup jelas,Pasal 51,"cukup, jelas",
PP_28_2025,PP Nomor 28 Tahun 2025,PP,2025,28,BAB XIV,Ketentuan Penutup,,,52,,,,Ketentuan,Cukup jelas,Pasal 52,"cukup, jelas",
PP_28_2025,PP Nomor 28 Tahun 2025,PP,2025,28,BAB XIV,Ketentuan Penutup,,,53,,,,Ketentuan,Cukup jelas,Pasal 53,"cukup, jelas",
PP_28_2025,PP Nomor 28 Tahun 2025,PP,2025,28,BAB XIV,Ketentuan Penutup,,,54,,,,Ketentuan,Cukup jelas,Pasal 54,"cukup, jelas",
PP_28_2025,PP Nomor 28 Tahun 2025,PP,2025,28,BAB XIV,Ketentuan Penutup,,,55,,,,Ketentuan,Cukup jelas Pasal REFUBUK INDONESIA _13_,Pasal 55,"cukup, jelas, refubuk, indonesia",
PP_28_2025,PP Nomor 28 Tahun 2025,PP,2025,28,BAB XIV,Ketentuan Penutup,,,56,,,,Ketentuan,Cukup jelas,Pasal 56,"cukup, jelas",
PP_28_2025,PP Nomor 28 Tahun 2025,PP,2025,28,BAB XIV,Ketentuan Penutup,,,57,,,,Definisi,"Ayat (1) Cukup jelas. Ayat (2) Huruf a Yang dimaksud dengan ""tahapan pendaftaran"" dalam ketentuan ini dimaknai sama dengan tahapan permohonan sebagaimana diatur dalam peraturan perundang-undangan yang mengatur pelepasan kawasan hutan. Huruf b Cukup jelas. Huruf c Cukup jelas. Huruf d Cukup jelas. Huruf e Cukup jelas.",Pasal 57,"cukup, jelas, tahapan, pendaftaran, dimaknai",
PP_28_2025,PP Nomor 28 Tahun 2025,PP,2025,28,BAB XIV,Ketentuan Penutup,,,58,,,,Ketentuan,Cukup jelas,Pasal 58,"cukup, jelas",
PP_28_2025,PP Nomor 28 Tahun 2025,PP,2025,28,BAB XIV,Ketentuan Penutup,,,59,,,,Ketentuan,Cukup jelas,Pasal 59,"cukup, jelas",
PP_28_2025,PP Nomor 28 Tahun 2025,PP,2025,28,BAB XIV,Ketentuan Penutup,,,60,,,,Ketentuan,Cukup jelas.,Pasal 60,"cukup, jelas",
PP_28_2025,PP Nomor 28 Tahun 2025,PP,2025,28,BAB XIV,Ketentuan Penutup,,,61,,,,Ketentuan,Cukup jelas Pasal,Pasal 61,"cukup, jelas",
PP_28_2025,PP Nomor 28 Tahun 2025,PP,2025,28,BAB XIV,Ketentuan Penutup,,,62,,,,Ketentuan,Cukup jelas.,Pasal 62,"cukup, jelas",
PP_28_2025,PP Nomor 28 Tahun 2025,PP,2025,28,BAB XIV,Ketentuan Penutup,,,63,,,,Ketentuan,Cukup jelas,Pasal 63,"cukup, jelas",
PP_28_2025,PP Nomor 28 Tahun 2025,PP,2025,28,BAB XIV,Ketentuan Penutup,,,64,,,,Ketentuan,Cukup jelas.,Pasal 64,"cukup, jelas",
PP_28_2025,PP Nomor 28 Tahun 2025,PP,2025,28,BAB XIV,Ketentuan Penutup,,,65,,,,Ketentuan,Cukup jelas.,Pasal 65,"cukup, jelas",
PP_28_2025,PP Nomor 28 Tahun 2025,PP,2025,28,BAB XIV,Ketentuan Penutup,,,66,,,,Ketentuan,Cukup jelas,Pasal 66,"cukup, jelas",
PP_28_2025,PP Nomor 28 Tahun 2025,PP,2025,28,BAB XIV,Ketentuan Penutup,,,67,,,,Ketentuan,Cukup jelas,Pasal 67,"cukup, jelas",
PP_28_2025,PP Nomor 28 Tahun 2025,PP,2025,28,BAB XIV,Ketentuan Penutup,,,68,,,,Ketentuan,Cukup jelas,Pasal 68,"cukup, jelas",
PP_28_2025,PP Nomor 28 Tahun 2025,PP,2025,28,BAB XIV,Ketentuan Penutup,,,69,,,,Ketentuan,Cukup jelas,Pasal 69,"cukup, jelas",
PP_28_2025,PP Nomor 28 Tahun 2025,PP,2025,28,BAB XIV,Ketentuan Penutup,,,7O,,,,Ketentuan,Cukup jelas,Pasal 7O,"cukup, jelas",
PP_28_2025,PP Nomor 28 Tahun 2025,PP,2025,28,BAB XIV,Ketentuan Penutup,,,71,,,,Ketentuan,"Cukup jelas Pasal,72 Cukup jelas. Pasal",Pasal 71,"cukup, jelas",
PP_28_2025,PP Nomor 28 Tahun 2025,PP,2025,28,BAB XIV,Ketentuan Penutup,,,73,,,,Ketentuan,Cukup jelas.,Pasal 73,"cukup, jelas",
PP_28_2025,PP Nomor 28 Tahun 2025,PP,2025,28,BAB XIV,Ketentuan Penutup,,,74,,,,Ketentuan,Cukup jelas,Pasal 74,"cukup, jelas",
PP_28_2025,PP Nomor 28 Tahun 2025,PP,2025,28,BAB XIV,Ketentuan Penutup,,,75,,,,Ketentuan,Cukup jelas,Pasal 75,"cukup, jelas",
PP_28_2025,PP Nomor 28 Tahun 2025,PP,2025,28,BAB XIV,Ketentuan Penutup,,,76,,,,Definisi,"Ayat (1) Yang dimaksud dengan ""kawasan yang ditetapkan oleh Pemerintah Pusat"" antara lain kawasan industri, KEK, atau KPBPB. Yang dimaksud dengan ""pengelola kawasan"" adalah pengelola kawasan industri administrator KEK atau Badan Pengusahaan KPBPB. Ayat (21 Cukup jelas. Ayat (3) Cukup jelas.",Pasal 76,"kawasan, industri, kpbpb, pengelola, cukup","Pemerintah Pusat, Badan"
PP_28_2025,PP Nomor 28 Tahun 2025,PP,2025,28,BAB XIV,Ketentuan Penutup,,,77,,,,Definisi,"Ayat (1) Cukup jelas. Ayat (21 Cukup jelas. Ayat (3) Cukup jelas. Ayat (a) Cukup jelas. Ayat -L6- Ayat (5) Yang dimaksud dengan ""tidak diterbitkan"" adalah menteri yang menyelenggarakan urusan pemerintahan di bidang kelautan dan perikanan tidak menerima tanggapan (berupa menyetujui atau menolak) dari menteri yang menyelenggarakan urusan pemerintahan di bidang kehutanan dalam batas waktu 15 (lima belas) Hari. Ayat (6) Sesuai dengan asas umum pemerintahan yang baik, apabila menteri yang menyelenggarakan urusan pemerintahan di bidang kehutanan menolak rekomendasi pemanfaatan kawasan suaka alam atau kawasan pelestarian alam, disertai dengan alasan penolakan. Ayat (71 Cukup jelas. Ayat (8) Cukup jelas.",Pasal 77,"cukup, jelas, pemerintahan, menteri, menyelenggarakan",Menteri
PP_28_2025,PP Nomor 28 Tahun 2025,PP,2025,28,BAB XIV,Ketentuan Penutup,,,78,,,,Ketentuan,"Ayat (1) Cukup jelas. Ayat (2) Cukup jelas. Ayat (3) Huruf a Cukup jelas. Huruf b Cukup jelas. Huruf c Dalam rangka memberikan kemudahan bagi Pelaku Usaha, penerbitan SPPL dilakukan bersamaan dengan penerbitan NIB melalui Sistem OSS. Ayat. . . Ayat (a) Cukup jelas Ayat (5) Cukup jelas Ayat (6) Cukup jelas",Pasal 78,"cukup, jelas, penerbitan, rangka, memberikan",Pelaku Usaha
PP_28_2025,PP Nomor 28 Tahun 2025,PP,2025,28,BAB XIV,Ketentuan Penutup,,,79,,,,Ketentuan,Cukup jelas.,Pasal 79,"cukup, jelas",
PP_28_2025,PP Nomor 28 Tahun 2025,PP,2025,28,BAB XIV,Ketentuan Penutup,,,80,,,,Ketentuan,Cukup jelas,Pasal 80,"cukup, jelas",
PP_28_2025,PP Nomor 28 Tahun 2025,PP,2025,28,BAB XIV,Ketentuan Penutup,,,81,,,,Ketentuan,Cukup jelas,Pasal 81,"cukup, jelas",
PP_28_2025,PP Nomor 28 Tahun 2025,PP,2025,28,BAB XIV,Ketentuan Penutup,,,82,,,,Ketentuan,Cukup jelas,Pasal 82,"cukup, jelas",
PP_28_2025,PP Nomor 28 Tahun 2025,PP,2025,28,BAB XIV,Ketentuan Penutup,,,83,,,,Ketentuan,Cukup jelas.,Pasal 83,"cukup, jelas",
PP_28_2025,PP Nomor 28 Tahun 2025,PP,2025,28,BAB XIV,Ketentuan Penutup,,,84,,,,Ketentuan,Cukup jelas,Pasal 84,"cukup, jelas",
PP_28_2025,PP Nomor 28 Tahun 2025,PP,2025,28,BAB XIV,Ketentuan Penutup,,,85,,,,Ketentuan,Cukup jelas.,Pasal 85,"cukup, jelas",
PP_28_2025,PP Nomor 28 Tahun 2025,PP,2025,28,BAB XIV,Ketentuan Penutup,,,86,,,,Ketentuan,Cukup jelas Pasal _ 18_,Pasal 86,"cukup, jelas",
PP_28_2025,PP Nomor 28 Tahun 2025,PP,2025,28,BAB XIV,Ketentuan Penutup,,,87,,,,Ketentuan,Cukup jelas,Pasal 87,"cukup, jelas",
PP_28_2025,PP Nomor 28 Tahun 2025,PP,2025,28,BAB XIV,Ketentuan Penutup,,,88,,,,Ketentuan,Cukup jelas,Pasal 88,"cukup, jelas",
PP_28_2025,PP Nomor 28 Tahun 2025,PP,2025,28,BAB XIV,Ketentuan Penutup,,,89,,,,Ketentuan,Cukup jelas,Pasal 89,"cukup, jelas",
PP_28_2025,PP Nomor 28 Tahun 2025,PP,2025,28,BAB XIV,Ketentuan Penutup,,,90,,,,Ketentuan,Cukup jelas.,Pasal 90,"cukup, jelas",
PP_28_2025,PP Nomor 28 Tahun 2025,PP,2025,28,BAB XIV,Ketentuan Penutup,,,91,,,,Ketentuan,Cukup jelas,Pasal 91,"cukup, jelas",
PP_28_2025,PP Nomor 28 Tahun 2025,PP,2025,28,BAB XIV,Ketentuan Penutup,,,92,,,,Ketentuan,Cukup jelas,Pasal 92,"cukup, jelas",
PP_28_2025,PP Nomor 28 Tahun 2025,PP,2025,28,BAB XIV,Ketentuan Penutup,,,93,,,,Ketentuan,Cukup jelas,Pasal 93,"cukup, jelas",
PP_28_2025,PP Nomor 28 Tahun 2025,PP,2025,28,BAB XIV,Ketentuan Penutup,,,94,,,,Ketentuan,Cukup jelas.,Pasal 94,"cukup, jelas",
PP_28_2025,PP Nomor 28 Tahun 2025,PP,2025,28,BAB XIV,Ketentuan Penutup,,,95,,,,Ketentuan,Cukup jelas.,Pasal 95,"cukup, jelas",
PP_28_2025,PP Nomor 28 Tahun 2025,PP,2025,28,BAB XIV,Ketentuan Penutup,,,96,,,,Ketentuan,Cukup jelas.,Pasal 96,"cukup, jelas",
PP_28_2025,PP Nomor 28 Tahun 2025,PP,2025,28,BAB XIV,Ketentuan Penutup,,,97,,,,Ketentuan,Cukup jelas. Pasal _19_,Pasal 97,"cukup, jelas",
PP_28_2025,PP Nomor 28 Tahun 2025,PP,2025,28,BAB XIV,Ketentuan Penutup,,,98,,,,Ketentuan,Cukup jelas,Pasal 98,"cukup, jelas",
PP_28_2025,PP Nomor 28 Tahun 2025,PP,2025,28,BAB XIV,Ketentuan Penutup,,,99,,,,Ketentuan,Cukup jelas. Pasal lOO Cukup jelas Pasal 1O1 Cukup jelas.,Pasal 99,"cukup, jelas",
PP_28_2025,PP Nomor 28 Tahun 2025,PP,2025,28,BAB XIV,Ketentuan Penutup,,,102,,,,Ketentuan,Cukup jelas Pasal 1O3 Cukup jelas.,Pasal 102,"cukup, jelas",
PP_28_2025,PP Nomor 28 Tahun 2025,PP,2025,28,BAB XIV,Ketentuan Penutup,,,104,,,,Ketentuan,Cukup jelas.,Pasal 104,"cukup, jelas",
PP_28_2025,PP Nomor 28 Tahun 2025,PP,2025,28,BAB XIV,Ketentuan Penutup,,,105,,,,Ketentuan,Cukup jelas. Pasal 1O6 Cukup jelas,Pasal 105,"cukup, jelas",
PP_28_2025,PP Nomor 28 Tahun 2025,PP,2025,28,BAB XIV,Ketentuan Penutup,,,107,,,,Ketentuan,Cukup jelas,Pasal 107,"cukup, jelas",
PP_28_2025,PP Nomor 28 Tahun 2025,PP,2025,28,BAB XIV,Ketentuan Penutup,,,108,,,,Ketentuan,Cukup jelas Pasal,Pasal 108,"cukup, jelas",
PP_28_2025,PP Nomor 28 Tahun 2025,PP,2025,28,BAB XIV,Ketentuan Penutup,,,109,,,,Definisi,"Cukup jelas. Pasal 1 10 Cukup jelas Pasal 1 1 1 Ayat (1) Yang dimaksud dengan ""pemeriksaan kebenaran data dan dokumen"" sama dengan pemeriksaan kesesuaian data dan dokumen sesuai dengan ketentuan peraturan perundang- undangan di bidang bangunan gedung. Ayat (2) Cukup jelas. Ayat (3) Cukup jelas. Pasal I 12 Cukup jelas. Pasal 1 13 Cukup jelas Pasal 1 14 Cukup jelas Pasal 1 15 Cukup jelas. Pasal 1 16 Cukup jelas Pasal -2t- Pasal 1 17 Cukup jelas Pasal 1 18 Cukup jelas Pasal 1 19 Cukup jelas",Pasal 109,"cukup, jelas, pemeriksaan, data, dokumen",
PP_28_2025,PP Nomor 28 Tahun 2025,PP,2025,28,BAB XIV,Ketentuan Penutup,,,120,,,,Ketentuan,Cukup jelas.,Pasal 120,"cukup, jelas",
PP_28_2025,PP Nomor 28 Tahun 2025,PP,2025,28,BAB XIV,Ketentuan Penutup,,,121,,,,Ketentuan,Cukup jelas,Pasal 121,"cukup, jelas",
PP_28_2025,PP Nomor 28 Tahun 2025,PP,2025,28,BAB XIV,Ketentuan Penutup,,,122,,,,Ketentuan,Cukup jelas,Pasal 122,"cukup, jelas",
PP_28_2025,PP Nomor 28 Tahun 2025,PP,2025,28,BAB XIV,Ketentuan Penutup,,,123,,,,Ketentuan,Cukup jelas.,Pasal 123,"cukup, jelas",
PP_28_2025,PP Nomor 28 Tahun 2025,PP,2025,28,BAB XIV,Ketentuan Penutup,,,124,,,,Ketentuan,Cukup jelas.,Pasal 124,"cukup, jelas",
PP_28_2025,PP Nomor 28 Tahun 2025,PP,2025,28,BAB XIV,Ketentuan Penutup,,,125,,,,Ketentuan,Cukup jelas.,Pasal 125,"cukup, jelas",
PP_28_2025,PP Nomor 28 Tahun 2025,PP,2025,28,BAB XIV,Ketentuan Penutup,,,126,,,,Ketentuan,"Cukup jelas Pasal, 127 Cukup jelas. Pasal",Pasal 126,"cukup, jelas",
PP_28_2025,PP Nomor 28 Tahun 2025,PP,2025,28,BAB XIV,Ketentuan Penutup,,,128,,,,Ketentuan,Cukup jelas,Pasal 128,"cukup, jelas",
PP_28_2025,PP Nomor 28 Tahun 2025,PP,2025,28,BAB XIV,Ketentuan Penutup,,,129,,,,Ketentuan,Cukup jelas,Pasal 129,"cukup, jelas",
PP_28_2025,PP Nomor 28 Tahun 2025,PP,2025,28,BAB XIV,Ketentuan Penutup,,,130,,,,Ketentuan,Cukup jelas.,Pasal 130,"cukup, jelas",
PP_28_2025,PP Nomor 28 Tahun 2025,PP,2025,28,BAB XIV,Ketentuan Penutup,,,131,,,,Ketentuan,Cukup jelas.,Pasal 131,"cukup, jelas",
PP_28_2025,PP Nomor 28 Tahun 2025,PP,2025,28,BAB XIV,Ketentuan Penutup,,,132,,,,Ketentuan,Cukup jelas,Pasal 132,"cukup, jelas",
PP_28_2025,PP Nomor 28 Tahun 2025,PP,2025,28,BAB XIV,Ketentuan Penutup,,,133,,,,Ketentuan,Cukup jelas,Pasal 133,"cukup, jelas",
PP_28_2025,PP Nomor 28 Tahun 2025,PP,2025,28,BAB XIV,Ketentuan Penutup,,,134,,,,Ketentuan,Cukup jelas Pasal,Pasal 134,"cukup, jelas",
PP_28_2025,PP Nomor 28 Tahun 2025,PP,2025,28,BAB XIV,Ketentuan Penutup,,,135,,,,Ketentuan,"Ayat (1) Cukup jelas. Ayat (21 Cukup jelas. Ayat (3) Cukup jelas. Ayat (a) Cukup jelas. Ayat (5) Cukup jelas. Ayat (6) Huruf a PB UMKU dalam rangka peredaran produk antara lain untuk kegiatan usaha di bidang makanan minuman, farmasi obat- obatan, alat kesehatan, kosmetik, uji tipe untuk kendaraan, dan pertahanan. Huruf b PB UMKU dalam rangka kelayakan operasi antara lain untuk kegiatan usaha di bidang transportasi, ketenagalistrikan, komunikasi dan informatika, pekerjaan umum, serta ketenaganukliran. Huruf c PB UMKU dalam rangka standardisasi produk/jasa antara lain untuk kegiatan usaha yang memerlukan standar nasional, sertif,rkasi untuk jasa pariwisata, sertifikasi sanitasi, dan sertifikasi perangkat telekomunikasi. Huruf d PB UMKU dalam rangka kelancaran kegiatan usaha antara lain untuk kegiatan usaha pengambilan air tanah, penyelenggaraan terminal khusus, dan pergudangan.",Pasal 135,"cukup, jelas, kegiatan, usaha, umku",
PP_28_2025,PP Nomor 28 Tahun 2025,PP,2025,28,BAB XIV,Ketentuan Penutup,,,136,,,,Ketentuan,Cukup jelas Pasal,Pasal 136,"cukup, jelas",
PP_28_2025,PP Nomor 28 Tahun 2025,PP,2025,28,BAB XIV,Ketentuan Penutup,,,137,,,,Ketentuan,"Ayat (1) Cukup jelas. Ayat (2) Cukup jelas. Ayat (3) Peraturan kepala daerah antara lain mengatur peran, tugas, dan tata kelola DPMPTSP serta organisasi perangkat daerah teknis dalam pemrosesan PBBR di daerah. Ayat (a) Cukup jelas.",Pasal 137,"cukup, jelas, daerah, kepala, mengatur","Perangkat Daerah, Kepala Daerah"
PP_28_2025,PP Nomor 28 Tahun 2025,PP,2025,28,BAB XIV,Ketentuan Penutup,,,138,,,,Ketentuan,Cukup jelas,Pasal 138,"cukup, jelas",
PP_28_2025,PP Nomor 28 Tahun 2025,PP,2025,28,BAB XIV,Ketentuan Penutup,,,139,,,,Ketentuan,Cukup jelas.,Pasal 139,"cukup, jelas",
PP_28_2025,PP Nomor 28 Tahun 2025,PP,2025,28,BAB XIV,Ketentuan Penutup,,,140,,,,Ketentuan,Cukup jelas.,Pasal 140,"cukup, jelas",
PP_28_2025,PP Nomor 28 Tahun 2025,PP,2025,28,BAB XIV,Ketentuan Penutup,,,141,,,,Ketentuan,Cukup jelas.,Pasal 141,"cukup, jelas",
PP_28_2025,PP Nomor 28 Tahun 2025,PP,2025,28,BAB XIV,Ketentuan Penutup,,,142,,,,Ketentuan,Cukup jelas,Pasal 142,"cukup, jelas",
PP_28_2025,PP Nomor 28 Tahun 2025,PP,2025,28,BAB XIV,Ketentuan Penutup,,,143,,,,Ketentuan,Cukup jelas.,Pasal 143,"cukup, jelas",
PP_28_2025,PP Nomor 28 Tahun 2025,PP,2025,28,BAB XIV,Ketentuan Penutup,,,144,,,,Ketentuan,Cukup jelas Pasal R.EPUBLIK INDONESIA _25_,Pasal 144,"cukup, jelas, epublik, indonesia",
PP_28_2025,PP Nomor 28 Tahun 2025,PP,2025,28,BAB XIV,Ketentuan Penutup,,,145,,,,Ketentuan,Cukup jelas.,Pasal 145,"cukup, jelas",
PP_28_2025,PP Nomor 28 Tahun 2025,PP,2025,28,BAB XIV,Ketentuan Penutup,,,146,,,,Ketentuan,Cukup jelas.,Pasal 146,"cukup, jelas",
PP_28_2025,PP Nomor 28 Tahun 2025,PP,2025,28,BAB XIV,Ketentuan Penutup,,,147,,,,Definisi,"Ayat (1) Cukup jelas. Ayat (21 Cukup jelas. Ayat (3) Cukup jelas. Ayat (a) Yang dimaksud dengan ""Lampiran II"" adalah Lampiran II PB UMKU sektor energi dan sumber daya mineral yang mengatur mengenai lzin pengusahaan air tanah.",Pasal 147,"cukup, jelas, lampiran, umku, sektor",
PP_28_2025,PP Nomor 28 Tahun 2025,PP,2025,28,BAB XIV,Ketentuan Penutup,,,148,,,,Ketentuan,"Ayat (1) Cukup jelas. Ayat (2) Cukup jelas. Ayat (3) Kegiatan usaha PB tertentu yang memerlukanperizinan bertahap pada pemanfaatan sumber radiasi pengion meliputi: a. fasilitas produksi radioisotop, radiofarmaka, dan radioisotop dan radiofarmaka;",Pasal 148,"cukup, jelas, radioisotop, radiofarmaka, kegiatan",
PP_28_2025,PP Nomor 28 Tahun 2025,PP,2025,28,BAB XIV,Ketentuan Penutup,,,148,,b,,Ketentuan,fasilitas produksi peralatan yang menggunakan zat radioaktif;,Pasal 148 huruf b,"fasilitas, produksi, peralatan, menggunakan, radioaktif",
PP_28_2025,PP Nomor 28 Tahun 2025,PP,2025,28,BAB XIV,Ketentuan Penutup,,,148,,c,,Ketentuan,"fasilitas iradiator kategori II, kategori III, dan kategori IV menggunakan sumber radioaktif; dan",Pasal 148 huruf c,"kategori, fasilitas, iradiator, menggunakan, sumber",
PP_28_2025,PP Nomor 28 Tahun 2025,PP,2025,28,BAB XIV,Ketentuan Penutup,,,148,,d,,Ketentuan,fasilitas iradiator kategori II menggunakan pembangkit radiasi pengion. Kegiatan . . . Kegiatan usaha PB tertentu yang memerlukan perizinan bertahap pada instalasi nuklir dan bahan nuklir meliputi: a. reaktor nuklir; dan b. instalasi nuklir nonreaktor. Kegiatan usaha PB UMKU tertentu yang memerlukan perizinan bertahap pada pemanfaatan sumber radiasi pengion meliputi:,Pasal 148 huruf d,"nuklir, kegiatan, radiasi, pengion, usaha",
PP_28_2025,PP Nomor 28 Tahun 2025,PP,2025,28,BAB XIV,Ketentuan Penutup,,,148,,a,,Ketentuan,fasilitas produksi radioisotop dan radiofarmaka yang menunjang layanan kedokteran nuklir;,Pasal 148 huruf a,"fasilitas, produksi, radioisotop, radiofarmaka, menunjang",
PP_28_2025,PP Nomor 28 Tahun 2025,PP,2025,28,BAB XIV,Ketentuan Penutup,,,148,,b,,Ketentuan,fasilitas produksi radiofarmaka yang menunjang layanan kedokteran nuklir; c. fasilitas pengelolaan limbah radioaktif;,Pasal 148 huruf b,"fasilitas, produksi, radiofarmaka, menunjang, layanan",
PP_28_2025,PP Nomor 28 Tahun 2025,PP,2025,28,BAB XIV,Ketentuan Penutup,,,148,,d,,Ketentuan,fasilitas produksi barang konsumen yang mengandung zat radioaktif;,Pasal 148 huruf d,"fasilitas, produksi, barang, konsumen, mengandung",
PP_28_2025,PP Nomor 28 Tahun 2025,PP,2025,28,BAB XIV,Ketentuan Penutup,,,148,,e,,Ketentuan,fasilitas kalibrasi yang menggunakan sumber radiasi pengion; f. fasilitas kedokteran nuklir terapi; g. fasilitas kedokteran nuklir diagnostik in uiuo; h. fasilitasradioterapi;,Pasal 148 huruf e,"fasilitas, kedokteran, nuklir, kalibrasi, menggunakan",
PP_28_2025,PP Nomor 28 Tahun 2025,PP,2025,28,BAB XIV,Ketentuan Penutup,,,148,,i,,Ketentuan,fasilitas iradiator kategori II dan kategori III menggunakan sumber radioaktif sebagai penunjang kegiatan utama;,Pasal 148 huruf i,"kategori, fasilitas, iradiator, menggunakan, sumber",
PP_28_2025,PP Nomor 28 Tahun 2025,PP,2025,28,BAB XIV,Ketentuan Penutup,,,148,,j,,Ketentuan,fasilitas iradiator kategori II menggunakan pembangkit radiasi pengion sebagai penunjang kegiatan utama; dan,Pasal 148 huruf j,"fasilitas, iradiator, kategori, menggunakan, pembangkit",
PP_28_2025,PP Nomor 28 Tahun 2025,PP,2025,28,BAB XIV,Ketentuan Penutup,,,148,,k,,Ketentuan,fasilitas pemeriksaan peti kemas menggunakan sumber radiasi pengion.,Pasal 148 huruf k,"fasilitas, pemeriksaan, peti, kemas, menggunakan",
PP_28_2025,PP Nomor 28 Tahun 2025,PP,2025,28,BAB XIV,Ketentuan Penutup,,,149,,,,Ketentuan,Cukup jelas,Pasal 149,"cukup, jelas",
PP_28_2025,PP Nomor 28 Tahun 2025,PP,2025,28,BAB XIV,Ketentuan Penutup,,,150,,,,Ketentuan,Cukup jelas,Pasal 150,"cukup, jelas",
PP_28_2025,PP Nomor 28 Tahun 2025,PP,2025,28,BAB XIV,Ketentuan Penutup,,,151,,,,Ketentuan,Cukup jelas Pasal R.EPUBLIK INDONESIA -27 -,Pasal 151,"cukup, jelas, epublik, indonesia",
PP_28_2025,PP Nomor 28 Tahun 2025,PP,2025,28,BAB XIV,Ketentuan Penutup,,,152,,,,Ketentuan,Cukup jelas,Pasal 152,"cukup, jelas",
PP_28_2025,PP Nomor 28 Tahun 2025,PP,2025,28,BAB XIV,Ketentuan Penutup,,,153,,,,Ketentuan,Cukup jelas,Pasal 153,"cukup, jelas",
PP_28_2025,PP Nomor 28 Tahun 2025,PP,2025,28,BAB XIV,Ketentuan Penutup,,,154,,,,Ketentuan,Cukup jelas,Pasal 154,"cukup, jelas",
PP_28_2025,PP Nomor 28 Tahun 2025,PP,2025,28,BAB XIV,Ketentuan Penutup,,,155,,,,Ketentuan,Cukup jelas.,Pasal 155,"cukup, jelas",
PP_28_2025,PP Nomor 28 Tahun 2025,PP,2025,28,BAB XIV,Ketentuan Penutup,,,156,,,,Ketentuan,Cukup jelas,Pasal 156,"cukup, jelas",
PP_28_2025,PP Nomor 28 Tahun 2025,PP,2025,28,BAB XIV,Ketentuan Penutup,,,157,,,,Ketentuan,Cukup jelas.,Pasal 157,"cukup, jelas",
PP_28_2025,PP Nomor 28 Tahun 2025,PP,2025,28,BAB XIV,Ketentuan Penutup,,,158,,,,Ketentuan,Cukup jelas.,Pasal 158,"cukup, jelas",
PP_28_2025,PP Nomor 28 Tahun 2025,PP,2025,28,BAB XIV,Ketentuan Penutup,,,159,,,,Definisi,"Ayat (1) Cukup jelas. Ayat (2) Cukup jelas. Ayat (3) Yang dimaksud dengan ""Lampiran II"" adalah Lampiran II PB UMKU sektor pekerjaan umum dan perumahan ralryat yang mengatur mengenai subsektor sumber daya air.",Pasal 159,"cukup, jelas, lampiran, umku, sektor",
PP_28_2025,PP Nomor 28 Tahun 2025,PP,2025,28,BAB XIV,Ketentuan Penutup,,,160,,,,Ketentuan,Cukup jelas. Pasal,Pasal 160,"cukup, jelas",
PP_28_2025,PP Nomor 28 Tahun 2025,PP,2025,28,BAB XIV,Ketentuan Penutup,,,161,,,,Ketentuan,Cukup jelas.,Pasal 161,"cukup, jelas",
PP_28_2025,PP Nomor 28 Tahun 2025,PP,2025,28,BAB XIV,Ketentuan Penutup,,,162,,,,Ketentuan,Cukup jelas.,Pasal 162,"cukup, jelas",
PP_28_2025,PP Nomor 28 Tahun 2025,PP,2025,28,BAB XIV,Ketentuan Penutup,,,163,,,,Ketentuan,Cukup jelas,Pasal 163,"cukup, jelas",
PP_28_2025,PP Nomor 28 Tahun 2025,PP,2025,28,BAB XIV,Ketentuan Penutup,,,164,,,,Definisi,"Ayat (1) Cukup jelas. Ayat (2) Yang dimaksud dengan ""usaha tertentu"" antara lain:",Pasal 164,"cukup, jelas, usaha, tertentu",
PP_28_2025,PP Nomor 28 Tahun 2025,PP,2025,28,BAB XIV,Ketentuan Penutup,,,164,,a,,Ketentuan,"sebagian usaha (seperti parfum isi ulang) yang dilakukan oleh Pelaku Usaha mikro; b. usaha yang dilakukan di tempat penimbunan berikat; c. usaha kemasan dan aktivitas pengepakan yang ditujukan untuk diekspor kembali pada KEK atau KPBPB; atau d. fasilitas produksi obat penggunaan khusus, sesuai dengan ketentuan peraturan perundang-undangan.",Pasal 164 huruf a,"usaha, sebagian, seperti, parfum, ulang",Pelaku Usaha
PP_28_2025,PP Nomor 28 Tahun 2025,PP,2025,28,BAB XIV,Ketentuan Penutup,,,165,,,,Ketentuan,Cukup jelas.,Pasal 165,"cukup, jelas",
PP_28_2025,PP Nomor 28 Tahun 2025,PP,2025,28,BAB XIV,Ketentuan Penutup,,,166,,,,Ketentuan,Cukup jelas,Pasal 166,"cukup, jelas",
PP_28_2025,PP Nomor 28 Tahun 2025,PP,2025,28,BAB XIV,Ketentuan Penutup,,,167,,,,Ketentuan,Cukup jelas Pasal,Pasal 167,"cukup, jelas",
PP_28_2025,PP Nomor 28 Tahun 2025,PP,2025,28,BAB XIV,Ketentuan Penutup,,,168,,,,Definisi,"Yang dimaksud dengan ""penerbitan buku"" adalah seluruh proses kegiatan yang dimulai dari pengeditan, pengilustrasian, dan pendesainan buku.",Pasal 168,"buku, penerbitan, seluruh, proses, kegiatan",
PP_28_2025,PP Nomor 28 Tahun 2025,PP,2025,28,BAB XIV,Ketentuan Penutup,,,169,,,,Ketentuan,Cukup jelas,Pasal 169,"cukup, jelas",
PP_28_2025,PP Nomor 28 Tahun 2025,PP,2025,28,BAB XIV,Ketentuan Penutup,,,17O,,,,Ketentuan,Cukup jelas,Pasal 17O,"cukup, jelas",
PP_28_2025,PP Nomor 28 Tahun 2025,PP,2025,28,BAB XIV,Ketentuan Penutup,,,171,,,,Ketentuan,Cukup jelas PasaI 172 Cukup jelas.,Pasal 171,"cukup, jelas, pasai",
PP_28_2025,PP Nomor 28 Tahun 2025,PP,2025,28,BAB XIV,Ketentuan Penutup,,,173,,,,Ketentuan,Cukup jelas,Pasal 173,"cukup, jelas",
PP_28_2025,PP Nomor 28 Tahun 2025,PP,2025,28,BAB XIV,Ketentuan Penutup,,,174,,,,Ketentuan,Cukup jelas,Pasal 174,"cukup, jelas",
PP_28_2025,PP Nomor 28 Tahun 2025,PP,2025,28,BAB XIV,Ketentuan Penutup,,,175,,,,Ketentuan,Cukup jelas,Pasal 175,"cukup, jelas",
PP_28_2025,PP Nomor 28 Tahun 2025,PP,2025,28,BAB XIV,Ketentuan Penutup,,,176,,,,Ketentuan,Cukup jelas.,Pasal 176,"cukup, jelas",
PP_28_2025,PP Nomor 28 Tahun 2025,PP,2025,28,BAB XIV,Ketentuan Penutup,,,177,,,,Ketentuan,Cukup jelas Pasal,Pasal 177,"cukup, jelas",
PP_28_2025,PP Nomor 28 Tahun 2025,PP,2025,28,BAB XIV,Ketentuan Penutup,,,178,,,,Ketentuan,Cukup jelas,Pasal 178,"cukup, jelas",
PP_28_2025,PP Nomor 28 Tahun 2025,PP,2025,28,BAB XIV,Ketentuan Penutup,,,179,,,,Definisi,"Yang dimaksud dengan ""berkoordinasi dengan kementerian terkait"" yaitu penyusunan peraturan menteri paling sedikit berkoordinasi dengan kementerian/lembaga yang menyelenggarakan urusan pemerintahan di bidang keuangan negara atau kepabeanan dan kementerian yang menyelenggarakan urusan pemerintahan di bidang perdagangan.",Pasal 179,"kementerian, berkoordinasi, menyelenggarakan, urusan, pemerintahan","Kementerian, Lembaga"
PP_28_2025,PP Nomor 28 Tahun 2025,PP,2025,28,BAB XIV,Ketentuan Penutup,,,180,,,,Ketentuan,Cukup jela's.,Pasal 180,"cukup, jela",
PP_28_2025,PP Nomor 28 Tahun 2025,PP,2025,28,BAB XIV,Ketentuan Penutup,,,181,,,,Ketentuan,Cukup jelas.,Pasal 181,"cukup, jelas",
PP_28_2025,PP Nomor 28 Tahun 2025,PP,2025,28,BAB XIV,Ketentuan Penutup,,,182,,,,Ketentuan,Cukup jelas.,Pasal 182,"cukup, jelas",
PP_28_2025,PP Nomor 28 Tahun 2025,PP,2025,28,BAB XIV,Ketentuan Penutup,,,183,,,,Ketentuan,Cukup jelas.,Pasal 183,"cukup, jelas",
PP_28_2025,PP Nomor 28 Tahun 2025,PP,2025,28,BAB XIV,Ketentuan Penutup,,,184,,,,Ketentuan,Cukup jelas,Pasal 184,"cukup, jelas",
PP_28_2025,PP Nomor 28 Tahun 2025,PP,2025,28,BAB XIV,Ketentuan Penutup,,,185,,,,Definisi,"Ayat (1) Yang dimaksud dengan ""kementerian/lembaga sebagai pengampu"" adalah kementerian/lembaga yang menjalankan fungsi penerbitan PB, pembinaan, dan pengawasan suatu kegiatan usaha. Ayat (21 Cukup jelas. Pasal. . . -31 -",Pasal 185,"kementerian, lembaga, pengampu, menjalankan, fungsi","Kementerian, Lembaga"
PP_28_2025,PP Nomor 28 Tahun 2025,PP,2025,28,BAB XIV,Ketentuan Penutup,,,186,,,,Ketentuan,Ayat (1) Huruf a Cukup jelas. Huruf b Cukup jelas. Huruf c Cukup jelas. Huruf d Cukup jelas. Huruf e Cukup jelas. Huruf f Aktivitas penerbitan piranti lunak (sofiware) terkait dengan sektor penyelenggaraan sistem dan transaksi elektronik khusus gim. Ayat (2) Cukup jelas.,Pasal 186,"cukup, jelas, aktivitas, penerbitan, piranti",
PP_28_2025,PP Nomor 28 Tahun 2025,PP,2025,28,BAB XIV,Ketentuan Penutup,,,187,,,,Ketentuan,Cukup jelas,Pasal 187,"cukup, jelas",
PP_28_2025,PP Nomor 28 Tahun 2025,PP,2025,28,BAB XIV,Ketentuan Penutup,,,188,,,,Ketentuan,Cukup jelas,Pasal 188,"cukup, jelas",
PP_28_2025,PP Nomor 28 Tahun 2025,PP,2025,28,BAB XIV,Ketentuan Penutup,,,189,,,,Ketentuan,Ayat,Pasal 189,,
PP_28_2025,PP Nomor 28 Tahun 2025,PP,2025,28,BAB XIV,Ketentuan Penutup,,,189,1,,,Ketentuan,"Cukup jelas. Ayat (2) Cukup jelas. Ayat (3) Cukup jelas. Ayat Ayat (4) Cukup jelas. Ayat (5) Cukup jelas. Ayat (6) Huruf a Cukup jelas. Huruf b Cukup jelas. Huruf c Cukup jelas. Huruf d Cukup jelas. Huruf e Cukup jelas. Huruf f Cukup jelas. Huruf g Cukup jelas. Huruf h Cukup jelas. Huruf i Cukup jelas. j Huruf Cukup jelas. Huruf k Contoh badan hukum lainnya antara lain yayasan, persyarikatan, atau perkumpulan. Persyarikatan atau perkumpulan dimaksudkan dalam rangka mengakomodasi persyarikatan atau perkumpulan yang telah melakukan kegiatan usaha sebelum kemerdekaan Republik Indonesia. Ayat. . . Ayat (7) Cukup jelas Ayat (8) Cukup jelas",Pasal 189 ayat (1),"cukup, jelas, persyarikatan, perkumpulan, contoh",Badan Hukum
PP_28_2025,PP Nomor 28 Tahun 2025,PP,2025,28,BAB XIV,Ketentuan Penutup,,,19O,,,,Ketentuan,Cukup jelas,Pasal 19O,"cukup, jelas",
PP_28_2025,PP Nomor 28 Tahun 2025,PP,2025,28,BAB XIV,Ketentuan Penutup,,,191,,,,Ketentuan,Cukup jelas,Pasal 191,"cukup, jelas",
PP_28_2025,PP Nomor 28 Tahun 2025,PP,2025,28,BAB XIV,Ketentuan Penutup,,,192,,,,Ketentuan,Cukup jelas.,Pasal 192,"cukup, jelas",
PP_28_2025,PP Nomor 28 Tahun 2025,PP,2025,28,BAB XIV,Ketentuan Penutup,,,193,,,,Ketentuan,Cukup jelas,Pasal 193,"cukup, jelas",
PP_28_2025,PP Nomor 28 Tahun 2025,PP,2025,28,BAB XIV,Ketentuan Penutup,,,194,,,,Ketentuan,Cukup jelas,Pasal 194,"cukup, jelas",
PP_28_2025,PP Nomor 28 Tahun 2025,PP,2025,28,BAB XIV,Ketentuan Penutup,,,195,,,,Ketentuan,Cukup jelas.,Pasal 195,"cukup, jelas",
PP_28_2025,PP Nomor 28 Tahun 2025,PP,2025,28,BAB XIV,Ketentuan Penutup,,,196,,,,Ketentuan,Cukup jelas.,Pasal 196,"cukup, jelas",
PP_28_2025,PP Nomor 28 Tahun 2025,PP,2025,28,BAB XIV,Ketentuan Penutup,,,197,,,,Ketentuan,Cukup jelas,Pasal 197,"cukup, jelas",
PP_28_2025,PP Nomor 28 Tahun 2025,PP,2025,28,BAB XIV,Ketentuan Penutup,,,198,,,,Ketentuan,Cukup jelas Pasal,Pasal 198,"cukup, jelas",
PP_28_2025,PP Nomor 28 Tahun 2025,PP,2025,28,BAB XIV,Ketentuan Penutup,,,199,,,,Ketentuan,Cukup jelas,Pasal 199,"cukup, jelas",
PP_28_2025,PP Nomor 28 Tahun 2025,PP,2025,28,BAB XIV,Ketentuan Penutup,,,20O,,,,Ketentuan,Cukup jelas.,Pasal 20O,"cukup, jelas",
PP_28_2025,PP Nomor 28 Tahun 2025,PP,2025,28,BAB XIV,Ketentuan Penutup,,,201,,,,Ketentuan,Cukup jelas. Pasal 2O2 Cukup jelas.,Pasal 201,"cukup, jelas",
PP_28_2025,PP Nomor 28 Tahun 2025,PP,2025,28,BAB XIV,Ketentuan Penutup,,,203,,,,Ketentuan,Cukup jelas.,Pasal 203,"cukup, jelas",
PP_28_2025,PP Nomor 28 Tahun 2025,PP,2025,28,BAB XIV,Ketentuan Penutup,,,204,,,,Ketentuan,Cukup jelas.,Pasal 204,"cukup, jelas",
PP_28_2025,PP Nomor 28 Tahun 2025,PP,2025,28,BAB XIV,Ketentuan Penutup,,,205,,,,Ketentuan,Cukup jelas.,Pasal 205,"cukup, jelas",
PP_28_2025,PP Nomor 28 Tahun 2025,PP,2025,28,BAB XIV,Ketentuan Penutup,,,206,,,,Ketentuan,Cukup jelas. Pasal 2O7 Cukup jelas.,Pasal 206,"cukup, jelas",
PP_28_2025,PP Nomor 28 Tahun 2025,PP,2025,28,BAB XIV,Ketentuan Penutup,,,208,,,,Ketentuan,Cukup jelas.,Pasal 208,"cukup, jelas",
PP_28_2025,PP Nomor 28 Tahun 2025,PP,2025,28,BAB XIV,Ketentuan Penutup,,,209,,,,Ketentuan,Cukup jelas. Pasal. . .,Pasal 209,"cukup, jelas",
PP_28_2025,PP Nomor 28 Tahun 2025,PP,2025,28,BAB XIV,Ketentuan Penutup,,,21O,,,,Ketentuan,Cukup jelas.,Pasal 21O,"cukup, jelas",
PP_28_2025,PP Nomor 28 Tahun 2025,PP,2025,28,BAB XIV,Ketentuan Penutup,,,211,,,,Ketentuan,"Cukup jelas Pasal2l2 Cukup jelas. Pasal 2 13 Cukup jelas. Pasal,214 Cukup jelas.",Pasal 211,"cukup, jelas",
PP_28_2025,PP Nomor 28 Tahun 2025,PP,2025,28,BAB XIV,Ketentuan Penutup,,,215,,,,Ketentuan,Cukup jelas Pasal 2 16 Cukup jelas. Pasal2lT Cukup jelas Pasal 2 18 Cukup jelas,Pasal 215,"cukup, jelas",
PP_28_2025,PP Nomor 28 Tahun 2025,PP,2025,28,BAB XIV,Ketentuan Penutup,,,219,,,,Definisi,"Ayat (1) Cukup jelas. Ayat (2) Cukup jelas. Ayat. . . Ayat (3) Cukup jelas. Ayat (a) Yang dimaksud dengan ""tidak perlu didahului dengan pengajuan persyaratan dasar baru"" adalah izin lokasi/KKPR, izin lingkunganfPL, dan/atau izin mendirikan bangunan/PBG/SLF yang dimiliki dan masih berlaku, tetap bisa digunakan. Ayat (5) Cukup jelas.",Pasal 219,"cukup, jelas, izin, perlu, didahului",
PP_28_2025,PP Nomor 28 Tahun 2025,PP,2025,28,BAB XIV,Ketentuan Penutup,,,22O,,,,Ketentuan,Cukup jelas Pasal22l Cukup jelas,Pasal 22O,"cukup, jelas",
PP_28_2025,PP Nomor 28 Tahun 2025,PP,2025,28,BAB XIV,Ketentuan Penutup,,,222,,,,Ketentuan,Cukup jelas.,Pasal 222,"cukup, jelas",
PP_28_2025,PP Nomor 28 Tahun 2025,PP,2025,28,BAB XIV,Ketentuan Penutup,,,223,,,,Ketentuan,Cukup jelas,Pasal 223,"cukup, jelas",
PP_28_2025,PP Nomor 28 Tahun 2025,PP,2025,28,BAB XIV,Ketentuan Penutup,,,224,,,,Ketentuan,Cukup jelas,Pasal 224,"cukup, jelas",
PP_28_2025,PP Nomor 28 Tahun 2025,PP,2025,28,BAB XIV,Ketentuan Penutup,,,225,,,,Ketentuan,Cukup jelas.,Pasal 225,"cukup, jelas",
PP_28_2025,PP Nomor 28 Tahun 2025,PP,2025,28,BAB XIV,Ketentuan Penutup,,,226,,,,Ketentuan,Cukup jelas.,Pasal 226,"cukup, jelas",
PP_28_2025,PP Nomor 28 Tahun 2025,PP,2025,28,BAB XIV,Ketentuan Penutup,,,227,,,,Ketentuan,Cukup jelas Pasal REFUBLIK INDONESIA -37 -,Pasal 227,"cukup, jelas, refublik, indonesia",
PP_28_2025,PP Nomor 28 Tahun 2025,PP,2025,28,BAB XIV,Ketentuan Penutup,,,228,,,,Ketentuan,Cukup jelas.,Pasal 228,"cukup, jelas",
PP_28_2025,PP Nomor 28 Tahun 2025,PP,2025,28,BAB XIV,Ketentuan Penutup,,,229,,,,Ketentuan,Cukup jelas.,Pasal 229,"cukup, jelas",
PP_28_2025,PP Nomor 28 Tahun 2025,PP,2025,28,BAB XIV,Ketentuan Penutup,,,230,,,,Ketentuan,Cukup jelas.,Pasal 230,"cukup, jelas",
PP_28_2025,PP Nomor 28 Tahun 2025,PP,2025,28,BAB XIV,Ketentuan Penutup,,,231,,,,Ketentuan,Cukup jelas.,Pasal 231,"cukup, jelas",
PP_28_2025,PP Nomor 28 Tahun 2025,PP,2025,28,BAB XIV,Ketentuan Penutup,,,232,,,,Ketentuan,Cukup jelas.,Pasal 232,"cukup, jelas",
PP_28_2025,PP Nomor 28 Tahun 2025,PP,2025,28,BAB XIV,Ketentuan Penutup,,,233,,,,Ketentuan,Cukup jelas,Pasal 233,"cukup, jelas",
PP_28_2025,PP Nomor 28 Tahun 2025,PP,2025,28,BAB XIV,Ketentuan Penutup,,,234,,,,Ketentuan,Cukup jelas,Pasal 234,"cukup, jelas",
PP_28_2025,PP Nomor 28 Tahun 2025,PP,2025,28,BAB XIV,Ketentuan Penutup,,,235,,,,Ketentuan,Cukup jelas.,Pasal 235,"cukup, jelas",
PP_28_2025,PP Nomor 28 Tahun 2025,PP,2025,28,BAB XIV,Ketentuan Penutup,,,236,,,,Ketentuan,"Cukup jelas Pasal,237 Cukup jelas",Pasal 236,"cukup, jelas",
PP_28_2025,PP Nomor 28 Tahun 2025,PP,2025,28,BAB XIV,Ketentuan Penutup,,,238,,,,Ketentuan,Cukup jelas Pasal,Pasal 238,"cukup, jelas",
PP_28_2025,PP Nomor 28 Tahun 2025,PP,2025,28,BAB XIV,Ketentuan Penutup,,,239,,,,Ketentuan,Cukup jelas,Pasal 239,"cukup, jelas",
PP_28_2025,PP Nomor 28 Tahun 2025,PP,2025,28,BAB XIV,Ketentuan Penutup,,,24O,,,,Definisi,"Ayat (1) Cukup jelas. Ayat (2) Cukup jelas. Ayat (3) Cukup jelas. Ayat (a) Cukup jelas. Ayat (5) Yang dimaksud dengan ""laporan kegiatan Penanaman Modal"" adalah laporan tentang kegiatan Penanaman Modal sebagaimana diatur dalam ketentuan peraturan perundang-undangan di bidang penanaman modal. Ayat (6) Cukup jelas.",Pasal 24O,"cukup, jelas, penanaman, modal, laporan",
PP_28_2025,PP Nomor 28 Tahun 2025,PP,2025,28,BAB XIV,Ketentuan Penutup,,,241,,,,Ketentuan,Cukup jelas,Pasal 241,"cukup, jelas",
PP_28_2025,PP Nomor 28 Tahun 2025,PP,2025,28,BAB XIV,Ketentuan Penutup,,,242,,,,Ketentuan,Cukup jelas,Pasal 242,"cukup, jelas",
PP_28_2025,PP Nomor 28 Tahun 2025,PP,2025,28,BAB XIV,Ketentuan Penutup,,,243,,,,Definisi,"Ayat (1) Cukup jelas. Ayat (21 Cukup jelas. Ayat. . . Ayat (3) Inspeksi lapangan rutin secara terkoordinasi dimaksudkan agar masing-masing kementerian/lembaga, organisasi perangkat daerah, Administrator KEK, dan KPBPB melakukan inspeksi lapangan secara terkoordinasi sehingga tidak menyulitkan Pelaku Usaha. Hal ini mengingat jika dilakukan secara sendiri-sendiri, Pelaku Usaha akan kesulitan menyiapkan data dan informasi bagi pejabat yang melakukan inspeksi lapangan. Ayat (a) Cukup jelas. Ayat (5) Cukup jelas. Pasal244 Ayat (1) Cukup jelas. Ayat (21 Cukup jelas. Ayat (3) Cukup jelas. Ayat (4) Cukup jelas. Ayat (5) Cukup jelas. Ayat (6) Cukup jelas. Ayat (7) Cukup jelas. Ayat (8) Yang dimaksud dengan ""ketentuan peraturan perundang- undangan"" antara lain peraturan perundang-undangan di bidang pemerintah daerah, kawasan ekonomi khusus, dan kawasan perdagangan dan pelabuhan bebas. Pasal",Pasal 243,"cukup, jelas, inspeksi, lapangan, terkoordinasi","Pemerintah Daerah, Perangkat Daerah, Pelaku Usaha, Kementerian, Lembaga"
PP_28_2025,PP Nomor 28 Tahun 2025,PP,2025,28,BAB XIV,Ketentuan Penutup,,,245,,,,Ketentuan,Cukup jelas,Pasal 245,"cukup, jelas",
PP_28_2025,PP Nomor 28 Tahun 2025,PP,2025,28,BAB XIV,Ketentuan Penutup,,,246,,,,Ketentuan,Cukup jelas,Pasal 246,"cukup, jelas",
PP_28_2025,PP Nomor 28 Tahun 2025,PP,2025,28,BAB XIV,Ketentuan Penutup,,,247,,,,Ketentuan,Cukup jelas,Pasal 247,"cukup, jelas",
PP_28_2025,PP Nomor 28 Tahun 2025,PP,2025,28,BAB XIV,Ketentuan Penutup,,,248,,,,Ketentuan,Cukup jelas.,Pasal 248,"cukup, jelas",
PP_28_2025,PP Nomor 28 Tahun 2025,PP,2025,28,BAB XIV,Ketentuan Penutup,,,249,,,,Ketentuan,Cukup jelas,Pasal 249,"cukup, jelas",
PP_28_2025,PP Nomor 28 Tahun 2025,PP,2025,28,BAB XIV,Ketentuan Penutup,,,25O,,,,Sanksi,"Ayat (1) Cukup jelas. Ayat (21 Pembinaan/pendampingan yang dilakukan dapat berupa penyuluhan, pemberian penjelasan, danf atau bimbingan teknis. Ayat (3) Pengenaan sanksi administratif dilaksanakan sesuai dengan pengaturan mengenai sanksi administratif dalam Peraturan Pemerintah ini.",Pasal 25O,"sanksi, administratif, cukup, jelas, pembinaan",Pemerintah
PP_28_2025,PP Nomor 28 Tahun 2025,PP,2025,28,BAB XIV,Ketentuan Penutup,,,251,,,,Ketentuan,Cukup jelas,Pasal 251,"cukup, jelas",
PP_28_2025,PP Nomor 28 Tahun 2025,PP,2025,28,BAB XIV,Ketentuan Penutup,,,252,,,,Ketentuan,Cukup jelas Pasal -4t-,Pasal 252,"cukup, jelas",
PP_28_2025,PP Nomor 28 Tahun 2025,PP,2025,28,BAB XIV,Ketentuan Penutup,,,253,,,,Ketentuan,Cukup jelas,Pasal 253,"cukup, jelas",
PP_28_2025,PP Nomor 28 Tahun 2025,PP,2025,28,BAB XIV,Ketentuan Penutup,,,254,,,,Ketentuan,Cukup jelas,Pasal 254,"cukup, jelas",
PP_28_2025,PP Nomor 28 Tahun 2025,PP,2025,28,BAB XIV,Ketentuan Penutup,,,255,,,,Ketentuan,Ayat (1) Cukup jelas. Ayat (2) Huruf a Cukup jelas. Huruf b Untuk pembinaan dilakukan termasuk untuk pemenuhan perizinan tunggal. Huruf c Cukup jelas.,Pasal 255,"cukup, jelas, pembinaan, termasuk, pemenuhan",
PP_28_2025,PP Nomor 28 Tahun 2025,PP,2025,28,BAB XIV,Ketentuan Penutup,,,256,,,,Ketentuan,Cukup jelas,Pasal 256,"cukup, jelas",
PP_28_2025,PP Nomor 28 Tahun 2025,PP,2025,28,BAB XIV,Ketentuan Penutup,,,257,,,,Ketentuan,Cukup jelas,Pasal 257,"cukup, jelas",
PP_28_2025,PP Nomor 28 Tahun 2025,PP,2025,28,BAB XIV,Ketentuan Penutup,,,258,,,,Ketentuan,Cukup jelas,Pasal 258,"cukup, jelas",
PP_28_2025,PP Nomor 28 Tahun 2025,PP,2025,28,BAB XIV,Ketentuan Penutup,,,259,,,,Ketentuan,Cukup jelas,Pasal 259,"cukup, jelas",
PP_28_2025,PP Nomor 28 Tahun 2025,PP,2025,28,BAB XIV,Ketentuan Penutup,,,260,,,,Ketentuan,Cukup jelas. Pasal _42_,Pasal 260,"cukup, jelas",
PP_28_2025,PP Nomor 28 Tahun 2025,PP,2025,28,BAB XIV,Ketentuan Penutup,,,261,,,,Ketentuan,Cukup jelas.,Pasal 261,"cukup, jelas",
PP_28_2025,PP Nomor 28 Tahun 2025,PP,2025,28,BAB XIV,Ketentuan Penutup,,,262,,,,Ketentuan,Cukup jelas.,Pasal 262,"cukup, jelas",
PP_28_2025,PP Nomor 28 Tahun 2025,PP,2025,28,BAB XIV,Ketentuan Penutup,,,263,,,,Ketentuan,Cukup jelas Pasal264 Cukup jelas,Pasal 263,"cukup, jelas",
PP_28_2025,PP Nomor 28 Tahun 2025,PP,2025,28,BAB XIV,Ketentuan Penutup,,,265,,,,Ketentuan,Cukup jelas.,Pasal 265,"cukup, jelas",
PP_28_2025,PP Nomor 28 Tahun 2025,PP,2025,28,BAB XIV,Ketentuan Penutup,,,266,,,,Ketentuan,Cukup jelas.,Pasal 266,"cukup, jelas",
PP_28_2025,PP Nomor 28 Tahun 2025,PP,2025,28,BAB XIV,Ketentuan Penutup,,,267,,,,Ketentuan,Cukup jelas,Pasal 267,"cukup, jelas",
PP_28_2025,PP Nomor 28 Tahun 2025,PP,2025,28,BAB XIV,Ketentuan Penutup,,,268,,,,Ketentuan,Cukup jelas.,Pasal 268,"cukup, jelas",
PP_28_2025,PP Nomor 28 Tahun 2025,PP,2025,28,BAB XIV,Ketentuan Penutup,,,269,,,,Ketentuan,Cukup jelas,Pasal 269,"cukup, jelas",
PP_28_2025,PP Nomor 28 Tahun 2025,PP,2025,28,BAB XIV,Ketentuan Penutup,,,27O,,,,Ketentuan,Cukup jelas Pasal271 Cukup jelas. Pasal _43_,Pasal 27O,"cukup, jelas",
PP_28_2025,PP Nomor 28 Tahun 2025,PP,2025,28,BAB XIV,Ketentuan Penutup,,,272,,,,Ketentuan,"Cukup jelas. Pasal,273 Cukup jelas",Pasal 272,"cukup, jelas",
PP_28_2025,PP Nomor 28 Tahun 2025,PP,2025,28,BAB XIV,Ketentuan Penutup,,,274,,,,Ketentuan,Cukup jelas,Pasal 274,"cukup, jelas",
PP_28_2025,PP Nomor 28 Tahun 2025,PP,2025,28,BAB XIV,Ketentuan Penutup,,,275,,,,Ketentuan,Cukup jelas,Pasal 275,"cukup, jelas",
PP_28_2025,PP Nomor 28 Tahun 2025,PP,2025,28,BAB XIV,Ketentuan Penutup,,,276,,,,Ketentuan,Cukup jelas,Pasal 276,"cukup, jelas",
PP_28_2025,PP Nomor 28 Tahun 2025,PP,2025,28,BAB XIV,Ketentuan Penutup,,,277,,,,Ketentuan,Cukup jelas,Pasal 277,"cukup, jelas",
PP_28_2025,PP Nomor 28 Tahun 2025,PP,2025,28,BAB XIV,Ketentuan Penutup,,,278,,,,Ketentuan,Cukup jelas,Pasal 278,"cukup, jelas",
PP_28_2025,PP Nomor 28 Tahun 2025,PP,2025,28,BAB XIV,Ketentuan Penutup,,,279,,,,Ketentuan,Cukup jelas,Pasal 279,"cukup, jelas",
PP_28_2025,PP Nomor 28 Tahun 2025,PP,2025,28,BAB XIV,Ketentuan Penutup,,,280,,,,Ketentuan,Cukup jelas,Pasal 280,"cukup, jelas",
PP_28_2025,PP Nomor 28 Tahun 2025,PP,2025,28,BAB XIV,Ketentuan Penutup,,,281,,,,Ketentuan,Cukup jelas,Pasal 281,"cukup, jelas",
PP_28_2025,PP Nomor 28 Tahun 2025,PP,2025,28,BAB XIV,Ketentuan Penutup,,,282,,,,Ketentuan,Cukup jelas Pasal a PRESIDEN REPUBLIK INOONESIA,Pasal 282,"cukup, jelas, presiden, republik, inoonesia",Presiden
PP_28_2025,PP Nomor 28 Tahun 2025,PP,2025,28,BAB XIV,Ketentuan Penutup,,,283,,,,Ketentuan,Cukup jelas,Pasal 283,"cukup, jelas",
PP_28_2025,PP Nomor 28 Tahun 2025,PP,2025,28,BAB XIV,Ketentuan Penutup,,,284,,,,Ketentuan,Cukup jelas,Pasal 284,"cukup, jelas",
PP_28_2025,PP Nomor 28 Tahun 2025,PP,2025,28,BAB XIV,Ketentuan Penutup,,,285,,,,Ketentuan,Cukup jelas,Pasal 285,"cukup, jelas",
PP_28_2025,PP Nomor 28 Tahun 2025,PP,2025,28,BAB XIV,Ketentuan Penutup,,,286,,,,Ketentuan,Cukup jelas.,Pasal 286,"cukup, jelas",
PP_28_2025,PP Nomor 28 Tahun 2025,PP,2025,28,BAB XIV,Ketentuan Penutup,,,287,,,,Ketentuan,Cukup jelas,Pasal 287,"cukup, jelas",
PP_28_2025,PP Nomor 28 Tahun 2025,PP,2025,28,BAB XIV,Ketentuan Penutup,,,288,,,,Ketentuan,Cukup jelas,Pasal 288,"cukup, jelas",
PP_28_2025,PP Nomor 28 Tahun 2025,PP,2025,28,BAB XIV,Ketentuan Penutup,,,289,,,,Ketentuan,Cukup jelas.,Pasal 289,"cukup, jelas",
PP_28_2025,PP Nomor 28 Tahun 2025,PP,2025,28,BAB XIV,Ketentuan Penutup,,,290,,,,Ketentuan,Cukup jelas,Pasal 290,"cukup, jelas",
PP_28_2025,PP Nomor 28 Tahun 2025,PP,2025,28,BAB XIV,Ketentuan Penutup,,,291,,,,Ketentuan,Cukup jelas,Pasal 291,"cukup, jelas",
PP_28_2025,PP Nomor 28 Tahun 2025,PP,2025,28,BAB XIV,Ketentuan Penutup,,,292,,,,Ketentuan,Cukup jelas.,Pasal 292,"cukup, jelas",
PP_28_2025,PP Nomor 28 Tahun 2025,PP,2025,28,BAB XIV,Ketentuan Penutup,,,293,,,,Ketentuan,Cukup jelas Pasal. . .,Pasal 293,"cukup, jelas",
PP_28_2025,PP Nomor 28 Tahun 2025,PP,2025,28,BAB XIV,Ketentuan Penutup,,,294,,,,Ketentuan,Cukup jelas.,Pasal 294,"cukup, jelas",
PP_28_2025,PP Nomor 28 Tahun 2025,PP,2025,28,BAB XIV,Ketentuan Penutup,,,295,,,,Ketentuan,Cukup jelas,Pasal 295,"cukup, jelas",
PP_28_2025,PP Nomor 28 Tahun 2025,PP,2025,28,BAB XIV,Ketentuan Penutup,,,296,,,,Ketentuan,Cukup jelas,Pasal 296,"cukup, jelas",
PP_28_2025,PP Nomor 28 Tahun 2025,PP,2025,28,BAB XIV,Ketentuan Penutup,,,297,,,,Ketentuan,Cukup jelas.,Pasal 297,"cukup, jelas",
PP_28_2025,PP Nomor 28 Tahun 2025,PP,2025,28,BAB XIV,Ketentuan Penutup,,,298,,,,Ketentuan,Cukup jelas,Pasal 298,"cukup, jelas",
PP_28_2025,PP Nomor 28 Tahun 2025,PP,2025,28,BAB XIV,Ketentuan Penutup,,,299,,,,Ketentuan,Cukup jelas,Pasal 299,"cukup, jelas",
PP_28_2025,PP Nomor 28 Tahun 2025,PP,2025,28,BAB XIV,Ketentuan Penutup,,,30O,,,,Ketentuan,Cukup jelas,Pasal 30O,"cukup, jelas",
PP_28_2025,PP Nomor 28 Tahun 2025,PP,2025,28,BAB XIV,Ketentuan Penutup,,,301,,,,Ketentuan,Cukup jelas,Pasal 301,"cukup, jelas",
PP_28_2025,PP Nomor 28 Tahun 2025,PP,2025,28,BAB XIV,Ketentuan Penutup,,,302,,,,Ketentuan,Cukup jelas Pasal 3O3 Cukup jelas,Pasal 302,"cukup, jelas",
PP_28_2025,PP Nomor 28 Tahun 2025,PP,2025,28,BAB XIV,Ketentuan Penutup,,,304,,,,Ketentuan,Cukup jelas Pasal REPUBLTK INDONESIA,Pasal 304,"cukup, jelas, republtk, indonesia",
PP_28_2025,PP Nomor 28 Tahun 2025,PP,2025,28,BAB XIV,Ketentuan Penutup,,,305,,,,Ketentuan,Cukup jelas.,Pasal 305,"cukup, jelas",
PP_28_2025,PP Nomor 28 Tahun 2025,PP,2025,28,BAB XIV,Ketentuan Penutup,,,306,,,,Ketentuan,Cukup jelas. Pasal 3O7 Cukup jelas Pasal 3O8 Cukup jelas.,Pasal 306,"cukup, jelas",
PP_28_2025,PP Nomor 28 Tahun 2025,PP,2025,28,BAB XIV,Ketentuan Penutup,,,309,,,,Ketentuan,Cukup jelas,Pasal 309,"cukup, jelas",
PP_28_2025,PP Nomor 28 Tahun 2025,PP,2025,28,BAB XIV,Ketentuan Penutup,,,310,,,,Ketentuan,Cukup jelas,Pasal 310,"cukup, jelas",
PP_28_2025,PP Nomor 28 Tahun 2025,PP,2025,28,BAB XIV,Ketentuan Penutup,,,31,,,,Ketentuan,Cukup jelas.,Pasal 31,"cukup, jelas",
PP_28_2025,PP Nomor 28 Tahun 2025,PP,2025,28,BAB XIV,Ketentuan Penutup,,,312,,,,Ketentuan,Cukup jelas,Pasal 312,"cukup, jelas",
PP_28_2025,PP Nomor 28 Tahun 2025,PP,2025,28,BAB XIV,Ketentuan Penutup,,,313,,,,Ketentuan,Cukup jelas,Pasal 313,"cukup, jelas",
PP_28_2025,PP Nomor 28 Tahun 2025,PP,2025,28,BAB XIV,Ketentuan Penutup,,,314,,,,Ketentuan,Cukup jelas. Pasal REPUBLIK INOONESIA,Pasal 314,"cukup, jelas, republik, inoonesia",
PP_28_2025,PP Nomor 28 Tahun 2025,PP,2025,28,BAB XIV,Ketentuan Penutup,,,315,,,,Ketentuan,Cukup jelas,Pasal 315,"cukup, jelas",
PP_28_2025,PP Nomor 28 Tahun 2025,PP,2025,28,BAB XIV,Ketentuan Penutup,,,316,,,,Ketentuan,Cukup jelas,Pasal 316,"cukup, jelas",
PP_28_2025,PP Nomor 28 Tahun 2025,PP,2025,28,BAB XIV,Ketentuan Penutup,,,317,,,,Ketentuan,Cukup jelas.,Pasal 317,"cukup, jelas",
PP_28_2025,PP Nomor 28 Tahun 2025,PP,2025,28,BAB XIV,Ketentuan Penutup,,,318,,,,Ketentuan,Cukup jelas.,Pasal 318,"cukup, jelas",
PP_28_2025,PP Nomor 28 Tahun 2025,PP,2025,28,BAB XIV,Ketentuan Penutup,,,319,,,,Ketentuan,Cukup jelas,Pasal 319,"cukup, jelas",
PP_28_2025,PP Nomor 28 Tahun 2025,PP,2025,28,BAB XIV,Ketentuan Penutup,,,32O,,,,Ketentuan,Cukup jelas,Pasal 32O,"cukup, jelas",
PP_28_2025,PP Nomor 28 Tahun 2025,PP,2025,28,BAB XIV,Ketentuan Penutup,,,321,,,,Ketentuan,Cukup jelas.,Pasal 321,"cukup, jelas",
PP_28_2025,PP Nomor 28 Tahun 2025,PP,2025,28,BAB XIV,Ketentuan Penutup,,,322,,,,Ketentuan,Cukup jelas,Pasal 322,"cukup, jelas",
PP_28_2025,PP Nomor 28 Tahun 2025,PP,2025,28,BAB XIV,Ketentuan Penutup,,,323,,,,Ketentuan,Cukup jelas,Pasal 323,"cukup, jelas",
PP_28_2025,PP Nomor 28 Tahun 2025,PP,2025,28,BAB XIV,Ketentuan Penutup,,,324,,,,Ketentuan,Cukup jelas,Pasal 324,"cukup, jelas",
PP_28_2025,PP Nomor 28 Tahun 2025,PP,2025,28,BAB XIV,Ketentuan Penutup,,,325,,,,Ketentuan,Cukup jelas. Pasal _48_,Pasal 325,"cukup, jelas",
PP_28_2025,PP Nomor 28 Tahun 2025,PP,2025,28,BAB XIV,Ketentuan Penutup,,,326,,,,Ketentuan,Cukup jelas.,Pasal 326,"cukup, jelas",
PP_28_2025,PP Nomor 28 Tahun 2025,PP,2025,28,BAB XIV,Ketentuan Penutup,,,327,,,,Ketentuan,Cukup jelas.,Pasal 327,"cukup, jelas",
PP_28_2025,PP Nomor 28 Tahun 2025,PP,2025,28,BAB XIV,Ketentuan Penutup,,,328,,,,Ketentuan,Cukup jelas.,Pasal 328,"cukup, jelas",
PP_28_2025,PP Nomor 28 Tahun 2025,PP,2025,28,BAB XIV,Ketentuan Penutup,,,329,,,,Ketentuan,Cukup jelas.,Pasal 329,"cukup, jelas",
PP_28_2025,PP Nomor 28 Tahun 2025,PP,2025,28,BAB XIV,Ketentuan Penutup,,,330,,,,Ketentuan,Cukup jelas,Pasal 330,"cukup, jelas",
PP_28_2025,PP Nomor 28 Tahun 2025,PP,2025,28,BAB XIV,Ketentuan Penutup,,,331,,,,Ketentuan,Cukup jelas.,Pasal 331,"cukup, jelas",
PP_28_2025,PP Nomor 28 Tahun 2025,PP,2025,28,BAB XIV,Ketentuan Penutup,,,332,,,,Ketentuan,Cukup jelas,Pasal 332,"cukup, jelas",
PP_28_2025,PP Nomor 28 Tahun 2025,PP,2025,28,BAB XIV,Ketentuan Penutup,,,333,,,,Ketentuan,Cukup jelas,Pasal 333,"cukup, jelas",
PP_28_2025,PP Nomor 28 Tahun 2025,PP,2025,28,BAB XIV,Ketentuan Penutup,,,334,,,,Ketentuan,Cukup jelas,Pasal 334,"cukup, jelas",
PP_28_2025,PP Nomor 28 Tahun 2025,PP,2025,28,BAB XIV,Ketentuan Penutup,,,335,,,,Ketentuan,Cukup jelas,Pasal 335,"cukup, jelas",
PP_28_2025,PP Nomor 28 Tahun 2025,PP,2025,28,BAB XIV,Ketentuan Penutup,,,336,,,,Ketentuan,Cukup jelas. Pasal,Pasal 336,"cukup, jelas",
PP_28_2025,PP Nomor 28 Tahun 2025,PP,2025,28,BAB XIV,Ketentuan Penutup,,,337,,,,Ketentuan,Cukup jelas,Pasal 337,"cukup, jelas",
PP_28_2025,PP Nomor 28 Tahun 2025,PP,2025,28,BAB XIV,Ketentuan Penutup,,,338,,,,Ketentuan,Cukup jelas.,Pasal 338,"cukup, jelas",
PP_28_2025,PP Nomor 28 Tahun 2025,PP,2025,28,BAB XIV,Ketentuan Penutup,,,339,,,,Ketentuan,Cukup jelas,Pasal 339,"cukup, jelas",
PP_28_2025,PP Nomor 28 Tahun 2025,PP,2025,28,BAB XIV,Ketentuan Penutup,,,340,,,,Ketentuan,Cukup jelas,Pasal 340,"cukup, jelas",
PP_28_2025,PP Nomor 28 Tahun 2025,PP,2025,28,BAB XIV,Ketentuan Penutup,,,341,,,,Ketentuan,Cukup jelas.,Pasal 341,"cukup, jelas",
PP_28_2025,PP Nomor 28 Tahun 2025,PP,2025,28,BAB XIV,Ketentuan Penutup,,,342,,,,Ketentuan,Cukup jelas,Pasal 342,"cukup, jelas",
PP_28_2025,PP Nomor 28 Tahun 2025,PP,2025,28,BAB XIV,Ketentuan Penutup,,,343,,,,Ketentuan,Cukup jelas,Pasal 343,"cukup, jelas",
PP_28_2025,PP Nomor 28 Tahun 2025,PP,2025,28,BAB XIV,Ketentuan Penutup,,,344,,,,Ketentuan,Cukup jelas,Pasal 344,"cukup, jelas",
PP_28_2025,PP Nomor 28 Tahun 2025,PP,2025,28,BAB XIV,Ketentuan Penutup,,,345,,,,Ketentuan,Cukup jelas,Pasal 345,"cukup, jelas",
PP_28_2025,PP Nomor 28 Tahun 2025,PP,2025,28,BAB XIV,Ketentuan Penutup,,,346,,,,Ketentuan,Cukup jelas.,Pasal 346,"cukup, jelas",
PP_28_2025,PP Nomor 28 Tahun 2025,PP,2025,28,BAB XIV,Ketentuan Penutup,,,347,,,,Ketentuan,Cukup jelas Pasal,Pasal 347,"cukup, jelas",
PP_28_2025,PP Nomor 28 Tahun 2025,PP,2025,28,BAB XIV,Ketentuan Penutup,,,348,,,,Ketentuan,Cukup jelas,Pasal 348,"cukup, jelas",
PP_28_2025,PP Nomor 28 Tahun 2025,PP,2025,28,BAB XIV,Ketentuan Penutup,,,349,,,,Ketentuan,Cukup jelas.,Pasal 349,"cukup, jelas",
PP_28_2025,PP Nomor 28 Tahun 2025,PP,2025,28,BAB XIV,Ketentuan Penutup,,,350,,,,Ketentuan,Cukup jelas,Pasal 350,"cukup, jelas",
PP_28_2025,PP Nomor 28 Tahun 2025,PP,2025,28,BAB XIV,Ketentuan Penutup,,,351,,,,Ketentuan,Cukup jelas,Pasal 351,"cukup, jelas",
PP_28_2025,PP Nomor 28 Tahun 2025,PP,2025,28,BAB XIV,Ketentuan Penutup,,,352,,,,Ketentuan,Cukup jelas.,Pasal 352,"cukup, jelas",
PP_28_2025,PP Nomor 28 Tahun 2025,PP,2025,28,BAB XIV,Ketentuan Penutup,,,353,,,,Ketentuan,Cukup jelas,Pasal 353,"cukup, jelas",
PP_28_2025,PP Nomor 28 Tahun 2025,PP,2025,28,BAB XIV,Ketentuan Penutup,,,354,,,,Ketentuan,Cukup jelas,Pasal 354,"cukup, jelas",
PP_28_2025,PP Nomor 28 Tahun 2025,PP,2025,28,BAB XIV,Ketentuan Penutup,,,355,,,,Ketentuan,Cukup jelas.,Pasal 355,"cukup, jelas",
PP_28_2025,PP Nomor 28 Tahun 2025,PP,2025,28,BAB XIV,Ketentuan Penutup,,,356,,,,Ketentuan,Cukup jelas,Pasal 356,"cukup, jelas",
PP_28_2025,PP Nomor 28 Tahun 2025,PP,2025,28,BAB XIV,Ketentuan Penutup,,,357,,,,Ketentuan,Cukup jelas Pasal -51 -,Pasal 357,"cukup, jelas",
PP_28_2025,PP Nomor 28 Tahun 2025,PP,2025,28,BAB XIV,Ketentuan Penutup,,,358,,,,Ketentuan,Cukup jelas.,Pasal 358,"cukup, jelas",
PP_28_2025,PP Nomor 28 Tahun 2025,PP,2025,28,BAB XIV,Ketentuan Penutup,,,359,,,,Ketentuan,Cukup jelas.,Pasal 359,"cukup, jelas",
PP_28_2025,PP Nomor 28 Tahun 2025,PP,2025,28,BAB XIV,Ketentuan Penutup,,,360,,,,Ketentuan,Cukup jelas,Pasal 360,"cukup, jelas",
PP_28_2025,PP Nomor 28 Tahun 2025,PP,2025,28,BAB XIV,Ketentuan Penutup,,,361,,,,Ketentuan,Cukup jelas,Pasal 361,"cukup, jelas",
PP_28_2025,PP Nomor 28 Tahun 2025,PP,2025,28,BAB XIV,Ketentuan Penutup,,,362,,,,Ketentuan,Cukup jelas.,Pasal 362,"cukup, jelas",
PP_28_2025,PP Nomor 28 Tahun 2025,PP,2025,28,BAB XIV,Ketentuan Penutup,,,363,,,,Ketentuan,Cukup jelas,Pasal 363,"cukup, jelas",
PP_28_2025,PP Nomor 28 Tahun 2025,PP,2025,28,BAB XIV,Ketentuan Penutup,,,364,,,,Ketentuan,Cukup jelas,Pasal 364,"cukup, jelas",
PP_28_2025,PP Nomor 28 Tahun 2025,PP,2025,28,BAB XIV,Ketentuan Penutup,,,365,,,,Ketentuan,Cukup jelas.,Pasal 365,"cukup, jelas",
PP_28_2025,PP Nomor 28 Tahun 2025,PP,2025,28,BAB XIV,Ketentuan Penutup,,,366,,,,Ketentuan,Cukup jelas,Pasal 366,"cukup, jelas",
PP_28_2025,PP Nomor 28 Tahun 2025,PP,2025,28,BAB XIV,Ketentuan Penutup,,,367,,,,Ketentuan,Cukup jelas,Pasal 367,"cukup, jelas",
PP_28_2025,PP Nomor 28 Tahun 2025,PP,2025,28,BAB XIV,Ketentuan Penutup,,,368,,,,Ketentuan,Cukup jelas Pasal,Pasal 368,"cukup, jelas",
PP_28_2025,PP Nomor 28 Tahun 2025,PP,2025,28,BAB XIV,Ketentuan Penutup,,,369,,,,Ketentuan,Cukup jelas.,Pasal 369,"cukup, jelas",
PP_28_2025,PP Nomor 28 Tahun 2025,PP,2025,28,BAB XIV,Ketentuan Penutup,,,370,,,,Ketentuan,Cukup jelas,Pasal 370,"cukup, jelas",
PP_28_2025,PP Nomor 28 Tahun 2025,PP,2025,28,BAB XIV,Ketentuan Penutup,,,371,,,,Ketentuan,Cukup jelas,Pasal 371,"cukup, jelas",
PP_28_2025,PP Nomor 28 Tahun 2025,PP,2025,28,BAB XIV,Ketentuan Penutup,,,372,,,,Ketentuan,Cukup jelas,Pasal 372,"cukup, jelas",
PP_28_2025,PP Nomor 28 Tahun 2025,PP,2025,28,BAB XIV,Ketentuan Penutup,,,373,,,,Ketentuan,"Cukup jelas. Pasal,374 Cukup jelas",Pasal 373,"cukup, jelas",
PP_28_2025,PP Nomor 28 Tahun 2025,PP,2025,28,BAB XIV,Ketentuan Penutup,,,375,,,,Ketentuan,Cukup jelas,Pasal 375,"cukup, jelas",
PP_28_2025,PP Nomor 28 Tahun 2025,PP,2025,28,BAB XIV,Ketentuan Penutup,,,376,,,,Ketentuan,Cukup jelas.,Pasal 376,"cukup, jelas",
PP_28_2025,PP Nomor 28 Tahun 2025,PP,2025,28,BAB XIV,Ketentuan Penutup,,,377,,,,Ketentuan,Cukup jelas,Pasal 377,"cukup, jelas",
PP_28_2025,PP Nomor 28 Tahun 2025,PP,2025,28,BAB XIV,Ketentuan Penutup,,,378,,,,Ketentuan,Cukup jelas,Pasal 378,"cukup, jelas",
PP_28_2025,PP Nomor 28 Tahun 2025,PP,2025,28,BAB XIV,Ketentuan Penutup,,,379,,,,Ketentuan,Cukup jelas. Pasal,Pasal 379,"cukup, jelas",
PP_28_2025,PP Nomor 28 Tahun 2025,PP,2025,28,BAB XIV,Ketentuan Penutup,,,380,,,,Ketentuan,Cukup jelas,Pasal 380,"cukup, jelas",
PP_28_2025,PP Nomor 28 Tahun 2025,PP,2025,28,BAB XIV,Ketentuan Penutup,,,381,,,,Ketentuan,Cukup jelas.,Pasal 381,"cukup, jelas",
PP_28_2025,PP Nomor 28 Tahun 2025,PP,2025,28,BAB XIV,Ketentuan Penutup,,,382,,,,Ketentuan,Cukup jelas,Pasal 382,"cukup, jelas",
PP_28_2025,PP Nomor 28 Tahun 2025,PP,2025,28,BAB XIV,Ketentuan Penutup,,,383,,,,Ketentuan,Cukup jelas.,Pasal 383,"cukup, jelas",
PP_28_2025,PP Nomor 28 Tahun 2025,PP,2025,28,BAB XIV,Ketentuan Penutup,,,384,,,,Ketentuan,Cukup jelas.,Pasal 384,"cukup, jelas",
PP_28_2025,PP Nomor 28 Tahun 2025,PP,2025,28,BAB XIV,Ketentuan Penutup,,,385,,,,Ketentuan,Cukup jelas.,Pasal 385,"cukup, jelas",
PP_28_2025,PP Nomor 28 Tahun 2025,PP,2025,28,BAB XIV,Ketentuan Penutup,,,386,,,,Ketentuan,Cukup jelas.,Pasal 386,"cukup, jelas",
PP_28_2025,PP Nomor 28 Tahun 2025,PP,2025,28,BAB XIV,Ketentuan Penutup,,,387,,,,Ketentuan,Cukup jelas.,Pasal 387,"cukup, jelas",
PP_28_2025,PP Nomor 28 Tahun 2025,PP,2025,28,BAB XIV,Ketentuan Penutup,,,388,,,,Ketentuan,Cukup jelas.,Pasal 388,"cukup, jelas",
PP_28_2025,PP Nomor 28 Tahun 2025,PP,2025,28,BAB XIV,Ketentuan Penutup,,,389,,,,Ketentuan,Cukup jelas.,Pasal 389,"cukup, jelas",
PP_28_2025,PP Nomor 28 Tahun 2025,PP,2025,28,BAB XIV,Ketentuan Penutup,,,390,,,,Ketentuan,"Cukup jelas. Pasal REPUBLIK INDONESIA,",Pasal 390,"cukup, jelas, republik, indonesia",
PP_28_2025,PP Nomor 28 Tahun 2025,PP,2025,28,BAB XIV,Ketentuan Penutup,,,391,,,,Ketentuan,Cukup jelas,Pasal 391,"cukup, jelas",
PP_28_2025,PP Nomor 28 Tahun 2025,PP,2025,28,BAB XIV,Ketentuan Penutup,,,392,,,,Ketentuan,Cukup jelas.,Pasal 392,"cukup, jelas",
PP_28_2025,PP Nomor 28 Tahun 2025,PP,2025,28,BAB XIV,Ketentuan Penutup,,,393,,,,Ketentuan,Cukup jelas,Pasal 393,"cukup, jelas",
PP_28_2025,PP Nomor 28 Tahun 2025,PP,2025,28,BAB XIV,Ketentuan Penutup,,,394,,,,Ketentuan,Cukup jelas,Pasal 394,"cukup, jelas",
PP_28_2025,PP Nomor 28 Tahun 2025,PP,2025,28,BAB XIV,Ketentuan Penutup,,,395,,,,Ketentuan,Cukup jelas,Pasal 395,"cukup, jelas",
PP_28_2025,PP Nomor 28 Tahun 2025,PP,2025,28,BAB XIV,Ketentuan Penutup,,,396,,,,Ketentuan,Cukup jelas,Pasal 396,"cukup, jelas",
PP_28_2025,PP Nomor 28 Tahun 2025,PP,2025,28,BAB XIV,Ketentuan Penutup,,,397,,,,Ketentuan,Cukup jelas,Pasal 397,"cukup, jelas",
PP_28_2025,PP Nomor 28 Tahun 2025,PP,2025,28,BAB XIV,Ketentuan Penutup,,,398,,,,Ketentuan,Cukup jelas,Pasal 398,"cukup, jelas",
PP_28_2025,PP Nomor 28 Tahun 2025,PP,2025,28,BAB XIV,Ketentuan Penutup,,,399,,,,Ketentuan,Cukup jelas,Pasal 399,"cukup, jelas",
PP_28_2025,PP Nomor 28 Tahun 2025,PP,2025,28,BAB XIV,Ketentuan Penutup,,,400,,,,Ketentuan,Cukup jelas,Pasal 400,"cukup, jelas",
PP_28_2025,PP Nomor 28 Tahun 2025,PP,2025,28,BAB XIV,Ketentuan Penutup,,,401,,,,Ketentuan,Cukup jelas Pasal,Pasal 401,"cukup, jelas",
PP_28_2025,PP Nomor 28 Tahun 2025,PP,2025,28,BAB XIV,Ketentuan Penutup,,,402,,,,Ketentuan,Cukup jelas,Pasal 402,"cukup, jelas",
PP_28_2025,PP Nomor 28 Tahun 2025,PP,2025,28,BAB XIV,Ketentuan Penutup,,,403,,,,Ketentuan,Cukup jelas,Pasal 403,"cukup, jelas",
PP_28_2025,PP Nomor 28 Tahun 2025,PP,2025,28,BAB XIV,Ketentuan Penutup,,,404,,,,Ketentuan,Cukup jelas.,Pasal 404,"cukup, jelas",
PP_28_2025,PP Nomor 28 Tahun 2025,PP,2025,28,BAB XIV,Ketentuan Penutup,,,405,,,,Ketentuan,Cukup jelas,Pasal 405,"cukup, jelas",
PP_28_2025,PP Nomor 28 Tahun 2025,PP,2025,28,BAB XIV,Ketentuan Penutup,,,406,,,,Ketentuan,Cukup jelas,Pasal 406,"cukup, jelas",
PP_28_2025,PP Nomor 28 Tahun 2025,PP,2025,28,BAB XIV,Ketentuan Penutup,,,407,,,,Ketentuan,Cukup jelas.,Pasal 407,"cukup, jelas",
PP_28_2025,PP Nomor 28 Tahun 2025,PP,2025,28,BAB XIV,Ketentuan Penutup,,,408,,,,Ketentuan,Cukup jelas,Pasal 408,"cukup, jelas",
PP_28_2025,PP Nomor 28 Tahun 2025,PP,2025,28,BAB XIV,Ketentuan Penutup,,,409,,,,Ketentuan,Cukup jelas Pasal 4 10 Cukup jelas,Pasal 409,"cukup, jelas",
PP_28_2025,PP Nomor 28 Tahun 2025,PP,2025,28,BAB XIV,Ketentuan Penutup,,,41,,,,Ketentuan,Cukup jelas.,Pasal 41,"cukup, jelas",
PP_28_2025,PP Nomor 28 Tahun 2025,PP,2025,28,BAB XIV,Ketentuan Penutup,,,412,,,,Ketentuan,Cukup jelas Pasal Pasal 4 13 Cukup jelas.,Pasal 412,"cukup, jelas",
PP_28_2025,PP Nomor 28 Tahun 2025,PP,2025,28,BAB XIV,Ketentuan Penutup,,,414,,,,Ketentuan,Cukup jelas,Pasal 414,"cukup, jelas",
PP_28_2025,PP Nomor 28 Tahun 2025,PP,2025,28,BAB XIV,Ketentuan Penutup,,,415,,,,Ketentuan,Cukup jelas,Pasal 415,"cukup, jelas",
PP_28_2025,PP Nomor 28 Tahun 2025,PP,2025,28,BAB XIV,Ketentuan Penutup,,,416,,,,Ketentuan,Cukup jelas. Pasal4lT Cukup jelas,Pasal 416,"cukup, jelas",
PP_28_2025,PP Nomor 28 Tahun 2025,PP,2025,28,BAB XIV,Ketentuan Penutup,,,418,,,,Ketentuan,Cukup jelas,Pasal 418,"cukup, jelas",
PP_28_2025,PP Nomor 28 Tahun 2025,PP,2025,28,BAB XIV,Ketentuan Penutup,,,419,,,,Ketentuan,Cukup jelas.,Pasal 419,"cukup, jelas",
PP_28_2025,PP Nomor 28 Tahun 2025,PP,2025,28,BAB XIV,Ketentuan Penutup,,,420,,,,Ketentuan,Cukup jelas. Pasal42I Cukup jelas.,Pasal 420,"cukup, jelas",
PP_28_2025,PP Nomor 28 Tahun 2025,PP,2025,28,BAB XIV,Ketentuan Penutup,,,422,,,,Ketentuan,Cukup jelas. Pasal,Pasal 422,"cukup, jelas",
PP_28_2025,PP Nomor 28 Tahun 2025,PP,2025,28,BAB XIV,Ketentuan Penutup,,,423,,,,Ketentuan,Ayat (1) huruf a Cukup jelas. huruf b Cukup jelas. huruf c Cukup jelas. huruf d Pengenaan daya paksa polisional dapat berupa penolakan penerbitan PB UMKU dalam jangka waktu tertentu kepada Pelaku Usaha apabila melakukan pelanggaran atas PB UMKU yang telah diterbitkan. huruf e Cukup jelas. Ayat (21 Cukup jelas. Ayat (3) Cukup jelas.,Pasal 423,"cukup, jelas, umku, pengenaan, daya",Pelaku Usaha
PP_28_2025,PP Nomor 28 Tahun 2025,PP,2025,28,BAB XIV,Ketentuan Penutup,,,424,,,,Ketentuan,Cukup jelas,Pasal 424,"cukup, jelas",
PP_28_2025,PP Nomor 28 Tahun 2025,PP,2025,28,BAB XIV,Ketentuan Penutup,,,425,,,,Ketentuan,Cukup jelas,Pasal 425,"cukup, jelas",
PP_28_2025,PP Nomor 28 Tahun 2025,PP,2025,28,BAB XIV,Ketentuan Penutup,,,426,,,,Ketentuan,Cukup jelas.,Pasal 426,"cukup, jelas",
PP_28_2025,PP Nomor 28 Tahun 2025,PP,2025,28,BAB XIV,Ketentuan Penutup,,,427,,,,Ketentuan,Cukup jelas. Pasal,Pasal 427,"cukup, jelas",
PP_28_2025,PP Nomor 28 Tahun 2025,PP,2025,28,BAB XIV,Ketentuan Penutup,,,428,,,,Ketentuan,Cukup jelas,Pasal 428,"cukup, jelas",
PP_28_2025,PP Nomor 28 Tahun 2025,PP,2025,28,BAB XIV,Ketentuan Penutup,,,429,,,,Ketentuan,Cukup jelas,Pasal 429,"cukup, jelas",
PP_28_2025,PP Nomor 28 Tahun 2025,PP,2025,28,BAB XIV,Ketentuan Penutup,,,43O,,,,Ketentuan,Cukup jelas,Pasal 43O,"cukup, jelas",
PP_28_2025,PP Nomor 28 Tahun 2025,PP,2025,28,BAB XIV,Ketentuan Penutup,,,431,,,,Ketentuan,Cukup jelas,Pasal 431,"cukup, jelas",
PP_28_2025,PP Nomor 28 Tahun 2025,PP,2025,28,BAB XIV,Ketentuan Penutup,,,432,,,,Ketentuan,Cukup jelas,Pasal 432,"cukup, jelas",
PP_28_2025,PP Nomor 28 Tahun 2025,PP,2025,28,BAB XIV,Ketentuan Penutup,,,433,,,,Ketentuan,Cukup jelas,Pasal 433,"cukup, jelas",
PP_28_2025,PP Nomor 28 Tahun 2025,PP,2025,28,BAB XIV,Ketentuan Penutup,,,434,,,,Ketentuan,Cukup jelas,Pasal 434,"cukup, jelas",
PP_28_2025,PP Nomor 28 Tahun 2025,PP,2025,28,BAB XIV,Ketentuan Penutup,,,435,,,,Ketentuan,Cukup jelas.,Pasal 435,"cukup, jelas",
PP_28_2025,PP Nomor 28 Tahun 2025,PP,2025,28,BAB XIV,Ketentuan Penutup,,,436,,,,Ketentuan,Cukup jelas.,Pasal 436,"cukup, jelas",
PP_28_2025,PP Nomor 28 Tahun 2025,PP,2025,28,BAB XIV,Ketentuan Penutup,,,437,,,,Ketentuan,Cukup jelas.,Pasal 437,"cukup, jelas",
PP_28_2025,PP Nomor 28 Tahun 2025,PP,2025,28,BAB XIV,Ketentuan Penutup,,,438,,,,Ketentuan,Cukup jelas. Pasal,Pasal 438,"cukup, jelas",
PP_28_2025,PP Nomor 28 Tahun 2025,PP,2025,28,BAB XIV,Ketentuan Penutup,,,439,,,,Ketentuan,Cukup jelas,Pasal 439,"cukup, jelas",
PP_28_2025,PP Nomor 28 Tahun 2025,PP,2025,28,BAB XIV,Ketentuan Penutup,,,440,,,,Ketentuan,Cukup jelas.,Pasal 440,"cukup, jelas",
PP_28_2025,PP Nomor 28 Tahun 2025,PP,2025,28,BAB XIV,Ketentuan Penutup,,,441,,,,Ketentuan,Cukup jelas,Pasal 441,"cukup, jelas",
PP_28_2025,PP Nomor 28 Tahun 2025,PP,2025,28,BAB XIV,Ketentuan Penutup,,,442,,,,Ketentuan,Cukup jelas,Pasal 442,"cukup, jelas",
PP_28_2025,PP Nomor 28 Tahun 2025,PP,2025,28,BAB XIV,Ketentuan Penutup,,,443,,,,Ketentuan,Cukup jelas,Pasal 443,"cukup, jelas",
PP_28_2025,PP Nomor 28 Tahun 2025,PP,2025,28,BAB XIV,Ketentuan Penutup,,,444,,,,Ketentuan,Cukup jelas.,Pasal 444,"cukup, jelas",
PP_28_2025,PP Nomor 28 Tahun 2025,PP,2025,28,BAB XIV,Ketentuan Penutup,,,445,,,,Ketentuan,Cukup jelas,Pasal 445,"cukup, jelas",
PP_28_2025,PP Nomor 28 Tahun 2025,PP,2025,28,BAB XIV,Ketentuan Penutup,,,446,,,,Ketentuan,Cukup jelas,Pasal 446,"cukup, jelas",
PP_28_2025,PP Nomor 28 Tahun 2025,PP,2025,28,BAB XIV,Ketentuan Penutup,,,447,,,,Ketentuan,Cukup jelas,Pasal 447,"cukup, jelas",
PP_28_2025,PP Nomor 28 Tahun 2025,PP,2025,28,BAB XIV,Ketentuan Penutup,,,448,,,,Ketentuan,Cukup jelas.,Pasal 448,"cukup, jelas",
PP_28_2025,PP Nomor 28 Tahun 2025,PP,2025,28,BAB XIV,Ketentuan Penutup,,,449,,,,Ketentuan,Cukup jelas Pasal,Pasal 449,"cukup, jelas",
PP_28_2025,PP Nomor 28 Tahun 2025,PP,2025,28,BAB XIV,Ketentuan Penutup,,,450,,,,Definisi,"Ayat (1) Cukup jelas. Ayat (2) Huruf a Cukup jelas. Huruf b Yang dimaksud dengan ""penghentian sementara pelayanan umrrm"" antara lain terkait dengan analisis mengenai dampak lalu lintas, Pelaku Usaha tidak memenuhi rekomendasi dari pengawas maka Pelaku Usaha tidak diperkenankan untuk melanjutkan pembangunan/ pengembangan sarana kegiatan berusaha. Huruf c Cukup jelas. Huruf d Cukup jelas. Huruf e Cukup jelas. Huruf f Cukup jelas. Huruf g Cukup jelas.",Pasal 450,"cukup, jelas, pelaku, usaha, penghentian",Pelaku Usaha
PP_28_2025,PP Nomor 28 Tahun 2025,PP,2025,28,BAB XIV,Ketentuan Penutup,,,451,,,,Ketentuan,Cukup jelas,Pasal 451,"cukup, jelas",
PP_28_2025,PP Nomor 28 Tahun 2025,PP,2025,28,BAB XIV,Ketentuan Penutup,,,452,,,,Sanksi,"Ayat (1) Cukup jelas. Ayat (21 Huruf a Cukup jelas Huruf . . . REPUBLIK INOONESIA -61 - Huruf b Cukup jelas Huruf c Kementerian yang menyelenggarakan urusan pemerintahan di bidang kesehatan dalam mengenakan sanksi administratif berupa daya paksa polisional melalui penutupan atau pemblokiran sistem elektronik dan/atau media elektronik lainnya dilakukan dengan menerbitkan surat/rekomendasi kepada kementerian yang menyelenggarakan urusan pemerintahan di bidang komunikasi dan informasi untuk selanjutnya dilakukan penutupan atau pemblokiran sistem elektronik danlatau media elektronik lainnya, sesuai dengan kewenangannya berdasarkan ketentuan peraturan perundang-undangan. Huruf d Cukup jelas Huruf e Cukup jelas Ayat (3) Cukup jelas.",Pasal 452,"cukup, jelas, elektronik, kementerian, menyelenggarakan",Kementerian
PP_28_2025,PP Nomor 28 Tahun 2025,PP,2025,28,BAB XIV,Ketentuan Penutup,,,453,,,,Ketentuan,Cukup jelas,Pasal 453,"cukup, jelas",
PP_28_2025,PP Nomor 28 Tahun 2025,PP,2025,28,BAB XIV,Ketentuan Penutup,,,454,,,,Ketentuan,Cukup jelas.,Pasal 454,"cukup, jelas",
PP_28_2025,PP Nomor 28 Tahun 2025,PP,2025,28,BAB XIV,Ketentuan Penutup,,,455,,,,Ketentuan,Cukup jelas.,Pasal 455,"cukup, jelas",
PP_28_2025,PP Nomor 28 Tahun 2025,PP,2025,28,BAB XIV,Ketentuan Penutup,,,456,,,,Ketentuan,Cukup jelas,Pasal 456,"cukup, jelas",
PP_28_2025,PP Nomor 28 Tahun 2025,PP,2025,28,BAB XIV,Ketentuan Penutup,,,457,,,,Ketentuan,Cukup jelas Pasal,Pasal 457,"cukup, jelas",
PP_28_2025,PP Nomor 28 Tahun 2025,PP,2025,28,BAB XIV,Ketentuan Penutup,,,458,,,,Sanksi,"Ayat (1) Cukup jelas. Ayat (2) Cukup jelas. Ayat (3) Huruf a Cukup jelas. Huruf b Cukup jelas. Huruf c Lembaga pemerintah nonkementerian yang menyelenggarakan urusan pemerintahan di bidang pengawasan obat dan makanan dalam mengenakan sanksi administratif berupa daya paksa polisional melalui penutupan atau pemblokiran sistem elektronik dan/atau media elektronik lainnya dilakukan dengan menerbitkan surat/rekomendasi kepada kementerian yang menyelenggarakan urusan pemerintahan di bidang komunikasi dan informasi untuk selanjutnya dilakukan penutupan atau pemblokiran sistem elektronik dan/atau media elektronik lainnya, sesuai dengan kewenangannya berdasarkan ketentuan peraturan perundang-undangan. Huruf d Cukup jelas. Huruf e Cukup jelas. Ayat (a) Cukup jelas. Ayat (5) Cukup jelas. Pasal",Pasal 458,"cukup, jelas, elektronik, menyelenggarakan, urusan","Kementerian, Pemerintah, Lembaga"
PP_28_2025,PP Nomor 28 Tahun 2025,PP,2025,28,BAB XIV,Ketentuan Penutup,,,459,,,,Ketentuan,Cukup jelas,Pasal 459,"cukup, jelas",
PP_28_2025,PP Nomor 28 Tahun 2025,PP,2025,28,BAB XIV,Ketentuan Penutup,,,460,,,,Ketentuan,Cukup jelas,Pasal 460,"cukup, jelas",
PP_28_2025,PP Nomor 28 Tahun 2025,PP,2025,28,BAB XIV,Ketentuan Penutup,,,461,,,,Ketentuan,"Ayat (1) Huruf a Cukup jelas. Huruf b Untuk subsektor pangan segar, penghentian sementara kegiatan berusaha dapat berupa penghentian sementara kegiatan produksi, peredaran, danf atau PB UMKU lainnya. Huruf c Cukup jelas. Huruf d Untuk subsektor pangan segar, pengenaan daya paksa polisional dapat berupa penarikan produk dari peredaran dan tindakan lain yang bertujuan untuk menghentikan pelanggaran danf atau tindakan pemulihan. Huruf e Cukup jelas. Ayat (21 Cukup jelas.",Pasal 461,"cukup, jelas, subsektor, pangan, segar",
PP_28_2025,PP Nomor 28 Tahun 2025,PP,2025,28,BAB XIV,Ketentuan Penutup,,,462,,,,Sanksi,"Ayat (1) Cukup jelas. Ayat (2) Cukup jelas. Ayat (3) Cukup jelas. Ayat REPUBLIK INDONESIA. Ayat (a) Cukup jelas. Ayat (5) Cukup jelas. Ayat (6) Huruf a Cukup jelas. Huruf b Cukup jelas. Huruf c Lembaga pemerintah yang mempunyai kewenangan menyelenggarakan urusan pemerintahan di bidang pangan dalam mengenakan sanksi administratif berupa daya paksa polisional melalui penutupan atau pemblokiran sistem elektronik dan/atau media elektronik lainnya dilakukan dengan menerbitkan surat/rekomendasi kepada kementerian yang menyelenggarakan urusan pemerintahan di bidang komunikasi dan informasi untuk selanjutnya dilakukan penutupan atau pemblokiran sistem elektronik dan/atau media elektronik lainnya, sesuai dengan kewenangannya berdasarkan ketentuan peraturan perundang-undangan. Huruf d Cukup jelas. Huruf e Cukup jelas. Ayat (7) Cukup jelas. Ayat (8) Cukup jelas. Ayat (9) Cukup jelas.",Pasal 462,"cukup, jelas, elektronik, menyelenggarakan, urusan","Kementerian, Pemerintah, Lembaga"
PP_28_2025,PP Nomor 28 Tahun 2025,PP,2025,28,BAB XIV,Ketentuan Penutup,,,463,,,,Ketentuan,Cukup jelas. Pasal,Pasal 463,"cukup, jelas",
PP_28_2025,PP Nomor 28 Tahun 2025,PP,2025,28,BAB XIV,Ketentuan Penutup,,,464,,,,Ketentuan,Cukup jelas.,Pasal 464,"cukup, jelas",
PP_28_2025,PP Nomor 28 Tahun 2025,PP,2025,28,BAB XIV,Ketentuan Penutup,,,465,,,,Ketentuan,Cukup jelas,Pasal 465,"cukup, jelas",
PP_28_2025,PP Nomor 28 Tahun 2025,PP,2025,28,BAB XIV,Ketentuan Penutup,,,466,,,,Ketentuan,Cukup jelas.,Pasal 466,"cukup, jelas",
PP_28_2025,PP Nomor 28 Tahun 2025,PP,2025,28,BAB XIV,Ketentuan Penutup,,,467,,,,Ketentuan,Cukup jelas.,Pasal 467,"cukup, jelas",
PP_28_2025,PP Nomor 28 Tahun 2025,PP,2025,28,BAB XIV,Ketentuan Penutup,,,468,,,,Ketentuan,Cukup jelas.,Pasal 468,"cukup, jelas",
PP_28_2025,PP Nomor 28 Tahun 2025,PP,2025,28,BAB XIV,Ketentuan Penutup,,,469,,,,Ketentuan,Cukup jelas,Pasal 469,"cukup, jelas",
PP_28_2025,PP Nomor 28 Tahun 2025,PP,2025,28,BAB XIV,Ketentuan Penutup,,,470,,,,Ketentuan,Cukup jelas,Pasal 470,"cukup, jelas",
PP_28_2025,PP Nomor 28 Tahun 2025,PP,2025,28,BAB XIV,Ketentuan Penutup,,,471,,,,Ketentuan,Cukup jelas.,Pasal 471,"cukup, jelas",
PP_28_2025,PP Nomor 28 Tahun 2025,PP,2025,28,BAB XIV,Ketentuan Penutup,,,472,,,,Ketentuan,Cukup jelas,Pasal 472,"cukup, jelas",
PP_28_2025,PP Nomor 28 Tahun 2025,PP,2025,28,BAB XIV,Ketentuan Penutup,,,473,,,,Ketentuan,Cukup jelas Pasal,Pasal 473,"cukup, jelas",
PP_28_2025,PP Nomor 28 Tahun 2025,PP,2025,28,BAB XIV,Ketentuan Penutup,,,474,,,,Ketentuan,Cukup jelas.,Pasal 474,"cukup, jelas",
PP_28_2025,PP Nomor 28 Tahun 2025,PP,2025,28,BAB XIV,Ketentuan Penutup,,,475,,,,Ketentuan,Cukup jelas,Pasal 475,"cukup, jelas",
PP_28_2025,PP Nomor 28 Tahun 2025,PP,2025,28,BAB XIV,Ketentuan Penutup,,,476,,,,Ketentuan,Cukup jelas.,Pasal 476,"cukup, jelas",
PP_28_2025,PP Nomor 28 Tahun 2025,PP,2025,28,BAB XIV,Ketentuan Penutup,,,477,,,,Ketentuan,Cukup jelas,Pasal 477,"cukup, jelas",
PP_28_2025,PP Nomor 28 Tahun 2025,PP,2025,28,BAB XIV,Ketentuan Penutup,,,478,,,,Ketentuan,Cukup jelas.,Pasal 478,"cukup, jelas",
PP_28_2025,PP Nomor 28 Tahun 2025,PP,2025,28,BAB XIV,Ketentuan Penutup,,,479,,,,Ketentuan,Cukup jelas,Pasal 479,"cukup, jelas",
PP_28_2025,PP Nomor 28 Tahun 2025,PP,2025,28,BAB XIV,Ketentuan Penutup,,,480,,,,Ketentuan,Cukup jelas,Pasal 480,"cukup, jelas",
PP_28_2025,PP Nomor 28 Tahun 2025,PP,2025,28,BAB XIV,Ketentuan Penutup,,,481,,,,Ketentuan,Cukup jelas,Pasal 481,"cukup, jelas",
PP_28_2025,PP Nomor 28 Tahun 2025,PP,2025,28,BAB XIV,Ketentuan Penutup,,,482,,,,Ketentuan,Cukup jelas.,Pasal 482,"cukup, jelas",
PP_28_2025,PP Nomor 28 Tahun 2025,PP,2025,28,BAB XIV,Ketentuan Penutup,,,483,,,,Ketentuan,Cukup jelas,Pasal 483,"cukup, jelas",
PP_28_2025,PP Nomor 28 Tahun 2025,PP,2025,28,BAB XIV,Ketentuan Penutup,,,484,,,,Ketentuan,Cukup jelas. Pasal,Pasal 484,"cukup, jelas",
PP_28_2025,PP Nomor 28 Tahun 2025,PP,2025,28,BAB XIV,Ketentuan Penutup,,,485,,,,Ketentuan,Cukup jelas.,Pasal 485,"cukup, jelas",
PP_28_2025,PP Nomor 28 Tahun 2025,PP,2025,28,BAB XIV,Ketentuan Penutup,,,486,,,,Ketentuan,Cukup jelas,Pasal 486,"cukup, jelas",
PP_28_2025,PP Nomor 28 Tahun 2025,PP,2025,28,BAB XIV,Ketentuan Penutup,,,487,,,,Ketentuan,Cukup jelas,Pasal 487,"cukup, jelas",
PP_28_2025,PP Nomor 28 Tahun 2025,PP,2025,28,BAB XIV,Ketentuan Penutup,,,488,,,,Ketentuan,Cukup jelas.,Pasal 488,"cukup, jelas",
PP_28_2025,PP Nomor 28 Tahun 2025,PP,2025,28,BAB XIV,Ketentuan Penutup,,,489,,,,Ketentuan,Cukup jelas,Pasal 489,"cukup, jelas",
PP_28_2025,PP Nomor 28 Tahun 2025,PP,2025,28,BAB XIV,Ketentuan Penutup,,,49O,,,,Ketentuan,Cukup jelas,Pasal 49O,"cukup, jelas",
PP_28_2025,PP Nomor 28 Tahun 2025,PP,2025,28,BAB XIV,Ketentuan Penutup,,,49,,,,Ketentuan,Cukup jelas.,Pasal 49,"cukup, jelas",
PP_28_2025,PP Nomor 28 Tahun 2025,PP,2025,28,BAB XIV,Ketentuan Penutup,,,492,,,,Ketentuan,Cukup jelas,Pasal 492,"cukup, jelas",
PP_28_2025,PP Nomor 28 Tahun 2025,PP,2025,28,BAB XIV,Ketentuan Penutup,,,493,,,,Ketentuan,Cukup jelas.,Pasal 493,"cukup, jelas",
PP_28_2025,PP Nomor 28 Tahun 2025,PP,2025,28,BAB XIV,Ketentuan Penutup,,,494,,,,Ketentuan,Cukup jelas.,Pasal 494,"cukup, jelas",
PP_28_2025,PP Nomor 28 Tahun 2025,PP,2025,28,BAB XIV,Ketentuan Penutup,,,495,,,,Ketentuan,Cukup jelas Pasal,Pasal 495,"cukup, jelas",
PP_28_2025,PP Nomor 28 Tahun 2025,PP,2025,28,BAB XIV,Ketentuan Penutup,,,496,,,,Ketentuan,Cukup jelas,Pasal 496,"cukup, jelas",
PP_28_2025,PP Nomor 28 Tahun 2025,PP,2025,28,BAB XIV,Ketentuan Penutup,,,497,,,,Ketentuan,Cukup jelas,Pasal 497,"cukup, jelas",
PP_28_2025,PP Nomor 28 Tahun 2025,PP,2025,28,BAB XIV,Ketentuan Penutup,,,498,,,,Ketentuan,Cukup jelas,Pasal 498,"cukup, jelas",
PP_28_2025,PP Nomor 28 Tahun 2025,PP,2025,28,BAB XIV,Ketentuan Penutup,,,499,,,,Ketentuan,Cukup jelas.,Pasal 499,"cukup, jelas",
PP_28_2025,PP Nomor 28 Tahun 2025,PP,2025,28,BAB XIV,Ketentuan Penutup,,,500,,,,Ketentuan,Cukup jelas Pasal 5O1 Cukup jelas,Pasal 500,"cukup, jelas",
PP_28_2025,PP Nomor 28 Tahun 2025,PP,2025,28,BAB XIV,Ketentuan Penutup,,,502,,,,Ketentuan,Cukup jelas.,Pasal 502,"cukup, jelas",
PP_28_2025,PP Nomor 28 Tahun 2025,PP,2025,28,BAB XIV,Ketentuan Penutup,,,503,,,,Ketentuan,Cukup jelas,Pasal 503,"cukup, jelas",
PP_28_2025,PP Nomor 28 Tahun 2025,PP,2025,28,BAB XIV,Ketentuan Penutup,,,504,,,,Ketentuan,Cukup jelas Pasal 5O5 Cukup jelas.,Pasal 504,"cukup, jelas",
PP_28_2025,PP Nomor 28 Tahun 2025,PP,2025,28,BAB XIV,Ketentuan Penutup,,,506,,,,Ketentuan,Cukup jelas Pasal,Pasal 506,"cukup, jelas",
PP_28_2025,PP Nomor 28 Tahun 2025,PP,2025,28,BAB XIV,Ketentuan Penutup,,,507,,,,Ketentuan,Cukup jelas,Pasal 507,"cukup, jelas",
PP_28_2025,PP Nomor 28 Tahun 2025,PP,2025,28,BAB XIV,Ketentuan Penutup,,,508,,,,Ketentuan,Cukup jelas.,Pasal 508,"cukup, jelas",
PP_28_2025,PP Nomor 28 Tahun 2025,PP,2025,28,BAB XIV,Ketentuan Penutup,,,509,,,,Ketentuan,Cukup jelas,Pasal 509,"cukup, jelas",
PP_28_2025,PP Nomor 28 Tahun 2025,PP,2025,28,BAB XIV,Ketentuan Penutup,,,51O,,,,Ketentuan,Cukup jelas,Pasal 51O,"cukup, jelas",
PP_28_2025,PP Nomor 28 Tahun 2025,PP,2025,28,BAB XIV,Ketentuan Penutup,,,51,,,,Ketentuan,Cukup jelas,Pasal 51,"cukup, jelas",
PP_28_2025,PP Nomor 28 Tahun 2025,PP,2025,28,BAB XIV,Ketentuan Penutup,,,512,,,,Ketentuan,Cukup jelas.,Pasal 512,"cukup, jelas",
PP_28_2025,PP Nomor 28 Tahun 2025,PP,2025,28,BAB XIV,Ketentuan Penutup,,,513,,,,Ketentuan,Cukup jelas,Pasal 513,"cukup, jelas",
PP_28_2025,PP Nomor 28 Tahun 2025,PP,2025,28,BAB XIV,Ketentuan Penutup,,,514,,,,Ketentuan,Cukup jelas.,Pasal 514,"cukup, jelas",
PP_28_2025,PP Nomor 28 Tahun 2025,PP,2025,28,BAB XIV,Ketentuan Penutup,,,515,,,,Ketentuan,Cukup jelas,Pasal 515,"cukup, jelas",
PP_28_2025,PP Nomor 28 Tahun 2025,PP,2025,28,BAB XIV,Ketentuan Penutup,,,516,,,,Ketentuan,Cukup jelas.,Pasal 516,"cukup, jelas",
PP_28_2025,PP Nomor 28 Tahun 2025,PP,2025,28,BAB XIV,Ketentuan Penutup,,,517,,,,Ketentuan,Cukup jelas. Pasal,Pasal 517,"cukup, jelas",
PP_28_2025,PP Nomor 28 Tahun 2025,PP,2025,28,BAB XIV,Ketentuan Penutup,,,518,,,,Ketentuan,Cukup jelas,Pasal 518,"cukup, jelas",
PP_28_2025,PP Nomor 28 Tahun 2025,PP,2025,28,BAB XIV,Ketentuan Penutup,,,519,,,,Ketentuan,Cukup jelas,Pasal 519,"cukup, jelas",
PP_28_2025,PP Nomor 28 Tahun 2025,PP,2025,28,BAB XIV,Ketentuan Penutup,,,520,,,,Ketentuan,Cukup jelas.,Pasal 520,"cukup, jelas",
PP_28_2025,PP Nomor 28 Tahun 2025,PP,2025,28,BAB XIV,Ketentuan Penutup,,,521,,,,Ketentuan,Cukup jelas,Pasal 521,"cukup, jelas",
PP_28_2025,PP Nomor 28 Tahun 2025,PP,2025,28,BAB XIV,Ketentuan Penutup,,,522,,,,Ketentuan,Cukup jelas,Pasal 522,"cukup, jelas",
PP_28_2025,PP Nomor 28 Tahun 2025,PP,2025,28,BAB XIV,Ketentuan Penutup,,,523,,,,Ketentuan,Cukup jelas.,Pasal 523,"cukup, jelas",
PP_28_2025,PP Nomor 28 Tahun 2025,PP,2025,28,BAB XIV,Ketentuan Penutup,,,524,,,,Ketentuan,Cukup jelas,Pasal 524,"cukup, jelas",
PP_28_2025,PP Nomor 28 Tahun 2025,PP,2025,28,BAB XIV,Ketentuan Penutup,,,525,,,,Ketentuan,Cukup jelas,Pasal 525,"cukup, jelas",
PP_28_2025,PP Nomor 28 Tahun 2025,PP,2025,28,BAB XIV,Ketentuan Penutup,,,526,,,,Ketentuan,Cukup jelas,Pasal 526,"cukup, jelas",
PP_28_2025,PP Nomor 28 Tahun 2025,PP,2025,28,BAB XIV,Ketentuan Penutup,,,527,,,,Ketentuan,Cukup jelas,Pasal 527,"cukup, jelas",
PP_28_2025,PP Nomor 28 Tahun 2025,PP,2025,28,BAB XIV,Ketentuan Penutup,,,528,,,,Ketentuan,Cukup jelas Pasal. . . -7L-,Pasal 528,"cukup, jelas",
PP_28_2025,PP Nomor 28 Tahun 2025,PP,2025,28,BAB XIV,Ketentuan Penutup,,,529,,,,Ketentuan,Cukup jelas.,Pasal 529,"cukup, jelas",
PP_28_2025,PP Nomor 28 Tahun 2025,PP,2025,28,BAB XIV,Ketentuan Penutup,,,53O,,,,Ketentuan,Cukup jelas.,Pasal 53O,"cukup, jelas",
PP_28_2025,PP Nomor 28 Tahun 2025,PP,2025,28,BAB XIV,Ketentuan Penutup,,,531,,,,Ketentuan,Cukup jelas.,Pasal 531,"cukup, jelas",
PP_28_2025,PP Nomor 28 Tahun 2025,PP,2025,28,BAB XIV,Ketentuan Penutup,,,532,,,,Ketentuan,Cukup jelas.,Pasal 532,"cukup, jelas",
PP_28_2025,PP Nomor 28 Tahun 2025,PP,2025,28,BAB XIV,Ketentuan Penutup,,,533,,,,Ketentuan,Cukup jelas.,Pasal 533,"cukup, jelas",
PP_28_2025,PP Nomor 28 Tahun 2025,PP,2025,28,BAB XIV,Ketentuan Penutup,,,534,,,,Ketentuan,Cukup jelas.,Pasal 534,"cukup, jelas",
PP_28_2025,PP Nomor 28 Tahun 2025,PP,2025,28,BAB XIV,Ketentuan Penutup,,,535,,,,Ketentuan,Cukup jelas,Pasal 535,"cukup, jelas",
PP_28_2025,PP Nomor 28 Tahun 2025,PP,2025,28,BAB XIV,Ketentuan Penutup,,,536,,,,Ketentuan,Cukup jelas.,Pasal 536,"cukup, jelas",
PP_28_2025,PP Nomor 28 Tahun 2025,PP,2025,28,BAB XIV,Ketentuan Penutup,,,537,,,,Ketentuan,Cukup jelas.,Pasal 537,"cukup, jelas",
PP_28_2025,PP Nomor 28 Tahun 2025,PP,2025,28,BAB XIV,Ketentuan Penutup,,,538,,,,Ketentuan,Cukup jelas.,Pasal 538,"cukup, jelas",
PP_28_2025,PP Nomor 28 Tahun 2025,PP,2025,28,BAB XIV,Ketentuan Penutup,,,539,,,,Ketentuan,Cukup jelas Pasal _72_,Pasal 539,"cukup, jelas",
PP_28_2025,PP Nomor 28 Tahun 2025,PP,2025,28,BAB XIV,Ketentuan Penutup,,,540,,,,Ketentuan,Cukup jelas,Pasal 540,"cukup, jelas",
PP_28_2025,PP Nomor 28 Tahun 2025,PP,2025,28,BAB XIV,Ketentuan Penutup,,,541,,,,Ketentuan,Cukup jelas,Pasal 541,"cukup, jelas",
PP_28_2025,PP Nomor 28 Tahun 2025,PP,2025,28,BAB XIV,Ketentuan Penutup,,,542,,,,Ketentuan,Cukup jelas,Pasal 542,"cukup, jelas",
PP_28_2025,PP Nomor 28 Tahun 2025,PP,2025,28,BAB XIV,Ketentuan Penutup,,,543,,,,Ketentuan,Cukup jelas,Pasal 543,"cukup, jelas",
PP_28_2025,PP Nomor 28 Tahun 2025,PP,2025,28,BAB XIV,Ketentuan Penutup,,,544,,,,Ketentuan,Cukup jelas,Pasal 544,"cukup, jelas",
PP_28_2025,PP Nomor 28 Tahun 2025,PP,2025,28,BAB XIV,Ketentuan Penutup,,,545,,,,Ketentuan,Cukup jelas,Pasal 545,"cukup, jelas",
PP_28_2025,PP Nomor 28 Tahun 2025,PP,2025,28,BAB XIV,Ketentuan Penutup,,,546,,,,Ketentuan,Cukup jelas,Pasal 546,"cukup, jelas",
PP_28_2025,PP Nomor 28 Tahun 2025,PP,2025,28,BAB XIV,Ketentuan Penutup,,,547,,,,Ketentuan,Cukup jelas,Pasal 547,"cukup, jelas",
PP_28_2025,PP Nomor 28 Tahun 2025,PP,2025,28,BAB XIV,Ketentuan Penutup,,,548,,,,Ketentuan,Cukup jelas,Pasal 548,"cukup, jelas",
PP_28_2025,PP Nomor 28 Tahun 2025,PP,2025,28,BAB XIV,Ketentuan Penutup,,,549,,,,Ketentuan,Cukup jelas,Pasal 549,"cukup, jelas",
PP_28_2025,PP Nomor 28 Tahun 2025,PP,2025,28,BAB XIV,Ketentuan Penutup,,,55O,,,,Ketentuan,Cukup jelas. Pasal REPUBLTK INDONESIA,Pasal 55O,"cukup, jelas, republtk, indonesia",
PP_28_2025,PP Nomor 28 Tahun 2025,PP,2025,28,BAB XIV,Ketentuan Penutup,,,551,,,,Ketentuan,Cukup jelas,Pasal 551,"cukup, jelas",
PP_28_2025,PP Nomor 28 Tahun 2025,PP,2025,28,BAB XIV,Ketentuan Penutup,,,552,,,,Ketentuan,Cukup jelas TAMBAHAN LEMBARAN NEGARA REPUBLIK INDONESIA NOMOR 7TT5,Pasal 552,"cukup, jelas, tambahan, lembaran, negara",
